add,sub,multiply_plain,rotate_rows,negate,multiply,Depth,Multiplicative Depth,execution_time (s),Remaining_noise_budget,peak_ram_usage (KB)
1,0,0,0,0,2,2,1,0.385,328,819824
5,0,0,0,0,2,3,1,0.481,327,848980
13,10,0,0,0,9,6,2,2.035,295,1017256
3,2,0,0,0,2,3,1,0.482,327,848976
16,6,0,0,0,5,7,1,1.368,327,976512
2,1,0,0,0,2,3,1,0.432,328,834528
2,1,0,0,0,1,3,1,0.269,328,823644
3,2,0,0,0,2,3,1,0.482,328,848976
2,3,0,0,0,2,4,1,0.482,327,848976
4,2,0,0,0,3,4,2,0.668,296,863680
11,4,0,0,0,7,7,2,1.538,294,974616
2,2,0,0,0,2,3,1,0.456,328,839940
6,5,0,0,0,4,4,1,0.953,327,914396
3,0,0,0,0,2,3,1,0.432,328,834536
2,0,0,0,0,1,2,1,0.245,328,817976
7,7,0,0,0,7,11,4,1.514,231,965576
1,1,0,0,0,1,2,1,0.245,329,817972
5,3,0,0,0,5,6,2,1.042,295,901988
1,1,0,0,0,2,3,1,0.408,328,825500
19,6,0,0,0,7,7,1,1.761,327,1015148
1,1,0,0,0,1,2,1,0.245,329,817972
2,1,0,0,0,2,3,2,0.433,296,834528
13,6,0,0,0,6,7,2,1.475,296,989820
23,10,0,0,0,8,9,2,2.106,295,1071572
2,3,0,0,0,2,3,1,0.482,328,848972
3,3,0,0,0,2,4,2,0.504,296,854384
2,1,0,0,0,1,3,1,0.268,328,823644
2,0,0,0,0,5,3,2,0.899,295,855900
2,1,0,0,0,2,4,2,0.432,296,834528
11,7,0,0,0,8,8,2,1.766,295,994108
3,0,0,0,0,4,4,1,0.761,327,855904
1,1,0,0,0,1,2,1,0.245,328,817972
1,0,0,0,0,2,2,1,0.336,328,803540
3,3,0,0,0,3,4,1,0.668,328,868564
1,1,0,0,0,1,2,1,0.245,328,817972
6,4,0,0,0,5,4,2,1.091,296,914388
18,0,0,0,0,13,5,3,2.568,262,1011068
18,6,0,0,0,5,6,1,1.410,327,986728
2,2,0,0,0,2,4,1,0.456,327,839940
7,0,0,0,0,4,4,2,0.859,295,883472
4,0,0,0,0,3,4,3,0.621,263,853860
1,1,0,0,0,1,2,1,0.245,328,817972
7,0,0,0,0,4,4,2,0.857,296,883472
2,2,0,0,0,2,3,1,0.457,328,839940
1,1,0,0,0,2,3,2,0.408,296,825496
2,2,0,0,0,2,3,1,0.457,328,839940
2,1,0,0,0,1,3,1,0.268,328,823644
13,5,0,0,0,5,5,1,1.271,327,951920
4,0,0,0,0,2,4,2,0.457,296,839944
2,0,0,0,0,1,2,1,0.245,328,817976
2,2,0,0,0,2,3,1,0.456,328,839940
1,1,0,0,0,2,3,1,0.408,328,825500
9,0,0,0,0,6,4,3,1.230,263,914404
4,3,0,0,0,4,4,1,0.856,327,883456
13,5,0,0,0,7,6,2,1.616,296,994928
13,0,0,0,0,4,5,2,0.997,296,921912
1,1,0,0,0,1,2,1,0.245,328,817972
7,4,0,0,0,4,5,2,0.952,296,914396
2,2,0,0,0,2,3,1,0.456,328,839940
4,2,0,0,0,3,4,1,0.670,327,868560
20,9,0,0,0,8,7,2,2.020,296,1055904
8,3,0,0,0,5,5,1,1.115,327,922828
1,1,0,0,0,1,2,1,0.244,328,817972
18,5,0,0,0,8,7,1,1.889,327,1044516
6,5,0,0,0,4,4,1,0.953,327,914396
7,4,0,0,0,4,4,1,0.953,327,914396
3,2,0,0,0,2,3,1,0.482,328,848976
1,1,0,0,0,1,2,1,0.245,328,817972
4,0,0,0,0,3,3,2,0.621,296,848980
29,14,0,0,0,16,7,2,3.681,295,1271372
3,2,0,0,0,2,3,1,0.482,328,848976
5,4,0,0,0,4,6,2,0.904,296,899684
5,0,0,0,0,2,3,1,0.482,328,848980
10,5,0,0,0,4,5,1,1.050,327,943476
3,0,0,0,0,0,2,0,0.099,360,796948
19,4,0,0,0,10,8,2,2.199,295,1030524
3,2,0,0,0,3,5,2,0.643,296,859260
15,6,0,0,0,5,6,1,1.344,327,970380
1,1,0,0,0,1,2,1,0.245,328,817972
2,2,0,0,0,2,3,1,0.457,328,839940
2,2,0,0,0,3,3,2,0.621,296,848976
5,2,0,0,0,3,4,1,0.694,327,875748
6,3,0,0,0,4,4,2,0.902,296,899680
4,2,0,0,0,3,4,2,0.669,296,868560
9,4,0,0,0,5,6,2,1.165,296,938596
7,0,0,0,0,9,5,3,1.670,263,930812
4,1,0,0,0,2,3,1,0.480,328,848976
6,0,0,0,0,9,4,2,1.648,295,927716
9,0,0,0,0,6,4,2,1.229,295,914404
1,1,0,0,0,2,3,2,0.408,296,825500
4,2,0,0,0,3,4,1,0.668,328,868560
5,0,0,0,0,0,3,0,0.147,360,811364
5,3,0,0,0,3,4,1,0.718,327,881420
2,0,0,0,0,3,3,2,0.573,296,839416
3,2,0,0,0,2,3,1,0.481,328,848976
9,0,0,0,0,8,5,2,1.553,295,931600
6,0,0,0,0,6,4,3,1.157,264,894812
2,0,0,0,0,1,2,1,0.245,328,817976
5,3,0,0,0,4,5,2,0.880,296,892496
1,2,0,0,0,2,3,1,0.433,328,834528
9,0,0,0,0,6,4,2,1.231,295,916712
27,14,0,0,0,12,7,2,2.951,295,1154524
6,5,0,0,0,4,4,1,0.951,327,914396
5,0,0,0,0,2,3,1,0.482,327,848980
8,0,0,0,0,5,4,2,1.043,295,899696
2,1,0,0,0,2,3,1,0.433,328,834532
11,6,0,0,0,6,5,1,1.420,327,970588
11,0,0,0,0,20,5,4,3.537,231,1035404
6,5,0,0,0,4,5,1,0.953,327,914396
5,0,0,0,0,2,3,1,0.481,327,848980
9,0,0,0,0,6,4,2,1.233,295,921592
6,0,0,0,0,9,4,3,1.647,263,927716
2,2,0,0,0,2,3,2,0.457,296,839940
2,1,0,0,0,1,3,1,0.268,328,823644
1,0,0,0,0,1,2,1,0.220,329,808680
1,1,0,0,0,2,3,2,0.408,296,825500
12,8,0,0,0,9,6,2,1.967,296,996808
4,0,0,0,0,3,3,2,0.619,296,848980
4,3,0,0,0,4,4,1,0.857,327,883456
2,2,0,0,0,1,3,1,0.293,328,832688
2,2,0,0,0,2,3,1,0.457,328,839940
2,3,0,0,0,2,3,1,0.481,328,848972
2,1,0,0,0,2,3,2,0.433,296,834532
2,3,0,0,0,3,4,1,0.645,328,859260
3,2,0,0,0,2,3,1,0.481,327,848972
3,3,0,0,0,2,4,1,0.504,328,854384
6,5,0,0,0,4,4,1,0.953,327,914396
4,0,0,0,0,2,3,2,0.456,296,839944
3,0,0,0,0,2,3,1,0.433,328,834536
4,0,0,0,0,3,3,2,0.621,296,848980
2,3,0,0,0,2,3,1,0.482,328,848976
7,0,0,0,0,8,4,3,1.507,263,921584
6,3,0,0,0,3,5,2,0.742,296,890460
6,5,0,0,0,6,6,2,1.278,296,932856
1,0,0,0,0,2,2,1,0.336,327,803540
2,2,0,0,0,1,3,1,0.294,328,832688
5,3,0,0,0,3,4,1,0.718,327,881424
4,3,0,0,0,4,4,1,0.857,328,883460
10,5,0,0,0,5,7,2,1.210,296,946316
2,1,0,0,0,2,4,2,0.432,296,834528
7,4,0,0,0,2,5,1,0.625,327,892764
11,5,0,0,0,7,6,2,1.555,296,970188
3,2,0,0,0,3,4,1,0.643,328,859260
10,4,0,0,0,5,5,1,1.187,327,945784
5,0,0,0,0,10,4,2,1.785,294,927708
19,5,0,0,0,3,7,1,1.102,327,999872
2,1,0,0,0,2,3,1,0.432,328,834532
2,1,0,0,0,3,4,2,0.596,296,844820
1,1,0,0,0,2,3,1,0.407,328,825352
17,0,0,0,0,14,5,3,2.710,263,1024384
2,3,0,0,0,2,3,1,0.481,327,848972
3,0,0,0,0,4,3,2,0.758,295,853860
25,11,0,0,0,11,7,2,2.677,295,1137140
16,8,0,0,0,11,6,2,2.397,295,1064820
3,5,0,0,0,3,5,1,0.718,327,881420
3,3,0,0,0,2,4,1,0.503,328,854384
8,4,0,0,0,5,6,2,1.138,296,923500
3,1,0,0,0,3,4,2,0.620,296,853856
10,4,0,0,0,2,6,1,0.698,327,913608
5,0,0,0,0,3,4,2,0.642,296,854388
2,0,0,0,0,2,3,2,0.408,296,825508
6,0,0,0,0,9,4,2,1.647,295,927716
5,0,0,0,0,2,3,1,0.482,328,848980
1,2,0,0,0,1,3,1,0.268,328,823644
2,1,0,0,0,2,3,1,0.432,328,834528
3,2,0,0,0,2,3,1,0.481,328,848976
4,3,0,0,0,2,4,1,0.531,328,863680
4,2,0,0,0,4,4,2,0.835,296,877784
2,0,0,0,0,3,3,2,0.573,296,839416
3,2,0,0,0,2,4,1,0.481,328,848976
2,2,0,0,0,2,3,1,0.457,328,839940
18,9,0,0,0,9,8,2,2.134,296,1047780
5,0,0,0,0,2,3,1,0.482,328,848980
11,10,0,0,0,10,5,2,2.151,295,1011068
2,0,0,0,0,5,3,2,0.899,295,855900
3,0,0,0,0,3,4,2,0.596,296,844824
3,1,0,0,0,2,3,1,0.456,328,839940
2,2,0,0,0,2,3,1,0.457,328,839940
1,2,0,0,0,2,3,1,0.432,328,834528
2,2,0,0,0,2,5,1,0.457,328,839940
4,0,0,0,0,3,3,2,0.621,296,848980
2,3,0,0,0,2,3,1,0.482,328,848976
4,2,0,0,0,3,5,1,0.669,328,868560
4,0,0,0,0,3,3,1,0.619,327,853860
2,4,0,0,0,2,4,1,0.504,327,854384
11,0,0,0,0,4,5,2,0.952,296,914404
3,2,0,0,0,2,3,1,0.482,327,848976
7,0,0,0,0,8,4,3,1.505,263,921584
5,3,0,0,0,3,4,1,0.719,327,881424
4,3,0,0,0,2,4,1,0.530,328,863680
5,4,0,0,0,4,6,2,0.904,296,899680
4,3,0,0,0,4,4,2,0.857,296,883456
5,4,0,0,0,4,4,1,0.902,327,899684
3,2,0,0,0,3,4,2,0.643,296,859260
4,3,0,0,0,3,4,1,0.693,328,875748
2,1,0,0,0,2,3,1,0.433,328,834532
4,0,0,0,0,3,3,2,0.622,296,853860
8,6,0,0,0,9,7,3,1.828,264,964248
7,5,0,0,0,5,6,2,1.141,296,929300
13,7,0,0,0,4,7,1,1.166,327,972564
2,2,0,0,0,3,4,2,0.622,296,853856
2,3,0,0,0,3,4,2,0.644,296,859260
1,2,0,0,0,2,3,1,0.432,328,834528
6,3,0,0,0,3,5,1,0.741,328,890456
2,3,0,0,0,2,3,1,0.482,328,848976
1,2,0,0,0,2,3,1,0.433,328,834532
0,0,0,0,0,1,1,1,0.196,328,801688
9,0,0,0,0,6,4,2,1.231,295,914404
1,1,0,0,0,3,3,1,0.573,327,839412
2,2,0,0,0,3,4,2,0.620,296,848976
24,8,0,0,0,9,7,2,2.249,296,1074136
3,0,0,0,0,4,3,2,0.760,296,855908
2,1,0,0,0,2,3,1,0.432,328,834528
10,6,0,0,0,8,7,2,1.726,296,983908
2,3,0,0,0,4,4,2,0.807,295,868552
1,1,0,0,0,2,3,1,0.407,328,825496
1,2,0,0,0,1,3,1,0.268,329,823644
4,0,0,0,0,3,3,2,0.620,296,853860
15,6,0,0,0,6,6,2,1.505,296,980140
6,5,0,0,0,4,4,1,0.951,327,914396
3,2,0,0,0,2,3,1,0.482,327,848976
7,0,0,0,0,4,4,2,0.856,295,881428
19,9,0,0,0,5,7,1,1.506,327,1013564
13,0,0,0,0,10,6,3,1.968,263,961676
2,2,0,0,0,2,3,1,0.457,328,839940
6,4,0,0,0,5,4,2,1.090,296,914388
4,3,0,0,0,4,8,3,0.855,263,883456
1,0,0,0,0,2,2,1,0.336,327,803540
5,4,0,0,0,4,7,2,0.903,295,899684
3,3,0,0,0,2,4,1,0.504,327,854384
1,1,0,0,0,2,3,2,0.408,296,825496
19,7,0,0,0,7,7,2,1.781,296,1021292
5,0,0,0,0,6,4,2,1.137,295,890644
2,2,0,0,0,2,3,1,0.457,328,839940
5,5,0,0,0,5,5,2,1.092,296,916696
5,0,0,0,0,4,4,2,0.806,296,868564
21,9,0,0,0,7,7,2,1.878,296,1053864
3,2,0,0,0,2,3,1,0.481,328,848976
2,2,0,0,0,2,3,1,0.457,328,839940
3,2,0,0,0,2,3,1,0.482,328,848976
11,3,0,0,0,8,5,1,1.666,327,961344
4,1,0,0,0,2,3,1,0.481,327,848976
3,0,0,0,0,4,3,1,0.760,328,855904
3,3,0,0,0,2,4,2,0.504,296,854384
2,3,0,0,0,2,3,1,0.481,328,848972
2,2,0,0,0,1,3,1,0.293,328,832688
7,4,0,0,0,8,6,2,1.597,296,939388
20,9,0,0,0,9,7,2,2.190,296,1068296
5,4,0,0,0,4,4,1,0.905,327,900704
6,4,0,0,0,5,4,2,1.091,296,914388
3,3,0,0,0,3,4,1,0.669,328,868560
11,10,0,0,0,10,5,2,2.157,294,1013376
1,2,0,0,0,2,4,2,0.433,296,834532
16,9,0,0,0,8,7,2,1.923,296,1023336
4,3,0,0,0,4,4,1,0.861,327,883456
4,0,0,0,0,3,3,2,0.621,296,853860
3,0,0,0,0,4,3,2,0.759,296,855908
6,4,0,0,0,5,4,2,1.092,295,916704
14,6,0,0,0,6,8,2,1.492,296,991444
10,0,0,0,0,5,4,2,1.089,295,914400
5,0,0,0,0,6,4,2,1.139,295,890656
11,10,0,0,0,10,5,2,2.151,294,1011068
5,5,0,0,0,5,4,2,1.090,296,914388
4,4,0,0,0,5,4,2,1.041,295,899680
10,8,0,0,0,8,6,2,1.769,296,992064
15,0,0,0,0,16,5,3,2.979,262,1024132
2,0,0,0,0,1,3,1,0.244,328,817976
4,0,0,0,0,4,4,2,0.783,295,859272
16,5,0,0,0,6,8,2,1.505,296,980140
12,6,0,0,0,7,6,2,1.613,295,993872
15,4,0,0,0,7,8,1,1.621,327,978096
1,0,0,0,0,2,2,1,0.385,328,819824
2,1,0,0,0,1,3,1,0.268,328,823644
1,1,0,0,0,3,3,1,0.526,328,824704
4,3,0,0,0,2,4,1,0.531,327,863680
21,6,0,0,0,7,7,2,1.804,296,1026436
1,1,0,0,0,2,3,2,0.409,296,825500
4,2,0,0,0,3,4,2,0.669,296,868560
15,0,0,0,0,4,6,2,1.050,296,943148
5,4,0,0,0,5,6,2,1.064,295,906340
27,0,0,0,0,16,6,3,3.276,263,1121256
4,2,0,0,0,1,3,1,0.342,328,847124
2,2,0,0,0,1,3,1,0.293,328,832688
4,2,0,0,0,2,4,2,0.505,296,854384
21,0,0,0,0,10,5,2,2.152,294,1011060
3,2,0,0,0,2,3,1,0.481,328,848976
4,0,0,0,0,3,4,2,0.620,296,853860
3,2,0,0,0,2,3,1,0.481,328,848976
2,1,0,0,0,2,3,1,0.433,328,834528
24,8,0,0,0,9,10,2,2.246,295,1074136
2,2,0,0,0,2,4,1,0.457,328,839936
2,3,0,0,0,2,3,1,0.482,328,848976
3,1,0,0,0,3,3,1,0.622,327,853856
4,0,0,0,0,4,4,2,0.783,296,861312
6,5,0,0,0,4,4,1,0.952,327,914396
1,1,0,0,0,1,3,1,0.245,328,817972
16,5,0,0,0,5,6,1,1.340,327,970380
3,0,0,0,0,2,3,1,0.432,328,834536
9,0,0,0,0,14,5,4,2.534,230,996896
21,9,0,0,0,5,7,1,1.568,327,1060548
2,2,0,0,0,3,3,2,0.621,296,848976
2,2,0,0,0,2,4,1,0.456,328,839940
5,4,0,0,0,4,4,1,0.905,327,899684
20,7,0,0,0,7,8,2,1.822,296,1048072
3,2,0,0,0,2,4,1,0.482,328,848976
2,2,0,0,0,3,3,1,0.621,328,853856
6,0,0,0,0,0,3,0,0.171,360,816780
17,6,0,0,0,5,6,1,1.390,327,982644
36,12,0,0,0,12,9,2,3.115,295,1215216
2,2,0,0,0,2,3,1,0.457,328,839940
5,2,0,0,0,2,4,1,0.530,328,863680
3,2,0,0,0,2,3,1,0.480,328,848972
16,0,0,0,0,15,5,3,2.846,263,1024384
3,1,0,0,0,3,3,1,0.620,328,853856
2,2,0,0,0,2,3,1,0.457,328,839940
3,2,0,0,0,3,5,2,0.644,296,859264
13,8,0,0,0,4,6,1,1.188,327,976652
11,5,0,0,0,5,5,1,1.231,327,952612
1,0,0,0,0,2,2,1,0.336,327,803540
4,3,0,0,0,4,4,1,0.856,327,883456
2,1,0,0,0,2,3,1,0.433,328,834528
2,1,0,0,0,3,5,2,0.572,296,839408
1,2,0,0,0,3,3,1,0.595,327,844820
3,0,0,0,0,2,3,2,0.433,296,834536
4,1,0,0,0,2,4,1,0.481,328,848972
4,0,0,0,0,2,4,2,0.456,296,839944
3,2,0,0,0,2,3,1,0.482,328,848976
2,1,0,0,0,2,3,1,0.432,328,834528
4,3,0,0,0,3,5,2,0.693,296,875748
6,4,0,0,0,3,6,1,0.763,327,897644
3,2,0,0,0,4,4,1,0.808,327,870596
3,3,0,0,0,3,4,2,0.669,296,868560
18,0,0,0,0,13,5,3,2.571,263,1020036
2,2,0,0,0,2,5,2,0.456,296,839940
5,0,0,0,0,2,3,1,0.482,327,848980
3,3,0,0,0,3,4,1,0.668,327,868560
11,5,0,0,0,4,6,1,1.064,327,933292
1,0,0,0,0,2,2,2,0.385,296,819824
6,2,0,0,0,5,4,2,1.041,295,899680
2,2,0,0,0,2,3,1,0.456,328,839940
2,0,0,0,0,1,2,1,0.245,328,817976
6,0,0,0,0,9,4,3,1.645,263,927716
7,0,0,0,0,4,4,2,0.859,295,883468
3,0,0,0,0,4,3,1,0.761,328,855904
13,0,0,0,0,18,5,3,3.266,262,1035624
1,2,0,0,0,1,3,1,0.268,328,823644
4,3,0,0,0,4,4,1,0.857,327,883456
1,0,0,0,0,2,2,1,0.385,328,819824
2,2,0,0,0,2,4,2,0.457,296,839940
16,8,0,0,0,6,7,2,1.574,296,998540
4,3,0,0,0,3,4,1,0.694,327,875744
2,0,0,0,0,3,3,1,0.573,328,839416
11,5,0,0,0,6,7,2,1.387,296,949416
10,7,0,0,0,8,6,2,1.747,296,987992
7,4,0,0,0,2,4,1,0.624,327,892764
4,4,0,0,0,4,6,2,0.880,295,892496
6,4,0,0,0,4,5,1,0.922,327,894216
5,4,0,0,0,6,4,2,1.230,295,914396
3,2,0,0,0,3,4,1,0.644,327,859260
5,4,0,0,0,2,4,1,0.578,327,876540
18,6,0,0,0,7,7,1,1.753,327,1040420
8,0,0,0,0,7,5,2,1.371,295,923636
30,13,0,0,0,17,8,2,3.816,295,1237816
2,3,0,0,0,2,3,1,0.481,328,848972
7,4,0,0,0,5,6,2,1.113,295,923884
5,4,0,0,0,6,5,1,1.231,327,921576
2,0,0,0,0,1,2,1,0.245,328,817976
6,5,0,0,0,4,4,1,0.953,327,914396
14,5,0,0,0,5,7,1,1.299,327,958048
3,2,0,0,0,2,3,1,0.482,328,848976
3,1,0,0,0,1,3,1,0.293,329,832688
6,3,0,0,0,4,5,1,0.903,327,899684
2,1,0,0,0,2,3,2,0.432,296,832684
3,0,0,0,0,4,4,1,0.760,327,855904
8,5,0,0,0,6,7,2,1.327,296,950660
14,0,0,0,0,8,6,2,1.663,295,955544
5,5,0,0,0,5,4,2,1.000,296,883464
23,10,0,0,0,10,8,2,2.445,296,1110504
1,1,0,0,0,2,3,1,0.386,328,819820
9,4,0,0,0,5,5,1,1.159,327,928036
27,13,0,0,0,11,7,2,2.791,296,1193488
2,1,0,0,0,2,3,1,0.432,328,834528
10,7,0,0,0,6,5,1,1.416,327,966096
15,4,0,0,0,7,7,1,1.623,327,978100
3,2,0,0,0,2,4,1,0.481,328,848976
2,2,0,0,0,3,4,2,0.597,296,844816
2,1,0,0,0,2,4,2,0.432,296,834392
6,4,0,0,0,5,4,2,1.092,296,916696
3,2,0,0,0,2,3,1,0.481,327,848976
3,2,0,0,0,2,3,1,0.481,328,848976
9,0,0,0,0,6,4,2,1.229,295,914404
4,0,0,0,0,4,4,2,0.783,296,861312
3,0,0,0,0,4,3,2,0.759,296,855908
2,2,0,0,0,2,3,1,0.457,328,839940
21,0,0,0,0,10,5,2,2.166,294,1044504
4,0,0,0,0,3,4,2,0.621,295,853860
3,2,0,0,0,2,3,1,0.482,328,848976
20,0,0,0,0,11,5,3,2.292,262,1011060
3,2,0,0,0,3,4,1,0.645,327,859260
3,1,0,0,0,3,4,2,0.621,296,853856
3,2,0,0,0,4,4,1,0.809,327,870596
1,2,0,0,0,2,3,1,0.433,328,834528
2,0,0,0,0,3,3,2,0.573,296,839416
7,0,0,0,0,8,4,3,1.506,264,923628
3,1,0,0,0,3,3,1,0.620,327,853856
9,4,0,0,0,4,6,1,0.998,327,925664
3,2,0,0,0,3,5,2,0.643,296,859260
3,2,0,0,0,2,3,1,0.481,328,848976
7,6,0,0,0,7,7,2,1.489,295,954040
16,7,0,0,0,5,6,1,1.300,326,958048
33,14,0,0,0,16,7,2,3.733,295,1242744
13,5,0,0,0,5,6,2,1.270,296,951920
9,0,0,0,0,6,4,2,1.232,295,921592
3,2,0,0,0,3,4,1,0.644,327,859264
13,10,0,0,0,8,6,1,1.870,327,1008544
8,0,0,0,0,5,4,2,1.041,295,899688
14,7,0,0,0,10,5,2,2.158,294,1013376
2,2,0,0,0,3,4,2,0.620,295,853856
10,4,0,0,0,3,5,1,0.859,327,917824
3,0,0,0,0,4,3,2,0.760,296,855908
4,2,0,0,0,2,4,1,0.506,328,854380
2,1,0,0,0,4,3,1,0.759,328,855896
13,7,0,0,0,9,6,2,1.967,295,999060
4,3,0,0,0,4,5,2,0.857,296,883460
1,1,0,0,0,1,2,1,0.245,328,817972
20,8,0,0,0,8,7,2,1.991,296,1045472
5,5,0,0,0,5,4,2,1.091,296,916696
1,2,0,0,0,2,3,2,0.432,296,834532
3,2,0,0,0,3,4,2,0.643,296,859260
16,6,0,0,0,6,7,1,1.527,327,986272
6,5,0,0,0,4,4,1,0.952,327,914396
1,1,0,0,0,3,3,1,0.572,328,839408
2,1,0,0,0,1,3,1,0.268,328,823644
2,1,0,0,0,1,3,1,0.268,328,823644
17,8,0,0,0,7,7,1,1.763,327,1015152
2,0,0,0,0,1,3,1,0.245,328,817976
7,0,0,0,0,4,4,2,0.857,296,883472
19,6,0,0,0,6,7,2,1.617,295,1038380
3,2,0,0,0,2,3,1,0.481,328,848972
6,5,0,0,0,4,4,1,0.953,327,914396
2,1,0,0,0,3,4,2,0.595,295,844820
14,0,0,0,0,13,6,3,2.481,263,1009220
3,2,0,0,0,4,5,2,0.808,295,870604
6,5,0,0,0,6,5,2,1.279,296,932860
3,0,0,0,0,4,3,2,0.760,296,855908
1,1,0,0,0,2,3,2,0.408,296,825500
1,1,0,0,0,3,3,1,0.573,328,839412
17,9,0,0,0,9,7,2,2.128,295,1072880
4,0,0,0,0,3,3,2,0.622,296,853860
3,2,0,0,0,2,3,1,0.481,328,848976
10,0,0,0,0,5,4,2,1.090,295,914400
4,3,0,0,0,4,4,1,0.858,327,883456
6,4,0,0,0,3,5,1,0.766,327,897648
4,1,0,0,0,2,3,1,0.482,327,848976
12,6,0,0,0,6,5,1,1.444,327,977772
13,5,0,0,0,5,5,1,1.269,327,951920
2,1,0,0,0,2,3,1,0.432,328,834528
3,0,0,0,0,3,3,2,0.595,296,844824
1,1,0,0,0,3,3,1,0.572,328,839412
16,9,0,0,0,6,5,1,1.596,327,1002420
11,9,0,0,0,8,6,2,1.812,295,1005068
2,2,0,0,0,3,4,1,0.620,328,853856
2,3,0,0,0,3,4,2,0.643,296,854380
4,1,0,0,0,2,3,1,0.481,328,848976
2,2,0,0,0,2,3,1,0.457,328,839940
3,2,0,0,0,2,3,1,0.482,327,848976
6,5,0,0,0,4,4,1,0.953,327,914400
3,2,0,0,0,2,3,1,0.480,328,848976
6,5,0,0,0,4,4,1,0.952,327,914400
11,6,0,0,0,6,6,2,1.423,296,980060
3,1,0,0,0,1,3,1,0.293,328,832688
13,6,0,0,0,5,7,1,1.295,327,958048
4,0,0,0,0,5,5,3,0.945,263,872920
5,0,0,0,0,2,3,1,0.481,328,848980
2,2,0,0,0,2,3,1,0.457,328,839940
2,0,0,0,0,3,3,2,0.573,296,839416
11,0,0,0,0,20,5,4,3.539,231,1035404
8,4,0,0,0,5,6,2,1.139,296,925668
24,10,0,0,0,5,7,1,1.653,327,1066596
2,1,0,0,0,2,3,1,0.433,328,834528
4,3,0,0,0,4,8,2,0.858,296,883456
3,1,0,0,0,3,3,1,0.621,327,853856
21,11,0,0,0,9,8,2,2.248,296,1074136
8,4,0,0,0,3,5,1,0.813,327,912356
3,3,0,0,0,3,6,2,0.669,296,868560
7,6,0,0,0,6,5,1,1.326,327,950660
3,2,0,0,0,2,3,1,0.481,328,848976
7,0,0,0,0,8,4,2,1.508,295,921584
2,3,0,0,0,3,5,2,0.645,296,859264
6,5,0,0,0,6,5,2,1.279,296,932856
2,2,0,0,0,2,3,1,0.457,328,839940
2,1,0,0,0,1,3,1,0.268,328,823644
12,0,0,0,0,7,5,3,1.465,263,944460
3,2,0,0,0,2,3,1,0.482,327,848976
3,2,0,0,0,4,5,2,0.806,295,870596
17,7,0,0,0,6,7,2,1.570,296,998540
6,2,0,0,0,7,5,2,1.369,296,923620
2,1,0,0,0,1,3,1,0.268,328,823644
3,2,0,0,0,2,3,1,0.482,327,848976
14,3,0,0,0,5,7,1,1.257,327,965316
20,8,0,0,0,10,7,2,2.329,296,1072916
13,10,0,0,0,10,6,2,2.203,295,1025644
15,7,0,0,0,5,6,1,1.365,327,976512
3,2,0,0,0,3,5,2,0.643,296,859260
3,3,0,0,0,3,5,1,0.668,327,868560
2,1,0,0,0,2,3,1,0.432,328,834528
13,4,0,0,0,4,7,2,1.096,296,955476
2,0,0,0,0,3,3,2,0.573,295,839416
1,1,0,0,0,1,2,1,0.245,328,817972
1,1,0,0,0,1,2,1,0.245,328,817972
6,5,0,0,0,4,4,1,0.951,327,914396
13,5,0,0,0,5,7,2,1.280,296,966960
8,0,0,0,0,3,4,1,0.718,327,881424
9,6,0,0,0,5,6,2,1.210,296,946316
2,1,0,0,0,4,3,2,0.759,296,855896
1,2,0,0,0,2,3,1,0.432,328,834528
3,2,0,0,0,2,3,1,0.481,328,848976
9,4,0,0,0,4,5,1,0.998,327,925664
2,0,0,0,0,2,3,2,0.408,296,825504
2,2,0,0,0,2,3,1,0.456,328,839940
5,2,0,0,0,2,4,1,0.530,328,863680
14,7,0,0,0,4,5,1,1.191,327,984572
5,3,0,0,0,4,4,1,0.881,327,892496
2,2,0,0,0,2,3,1,0.456,328,839940
2,0,0,0,0,2,3,1,0.408,328,825500
9,0,0,0,0,6,4,2,1.229,295,914404
6,5,0,0,0,4,4,1,0.952,327,914396
3,1,0,0,0,3,4,2,0.619,295,848976
30,8,0,0,0,10,8,1,2.560,326,1142224
41,0,0,0,0,16,8,2,3.625,294,1252656
3,2,0,0,0,2,3,1,0.482,328,848976
6,5,0,0,0,4,5,1,0.952,327,914396
2,0,0,0,0,3,3,2,0.572,296,839416
5,0,0,0,0,10,4,4,1.787,231,927708
1,0,0,0,0,2,2,1,0.336,327,803540
8,0,0,0,0,11,5,3,2.021,262,960952
8,4,0,0,0,3,6,1,0.813,327,912356
9,5,0,0,0,4,6,1,1.018,327,926452
2,2,0,0,0,3,4,2,0.621,296,853856
7,6,0,0,0,5,5,1,1.157,327,928036
2,1,0,0,0,2,4,1,0.433,328,834532
4,3,0,0,0,2,4,1,0.529,328,863680
6,4,0,0,0,6,6,2,1.255,296,928764
1,0,0,0,0,2,2,1,0.336,327,803540
2,0,0,0,0,5,3,2,0.899,295,855900
15,0,0,0,0,3,6,1,0.885,327,934256
3,2,0,0,0,2,4,1,0.482,328,848976
9,0,0,0,0,6,4,2,1.230,295,914404
3,3,0,0,0,3,5,1,0.669,327,868560
9,4,0,0,0,4,6,1,0.997,327,921912
3,3,0,0,0,3,5,1,0.669,327,868560
10,0,0,0,0,5,4,2,1.090,295,914400
20,8,0,0,0,6,8,2,1.666,296,1022352
3,0,0,0,0,2,3,2,0.433,296,834536
8,0,0,0,0,7,4,2,1.371,295,921588
6,0,0,0,0,9,4,3,1.647,263,927716
2,1,0,0,0,2,3,2,0.432,296,834532
13,8,0,0,0,8,7,2,1.827,296,996496
22,5,0,0,0,6,9,2,1.646,296,1017200
3,0,0,0,0,4,3,1,0.760,327,855904
10,5,0,0,0,8,5,1,1.692,327,972228
1,1,0,0,0,2,3,2,0.408,296,825500
7,5,0,0,0,5,5,2,1.139,296,923500
7,0,0,0,0,4,4,2,0.856,295,881424
2,2,0,0,0,2,5,2,0.456,296,839940
4,3,0,0,0,4,4,1,0.858,327,883456
2,2,0,0,0,1,3,1,0.293,328,832688
1,1,0,0,0,1,2,1,0.245,328,817972
11,10,0,0,0,10,5,2,2.150,294,1011068
5,0,0,0,0,4,4,2,0.808,296,870612
3,2,0,0,0,2,4,1,0.480,328,848976
3,3,0,0,0,2,4,1,0.505,328,854384
2,1,0,0,0,2,3,1,0.432,328,834528
3,2,0,0,0,2,3,1,0.481,327,848972
8,4,0,0,0,3,4,1,0.813,327,912356
3,2,0,0,0,2,3,1,0.481,327,848976
5,2,0,0,0,3,4,1,0.694,327,875744
5,0,0,0,0,2,3,1,0.482,328,848980
9,5,0,0,0,4,6,1,1.027,327,936284
1,1,0,0,0,1,2,1,0.245,328,817972
3,3,0,0,0,3,8,3,0.668,264,868560
3,2,0,0,0,4,5,2,0.807,296,870596
3,1,0,0,0,3,3,1,0.621,327,853856
2,2,0,0,0,2,4,1,0.457,328,839940
12,6,0,0,0,5,5,2,1.283,296,975140
2,1,0,0,0,2,4,2,0.432,296,834532
2,1,0,0,0,3,3,1,0.596,328,844820
18,8,0,0,0,9,8,2,2.129,296,1072880
8,0,0,0,0,7,4,3,1.368,263,921588
5,4,0,0,0,2,4,1,0.580,327,876540
1,2,0,0,0,2,4,2,0.433,296,834528
14,4,0,0,0,4,7,2,1.108,296,944460
4,0,0,0,0,5,4,2,0.945,295,870612
5,3,0,0,0,3,5,1,0.720,328,881416
18,9,0,0,0,4,5,1,1.317,327,997468
2,1,0,0,0,2,3,1,0.433,328,834528
3,0,0,0,0,2,3,2,0.432,296,834536
20,9,0,0,0,7,7,2,1.857,296,1043460
6,4,0,0,0,5,4,2,1.090,295,914388
4,0,0,0,0,3,3,2,0.620,296,848980
3,1,0,0,0,3,3,2,0.621,296,848976
20,8,0,0,0,8,9,2,1.995,296,1051204
11,6,0,0,0,10,5,1,2.072,327,1011928
2,1,0,0,0,1,3,1,0.268,328,823644
2,0,0,0,0,3,3,1,0.572,328,839416
4,3,0,0,0,5,8,3,1.020,263,894800
2,1,0,0,0,1,3,1,0.268,328,823644
3,2,0,0,0,2,4,1,0.481,328,848976
9,4,0,0,0,3,5,1,0.837,327,919544
5,0,0,0,0,2,3,1,0.482,327,848980
2,1,0,0,0,3,3,1,0.595,328,844820
5,4,0,0,0,4,4,1,0.905,327,899684
1,1,0,0,0,1,2,1,0.245,329,818072
2,2,0,0,0,4,4,2,0.782,296,859252
2,2,0,0,0,3,3,1,0.622,327,853856
2,1,0,0,0,4,3,1,0.666,327,826748
3,0,0,0,0,4,3,2,0.761,296,855908
6,5,0,0,0,4,4,2,0.952,296,914396
2,3,0,0,0,3,5,2,0.643,296,859260
11,5,0,0,0,5,6,1,1.237,327,955744
5,4,0,0,0,4,4,2,0.906,296,899684
9,0,0,0,0,2,4,1,0.579,327,876548
3,2,0,0,0,3,5,2,0.642,296,859260
2,3,0,0,0,3,4,2,0.643,296,859260
3,0,0,0,0,2,3,2,0.433,296,834536
2,2,0,0,0,2,3,1,0.457,328,839940
7,0,0,0,0,8,4,2,1.508,295,923628
6,4,0,0,0,5,4,2,1.092,296,916696
3,2,0,0,0,4,4,2,0.808,296,870596
14,8,0,0,0,9,5,2,2.030,295,1035088
4,3,0,0,0,2,4,1,0.529,327,863684
14,6,0,0,0,5,6,1,1.334,327,988000
1,1,0,0,0,1,2,1,0.245,328,817972
10,5,0,0,0,4,5,1,1.049,327,943148
6,2,0,0,0,3,5,2,0.718,296,881420
5,0,0,0,0,10,4,2,1.785,295,927708
3,2,0,0,0,2,4,1,0.481,327,848976
2,2,0,0,0,2,3,1,0.457,328,839940
3,2,0,0,0,2,4,1,0.481,327,848976
11,6,0,0,0,7,7,2,1.582,295,981868
3,2,0,0,0,2,3,1,0.481,327,848976
10,0,0,0,0,21,5,4,3.701,230,1068988
16,7,0,0,0,6,6,1,1.550,327,990360
5,4,0,0,0,5,4,2,1.065,296,905352
9,4,0,0,0,2,4,1,0.671,327,903972
6,0,0,0,0,9,4,3,1.649,263,927716
2,1,0,0,0,2,3,2,0.433,296,834532
3,0,0,0,0,0,2,0,0.099,360,796948
25,9,0,0,0,7,8,2,1.992,296,1111388
37,0,0,0,0,26,6,4,5.111,230,1231336
7,0,0,0,0,4,4,2,0.858,295,883472
3,2,0,0,0,3,4,2,0.644,296,859260
4,3,0,0,0,2,4,1,0.531,328,863680
5,4,0,0,0,5,6,2,1.067,295,907660
8,0,0,0,0,5,4,2,1.042,295,899696
2,2,0,0,0,1,3,1,0.293,328,832688
2,1,0,0,0,2,3,1,0.433,328,834528
11,6,0,0,0,7,6,2,1.587,296,981868
16,9,0,0,0,10,6,2,2.270,295,1076768
12,10,0,0,0,10,14,5,2.172,197,1021868
2,1,0,0,0,2,3,1,0.433,328,834532
3,2,0,0,0,3,4,2,0.643,296,859260
10,4,0,0,0,5,5,1,1.188,327,945784
5,5,0,0,0,5,8,3,1.090,263,916696
2,2,0,0,0,3,4,1,0.620,327,853856
2,2,0,0,0,3,3,1,0.622,327,853856
5,3,0,0,0,3,5,1,0.719,327,881420
4,2,0,0,0,3,4,1,0.670,328,868560
4,0,0,0,0,3,3,2,0.619,295,848980
3,2,0,0,0,2,4,1,0.481,328,848976
6,2,0,0,0,3,5,1,0.719,327,881420
7,7,0,0,0,8,12,4,1.671,231,968208
13,4,0,0,0,8,7,2,1.746,295,987992
4,0,0,0,0,3,3,2,0.620,296,853860
7,6,0,0,0,4,5,1,0.998,327,921912
1,2,0,0,0,2,3,1,0.432,328,834528
2,2,0,0,0,2,3,1,0.456,328,839940
6,5,0,0,0,4,4,1,0.953,327,914396
25,10,0,0,0,7,8,2,1.995,295,1075660
17,9,0,0,0,3,6,1,1.150,327,1012468
6,5,0,0,0,6,5,2,1.279,296,932856
11,6,0,0,0,7,6,2,1.586,296,981868
6,0,0,0,0,7,5,3,1.322,264,906880
11,6,0,0,0,8,5,1,1.748,327,987992
2,1,0,0,0,2,3,1,0.432,328,834532
20,10,0,0,0,6,7,2,1.716,296,1039344
6,4,0,0,0,5,4,2,1.090,296,913264
2,2,0,0,0,1,3,1,0.293,328,832688
2,1,0,0,0,2,4,1,0.433,328,834532
2,0,0,0,0,1,2,1,0.245,328,817976
13,5,0,0,0,6,7,2,1.438,296,961680
11,6,0,0,0,4,6,1,1.093,327,955476
1,0,0,0,0,2,2,1,0.336,327,803540
5,4,0,0,0,4,4,1,0.903,327,899684
1,1,0,0,0,2,3,1,0.408,328,825500
22,8,0,0,0,11,7,2,2.527,295,1080808
2,1,0,0,0,3,4,2,0.595,296,844820
2,3,0,0,0,2,4,1,0.482,328,848976
6,5,0,0,0,4,5,1,0.950,327,914396
2,0,0,0,0,5,3,2,0.899,295,855900
1,1,0,0,0,2,3,1,0.408,328,825496
3,1,0,0,0,3,3,2,0.621,296,853856
2,1,0,0,0,3,4,2,0.596,296,844820
20,8,0,0,0,7,7,2,1.847,296,1067468
3,2,0,0,0,3,5,2,0.644,296,859260
17,6,0,0,0,6,7,1,1.550,327,990360
4,3,0,0,0,4,4,2,0.858,295,883456
4,2,0,0,0,1,3,1,0.341,328,847124
5,5,0,0,0,5,4,2,1.091,296,914388
2,3,0,0,0,2,3,1,0.480,328,848972
7,0,0,0,0,4,4,2,0.859,295,883472
3,2,0,0,0,2,3,1,0.482,328,848976
2,0,0,0,0,5,3,2,0.898,295,855900
10,6,0,0,0,5,7,1,1.235,327,955744
5,3,1,0,0,5,6,2,0.800,296,861316
3,0,0,0,0,4,3,2,0.759,295,853860
3,4,0,0,0,3,5,2,0.694,296,875748
5,0,0,0,0,4,4,2,0.807,296,870612
6,5,0,0,0,4,4,1,0.953,327,914396
5,5,0,0,0,5,4,2,1.090,296,916704
22,8,0,0,0,6,8,1,1.717,327,1039344
2,2,0,0,0,3,4,2,0.621,295,853856
18,7,0,0,0,7,7,2,1.758,296,1015148
11,4,0,0,0,4,5,1,1.048,327,943480
13,5,0,0,0,5,6,1,1.270,327,951920
4,2,0,0,0,3,4,2,0.666,296,863680
5,4,0,0,0,4,5,1,0.902,327,899680
13,0,0,0,0,18,5,3,3.286,263,1068992
12,6,0,0,0,8,7,2,1.762,295,980140
3,1,0,0,0,2,3,1,0.457,327,839936
6,3,0,0,0,3,5,1,0.742,327,890456
2,2,0,0,0,3,3,1,0.620,327,853856
3,2,0,0,0,2,3,1,0.482,328,848976
2,1,0,0,0,3,4,2,0.573,296,839408
2,1,0,0,0,2,3,1,0.432,328,834528
8,0,0,0,0,7,4,2,1.371,295,921584
3,2,0,0,0,2,3,1,0.482,328,848976
17,7,0,0,0,10,8,2,2.226,295,1035668
7,4,0,0,0,6,6,2,1.280,295,934180
12,4,0,0,0,5,7,1,1.234,327,957064
2,0,0,0,0,1,2,1,0.245,328,817976
1,1,0,0,0,3,3,2,0.525,295,819824
9,5,0,0,0,6,7,2,1.347,295,949944
2,3,0,0,0,2,3,1,0.482,328,848976
20,6,0,0,0,5,6,1,1.473,327,1033500
3,1,0,0,0,3,5,2,0.619,296,853856
6,4,0,0,0,3,5,2,0.766,295,897644
4,1,0,0,0,3,5,2,0.643,295,859260
6,0,0,0,0,6,5,2,1.160,295,899692
2,4,0,0,0,3,4,1,0.668,327,868560
2,3,0,0,0,4,4,2,0.807,295,870596
20,10,0,0,0,9,7,2,2.218,296,1076644
9,4,0,0,0,4,5,1,0.998,327,921912
2,2,0,0,0,3,3,1,0.621,327,853856
4,0,0,0,0,3,3,2,0.620,296,853860
3,0,0,0,0,5,4,3,0.920,264,861300
5,4,0,0,0,2,4,1,0.579,328,876540
6,2,0,0,0,7,5,3,1.370,264,921576
9,4,0,0,0,6,6,2,1.329,296,950660
4,2,0,0,0,3,4,1,0.669,327,868560
3,3,0,0,0,2,4,1,0.505,327,854380
0,1,0,0,0,1,2,1,0.220,328,808680
22,9,0,0,0,8,7,2,2.074,296,1076344
2,3,0,0,0,3,5,2,0.644,296,859260
2,4,0,0,0,3,4,1,0.668,327,868560
1,2,0,0,0,4,3,1,0.759,327,855896
2,1,0,0,0,1,3,1,0.268,328,823644
8,0,0,0,0,7,4,3,1.367,263,921588
2,2,0,0,0,3,3,2,0.621,296,853856
4,2,0,0,0,3,4,1,0.668,328,868564
1,1,0,0,0,1,2,1,0.245,328,817972
3,3,0,0,0,3,5,2,0.669,296,868560
16,6,0,0,0,6,7,1,1.530,327,986268
3,2,0,0,0,3,5,2,0.644,296,859260
2,3,0,0,0,3,5,2,0.643,296,859260
3,3,0,0,0,4,5,1,0.834,327,877784
5,4,0,0,0,3,5,1,0.743,327,890460
9,0,0,0,0,6,5,2,1.232,295,921592
11,5,0,0,0,5,5,1,1.234,327,955744
4,3,0,0,0,2,4,1,0.529,328,863680
5,3,0,0,0,5,4,2,1.043,295,899680
15,0,0,0,0,12,6,3,2.359,263,1024524
3,1,0,0,0,2,3,1,0.457,328,839936
2,2,0,0,0,2,3,1,0.457,328,839940
5,0,0,0,0,4,4,2,0.808,296,870612
9,0,0,0,0,6,4,2,1.231,295,914404
3,2,0,0,0,3,4,1,0.643,327,859260
2,2,0,0,0,3,4,1,0.620,327,853856
22,7,0,0,0,8,7,2,2.036,296,1086196
10,0,0,0,0,19,5,3,3.350,262,1014432
10,0,0,0,0,5,4,2,1.092,295,916712
5,5,0,0,0,4,4,1,0.928,327,905352
2,1,0,0,0,2,4,2,0.433,296,834532
7,2,0,0,0,6,4,2,1.229,295,914388
21,0,0,0,0,42,6,4,7.344,229,1280604
6,5,0,0,0,6,5,2,1.275,295,927980
2,2,0,0,0,3,3,2,0.620,295,853856
3,2,0,0,0,2,3,1,0.482,328,848976
5,3,0,0,0,3,4,1,0.719,328,881420
5,0,0,0,0,4,4,2,0.808,296,870612
4,1,0,0,0,3,5,2,0.644,295,859260
6,5,0,0,0,4,4,1,0.952,327,914396
4,3,0,0,0,2,4,1,0.529,328,863680
5,3,0,0,0,3,4,1,0.718,327,881424
2,2,0,0,0,3,3,2,0.620,295,853856
2,1,0,0,0,2,3,1,0.432,328,834528
2,2,0,0,0,4,5,1,0.782,327,861300
3,0,0,0,0,4,3,2,0.759,296,848984
1,1,0,0,0,1,2,1,0.245,328,817972
11,0,0,0,0,4,4,2,0.953,295,914404
6,0,0,0,0,9,4,2,1.646,295,927716
6,4,0,0,0,5,4,2,1.091,296,914388
5,2,0,0,0,4,5,2,0.857,296,883456
3,2,0,0,0,3,5,2,0.643,296,859260
2,2,0,0,0,3,4,2,0.620,296,853856
5,5,0,0,0,4,5,2,0.926,296,905360
2,1,0,0,0,1,3,1,0.268,328,823644
4,4,0,0,0,3,4,1,0.720,327,881420
3,2,0,0,0,2,4,1,0.481,328,848976
2,1,0,0,0,1,3,1,0.268,328,823644
2,0,0,0,0,1,2,1,0.244,328,817976
4,1,0,0,0,4,4,2,0.808,296,870596
32,19,0,0,0,17,9,2,4.002,294,1279964
2,2,0,0,0,2,3,1,0.457,328,839940
11,0,0,0,0,20,5,3,3.539,262,1035404
5,4,0,0,0,4,5,1,0.904,327,899684
17,8,0,0,0,8,7,2,1.901,296,1017200
2,1,0,0,0,2,3,1,0.433,328,834528
3,0,0,0,0,3,3,2,0.597,296,844824
2,0,0,0,0,3,3,2,0.572,296,839416
25,15,0,0,0,14,8,2,3.242,295,1160652
1,1,0,0,0,2,3,2,0.408,296,825496
7,0,0,0,0,5,5,2,1.019,295,894812
2,3,0,0,0,3,4,1,0.643,328,859260
1,2,0,0,0,3,3,1,0.595,327,844820
15,5,0,0,0,5,6,1,1.335,327,986152
15,5,0,0,0,5,8,1,1.334,327,988000
5,5,0,0,0,5,4,2,1.091,296,914388
9,7,0,0,0,7,6,2,1.555,296,970184
3,3,0,0,0,3,4,1,0.669,327,868560
27,16,0,0,0,11,10,2,2.830,295,1160656
2,1,0,0,0,1,3,1,0.268,328,823644
1,1,0,0,0,1,3,1,0.245,328,817972
2,0,0,0,0,3,3,1,0.500,327,815400
6,5,0,0,0,4,4,1,0.953,327,914400
2,2,0,0,0,1,3,1,0.293,328,832688
4,1,0,0,0,2,3,1,0.481,327,848976
1,2,0,0,0,1,3,1,0.268,328,823644
16,5,0,0,0,13,12,5,2.641,198,1048400
3,1,0,0,0,2,4,1,0.457,328,839940
11,0,0,0,0,6,5,2,1.276,295,927624
5,0,0,0,0,2,4,2,0.482,296,848980
3,0,0,0,0,2,3,2,0.433,296,834536
42,29,0,0,0,28,8,2,6.241,294,1495812
2,2,0,0,0,1,3,1,0.293,328,832688
27,13,0,0,0,13,7,2,3.091,296,1160652
2,1,0,0,0,3,4,2,0.595,296,844820
2,3,0,0,0,2,3,1,0.482,328,848976
11,7,0,0,0,12,7,2,2.406,295,1009604
3,0,0,0,0,4,4,2,0.760,295,853860
1,2,0,0,0,2,3,1,0.432,328,834528
6,0,0,0,0,9,4,3,1.648,263,927716
6,3,0,0,0,2,4,1,0.578,327,876540
3,2,0,0,0,2,4,1,0.481,328,848976
3,3,0,0,0,3,5,1,0.669,327,868560
34,18,0,0,0,17,12,3,4.014,262,1286960
3,2,0,0,0,2,4,1,0.481,328,848976
14,7,0,0,0,4,5,1,1.187,327,976648
13,4,0,0,0,8,6,2,1.753,296,995912
3,3,0,0,0,2,4,1,0.505,327,854380
9,4,0,0,0,6,6,2,1.327,296,950660
13,7,0,0,0,9,7,2,1.964,295,996824
2,0,0,0,0,2,3,2,0.408,296,825504
22,9,0,0,0,7,7,1,1.913,326,1063680
28,14,0,0,0,11,7,2,2.805,296,1154528
2,1,0,0,0,1,3,1,0.268,328,823644
3,2,0,0,0,3,5,2,0.644,296,859260
3,2,0,0,0,2,3,1,0.482,328,848976
6,0,0,0,0,5,4,3,0.995,263,883476
24,0,0,0,0,39,6,4,6.915,229,1280600
9,6,0,0,0,5,6,1,1.211,327,951912
7,4,0,0,0,4,4,1,0.954,327,914400
4,3,0,0,0,4,4,1,0.856,327,883456
6,0,0,0,0,9,4,3,1.646,263,923628
2,2,0,0,0,3,3,1,0.621,327,853856
20,5,0,0,0,7,8,1,1.759,327,1015148
5,5,0,0,0,5,4,2,1.090,296,914388
2,2,0,0,0,3,3,2,0.621,296,848976
21,21,0,0,0,21,6,3,4.427,263,1231340
17,7,0,0,0,5,8,1,1.413,327,986736
3,3,0,0,0,3,5,2,0.669,296,868560
9,4,0,0,0,6,5,1,1.328,327,950660
4,0,0,0,0,3,3,2,0.619,295,848980
36,0,0,0,0,15,8,3,3.347,263,1208920
2,2,0,0,0,2,4,1,0.456,328,839940
22,11,0,0,0,11,8,2,2.621,295,1133476
5,5,0,0,0,5,4,2,1.090,296,914388
2,1,0,0,0,2,4,2,0.434,296,834532
22,11,0,0,0,6,8,1,1.796,327,1070220
22,9,0,0,0,7,7,1,1.914,327,1063680
2,2,0,0,0,3,5,2,0.619,296,853856
8,4,0,0,0,5,6,2,1.139,295,929300
5,2,0,0,0,4,4,1,0.856,327,883456
1,0,0,0,0,4,3,2,0.712,295,839416
8,0,0,0,0,8,5,3,1.530,264,930812
14,5,0,0,0,6,6,2,1.470,296,981868
6,4,0,0,0,5,4,2,1.090,296,916696
17,10,0,0,0,3,6,1,1.156,327,989500
4,3,0,0,0,4,4,1,0.858,327,883456
2,2,0,0,0,3,5,1,0.620,328,853856
12,10,0,0,0,12,7,2,2.502,295,1046360
16,5,0,0,0,6,7,2,1.504,296,980140
8,5,0,0,0,6,7,2,1.328,295,948100
19,6,0,0,0,7,7,1,1.759,327,1015152
16,6,0,0,0,5,6,1,1.362,327,976516
18,7,0,0,0,9,7,2,2.082,296,1030792
7,4,0,0,0,3,6,1,0.789,327,901996
5,2,0,0,0,1,4,1,0.364,328,852528
9,0,0,0,0,7,5,2,1.393,295,923892
6,0,0,0,0,9,5,3,1.646,262,927720
15,0,0,0,0,16,5,3,2.984,262,1024132
29,8,0,0,0,7,9,1,2.048,327,1095964
2,3,0,0,0,2,4,1,0.480,328,848976
3,2,0,0,0,2,5,2,0.481,296,848976
3,4,0,0,0,3,5,1,0.693,327,875748
3,2,0,0,0,3,5,2,0.644,296,859264
6,1,0,0,0,4,4,2,0.857,296,883456
7,6,0,0,0,6,5,2,1.322,295,943472
3,0,0,0,0,4,3,2,0.759,295,855908
5,4,0,0,0,4,4,1,0.905,327,899684
3,3,0,0,0,3,4,1,0.669,327,868560
10,5,0,0,0,5,5,1,1.210,327,946324
21,6,0,0,0,5,7,1,1.483,327,1007440
2,1,0,0,0,2,3,2,0.432,296,834532
2,0,0,0,0,3,3,2,0.572,296,839416
2,2,0,0,0,2,3,1,0.456,328,839940
2,2,0,0,0,3,3,2,0.621,296,853856
2,2,0,0,0,3,3,2,0.621,296,848976
2,0,0,0,0,1,2,1,0.245,328,817976
5,4,0,0,0,4,4,2,0.904,296,899680
2,2,0,0,0,3,4,2,0.622,296,853856
18,6,0,0,0,5,6,1,1.412,327,986732
6,5,0,0,0,4,4,1,0.953,327,914400
7,3,0,0,0,3,5,1,0.765,328,897644
3,2,0,0,0,3,4,2,0.643,296,859260
4,2,0,0,0,3,4,1,0.669,327,868560
5,0,0,0,0,4,4,2,0.806,296,870604
16,6,0,0,0,5,7,2,1.369,296,976512
3,0,0,0,0,4,3,2,0.760,295,853860
1,2,0,0,0,1,3,1,0.268,328,823644
3,2,0,0,0,2,3,1,0.481,328,848976
11,0,0,0,0,20,5,3,3.541,262,1035404
4,4,0,0,0,4,5,2,0.881,296,892492
14,5,0,0,0,6,7,1,1.475,327,989780
2,1,0,0,0,2,3,1,0.433,328,834528
8,0,0,0,0,7,4,3,1.367,262,916708
2,3,0,0,0,2,4,1,0.481,327,848976
13,7,0,0,0,6,8,2,1.490,295,987976
6,3,0,0,0,6,5,2,1.231,296,921576
6,5,0,0,0,4,4,1,0.952,327,914396
12,7,0,0,0,5,6,2,1.306,296,974296
3,0,0,0,0,4,3,2,0.760,296,855908
6,5,0,0,0,4,5,1,0.951,327,914396
2,1,0,0,0,1,3,1,0.268,328,823644
2,0,0,0,0,5,3,2,0.899,295,855900
13,4,0,0,0,8,7,2,1.755,295,987992
2,2,0,0,0,2,4,1,0.457,328,839940
18,9,0,0,0,8,7,2,1.987,296,1071564
8,5,0,0,0,4,6,2,1.003,296,925664
5,4,0,0,0,4,4,1,0.905,327,899684
22,7,0,0,0,7,7,2,1.860,296,1043428
28,8,0,0,0,8,8,2,2.182,296,1095764
3,0,0,0,0,4,4,1,0.760,327,855908
3,2,0,0,0,3,5,2,0.643,296,859260
6,0,0,0,0,5,4,2,0.996,295,883472
5,1,0,0,0,5,4,1,0.998,327,885768
4,3,0,0,0,3,5,2,0.693,296,875748
2,2,0,0,0,3,4,2,0.621,296,853856
3,1,0,0,0,3,3,2,0.622,296,853856
2,2,0,0,0,3,3,2,0.621,296,853856
2,2,0,0,0,2,3,1,0.457,328,839940
13,6,0,0,0,8,6,2,1.790,296,1004736
1,2,0,0,0,2,3,1,0.432,328,834528
4,1,0,0,0,2,3,1,0.481,327,848976
8,0,0,0,0,7,4,2,1.368,295,921588
3,2,0,0,0,2,4,1,0.482,328,848976
2,3,0,0,0,5,7,3,0.975,264,880092
13,9,0,0,0,9,5,2,2.010,296,1008556
20,7,0,0,0,6,7,2,1.644,296,1022732
6,4,0,0,0,5,4,2,1.090,295,914388
4,3,0,0,0,3,5,2,0.668,296,863692
9,6,0,0,0,4,5,1,1.048,327,943480
5,1,0,0,0,3,4,2,0.668,296,863680
18,4,0,0,0,11,7,1,2.337,327,1032564
16,6,0,0,0,6,6,2,1.525,296,986268
18,8,0,0,0,8,8,2,1.944,295,1028480
4,0,0,0,0,3,3,2,0.621,296,853860
39,14,0,0,0,12,8,2,3.225,295,1241468
45,24,0,0,0,20,10,2,4.933,295,1485568
10,5,0,0,0,7,6,2,1.537,296,973032
4,0,0,0,0,3,3,2,0.619,296,853860
2,2,0,0,0,2,4,1,0.456,328,839940
21,8,0,0,0,10,9,2,2.356,295,1083536
4,0,0,0,0,3,4,2,0.621,295,853860
2,2,0,0,0,2,3,1,0.456,328,839940
21,9,0,0,0,9,8,2,2.216,296,1078660
31,9,0,0,0,8,8,2,2.285,296,1135144
21,6,0,0,0,9,8,2,2.132,295,1047780
19,9,0,0,0,9,8,2,2.159,296,1058476
3,3,0,0,0,3,5,2,0.668,296,868560
2,1,0,0,0,1,4,1,0.268,328,823644
3,2,0,0,0,2,3,1,0.482,328,848976
2,1,0,0,0,2,3,1,0.432,328,834528
13,8,0,0,0,10,6,2,2.150,295,1008552
10,4,0,0,0,6,6,2,1.352,296,956800
2,1,0,0,0,3,4,1,0.595,328,844820
15,9,0,0,0,11,6,2,2.384,295,1038292
2,1,0,0,0,2,3,1,0.433,328,834528
3,4,0,0,0,3,4,2,0.693,295,875744
7,4,0,0,0,3,5,1,0.787,327,901472
2,0,0,0,0,2,3,1,0.408,328,825500
2,1,0,0,0,2,4,1,0.433,328,834532
5,0,0,0,0,4,4,2,0.809,296,870612
2,2,0,0,0,2,4,1,0.457,328,839940
1,1,0,0,0,1,2,1,0.245,329,817972
12,7,0,0,0,6,5,1,1.470,327,981868
3,1,0,0,0,4,4,2,0.783,296,861296
3,2,0,0,0,2,3,1,0.481,328,848976
24,10,0,0,0,8,9,2,2.142,296,1088204
5,3,0,0,0,5,6,2,1.043,295,901996
1,2,0,0,0,2,3,1,0.433,328,834532
11,5,0,0,0,9,7,2,1.886,296,990300
41,10,0,0,0,10,10,2,2.887,296,1266492
2,2,0,0,0,3,3,2,0.620,296,848976
2,2,0,0,0,2,3,2,0.456,296,838092
2,3,0,0,0,2,3,1,0.480,328,848972
2,3,0,0,0,2,4,1,0.481,327,848976
6,5,0,0,0,4,4,1,0.953,327,914396
3,2,0,0,0,2,4,1,0.481,328,848976
4,3,0,0,0,4,4,1,0.857,327,883456
4,3,0,0,0,4,4,1,0.858,327,883456
1,0,0,0,0,2,2,1,0.386,328,819824
11,5,0,0,0,9,5,2,1.889,294,989496
2,2,0,0,0,1,3,1,0.293,328,832688
2,2,0,0,0,2,3,1,0.457,328,839940
18,6,0,0,0,6,7,1,1.573,327,998540
3,2,0,0,0,2,4,1,0.481,328,848976
7,4,0,0,0,4,5,1,0.951,327,914396
2,2,0,0,0,3,3,2,0.621,296,848976
2,2,0,0,0,2,3,1,0.456,328,839940
35,9,0,0,0,10,10,2,2.708,295,1173480
3,2,0,0,0,3,4,1,0.644,327,859264
5,0,0,0,0,3,4,2,0.644,296,859268
12,9,0,0,0,10,7,2,2.157,295,1015740
4,0,0,0,0,3,3,2,0.620,295,848980
3,3,0,0,0,3,5,1,0.667,327,868564
2,1,0,0,0,1,3,1,0.268,328,823644
10,4,0,0,0,6,6,2,1.349,296,949940
4,3,0,0,0,4,4,1,0.860,327,883504
13,5,0,0,0,5,7,1,1.269,327,951920
8,4,0,0,0,3,4,1,0.814,328,912356
12,8,0,0,0,9,6,2,1.963,295,992192
7,4,0,0,0,4,4,1,0.952,327,914396
5,4,0,0,0,4,4,1,0.904,327,899684
22,8,0,0,0,8,7,1,2.052,327,1065724
1,1,0,0,0,3,3,2,0.571,296,834528
3,2,0,0,0,3,4,1,0.643,327,859260
8,5,0,0,0,4,5,1,0.998,327,925664
14,0,0,0,0,9,5,3,1.830,264,961676
14,9,0,0,0,8,5,1,1.873,327,1008544
11,0,0,0,0,20,5,3,3.536,262,1035404
7,0,0,0,0,6,4,2,1.180,295,899692
14,8,0,0,0,9,5,2,2.015,295,1008556
2,2,0,0,0,2,4,1,0.457,328,839940
20,7,0,0,0,8,7,2,1.989,296,1071564
11,0,0,0,0,8,5,2,1.603,295,954228
3,2,0,0,0,3,4,2,0.643,296,859260
2,2,0,0,0,2,4,2,0.457,296,839940
6,0,0,0,0,9,4,3,1.647,264,927716
6,5,0,0,0,4,4,1,0.953,327,914396
14,9,0,0,0,8,5,1,1.874,327,1008544
4,2,0,0,0,3,4,2,0.668,296,868560
12,9,0,0,0,12,6,3,2.481,264,1032564
2,1,0,0,0,4,3,1,0.666,327,826748
15,7,0,0,0,6,6,1,1.532,327,998928
1,2,0,0,0,1,3,1,0.268,328,823644
3,2,0,0,0,2,3,1,0.480,328,848976
2,2,0,0,0,1,3,1,0.293,328,832688
9,0,0,0,0,6,4,2,1.233,295,921592
18,7,0,0,0,7,7,1,1.756,327,1015152
5,3,0,0,0,5,5,2,1.042,296,901988
3,2,0,0,0,4,5,2,0.808,296,870596
2,2,0,0,0,1,3,1,0.293,328,832688
4,1,0,0,0,2,3,1,0.481,328,848976
11,4,0,0,0,6,6,2,1.373,296,959372
3,2,0,0,0,3,5,1,0.643,327,859264
11,0,0,0,0,20,5,3,3.543,262,1035404
2,0,0,0,0,3,3,1,0.501,327,815400
23,0,0,0,0,40,6,5,7.065,198,1274472
3,1,0,0,0,3,4,1,0.622,328,853856
4,3,0,0,0,4,4,1,0.858,328,883456
1,0,0,0,0,2,2,1,0.385,328,819824
21,8,0,0,0,6,9,2,1.709,296,1051504
3,2,0,0,0,2,3,1,0.482,327,848972
1,1,0,0,0,2,3,1,0.408,328,825496
3,3,0,0,0,3,4,2,0.669,296,868560
5,0,0,0,0,3,4,2,0.643,296,859268
4,0,0,0,0,3,4,2,0.622,296,853860
1,2,0,0,0,3,3,1,0.596,328,844820
21,21,0,0,0,21,6,3,4.422,262,1231344
10,6,0,0,0,4,7,2,1.071,296,950932
1,1,0,0,0,2,3,1,0.386,328,819820
1,1,0,0,0,1,3,1,0.245,328,817972
5,4,0,0,0,4,4,1,0.904,327,899684
8,6,0,0,0,6,5,2,1.351,296,956800
20,14,0,0,0,17,7,2,3.502,294,1133708
2,2,0,0,0,2,5,2,0.456,296,839940
3,0,0,0,0,4,4,2,0.760,295,855904
1,1,0,0,0,2,3,1,0.408,328,825496
5,5,0,0,0,5,10,3,1.090,263,916704
26,15,0,0,0,14,6,2,3.292,295,1207392
3,2,0,0,0,2,3,1,0.481,328,848976
3,0,0,0,0,4,3,1,0.762,327,855904
4,4,0,0,0,5,6,2,1.042,295,901988
6,4,0,0,0,5,4,2,1.091,296,913264
5,2,0,0,0,6,4,2,1.180,295,899680
19,7,0,0,0,6,6,2,1.625,296,1011056
20,6,0,0,0,6,7,1,1.621,327,1011056
2,1,0,0,0,4,3,1,0.761,327,855896
17,8,0,0,0,8,7,2,1.924,296,1023336
4,3,0,0,0,3,4,2,0.694,296,875744
5,4,0,0,0,2,4,1,0.579,328,876536
3,0,0,0,0,4,3,2,0.759,296,855908
5,0,0,0,0,2,3,1,0.481,328,848980
2,2,0,0,0,2,4,2,0.457,296,839936
4,3,0,0,0,4,4,1,0.856,327,883456
10,5,0,0,0,8,6,2,1.695,296,972232
2,2,0,0,0,2,3,1,0.457,328,839940
5,0,0,0,0,3,4,2,0.644,296,859268
1,1,0,0,0,2,3,2,0.407,296,825496
6,4,0,0,0,5,4,2,1.091,296,914388
0,1,0,0,0,1,2,1,0.196,327,801676
13,5,0,0,0,5,6,1,1.279,327,962472
13,9,0,0,0,9,5,2,2.031,296,1044524
2,1,0,0,0,3,3,1,0.596,328,844820
2,2,0,0,0,3,4,2,0.621,296,853856
10,6,0,0,0,6,5,1,1.386,327,949416
9,0,0,0,0,6,4,2,1.229,295,914404
2,2,0,0,0,1,3,1,0.293,328,832688
1,1,0,0,0,1,2,1,0.245,328,817972
2,2,0,0,0,3,4,1,0.622,328,853856
9,5,0,0,0,8,5,2,1.666,296,961348
4,3,0,0,0,3,6,1,0.693,327,875748
1,1,0,0,0,1,3,1,0.244,328,817972
2,2,0,0,0,3,3,1,0.622,327,853856
19,8,0,0,0,6,8,2,1.646,296,1017200
9,7,0,0,0,6,7,2,1.390,296,955216
2,2,0,0,0,3,3,1,0.620,328,853856
14,9,0,0,0,8,5,1,1.891,327,1044516
2,2,0,0,0,2,3,1,0.457,328,840040
3,1,0,0,0,1,3,1,0.293,328,832688
4,3,0,0,0,2,4,1,0.530,328,863680
7,8,0,0,0,6,7,2,1.374,295,963528
2,1,0,0,0,2,3,1,0.432,328,834528
12,4,0,0,0,4,6,2,1.069,296,944740
2,0,0,0,0,1,2,1,0.245,328,817976
10,4,0,0,0,7,6,2,1.511,296,963464
9,2,0,0,0,4,6,1,0.951,328,914396
14,9,0,0,0,9,8,2,2.033,295,1014684
16,0,0,0,0,5,6,2,1.232,295,955472
2,2,0,0,0,2,4,1,0.456,328,839940
3,0,0,0,0,4,3,2,0.760,296,855908
10,0,0,0,0,21,5,4,3.679,230,1035404
4,3,0,0,0,4,4,1,0.857,327,883460
11,4,0,0,0,2,5,1,0.722,327,920072
25,11,0,0,0,7,7,2,2.023,296,1101260
6,4,0,0,0,5,5,2,1.092,295,916696
4,3,0,0,0,4,4,2,0.857,296,883456
3,2,0,0,0,2,4,1,0.482,328,848972
25,9,0,0,0,24,9,3,4.738,264,1231992
29,16,0,0,0,11,8,2,2.888,295,1196904
4,3,0,0,0,3,5,2,0.693,296,875748
4,0,0,0,0,4,4,2,0.781,296,861312
7,0,0,0,0,8,4,3,1.507,264,923628
2,1,0,0,0,2,3,2,0.433,296,834528
8,4,0,0,0,3,4,1,0.813,327,912356
14,6,0,0,0,4,7,1,1.163,327,964764
1,1,0,0,0,2,3,1,0.408,328,825500
3,2,0,0,0,3,4,2,0.644,296,859260
5,3,0,0,0,3,4,1,0.718,328,881420
6,0,0,0,0,3,4,2,0.670,296,868572
14,8,1,0,0,10,8,3,1.880,277,994668
3,2,0,0,0,4,5,2,0.806,295,870600
8,0,0,0,0,7,4,2,1.368,295,921588
6,5,0,0,0,4,4,1,0.952,327,914400
11,5,0,0,0,5,5,2,1.234,296,957064
4,0,0,0,0,2,4,2,0.457,296,839944
2,1,0,0,0,2,3,1,0.433,328,834532
14,7,0,0,0,7,7,1,1.668,327,990360
3,2,0,0,0,2,3,1,0.482,327,848976
3,2,0,0,0,2,3,1,0.482,327,848976
4,0,0,0,0,3,3,2,0.621,297,853860
3,3,0,0,0,3,5,2,0.669,295,868560
9,4,0,0,0,4,6,1,0.996,327,921912
5,6,0,0,0,6,5,2,1.276,296,927128
5,0,0,0,0,2,3,1,0.482,328,848980
32,17,0,0,0,16,7,2,3.793,295,1255180
3,2,0,0,0,4,4,1,0.807,328,870596
8,0,0,0,0,7,4,2,1.367,295,921588
2,2,0,0,0,2,4,1,0.456,328,839940
2,1,0,0,0,2,3,1,0.432,328,834532
9,5,0,0,0,8,5,2,1.668,296,961344
2,3,0,0,0,2,3,1,0.481,328,848976
11,0,0,0,0,20,5,4,3.562,231,1068988
15,0,0,0,0,16,5,3,2.984,262,1024132
8,3,0,0,0,5,5,2,1.116,296,923884
1,2,0,0,0,4,3,1,0.760,328,855896
4,0,0,0,0,3,3,1,0.621,328,853860
2,2,0,0,0,1,4,1,0.293,328,832688
8,0,0,0,0,7,4,3,1.368,264,916704
12,0,0,0,0,5,5,2,1.136,295,923496
14,0,0,0,0,7,5,2,1.512,295,963456
9,4,0,0,0,4,6,1,1.000,327,926984
16,9,0,0,0,11,6,2,2.412,296,1053548
2,1,0,0,0,4,3,1,0.761,328,855896
6,5,0,0,0,4,5,2,0.950,296,911692
10,0,0,0,0,5,4,2,1.092,296,916712
2,0,0,0,0,1,2,1,0.245,328,817976
3,0,0,0,0,2,3,2,0.433,296,834536
3,4,0,0,0,4,6,2,0.858,296,883464
6,4,0,0,0,5,4,2,1.090,296,914388
3,1,0,0,0,1,3,1,0.293,328,832688
21,7,0,0,0,7,6,2,1.849,296,1067468
4,5,0,0,0,4,6,2,0.904,296,899688
6,5,0,0,0,4,5,2,0.953,296,914400
10,5,0,0,0,6,7,2,1.372,296,959372
30,18,0,0,0,15,9,3,3.599,263,1231468
2,2,0,0,0,1,3,1,0.293,328,832688
6,7,0,0,0,6,5,2,1.329,296,948088
4,2,0,0,0,3,4,2,0.668,296,863680
3,1,0,0,0,2,3,1,0.457,328,839940
2,1,0,0,0,4,4,1,0.665,327,826748
5,4,0,0,0,4,6,1,0.904,327,899684
2,2,0,0,0,2,3,1,0.457,327,839940
3,0,0,0,0,3,4,2,0.597,295,844824
4,3,0,0,0,3,6,2,0.694,296,875748
5,6,0,0,0,4,5,2,0.952,296,914396
4,0,0,0,0,3,3,2,0.621,296,853860
67,24,0,0,0,24,8,2,6.043,294,1574048
19,7,0,0,0,4,8,1,1.297,327,993588
2,0,0,0,0,1,2,1,0.245,328,817976
4,0,0,0,0,4,4,2,0.782,296,861316
7,4,0,0,0,5,5,1,1.115,327,923884
27,16,0,0,0,14,7,2,3.319,296,1193540
2,1,0,0,0,2,3,1,0.432,328,834528
13,0,0,0,0,18,5,3,3.265,263,1035408
15,8,0,0,0,4,7,1,1.226,327,975192
1,0,0,0,0,2,2,1,0.385,328,819824
2,2,0,0,0,2,3,1,0.457,328,839940
11,6,0,0,0,6,5,2,1.417,296,966096
2,2,0,0,0,2,3,2,0.457,296,839940
5,0,0,0,0,2,3,1,0.481,328,848980
7,4,0,0,0,4,4,2,0.952,296,914396
6,3,0,0,0,6,5,2,1.232,296,921576
3,3,0,0,0,2,4,1,0.504,328,854384
34,0,0,0,0,29,6,4,5.529,230,1243140
15,5,0,0,0,5,7,1,1.335,327,988000
14,0,0,0,0,15,6,3,2.799,263,1009820
2,1,0,0,0,2,3,1,0.433,327,834528
6,0,0,0,0,9,5,2,1.647,295,923632
6,4,0,0,0,5,4,2,1.091,296,914388
6,5,0,0,0,4,4,1,0.952,327,914396
3,3,0,0,0,3,4,1,0.668,328,868560
13,5,0,0,0,5,6,1,1.285,327,975144
3,2,0,0,0,2,4,1,0.482,327,848976
5,4,0,0,0,4,5,2,0.903,296,899684
11,7,0,0,0,9,7,2,1.933,295,1007316
30,10,0,0,0,11,8,2,2.793,296,1197576
25,11,0,0,0,10,8,2,2.501,295,1109484
5,2,0,0,0,2,4,1,0.529,327,863680
1,1,0,0,0,2,3,1,0.407,328,825496
2,2,0,0,0,3,4,2,0.622,296,853856
6,5,0,0,0,4,4,1,0.954,327,914396
8,7,0,0,0,8,5,2,1.687,295,955548
6,3,0,0,0,2,4,1,0.578,327,876540
2,3,0,0,0,2,3,1,0.482,328,848976
3,3,0,0,0,5,4,2,0.995,295,883456
7,0,0,0,0,8,4,3,1.508,263,923628
3,2,0,0,0,3,5,2,0.643,296,859260
5,4,0,0,0,6,12,5,1.231,199,921576
2,2,0,0,0,3,3,1,0.621,328,853856
2,1,0,0,0,1,3,1,0.268,328,823644
3,2,0,0,0,4,5,2,0.807,296,870596
16,6,0,0,0,9,6,2,2.032,296,1044524
22,7,0,0,0,7,7,2,1.858,296,1043428
2,2,0,0,0,1,4,1,0.293,328,832688
13,5,0,0,0,8,7,2,1.769,295,994108
6,0,0,0,0,9,4,2,1.648,295,927716
6,5,0,0,0,4,4,1,0.952,327,914396
1,1,0,0,0,2,3,1,0.408,328,825496
2,1,0,0,0,4,3,1,0.761,327,855896
6,4,0,0,0,5,5,2,1.092,296,916696
4,3,0,0,0,3,4,1,0.694,327,875748
12,7,0,0,0,4,5,1,1.140,327,965376
9,8,0,0,0,7,6,2,1.584,295,981868
3,3,0,0,0,3,5,2,0.669,296,868560
17,4,0,0,0,6,7,1,1.504,327,980140
2,2,0,0,0,2,4,2,0.456,296,839940
6,5,0,0,0,4,4,1,0.954,327,914400
5,3,0,0,0,2,4,1,0.553,327,870872
3,2,0,0,0,2,3,1,0.481,328,848976
1,0,0,0,0,2,2,1,0.385,328,819824
5,0,0,0,0,4,4,1,0.807,327,870612
3,3,0,0,0,2,4,1,0.504,328,854384
3,3,0,0,0,4,7,2,0.836,296,877784
4,0,0,0,0,3,3,2,0.620,296,848980
3,2,0,0,0,2,4,1,0.481,328,848976
9,2,0,0,0,6,6,2,1.279,295,932856
2,2,0,0,0,1,3,1,0.293,328,832688
3,3,0,0,0,3,5,2,0.669,296,868560
1,1,0,0,0,1,3,1,0.245,328,817972
39,26,0,0,0,16,10,3,4.161,263,1344456
4,2,0,0,0,3,4,2,0.666,296,863680
1,0,0,0,0,4,3,2,0.712,296,839416
2,2,0,0,0,3,3,2,0.621,295,848976
3,3,0,0,0,3,4,1,0.668,327,868564
1,1,0,0,0,1,2,1,0.220,328,808672
19,0,0,0,0,12,5,3,2.431,263,1011064
2,1,0,0,0,2,3,2,0.432,296,834528
2,2,0,0,0,2,3,1,0.433,328,834540
3,0,0,0,0,4,3,3,0.760,264,853860
2,2,0,0,0,1,3,1,0.293,328,832688
2,2,0,0,0,2,4,1,0.456,328,839940
5,0,0,0,0,10,4,3,1.784,262,927712
3,3,0,0,0,2,4,1,0.504,327,854380
17,8,0,0,0,10,6,2,2.265,296,1076772
7,4,0,0,0,6,6,2,1.277,296,927128
12,8,0,0,0,10,7,2,2.130,295,1009612
5,3,0,0,0,4,5,2,0.880,296,892492
1,1,0,0,0,2,3,2,0.408,296,825496
3,2,0,0,0,3,4,2,0.643,296,859260
15,6,0,0,0,5,7,1,1.341,327,970380
21,7,0,0,0,7,7,2,1.840,296,1049900
16,5,0,0,0,7,7,2,1.665,296,990360
2,2,0,0,0,2,3,1,0.457,328,839940
10,5,0,0,0,4,5,2,1.050,296,943480
12,0,0,0,0,7,5,2,1.468,295,951648
2,0,0,0,0,3,3,2,0.573,296,839416
3,1,0,0,0,3,4,3,0.621,264,853856
31,14,0,0,0,14,8,2,3.400,295,1262076
5,0,0,0,0,5,4,3,0.975,263,877804
4,4,0,0,0,8,13,6,1.533,164,934900
13,7,0,0,0,7,6,1,1.652,327,1003188
5,4,0,0,0,6,11,4,1.232,231,921576
3,2,0,0,0,4,5,2,0.808,296,870596
26,9,0,0,0,10,7,2,2.478,296,1103356
6,5,0,0,0,4,4,1,0.952,327,914396
2,1,0,0,0,3,4,1,0.595,328,844820
9,5,0,0,0,5,7,2,1.187,296,945784
3,4,0,0,0,3,4,2,0.694,296,875748
23,11,0,0,0,9,7,2,2.301,296,1105892
12,10,0,0,0,9,5,2,2.013,295,1008556
16,6,0,0,0,5,7,1,1.368,327,976512
2,2,0,0,0,3,5,2,0.621,296,853856
5,5,0,0,0,3,4,1,0.765,327,897648
28,14,0,0,0,13,7,2,3.137,295,1182052
9,5,0,0,0,6,6,2,1.351,296,949944
3,2,0,0,0,3,5,2,0.643,296,859260
3,2,0,0,0,2,3,1,0.482,328,848976
4,3,0,0,0,5,7,3,1.020,263,894800
15,8,0,0,0,6,7,1,1.548,327,990360
5,0,0,0,0,5,4,2,0.975,296,877800
15,10,0,0,0,8,6,1,1.920,327,1023336
18,8,0,0,0,7,7,1,1.784,327,1021292
9,5,0,0,0,6,5,2,1.350,296,949944
5,0,0,0,0,6,4,2,1.139,295,890656
2,0,0,0,0,2,3,1,0.408,328,825500
4,2,0,0,0,4,5,2,0.835,296,877784
11,5,0,0,0,4,6,1,1.070,327,944740
16,7,0,0,0,5,6,1,1.388,327,983668
4,0,0,0,0,5,4,3,0.947,264,870612
9,6,0,0,0,4,5,1,1.048,327,943476
4,3,0,0,0,7,11,5,1.343,199,914584
5,5,0,0,0,5,10,3,1.092,264,916696
1,3,0,0,0,2,3,1,0.456,328,839940
5,4,0,0,0,4,6,2,0.903,295,899680
19,7,0,0,0,7,7,2,1.798,296,1049792
17,6,0,0,0,8,7,2,1.888,296,1040428
29,12,0,0,0,12,7,2,2.947,296,1158612
2,1,0,0,0,4,4,1,0.760,328,855896
6,5,0,0,0,4,4,1,0.951,327,914396
2,1,0,0,0,3,3,2,0.596,295,844820
2,2,0,0,0,2,4,1,0.457,328,839940
5,4,0,0,0,4,4,1,0.905,327,899684
1,2,0,0,0,2,3,1,0.433,328,834532
13,0,0,0,0,18,5,4,3.265,231,1028748
15,6,0,0,0,5,7,1,1.351,326,987812
16,7,0,0,0,6,7,2,1.550,296,990360
6,0,0,0,0,9,4,3,1.646,264,927716
13,0,0,0,0,18,5,4,3.269,231,1035408
3,4,0,0,0,4,4,1,0.857,328,883456
7,1,0,0,0,7,12,6,1.368,165,923620
1,2,0,0,0,4,3,1,0.760,327,855896
6,0,0,0,0,3,4,2,0.668,296,868572
2,1,0,0,0,2,4,2,0.432,296,834528
5,2,0,0,0,4,5,2,0.857,295,883456
6,5,0,0,0,4,4,1,0.951,327,914396
4,3,0,0,0,4,4,1,0.858,327,883460
24,14,0,0,0,12,7,2,2.874,295,1141264
3,0,0,0,0,4,3,2,0.760,296,855908
6,0,0,0,0,5,4,2,0.996,295,881432
5,4,0,0,0,4,6,2,0.904,296,899688
5,2,0,0,0,3,6,2,0.694,295,875740
5,3,0,0,0,3,4,1,0.719,328,881420
15,5,0,0,0,5,6,1,1.334,327,986152
3,0,0,0,0,4,3,2,0.758,295,853860
2,3,0,0,0,3,4,2,0.643,296,859260
6,5,0,0,0,4,4,1,0.954,327,914400
16,9,0,0,0,8,6,2,1.923,296,1020820
7,5,0,0,0,7,5,2,1.464,295,944728
2,1,0,0,0,2,3,1,0.433,327,834532
2,3,0,0,0,2,4,1,0.480,328,848976
2,1,0,0,0,3,3,1,0.597,328,844820
1,2,0,0,0,2,3,1,0.432,328,834528
5,4,0,0,0,2,4,1,0.579,327,876540
5,5,0,0,0,5,4,2,1.089,296,914396
4,3,0,0,0,3,5,1,0.693,327,875748
9,8,0,0,0,10,5,2,2.066,295,1002604
29,13,0,0,0,11,7,1,2.811,326,1154528
10,5,0,0,0,4,5,1,1.051,327,943476
11,6,0,0,0,5,7,2,1.249,296,945788
5,0,0,0,0,4,4,2,0.809,296,870608
2,1,0,0,0,1,3,1,0.268,328,823644
2,1,0,0,0,3,4,1,0.596,328,844820
25,15,0,0,0,15,7,2,3.425,295,1214576
4,2,0,0,0,4,5,2,0.835,296,877784
3,3,0,0,0,4,5,2,0.835,296,877792
3,4,0,0,0,4,5,2,0.859,295,883456
5,2,0,0,0,3,4,2,0.694,296,875748
2,2,0,0,0,2,5,2,0.456,296,839940
4,0,0,0,0,3,3,2,0.620,296,848980
5,4,0,0,0,3,4,1,0.742,327,890456
2,2,0,0,0,3,3,2,0.621,295,848976
2,1,0,0,0,1,3,1,0.268,328,823644
14,5,0,0,0,4,6,1,1.133,327,950600
2,2,0,0,0,3,3,2,0.621,296,853856
2,3,0,0,0,2,4,2,0.481,296,848976
31,10,0,0,0,7,9,2,2.146,296,1133004
13,6,0,0,0,5,6,1,1.306,326,974148
9,0,0,0,0,6,4,2,1.231,295,916712
5,5,0,0,0,3,5,2,0.764,296,897644
16,7,0,0,0,8,7,2,1.891,296,1044516
2,1,0,0,0,2,3,1,0.433,328,834528
20,8,0,0,0,7,8,2,1.840,296,1055588
1,1,0,0,0,1,3,1,0.245,329,817972
19,10,0,0,0,10,8,2,2.353,295,1083536
3,1,0,0,0,3,4,2,0.620,296,853856
13,8,0,0,0,8,7,2,1.828,295,992200
5,0,0,0,0,6,4,2,1.138,295,890644
3,2,0,0,0,2,3,1,0.482,328,848972
12,11,0,0,0,12,7,2,2.518,295,1044420
2,1,0,0,0,4,3,1,0.760,327,855896
11,0,0,0,0,20,5,4,3.558,231,1068988
6,4,0,0,0,5,4,2,1.091,295,914388
2,0,0,0,0,2,3,1,0.408,328,825500
6,5,0,0,0,4,5,1,0.953,327,914396
13,9,0,0,0,11,6,2,2.338,295,1028004
10,0,0,0,0,21,5,3,3.682,262,1035404
5,0,0,0,0,4,4,2,0.806,296,870608
1,1,0,0,0,3,3,1,0.500,327,815412
6,7,0,0,0,6,6,2,1.327,295,948088
13,5,0,0,0,7,7,1,1.614,327,993872
5,2,0,0,0,4,4,2,0.857,295,881412
4,4,0,0,0,5,11,3,1.043,263,901996
4,0,0,0,0,1,3,1,0.293,328,832688
3,1,0,0,0,1,3,1,0.293,328,832688
3,3,0,0,0,4,6,2,0.835,295,877784
3,3,0,0,0,3,4,1,0.668,327,868560
4,3,0,0,0,4,5,2,0.857,296,883456
2,2,0,0,0,3,5,2,0.620,296,853856
4,2,0,0,0,4,5,2,0.835,296,877784
6,5,0,0,0,5,7,2,1.114,295,923884
11,4,0,0,0,4,9,2,1.047,296,940772
3,0,0,0,0,4,3,2,0.759,296,853864
5,3,0,0,0,3,4,1,0.719,328,881420
7,8,0,0,0,8,17,5,1.702,198,983588
2,2,0,0,0,3,3,2,0.621,296,848976
27,14,0,0,0,14,7,2,3.287,295,1209964
39,11,0,0,0,11,8,2,3.034,296,1270588
2,3,0,0,0,2,3,1,0.480,328,848972
3,3,0,0,0,3,5,2,0.669,296,868560
3,2,0,0,0,2,4,1,0.482,327,848976
7,0,0,0,0,4,4,2,0.857,296,883472
2,3,0,0,0,4,4,2,0.808,296,870596
2,2,0,0,0,2,3,1,0.456,328,839940
5,0,0,0,0,4,4,2,0.807,296,868564
2,3,0,0,0,2,3,1,0.482,328,848976
2,1,0,0,0,1,3,1,0.268,328,823644
5,6,0,0,0,5,6,2,1.115,295,923884
9,4,0,0,0,6,5,1,1.329,327,950660
4,0,0,0,0,3,3,2,0.621,296,848980
27,0,0,0,0,36,6,5,6.509,198,1263124
25,14,0,0,0,8,6,1,2.261,326,1127908
4,0,0,0,0,3,4,1,0.621,328,853860
5,2,0,0,0,2,4,1,0.529,328,863680
2,2,0,0,0,2,4,1,0.456,327,839940
3,2,0,0,0,2,3,1,0.482,328,848976
3,0,0,0,0,4,4,3,0.759,264,855904
2,2,0,0,0,2,3,1,0.456,328,839940
12,0,0,0,0,19,5,3,3.421,262,1068992
1,0,0,0,0,2,2,1,0.336,328,803540
4,4,0,0,0,3,5,2,0.718,296,880100
3,3,0,0,0,3,5,2,0.669,296,868560
2,1,0,0,0,2,3,1,0.432,328,834528
9,6,0,0,0,6,6,2,1.373,296,963528
27,14,0,0,0,15,10,3,3.452,263,1207832
2,2,0,0,0,3,4,2,0.621,296,853856
2,2,0,0,0,2,3,1,0.456,328,839940
27,15,0,0,0,15,7,2,3.454,295,1198160
13,7,0,0,0,7,5,1,1.647,327,984228
5,3,0,0,0,3,6,2,0.716,296,881420
11,7,0,0,0,9,7,2,1.928,296,1007316
6,3,0,0,0,6,5,1,1.232,327,921584
5,4,0,0,0,2,4,1,0.577,328,876540
23,9,0,0,0,12,9,2,2.747,295,1123836
5,5,0,0,0,5,4,2,1.092,295,916696
6,0,0,0,0,9,4,3,1.648,264,927716
3,1,0,0,0,2,4,1,0.456,328,839940
11,0,0,0,0,8,7,3,1.601,264,949612
25,14,0,0,0,12,8,2,2.931,295,1199624
6,5,0,0,0,6,13,4,1.278,230,931608
4,2,0,0,0,3,5,2,0.668,296,868560
10,9,0,0,0,12,5,2,2.446,295,1044516
10,5,0,0,0,4,5,1,1.049,327,943480
4,0,0,0,0,3,3,2,0.620,295,848980
10,5,0,0,0,7,5,2,1.528,296,959304
2,1,0,0,0,2,3,1,0.408,327,825500
7,0,0,0,0,7,5,2,1.344,295,912556
6,4,0,0,0,5,4,2,1.091,294,914388
11,6,0,0,0,6,6,2,1.417,295,966096
12,6,0,0,0,6,6,1,1.436,327,961680
2,3,0,0,0,2,4,1,0.481,327,848976
2,0,0,0,0,2,3,2,0.408,296,825504
10,6,0,0,0,2,6,1,0.744,327,922436
2,0,0,0,0,2,3,2,0.408,296,825504
13,5,0,0,0,8,7,2,1.774,296,1008044
8,5,0,0,0,6,6,2,1.327,296,950660
3,2,0,0,0,6,4,1,1.139,327,890652
5,5,0,0,0,6,11,4,1.254,231,928764
17,8,0,0,0,6,7,2,1.614,296,1038380
4,1,0,0,0,3,4,2,0.643,296,859260
10,7,0,0,0,9,6,2,1.904,296,996680
3,2,0,0,0,4,4,1,0.808,327,870596
1,1,0,0,0,3,3,1,0.572,328,839408
11,7,0,0,0,6,6,2,1.442,296,977772
2,2,0,0,0,2,3,1,0.456,328,839940
7,3,0,0,0,3,5,1,0.765,327,897648
9,6,0,0,0,6,6,1,1.372,327,959372
2,1,0,0,0,2,3,1,0.432,327,834528
3,0,0,0,0,5,4,2,0.922,295,863608
6,3,0,0,0,4,5,1,0.902,327,899684
2,1,0,0,0,4,3,1,0.761,327,855896
6,0,0,0,0,3,5,2,0.669,296,868568
4,0,0,0,0,3,4,2,0.621,296,853860
7,4,0,0,0,4,5,1,0.951,327,914400
4,3,0,0,0,4,4,1,0.858,327,883456
20,8,0,0,0,7,7,2,1.846,296,1067468
6,0,0,0,0,5,4,2,0.997,295,885780
3,3,0,0,0,4,8,3,0.835,263,877784
2,3,0,0,0,3,4,1,0.645,327,859304
4,2,0,0,0,3,4,2,0.670,296,868560
2,3,0,0,0,2,4,1,0.481,328,848976
10,6,0,0,0,7,6,2,1.553,296,970188
4,4,0,0,0,3,4,1,0.719,327,881420
10,0,0,0,0,5,4,2,1.092,295,914404
4,0,0,0,0,4,4,2,0.783,296,861308
30,15,0,0,0,14,7,2,3.393,295,1263400
9,4,0,0,0,3,5,1,0.839,327,919544
9,0,0,0,0,6,5,3,1.231,263,921592
17,7,0,0,0,3,7,1,1.084,327,971108
8,6,0,0,0,5,5,1,1.187,327,945784
10,0,0,0,0,9,5,2,1.744,295,951652
4,3,0,0,0,4,5,2,0.856,296,883456
6,4,0,0,0,1,4,1,0.441,327,874692
2,2,0,0,0,2,3,1,0.457,328,839940
13,5,0,0,0,5,7,1,1.273,327,951920
3,2,0,0,0,2,3,1,0.481,328,848976
10,5,0,0,0,4,5,1,1.049,327,943148
1,1,0,0,0,1,3,1,0.245,328,817972
5,4,0,0,0,4,4,1,0.904,327,899684
2,2,0,0,0,2,3,2,0.457,296,839940
1,1,0,0,0,2,3,1,0.408,328,825496
2,2,0,0,0,3,4,2,0.621,296,853856
2,1,0,0,0,2,4,2,0.433,296,834532
7,0,0,0,0,4,4,2,0.858,296,883472
26,11,0,0,0,11,7,2,2.699,296,1144264
2,1,0,0,0,2,3,1,0.432,328,834532
6,3,0,0,0,4,4,2,0.903,296,899680
2,1,0,0,0,2,3,2,0.431,296,832684
3,0,0,0,0,4,3,2,0.761,295,855904
5,4,0,0,0,2,4,1,0.580,328,876532
0,1,0,0,0,2,2,1,0.385,328,819816
2,2,0,0,0,2,3,1,0.457,328,839940
11,6,0,0,0,4,5,1,1.092,327,954420
8,4,0,0,0,3,5,1,0.814,327,912356
7,5,0,0,0,7,13,5,1.466,198,951656
9,4,0,0,0,4,6,1,0.999,327,926984
7,7,0,0,0,11,13,5,2.170,198,1000776
6,0,0,0,0,5,4,2,0.998,296,885784
2,2,0,0,0,2,3,1,0.457,328,839940
3,0,0,0,0,3,3,2,0.595,295,844824
2,1,0,0,0,4,3,1,0.761,328,855896
14,5,0,0,0,6,6,1,1.472,327,989788
8,6,0,0,0,5,5,1,1.185,327,942352
2,3,0,0,0,2,4,1,0.481,328,848976
2,1,0,0,0,4,3,2,0.760,296,853852
2,1,0,0,0,2,3,1,0.433,328,834528
4,4,0,0,0,4,8,3,0.882,263,892492
6,2,0,0,0,5,4,2,1.044,296,901988
2,2,0,0,0,2,4,1,0.457,328,839940
2,2,0,0,0,2,3,1,0.457,328,839940
5,4,0,0,0,2,4,1,0.578,327,876540
3,2,0,0,0,2,3,1,0.481,328,848972
2,2,0,0,0,3,3,2,0.621,296,848976
3,0,0,0,0,6,4,2,1.087,295,877796
13,0,0,0,0,18,5,3,3.262,262,1024132
3,2,0,0,0,3,5,2,0.645,296,859264
1,2,0,0,0,1,3,1,0.268,328,823644
1,2,0,0,0,1,3,1,0.268,329,823644
15,6,0,0,0,6,6,1,1.504,327,980140
6,4,0,0,0,5,4,2,1.090,295,914388
2,1,0,0,0,2,3,1,0.433,328,834528
10,5,0,0,0,5,6,2,1.209,296,946316
6,5,0,0,0,4,4,1,0.952,327,914396
7,0,0,0,0,9,5,3,1.672,263,934900
7,4,0,0,0,4,7,2,0.952,295,914396
3,0,0,0,0,4,3,2,0.759,296,855908
2,3,0,0,0,4,4,1,0.808,328,870596
6,6,0,0,0,6,7,2,1.300,295,935356
2,2,0,0,0,3,4,1,0.622,327,853856
16,6,0,0,0,7,7,1,1.691,327,994452
6,7,0,0,0,6,12,4,1.327,231,949604
9,4,0,0,0,6,5,2,1.326,295,950660
5,4,0,0,0,4,4,1,0.905,327,899684
4,5,0,0,0,2,4,1,0.579,328,876532
3,1,0,0,0,2,3,1,0.457,328,839940
4,3,0,0,0,3,4,1,0.693,327,875748
9,7,0,0,0,7,5,2,1.556,296,966096
2,1,0,0,0,1,3,1,0.268,328,823644
2,1,0,0,0,2,3,2,0.433,296,834528
1,1,0,0,0,1,3,1,0.245,328,817972
3,2,0,0,0,3,5,2,0.643,295,859260
23,8,0,0,0,8,7,1,2.072,327,1076344
5,4,0,0,0,2,4,1,0.578,328,876540
6,6,0,0,0,6,12,4,1.303,231,943476
3,0,0,0,0,4,4,3,0.758,264,855904
3,2,0,0,0,3,4,2,0.644,296,859260
3,2,0,0,0,4,4,1,0.759,327,855896
1,2,0,0,0,4,3,1,0.760,327,855896
2,2,0,0,0,3,3,2,0.621,296,853856
14,2,0,0,0,5,6,2,1.235,295,957064
1,0,0,0,0,2,2,1,0.336,327,803540
7,4,0,0,0,5,8,2,1.114,296,922828
5,6,0,0,0,5,10,3,1.115,263,923884
13,5,0,0,0,5,7,2,1.278,296,966960
15,7,0,0,0,6,6,1,1.528,327,986268
9,0,0,0,0,6,4,3,1.229,263,914404
9,7,0,0,0,7,6,2,1.555,296,970188
14,9,0,0,0,8,5,1,1.878,327,1008544
23,10,0,0,0,6,7,1,1.794,327,1068016
3,3,0,0,0,3,6,2,0.668,295,868560
2,2,0,0,0,2,3,1,0.457,328,839940
4,0,0,0,0,3,3,2,0.619,295,848980
3,2,0,0,0,2,3,1,0.482,328,848976
7,5,0,0,0,5,6,1,1.139,327,927976
9,7,0,0,0,7,5,2,1.555,296,970584
16,5,0,0,0,4,6,1,1.191,327,984572
1,0,0,0,0,1,2,1,0.220,328,808680
8,7,0,0,0,4,5,1,1.049,327,942420
3,3,0,0,0,2,5,1,0.504,328,854248
2,1,0,0,0,2,3,1,0.433,328,834528
1,2,0,0,0,2,3,1,0.386,327,819820
4,4,0,0,0,6,7,3,1.206,264,912540
20,9,0,0,0,8,7,2,2.019,296,1055904
1,1,0,0,0,2,3,2,0.408,296,825496
3,2,0,0,0,2,3,1,0.482,327,848976
4,0,0,0,0,3,3,1,0.620,328,853860
12,8,0,0,0,10,6,2,2.006,295,986472
20,7,0,0,0,6,7,1,1.642,327,1017200
2,1,0,0,0,1,3,1,0.268,328,823644
2,1,0,0,0,2,3,1,0.432,328,834528
20,12,0,0,0,11,6,2,2.579,295,1112544
15,0,0,0,0,14,5,3,2.656,262,1009812
16,7,0,0,0,7,7,1,1.712,327,1002628
5,3,0,0,0,3,4,2,0.719,296,881424
4,0,0,0,0,3,3,2,0.622,296,853860
12,6,0,0,0,3,6,1,0.957,327,951392
1,0,0,0,0,2,2,1,0.336,327,803540
1,2,0,0,0,2,3,1,0.432,328,834528
2,1,0,0,0,1,3,1,0.268,328,823644
1,2,0,0,0,2,3,1,0.433,328,834528
3,1,0,0,0,3,4,2,0.622,295,853856
10,4,0,0,0,5,6,2,1.187,296,944464
11,5,0,0,0,7,7,2,1.554,295,970184
4,2,0,0,0,3,4,2,0.669,296,868560
12,6,0,0,0,5,6,2,1.271,296,951920
20,7,0,0,0,6,7,1,1.647,326,1017200
20,9,0,0,0,10,8,2,2.353,295,1083536
4,0,0,0,0,3,4,3,0.620,264,853860
9,6,0,0,0,6,6,2,1.374,296,959372
13,5,0,0,0,5,6,1,1.271,327,951920
6,3,0,0,0,4,5,1,0.903,327,899688
6,5,0,0,0,6,10,4,1.277,230,931608
6,5,0,0,0,8,6,2,1.604,295,956800
8,4,0,0,0,5,5,1,1.139,327,923500
15,0,0,0,0,4,6,2,1.046,296,943148
3,2,0,0,0,3,5,2,0.642,296,859260
4,3,0,0,0,2,4,1,0.529,327,863680
21,18,0,0,0,24,6,3,4.829,262,1231340
13,6,0,0,0,8,6,2,1.794,296,1004736
4,2,0,0,0,2,4,1,0.506,328,854380
3,0,0,0,0,4,3,2,0.759,296,856168
6,2,0,0,0,2,5,1,0.554,328,870864
3,2,0,0,0,3,5,2,0.645,296,859264
10,5,0,0,0,7,11,4,1.529,231,959304
4,0,0,0,0,3,3,2,0.619,295,848980
5,5,0,0,0,5,4,2,1.090,296,914396
23,10,0,0,0,10,6,2,2.442,296,1110504
5,0,0,0,0,10,4,3,1.785,263,927708
3,2,0,0,0,2,3,1,0.482,328,848976
8,4,0,0,0,3,5,1,0.814,327,912356
2,1,0,0,0,4,3,1,0.760,328,855896
3,2,0,0,0,3,4,1,0.645,327,859260
6,7,0,0,0,6,6,2,1.328,295,949604
20,7,0,0,0,7,7,1,1.810,327,1026436
5,4,0,0,0,4,4,1,0.904,327,899936
2,3,1,0,0,2,3,1,0.294,328,832680
3,2,0,0,0,3,4,1,0.644,327,859260
17,6,0,0,0,6,7,2,1.549,296,990360
6,0,0,0,0,4,4,2,0.836,296,877796
5,2,0,0,0,5,4,1,1.019,327,894800
3,2,0,0,0,2,3,1,0.481,328,848976
10,0,0,0,0,5,4,2,1.090,296,914396
4,2,0,0,0,3,5,2,0.669,296,868560
2,2,0,0,0,2,4,1,0.457,328,839940
2,1,0,0,0,1,3,1,0.268,328,823644
9,4,0,0,0,5,6,2,1.158,296,928036
5,2,0,0,0,5,5,2,1.018,295,894808
6,5,0,0,0,4,4,1,0.951,327,914396
17,6,0,0,0,6,7,1,1.552,327,990360
54,17,0,0,0,15,10,2,4.145,295,1385664
3,2,0,0,0,2,3,1,0.481,328,848976
3,0,0,0,0,4,3,2,0.758,295,853860
2,2,0,0,0,2,4,1,0.456,328,839940
4,0,0,0,0,3,4,2,0.621,296,853860
6,4,0,0,0,4,4,2,0.927,296,905556
21,13,0,0,0,13,6,2,2.959,295,1141228
3,3,0,0,0,2,4,1,0.505,327,854380
1,1,0,0,0,2,3,1,0.408,328,825496
15,5,0,0,0,4,10,1,1.165,327,972564
3,2,0,0,0,2,3,1,0.481,327,848976
1,0,0,0,0,3,3,2,0.547,296,830116
7,5,0,0,0,3,5,1,0.813,327,912356
3,3,0,0,0,3,4,1,0.669,327,868560
4,3,0,0,0,3,6,2,0.694,296,875748
20,7,0,0,0,7,7,1,1.804,327,1026436
9,0,0,0,0,6,4,2,1.230,295,916712
6,3,0,0,0,2,4,1,0.578,327,876540
4,4,0,0,0,5,7,3,1.043,263,901988
1,2,0,0,0,2,3,1,0.433,328,834528
8,5,0,0,0,4,5,1,0.996,327,921912
4,3,0,0,0,2,4,1,0.529,327,863680
16,6,0,0,0,6,7,2,1.527,296,986272
5,2,0,0,0,4,4,2,0.857,295,881416
2,1,0,0,0,2,3,1,0.432,328,834528
3,1,0,0,0,3,3,2,0.620,296,853856
1,1,0,0,0,3,3,1,0.500,327,815412
12,5,0,0,0,4,6,1,1.096,327,954420
5,0,0,0,0,6,4,2,1.136,295,885776
11,8,0,0,0,6,6,1,1.470,327,981868
2,3,0,0,0,3,5,2,0.644,296,859264
19,8,0,0,0,13,8,2,2.790,295,1094424
8,0,0,0,0,7,4,3,1.368,263,921588
17,0,0,0,0,10,6,2,2.062,295,993460
11,5,0,0,0,7,6,2,1.557,296,970184
3,2,0,0,0,3,5,2,0.643,296,859264
3,3,0,0,0,4,6,2,0.836,296,877784
2,1,0,0,0,3,3,1,0.596,328,844820
3,0,0,0,0,4,3,1,0.761,327,855904
2,2,0,0,0,2,4,1,0.457,328,839936
2,2,0,0,0,3,3,1,0.621,327,853856
2,3,0,0,0,3,4,1,0.643,328,859260
5,5,0,0,0,6,14,5,1.255,198,928764
2,2,0,0,0,1,4,1,0.293,328,832688
24,10,0,0,0,8,7,2,2.131,296,1077696
7,0,0,0,0,4,4,2,0.858,295,883468
10,0,0,0,0,15,5,4,2.724,230,1011272
10,6,0,0,0,7,5,2,1.555,295,966096
5,4,0,0,0,4,6,2,0.905,295,899684
4,2,0,0,0,2,4,1,0.505,328,854380
2,1,0,0,0,2,3,1,0.433,328,834528
6,5,0,0,0,4,4,1,0.951,327,914396
3,3,0,0,0,3,5,2,0.668,296,868560
15,6,0,0,0,6,7,2,1.509,296,980140
6,0,0,0,0,6,5,3,1.160,264,899692
2,1,0,0,0,1,3,1,0.268,328,823644
3,0,0,0,0,3,3,2,0.596,296,839944
3,2,0,0,0,4,5,2,0.806,296,870600
6,5,0,0,0,4,4,1,0.951,327,914396
2,2,0,0,0,2,5,2,0.456,296,839940
2,1,0,0,0,2,4,2,0.434,296,834532
24,10,0,0,0,10,7,2,2.475,296,1131432
10,0,0,0,0,5,4,2,1.090,295,914396
9,5,0,0,0,4,5,1,1.021,327,926456
3,2,0,0,0,3,5,2,0.644,296,859260
21,7,0,0,0,8,7,2,2.004,296,1061392
13,8,0,0,0,8,7,2,1.825,295,994244
3,1,0,0,0,1,3,1,0.293,328,832688
13,9,0,0,0,9,6,2,2.014,296,1011128
20,9,0,0,0,5,8,1,1.527,327,1018724
28,16,0,0,0,11,7,2,2.871,296,1201260
16,7,0,0,0,6,8,2,1.550,295,990360
20,6,0,0,0,9,7,1,2.116,327,1060268
6,5,0,0,0,4,5,1,0.951,327,914396
6,6,0,0,0,6,5,2,1.294,295,928036
16,9,0,0,0,6,5,1,1.614,327,1038380
22,7,0,0,0,4,8,1,1.375,327,1033620
4,2,0,0,0,3,5,2,0.667,296,868560
13,9,0,0,0,9,5,2,2.017,296,1012288
6,5,0,0,0,2,4,1,0.625,327,892764
2,0,0,0,0,1,2,1,0.245,328,817976
13,5,0,0,0,6,6,2,1.436,295,961676
2,0,0,0,0,2,3,1,0.408,328,825504
11,0,0,0,0,10,5,3,1.929,263,966836
22,9,0,0,0,9,8,2,2.231,296,1081620
3,4,0,0,0,4,5,2,0.856,296,883456
3,0,0,0,0,4,3,2,0.759,296,855908
7,4,0,0,0,6,6,2,1.279,296,932856
21,0,0,0,0,16,6,3,3.129,263,1058732
10,5,0,0,0,6,5,2,1.371,296,959372
3,2,0,0,0,2,3,1,0.482,328,848976
2,0,0,0,0,3,3,1,0.501,327,815400
6,0,0,0,0,4,4,2,0.836,295,877796
7,2,0,0,0,7,15,7,1.393,133,930816
4,5,0,0,0,5,9,3,1.066,264,907660
4,2,0,0,0,3,4,2,0.669,296,868560
13,0,0,0,0,18,5,3,3.262,262,1028748
5,4,0,0,0,4,4,1,0.902,327,899684
22,8,0,0,0,9,7,2,2.215,296,1078660
14,7,0,0,0,8,6,2,1.826,295,992200
3,0,0,0,0,2,3,1,0.433,328,834536
2,0,0,0,0,3,3,2,0.572,296,839416
19,9,0,0,0,6,7,1,1.668,326,1022352
10,6,0,0,0,7,5,2,1.553,295,966096
8,5,0,0,0,8,6,2,1.652,295,965508
5,3,0,0,0,5,5,2,1.042,296,901988
6,2,0,0,0,3,4,1,0.719,328,881420
2,2,0,0,0,3,4,1,0.621,328,853856
3,3,0,0,0,3,4,1,0.668,327,868560
23,13,0,0,0,12,8,2,2.843,296,1155488
4,0,0,0,0,3,3,2,0.619,295,848980
2,1,0,0,0,2,4,2,0.432,296,834528
6,2,0,0,0,7,4,3,1.368,263,921576
2,1,0,0,0,2,4,2,0.433,296,834532
17,0,0,0,0,14,5,3,2.710,262,1017988
4,3,0,0,0,2,4,1,0.531,328,863680
3,1,0,0,0,2,4,2,0.456,296,839940
11,0,0,0,0,5,6,2,1.115,296,922840
6,5,0,0,0,4,4,1,0.952,327,914396
2,3,0,0,0,3,5,2,0.642,296,859260
16,8,0,0,0,8,7,2,1.899,296,1017200
7,0,0,0,0,4,4,2,0.858,296,883472
3,0,0,0,0,2,3,2,0.433,296,834536
32,14,0,0,0,13,8,2,3.256,295,1262076
3,2,0,0,0,2,4,1,0.480,328,848976
6,5,0,0,0,6,6,2,1.278,295,932860
13,12,0,0,0,14,6,3,2.902,263,1068440
13,9,0,0,0,9,5,2,2.013,296,1008556
2,1,0,0,0,1,3,1,0.268,328,823644
1,1,0,0,0,3,3,1,0.573,327,839412
6,0,0,0,0,4,4,2,0.836,295,877796
3,3,0,0,0,3,4,2,0.669,296,868560
5,0,0,0,0,10,4,2,1.783,295,927708
6,0,0,0,0,7,4,3,1.322,263,906880
27,10,0,0,0,12,7,2,2.850,295,1134016
3,2,0,0,0,2,3,1,0.481,328,848976
5,0,0,0,0,10,4,2,1.786,295,927708
5,5,0,0,0,5,4,2,1.090,295,914388
2,1,0,0,0,4,3,1,0.759,327,855896
2,3,0,0,0,3,4,1,0.644,327,859260
3,0,0,0,0,4,3,1,0.761,327,855904
2,3,0,0,0,2,3,1,0.456,328,839940
12,6,0,0,0,5,5,1,1.275,327,962472
14,5,0,0,0,6,7,1,1.473,327,989788
6,5,0,0,0,4,4,1,0.952,327,914396
5,4,0,0,0,3,4,1,0.743,327,890456
4,3,0,0,0,2,4,1,0.529,328,863680
2,2,0,0,0,2,5,2,0.456,296,839940
20,9,0,0,0,8,7,2,2.023,296,1055904
2,2,0,0,0,2,4,2,0.457,296,839936
3,3,0,0,0,2,4,1,0.504,328,854384
6,0,0,0,0,5,4,2,0.995,295,883472
5,3,0,0,0,3,4,1,0.718,327,881420
1,1,0,0,0,1,3,1,0.245,328,817972
4,5,0,0,0,3,5,2,0.741,296,890460
8,0,0,0,0,7,4,2,1.368,295,921588
20,7,0,0,0,8,7,2,1.981,296,1057640
10,6,0,0,0,6,6,2,1.388,296,955216
17,0,0,0,0,20,6,3,3.683,262,1076608
9,4,0,0,0,8,7,3,1.650,264,965508
1,1,0,0,0,2,3,2,0.407,296,825496
2,1,0,0,0,2,3,1,0.433,328,834528
13,9,0,0,0,9,5,2,2.014,296,1008556
7,0,0,0,0,4,4,2,0.858,296,883472
3,2,0,0,0,2,3,1,0.481,327,848976
4,3,0,0,0,3,5,2,0.694,296,875744
14,9,0,0,0,8,5,2,1.894,296,1044516
4,2,0,0,0,3,6,2,0.669,296,868560
2,2,0,0,0,2,4,2,0.457,296,839936
4,3,0,0,0,3,5,1,0.694,327,875744
8,6,0,0,0,5,7,2,1.187,296,945784
6,5,0,0,0,4,4,1,0.953,327,914396
9,5,0,0,0,6,6,2,1.352,296,949944
10,5,0,0,0,5,5,1,1.207,327,946316
9,4,0,0,0,4,6,1,1.000,327,925664
6,5,0,0,0,6,5,2,1.276,296,927128
2,2,0,0,0,2,3,1,0.456,328,839940
3,2,0,0,0,2,3,1,0.481,328,848972
19,9,0,0,0,8,7,1,2.009,327,1068256
4,4,0,0,0,4,5,2,0.880,296,892492
14,0,0,0,0,9,5,3,1.840,263,977448
13,7,0,0,0,7,6,1,1.655,327,1002700
5,4,0,0,0,4,5,2,0.905,296,899688
4,3,0,0,0,4,6,2,0.857,296,883456
3,2,0,0,0,2,3,1,0.482,328,848976
3,4,0,0,0,4,6,2,0.858,296,883456
3,2,0,0,0,2,3,1,0.481,327,848976
34,19,0,0,0,20,8,2,4.529,295,1310696
1,1,0,0,0,1,2,1,0.245,328,817972
1,1,0,0,0,2,3,1,0.408,328,825500
3,2,0,0,0,4,5,2,0.808,295,870596
13,9,0,0,0,9,5,2,2.009,296,1011128
2,2,0,0,0,3,3,2,0.621,296,848976
9,0,0,0,0,6,4,2,1.232,295,921592
18,0,0,0,0,7,6,2,1.612,295,993868
4,3,0,0,0,4,4,2,0.856,295,881412
2,2,0,0,0,3,3,2,0.621,296,848976
11,5,0,0,0,5,6,2,1.236,296,955744
20,8,0,0,0,8,8,1,1.992,327,1045472
19,5,0,0,0,5,6,1,1.411,327,986732
18,5,0,0,0,5,6,1,1.388,327,982644
1,1,0,0,0,1,2,1,0.245,328,817972
18,6,0,0,0,7,7,1,1.754,327,1040420
2,1,0,0,0,2,4,2,0.433,296,834532
5,2,0,0,0,4,4,1,0.856,327,883456
18,6,0,0,0,6,7,1,1.574,327,998540
3,2,0,0,0,2,3,1,0.481,327,848976
10,0,0,0,0,5,4,2,1.092,295,914396
7,0,0,0,0,5,4,2,1.020,296,894812
2,1,0,0,0,1,3,1,0.268,328,823644
3,2,0,0,0,2,3,1,0.482,328,848976
2,1,0,0,0,2,3,1,0.433,328,834528
2,2,0,0,0,4,5,2,0.782,296,861296
9,4,0,0,0,5,5,2,1.156,296,928036
9,4,0,0,0,6,7,2,1.326,296,945988
3,1,0,0,0,3,4,2,0.621,296,853856
7,0,0,0,0,4,4,2,0.856,295,881420
20,6,0,0,0,6,7,1,1.621,327,1011056
3,3,0,0,0,3,6,2,0.668,296,868560
12,10,0,0,0,13,6,2,2.662,295,1044424
8,0,0,0,0,7,4,3,1.368,263,916708
3,3,0,0,0,3,5,2,0.668,295,868560
2,3,0,0,0,4,4,1,0.807,327,870596
2,3,0,0,0,4,4,1,0.808,327,870596
3,1,0,0,0,2,3,1,0.456,328,839940
1,0,0,0,0,2,2,1,0.385,328,819824
14,0,0,0,0,7,8,2,1.513,295,965568
9,6,0,0,0,5,5,1,1.212,327,951912
7,0,0,0,0,8,4,2,1.508,295,921584
3,2,0,0,0,3,4,2,0.644,296,859264
3,2,0,0,0,2,3,1,0.481,327,848976
2,2,0,0,0,3,3,2,0.621,296,853856
16,5,0,0,0,10,7,2,2.175,295,1049732
2,1,0,0,0,2,3,1,0.433,328,834528
5,3,0,0,0,5,6,2,1.044,295,901988
31,0,0,0,0,32,6,4,5.955,229,1250852
1,1,0,0,0,2,3,2,0.408,296,825496
1,1,0,0,0,2,3,1,0.408,328,825496
31,17,0,0,0,16,8,2,3.753,295,1251092
12,8,0,0,0,9,6,2,1.966,296,994236
9,5,0,0,0,3,5,2,0.861,296,923628
27,15,0,0,0,17,7,2,3.813,295,1273412
2,2,0,0,0,3,3,2,0.622,296,853852
9,6,0,0,0,6,5,2,1.299,296,928048
4,5,0,0,0,5,8,2,1.066,296,907660
11,5,0,0,0,5,6,1,1.235,327,955744
10,4,0,0,0,6,6,2,1.351,296,949944
20,5,0,0,0,6,8,1,1.614,327,1038380
1,2,0,0,0,2,3,1,0.408,328,825504
3,3,0,0,0,2,5,1,0.505,327,854384
2,2,0,0,0,2,4,2,0.456,296,839940
8,0,0,0,0,7,4,2,1.368,294,921584
10,0,0,0,0,6,5,2,1.253,295,921584
3,2,0,0,0,2,3,1,0.482,328,848976
12,0,0,0,0,19,5,3,3.431,263,1068992
2,3,0,0,0,2,3,1,0.481,328,848972
3,2,0,0,0,3,4,2,0.643,296,859260
17,6,0,0,0,6,7,2,1.551,296,990360
11,6,0,0,0,5,6,1,1.252,327,951588
23,11,0,0,0,11,8,2,2.619,295,1105396
5,4,0,0,0,4,5,2,0.902,296,897640
4,1,0,0,0,2,3,1,0.480,328,848976
19,7,0,0,0,7,7,2,1.789,296,1026824
24,7,0,0,0,6,8,2,1.744,295,1049772
4,4,0,0,0,5,5,2,1.042,296,901988
11,4,0,0,0,8,5,1,1.696,327,972232
3,3,0,0,0,3,5,2,0.669,296,868560
2,2,0,0,0,2,3,1,0.456,328,839940
8,6,0,0,0,7,5,2,1.511,296,963464
4,2,0,0,0,4,4,3,0.836,264,875740
5,3,0,0,0,3,4,1,0.719,327,881420
3,2,0,0,0,2,3,1,0.482,328,848976
1,2,0,0,0,2,3,2,0.432,296,832680
4,3,0,0,0,3,4,1,0.692,328,875748
5,2,0,0,0,2,4,1,0.529,328,863680
5,4,0,0,0,5,11,4,1.067,231,907660
47,28,0,0,0,25,9,3,5.853,263,1489468
7,6,0,0,0,6,7,2,1.326,295,948088
6,3,0,0,0,4,4,1,0.905,327,899688
9,0,0,0,0,6,4,2,1.231,295,916712
8,3,0,0,0,4,5,1,0.953,327,914396
9,0,0,0,0,6,4,2,1.232,295,914404
2,4,0,0,0,3,5,2,0.669,296,868560
4,5,0,0,0,6,6,2,1.228,295,921576
4,2,0,0,0,3,4,1,0.668,328,868560
2,3,0,0,0,2,4,1,0.481,328,848976
11,6,0,0,0,9,5,2,1.906,296,996680
16,5,0,0,0,6,7,2,1.520,296,1009104
11,5,0,0,0,5,6,1,1.234,327,957064
19,9,0,0,0,6,7,2,1.668,296,1022352
3,0,0,0,0,3,3,2,0.596,296,844824
8,0,0,0,0,7,4,3,1.370,263,921588
23,8,0,0,0,7,8,2,1.915,296,1063680
4,3,0,0,0,2,4,1,0.531,328,863680
4,3,0,0,0,4,7,3,0.857,264,883456
2,2,0,0,0,2,3,1,0.456,328,839940
3,2,0,0,0,2,3,1,0.481,328,848976
2,2,0,0,0,3,3,2,0.620,296,848976
14,4,0,0,0,4,7,1,1.108,327,944460
2,3,0,0,0,2,3,1,0.481,328,848972
24,13,0,0,0,10,8,2,2.535,296,1135096
7,7,0,0,0,8,15,6,1.668,165,968208
8,6,0,0,0,3,7,1,0.860,327,917824
1,1,0,0,0,1,2,1,0.245,329,817972
4,5,0,0,0,2,4,1,0.581,327,876540
1,2,0,0,0,2,3,1,0.432,328,834528
6,4,0,0,0,5,4,2,1.089,296,914388
7,0,0,0,0,8,4,3,1.508,263,921584
7,4,0,0,0,3,6,1,0.790,327,903320
6,8,0,0,0,7,8,3,1.511,263,965576
4,2,0,0,0,1,3,1,0.341,327,847124
9,5,0,0,0,4,6,1,1.026,327,936288
2,2,0,0,0,1,3,1,0.293,328,832688
7,4,0,0,0,2,5,1,0.625,327,892768
4,3,0,0,0,4,4,1,0.859,327,883456
10,0,0,0,0,5,4,2,1.091,296,914396
22,8,0,0,0,9,7,2,2.217,295,1078660
19,7,0,0,0,5,6,1,1.474,327,1033504
5,0,0,0,0,2,4,2,0.481,296,848980
13,9,0,0,0,11,10,3,2.339,263,1030048
5,0,0,0,0,10,4,3,1.784,263,927708
4,3,0,0,0,4,4,1,0.762,327,855896
5,0,0,0,0,4,4,2,0.808,296,870608
4,0,0,0,0,1,3,1,0.293,328,832692
6,0,0,0,0,3,5,2,0.669,296,868568
9,4,0,0,0,6,6,2,1.328,295,950660
2,1,0,0,0,2,3,1,0.433,328,834532
15,4,0,0,0,5,6,1,1.298,327,958052
2,3,0,0,0,2,3,1,0.482,328,848976
21,10,0,0,0,10,7,2,2.387,295,1074136
21,8,0,0,0,8,8,2,2.038,296,1086196
4,1,0,0,0,2,3,1,0.482,328,848976
11,4,0,0,0,4,6,1,1.049,327,943480
12,6,0,0,0,4,6,1,1.110,327,944456
6,5,0,0,0,2,4,1,0.625,327,892764
2,2,0,0,0,4,5,2,0.783,296,861304
18,6,0,0,0,8,7,1,1.897,327,1017200
1,1,0,0,0,1,3,1,0.245,328,817972
3,2,0,0,0,4,5,2,0.808,296,870596
4,2,0,0,0,3,4,1,0.668,327,868560
7,0,0,0,0,8,4,3,1.505,262,921584
3,2,0,0,0,4,4,2,0.807,296,868552
3,1,0,0,0,3,4,2,0.621,296,853856
3,3,0,0,0,2,4,1,0.505,328,854384
13,5,0,0,0,5,6,1,1.273,327,951920
8,4,0,0,0,4,6,2,0.977,296,921584
4,3,0,0,0,8,4,1,1.510,327,927716
20,14,0,0,0,4,8,1,1.491,327,1054384
8,0,0,0,0,7,4,3,1.368,264,921444
17,6,0,0,0,4,7,1,1.226,327,975192
3,1,0,0,0,3,3,2,0.619,296,848976
5,4,0,0,0,5,5,2,1.066,295,906340
6,4,0,0,0,5,4,2,1.090,296,916696
14,9,0,0,0,8,5,1,1.874,327,1008544
7,4,0,0,0,6,6,2,1.278,295,932860
2,1,0,0,0,2,3,1,0.433,328,834528
9,4,0,0,0,4,6,1,0.997,327,925664
8,0,0,0,0,7,4,3,1.369,264,921588
4,1,0,0,0,3,4,2,0.643,296,859264
4,1,0,0,0,4,4,1,0.807,328,870596
2,3,0,0,0,2,4,1,0.481,327,848976
4,2,0,0,0,6,9,4,1.159,231,899688
2,2,0,0,0,3,3,2,0.622,296,853852
10,7,0,0,0,6,5,1,1.419,327,966096
13,3,0,0,0,5,6,1,1.234,327,958656
20,9,0,0,0,6,7,1,1.709,327,1065428
5,0,0,0,0,4,4,2,0.808,296,870612
6,5,0,0,0,4,5,1,0.954,327,914400
5,4,0,0,0,4,4,1,0.904,327,899684
27,13,0,0,0,15,7,2,3.431,295,1214576
31,9,0,0,0,9,9,2,2.438,295,1132396
17,6,0,0,0,6,7,2,1.548,296,990360
7,0,0,0,0,8,4,2,1.507,295,921584
19,5,0,0,0,6,8,2,1.576,296,998540
8,5,0,0,0,6,5,2,1.328,295,949604
15,0,0,0,0,16,5,3,3.002,263,1055868
1,2,0,0,0,2,3,1,0.433,328,834528
2,2,0,0,0,2,3,1,0.457,328,839940
4,5,0,0,0,5,9,3,1.065,264,907660
19,9,0,0,0,6,7,1,1.669,327,1022352
10,5,0,0,0,12,5,1,2.347,327,1018060
9,3,0,0,0,7,7,2,1.465,296,952708
10,4,0,0,0,2,5,1,0.693,327,900976
3,2,0,0,0,6,4,1,0.992,327,848636
1,2,0,0,0,2,3,1,0.433,328,834532
13,6,0,0,0,5,6,2,1.299,296,959204
6,5,0,0,0,3,6,2,0.788,296,901468
3,3,0,0,0,3,5,2,0.668,296,868560
6,5,0,0,0,4,4,1,0.954,327,914400
19,6,0,0,0,8,8,2,1.934,296,1044972
21,12,0,0,0,12,8,1,2.760,327,1109484
2,1,0,0,0,2,3,2,0.433,296,834528
2,1,0,0,0,1,4,1,0.268,328,823644
29,11,0,0,0,14,8,2,3.257,295,1184220
3,2,0,0,0,2,3,1,0.482,327,848976
18,8,0,0,0,5,7,1,1.475,327,1033504
20,8,0,0,0,7,7,2,1.844,296,1067468
1,2,0,0,0,2,4,2,0.433,296,834532
4,3,0,0,0,4,4,1,0.858,327,883456
3,0,0,0,0,3,3,2,0.595,296,844824
16,0,0,0,0,5,8,3,1.233,264,955740
18,0,0,0,0,13,5,3,2.569,262,1020036
2,1,0,0,0,2,3,1,0.432,328,834532
4,2,0,0,0,3,4,1,0.668,328,868556
18,6,0,0,0,5,6,1,1.419,327,1008624
6,3,0,0,0,3,5,1,0.741,327,890456
3,2,0,0,0,4,5,2,0.807,295,870596
9,7,0,0,0,7,5,2,1.554,296,970184
2,2,0,0,0,3,5,2,0.622,296,853856
1,2,0,0,0,1,3,1,0.268,328,823644
15,8,0,0,0,8,5,2,1.874,296,1008544
29,14,0,0,0,17,8,2,3.806,295,1230580
9,3,0,0,0,3,5,1,0.813,327,912356
3,3,0,0,0,2,4,1,0.504,328,854380
2,1,0,0,0,2,3,1,0.433,328,834532
6,3,0,0,0,2,5,2,0.579,296,876540
7,5,0,0,0,5,5,1,1.142,327,927980
2,3,0,0,0,3,4,2,0.642,295,854380
7,4,0,0,0,4,6,1,0.952,327,914400
5,0,0,0,0,5,4,2,0.975,295,877804
1,1,0,0,0,1,3,1,0.245,328,817972
16,4,0,0,0,5,7,1,1.332,327,986152
4,2,0,0,0,5,4,2,0.997,295,883456
35,10,0,0,0,9,8,1,2.554,326,1168860
22,7,0,0,0,10,7,2,2.354,295,1083536
4,0,0,0,0,1,3,1,0.293,328,832688
12,0,0,0,0,9,5,2,1.790,295,970980
4,2,0,0,0,1,3,1,0.342,328,847124
1,2,0,0,0,2,3,1,0.432,328,834528
5,4,0,0,0,6,4,2,1.231,295,921576
2,1,0,0,0,2,3,2,0.433,296,834528
4,0,0,0,0,4,4,3,0.782,263,861312
19,6,0,0,0,2,7,1,0.955,327,981236
3,0,0,0,0,4,3,1,0.760,328,855904
4,0,0,0,0,3,3,2,0.620,295,848980
4,4,0,0,0,3,4,1,0.719,327,881420
3,1,0,0,0,3,4,2,0.622,296,853856
3,2,0,0,0,2,3,1,0.480,327,848972
6,5,0,0,0,4,4,1,0.953,327,914400
5,0,0,0,0,4,4,2,0.808,295,870608
5,4,0,0,0,8,5,2,1.556,296,939000
15,6,0,0,0,6,7,2,1.511,296,993896
1,0,0,0,0,2,2,1,0.385,328,819824
7,0,0,0,0,8,4,3,1.506,264,923628
2,1,0,0,0,1,3,1,0.268,328,823644
2,1,0,0,0,2,3,1,0.433,328,834528
12,5,0,0,0,4,5,1,1.096,327,954420
17,6,0,0,0,4,6,1,1.240,327,1001920
13,7,0,0,0,8,7,2,1.817,295,1022688
2,2,0,0,0,1,3,1,0.293,328,832688
4,3,0,0,0,4,4,1,0.858,327,883460
2,1,0,0,0,2,4,1,0.433,328,834528
4,3,0,0,0,2,4,1,0.530,327,863680
5,0,0,0,0,4,4,2,0.807,296,870608
23,10,0,0,0,7,8,1,1.952,327,1077000
2,3,0,0,0,3,5,2,0.644,296,859264
15,4,0,0,0,8,11,4,1.787,231,998928
35,12,0,0,0,12,9,2,3.096,296,1206872
13,9,0,0,0,9,6,2,2.014,295,1008556
3,2,0,0,0,2,3,1,0.482,328,848976
1,2,0,0,0,1,3,1,0.268,328,823644
3,1,0,0,1,3,4,1,0.621,327,853848
26,7,0,0,0,8,7,2,2.085,296,1074564
24,13,0,0,0,14,7,2,3.211,295,1205040
3,2,0,0,0,3,6,1,0.643,328,859264
6,3,0,0,0,3,5,1,0.741,327,890456
21,10,0,0,0,6,8,1,1.741,327,1049780
5,4,0,0,0,4,5,1,0.902,327,899684
2,2,0,0,0,2,3,1,0.457,328,839940
2,1,0,0,0,2,3,1,0.433,328,834528
1,2,0,0,0,2,3,2,0.432,296,832680
6,4,0,0,0,3,5,2,0.764,296,897644
6,3,0,0,0,2,5,1,0.578,327,876540
2,2,0,0,0,2,4,2,0.456,296,839940
29,0,0,0,0,30,6,4,5.579,229,1218548
20,6,0,0,0,5,8,1,1.475,327,1033500
3,2,0,0,0,4,5,2,0.808,296,870604
10,0,0,0,0,5,5,2,1.091,296,916708
2,3,0,0,0,3,4,2,0.644,296,859260
2,2,0,0,0,3,4,1,0.621,328,853856
4,3,0,0,0,3,5,1,0.693,327,875748
5,4,0,0,0,3,5,1,0.744,327,890456
7,0,0,0,0,8,4,2,1.507,295,923628
16,6,0,0,0,6,6,1,1.528,327,986272
3,1,0,0,0,3,3,2,0.621,296,848976
19,9,0,0,0,7,8,2,1.849,296,1067468
36,16,0,0,0,17,7,2,4.021,295,1287072
1,0,0,0,0,2,2,1,0.385,328,819924
2,0,0,0,0,3,3,2,0.572,296,839416
14,5,0,0,0,5,5,1,1.296,327,958048
2,2,0,0,0,1,3,1,0.293,328,832688
36,13,0,0,0,15,10,2,3.627,295,1256280
22,9,0,0,0,9,7,2,2.234,295,1081620
2,1,0,0,0,1,3,1,0.269,328,823644
2,2,0,0,0,2,3,2,0.458,296,839940
6,0,0,0,0,9,4,2,1.648,295,923628
11,5,0,0,0,6,7,2,1.390,295,955216
4,2,0,0,0,3,4,2,0.670,296,868560
1,1,0,0,0,3,3,1,0.500,327,815412
3,2,0,0,0,3,4,2,0.644,296,859260
9,4,0,0,0,2,4,1,0.674,327,907472
2,2,0,0,0,1,4,1,0.293,328,832688
9,4,0,0,0,7,7,2,1.488,295,954036
2,2,0,0,0,3,3,1,0.621,328,853856
22,7,0,0,0,7,8,2,1.864,296,1059352
10,0,0,0,0,5,4,2,1.091,295,914404
26,0,0,0,0,37,6,4,6.650,229,1280604
19,8,0,0,0,7,7,1,1.808,327,1026436
2,0,0,0,0,3,3,2,0.573,295,839416
17,7,0,0,0,6,7,1,1.571,327,998540
2,1,0,0,0,2,3,1,0.433,328,834528
6,4,0,0,0,6,6,2,1.253,295,928764
11,7,0,0,0,7,6,2,1.611,296,985952
7,3,0,0,0,7,5,3,1.417,264,931604
20,10,0,0,0,7,7,2,1.884,296,1053864
2,1,0,0,0,3,4,2,0.596,296,844820
81,31,0,0,0,27,10,2,7.037,294,1734872
6,3,0,0,0,4,6,2,0.903,296,899688
3,2,0,0,0,4,4,1,0.808,327,870596
14,8,0,0,0,9,5,2,2.012,295,1011128
9,0,0,0,0,4,4,2,0.903,295,899700
11,0,0,0,0,4,4,2,0.953,296,914404
3,3,0,0,0,3,4,1,0.668,327,868560
2,2,0,0,0,3,3,2,0.621,296,848976
12,4,0,0,0,3,6,1,0.911,327,940372
10,4,0,0,0,3,7,1,0.859,327,923632
5,2,0,0,0,3,4,1,0.693,327,875748
31,8,0,0,0,12,9,2,2.913,295,1158900
2,2,0,0,0,1,3,1,0.293,328,832688
3,1,0,0,0,1,3,1,0.293,328,832688
4,3,0,0,0,4,4,2,0.856,296,881412
8,4,0,0,0,5,5,1,1.139,327,927980
3,2,0,0,0,2,3,1,0.481,328,848976
7,6,0,0,0,8,5,1,1.649,327,965508
5,0,0,0,0,8,4,3,1.458,263,902000
24,8,0,0,0,7,7,1,1.934,327,1072104
3,1,0,0,0,3,4,1,0.620,328,853856
2,1,0,0,0,2,3,2,0.433,296,834528
14,15,0,0,0,18,6,2,3.671,294,1170536
9,5,0,0,0,5,5,1,1.188,327,944728
21,6,0,0,0,7,8,2,1.804,296,1026436
2,2,0,0,0,3,5,2,0.621,296,853856
20,9,0,0,0,6,7,2,1.709,296,1065428
1,0,0,0,0,2,2,1,0.336,328,803540
1,2,0,0,0,2,3,1,0.433,328,834528
2,2,0,0,0,2,4,1,0.456,328,839940
3,3,0,0,0,2,4,2,0.503,296,854384
2,1,0,0,0,3,4,1,0.596,328,844820
1,1,0,0,0,2,3,2,0.408,296,825500
16,10,0,0,0,6,7,2,1.623,296,1011056
11,6,0,0,0,6,6,2,1.417,296,966096
8,3,0,0,0,4,5,1,0.953,327,914396
11,5,0,0,0,2,6,1,0.741,327,918740
4,3,0,0,0,4,4,2,0.856,296,881416
1,0,0,0,0,1,2,1,0.196,327,801684
8,6,0,0,0,4,6,2,1.024,296,936288
2,3,0,0,0,2,3,1,0.481,328,848972
9,5,0,0,0,5,5,1,1.187,327,944584
2,1,0,0,0,2,3,2,0.433,296,834532
6,1,0,0,0,4,4,2,0.857,295,881412
13,9,0,0,0,9,6,2,2.031,296,1045844
10,7,0,0,0,12,7,2,2.385,295,1009816
16,6,0,0,0,10,8,2,2.178,295,1024384
13,9,0,0,0,9,6,2,2.013,296,1011128
11,7,0,0,0,8,6,1,1.766,327,993856
2,4,0,0,0,3,4,2,0.670,296,868560
2,2,0,0,0,1,3,1,0.293,328,832688
18,0,0,0,0,6,7,2,1.436,296,961676
4,1,0,0,0,4,5,2,0.806,296,870596
18,7,0,0,0,7,7,2,1.762,296,1015152
5,4,0,0,0,2,4,1,0.578,328,876540
3,0,0,0,0,3,4,2,0.596,296,844824
4,4,0,0,0,5,10,3,1.045,263,901996
1,1,0,0,0,3,3,2,0.572,296,839408
2,2,0,0,0,3,4,2,0.619,296,848976
1,1,0,0,0,1,2,1,0.245,328,817972
8,6,0,0,0,3,5,1,0.859,327,917824
1,1,0,0,0,1,3,1,0.245,328,817972
17,0,0,0,0,14,5,3,2.702,262,1011064
2,2,0,0,0,3,4,2,0.621,296,853856
2,1,0,0,0,2,3,1,0.433,328,834528
5,3,0,0,0,3,4,1,0.718,327,881424
1,1,0,0,0,2,3,1,0.408,328,825496
2,2,0,0,0,2,3,1,0.456,328,839940
2,2,0,0,0,2,3,1,0.457,328,839940
16,8,0,0,0,6,8,1,1.587,327,1028356
15,6,0,0,0,6,6,1,1.502,327,980140
1,1,0,0,0,1,3,1,0.245,328,817972
49,27,0,0,0,29,11,3,6.523,263,1539712
2,2,0,0,0,2,3,2,0.456,296,839940
4,3,0,0,0,3,4,1,0.693,327,875748
3,1,0,0,0,3,3,1,0.621,327,853856
1,0,0,0,0,4,3,2,0.615,295,808404
7,2,0,0,0,6,4,2,1.230,295,921576
2,3,0,0,0,2,3,1,0.481,328,848976
11,6,0,0,0,4,6,1,1.096,327,954420
2,1,0,0,0,2,3,1,0.433,328,834528
9,5,0,0,0,4,5,1,1.020,327,926456
13,4,0,0,0,5,7,2,1.258,296,967692
0,0,0,0,0,3,2,2,0.523,296,819832
4,0,0,0,0,3,3,2,0.621,296,848980
2,1,0,0,0,2,3,1,0.433,328,834528
2,1,0,0,0,2,4,1,0.433,328,834532
2,1,0,0,0,1,3,1,0.268,328,823644
7,0,0,0,0,8,4,3,1.508,264,923620
4,1,0,0,0,3,4,2,0.644,296,859260
8,0,0,0,0,9,5,3,1.693,263,937732
4,3,0,0,0,4,4,1,0.858,327,883456
7,0,0,0,0,8,4,2,1.506,295,921584
35,10,0,0,0,12,9,2,3.068,296,1243676
3,2,0,0,0,3,4,2,0.644,296,859260
1,2,0,0,0,1,3,1,0.268,328,823644
5,4,0,0,0,4,4,1,0.904,327,899684
5,0,0,0,0,4,4,2,0.808,295,868564
2,1,0,0,0,2,5,2,0.432,296,834528
3,1,0,0,0,4,5,2,0.782,296,861296
8,3,0,0,0,4,4,1,0.953,328,914400
9,5,0,0,0,6,6,2,1.351,296,949944
16,6,0,0,0,5,7,1,1.379,327,1004228
8,0,0,0,0,3,4,1,0.717,327,881424
7,3,0,0,0,2,5,1,0.602,327,885576
14,0,0,0,0,5,5,2,1.188,295,944460
3,0,0,0,0,1,3,1,0.268,328,823648
8,0,0,0,0,7,4,3,1.369,263,921588
1,0,0,0,0,4,3,2,0.712,296,841460
5,5,0,0,0,5,5,2,1.092,296,914396
9,6,0,0,0,6,5,2,1.372,296,959372
14,5,0,0,0,7,6,2,1.622,296,978096
6,4,0,0,0,5,4,2,1.092,296,914388
19,6,0,0,0,5,7,1,1.438,327,994908
1,2,0,0,0,2,3,1,0.433,328,834532
4,3,0,0,0,3,4,1,0.694,327,875748
9,5,0,0,0,7,6,2,1.510,296,963464
19,0,0,0,0,7,8,2,1.631,295,995528
2,2,0,0,0,1,3,1,0.293,328,832688
9,6,0,0,0,5,6,2,1.211,296,951912
7,4,0,0,0,3,6,1,0.787,327,902000
6,5,0,0,0,4,4,1,0.952,327,914396
1,0,0,0,0,1,2,1,0.196,327,801684
5,5,0,0,0,5,4,2,1.089,295,914388
6,5,0,0,0,4,4,1,0.953,327,914396
8,3,0,0,0,4,5,1,0.951,327,914396
3,4,0,0,0,4,9,3,0.857,264,883456
6,4,0,0,0,5,6,2,1.092,296,916696
2,2,0,0,0,3,3,2,0.620,296,853856
12,5,0,0,0,7,6,2,1.588,296,981868
3,1,0,0,0,3,4,1,0.622,328,853856
5,3,0,0,0,3,4,1,0.718,327,881420
11,4,0,0,0,4,5,1,1.048,327,940768
4,2,0,0,0,4,4,1,0.835,327,877784
11,0,0,0,0,4,6,2,0.952,296,914404
6,3,0,0,0,2,4,1,0.578,327,876540
1,2,0,0,0,2,3,1,0.433,328,834528
3,3,0,0,0,2,4,2,0.504,296,854384
8,3,0,0,0,4,4,1,0.954,327,914400
7,6,0,0,0,7,11,4,1.487,230,951716
2,1,0,0,0,2,4,2,0.433,296,834532
6,5,0,0,0,6,6,2,1.278,295,932860
8,0,0,0,0,3,4,1,0.719,327,881424
11,0,0,0,0,16,5,4,2.897,231,1013308
2,1,0,0,0,1,3,1,0.268,328,823644
2,2,0,0,0,3,3,2,0.622,296,853852
4,0,0,0,0,3,4,1,0.622,328,853860
34,8,0,0,0,9,8,2,2.513,296,1189604
5,4,0,0,0,4,5,1,0.904,327,899684
1,0,0,0,0,1,2,1,0.220,328,808680
5,2,0,0,0,2,5,1,0.529,328,863680
4,4,0,0,0,5,6,2,1.043,295,899688
13,8,0,0,0,10,6,2,2.152,295,1015740
1,3,0,0,0,2,3,1,0.456,328,839940
20,8,0,0,0,10,8,2,2.330,296,1072916
3,0,0,0,0,4,3,2,0.759,296,853864
6,0,0,0,0,9,4,3,1.646,263,927716
10,0,0,0,0,9,5,3,1.745,263,955740
11,9,0,0,0,7,6,2,1.650,296,998608
1,2,0,0,0,2,3,1,0.432,328,834528
4,0,0,0,0,3,3,2,0.621,296,853860
5,4,0,0,1,6,5,2,1.229,295,914400
8,0,0,0,0,8,5,3,1.533,263,928768
2,2,0,0,0,3,3,2,0.621,296,848976
13,6,0,0,0,7,6,2,1.620,296,978096
12,5,0,0,0,6,5,2,1.421,296,970588
2,1,0,0,0,3,3,1,0.596,327,844820
2,1,0,0,0,2,3,1,0.337,328,803524
23,8,0,0,0,9,7,2,2.235,295,1088484
1,1,0,0,0,2,3,1,0.408,328,825496
7,0,0,0,0,10,5,3,1.834,263,937740
7,3,0,0,0,3,5,1,0.766,327,897648
2,2,0,0,0,1,4,1,0.293,328,832688
5,0,0,0,0,4,4,2,0.807,296,870608
5,2,0,0,0,4,4,2,0.856,296,883456
8,7,0,0,0,6,5,2,1.373,296,960692
7,3,0,0,0,5,6,2,1.090,296,916696
14,0,0,0,0,17,5,3,3.125,262,1033364
1,1,0,0,0,2,3,2,0.408,296,825496
5,4,0,0,0,4,4,1,0.904,327,899684
13,10,0,0,0,9,6,2,2.036,295,1017200
6,0,0,0,0,1,3,1,0.342,328,847236
7,0,0,0,0,7,4,3,1.342,264,907676
12,8,0,0,0,7,5,2,1.656,296,1011144
2,2,0,0,0,2,3,2,0.457,296,839940
1,2,0,0,0,3,4,2,0.596,296,844820
4,2,0,0,0,5,4,2,0.998,295,883460
10,4,0,0,0,8,6,2,1.666,296,961344
8,3,0,0,0,6,6,2,1.277,296,932860
15,4,0,0,0,12,5,3,2.429,263,1013376
11,10,0,0,0,8,5,2,1.828,296,994244
17,7,0,0,0,5,5,1,1.409,327,986728
1,2,0,0,0,4,3,1,0.760,327,855896
3,2,0,0,0,2,5,2,0.482,296,848976
20,12,0,0,0,9,7,2,2.248,296,1074136
2,2,0,0,0,2,3,1,0.456,328,839940
16,6,0,0,0,7,7,2,1.687,296,994452
2,2,0,0,0,2,3,1,0.457,328,839940
2,3,0,0,0,2,3,1,0.482,328,848976
3,3,0,0,0,3,5,2,0.668,296,868560
1,1,0,0,0,2,3,2,0.408,296,825496
7,0,0,0,0,4,4,2,0.858,296,883472
10,7,0,0,0,6,5,2,1.419,296,975144
2,2,0,0,0,2,3,1,0.456,328,839940
2,3,0,0,0,2,3,1,0.481,328,848972
41,0,0,0,0,22,6,3,4.565,262,1231348
4,3,0,0,0,8,4,3,1.508,264,923628
3,0,0,0,0,2,3,2,0.433,296,834536
14,3,0,0,0,4,6,1,1.096,327,956344
14,5,0,0,0,5,5,1,1.297,327,958048
12,6,0,0,0,6,6,1,1.445,327,977772
6,0,0,0,0,6,5,2,1.159,295,899692
3,0,0,0,0,3,4,2,0.595,296,844824
1,1,0,0,0,1,2,1,0.245,329,817972
4,3,0,0,0,4,4,1,0.858,327,883456
21,7,0,0,0,8,7,1,1.995,327,1045472
11,5,0,0,0,7,8,2,1.554,295,970188
2,2,0,0,0,2,3,1,0.456,328,839940
4,3,0,0,0,5,6,3,1.020,264,894800
3,0,0,0,0,2,3,1,0.432,328,834536
2,0,0,0,0,3,3,2,0.573,296,839416
1,2,0,0,0,1,3,1,0.268,328,823644
6,4,0,0,0,2,5,1,0.603,328,885572
2,0,0,0,0,3,3,2,0.573,296,839416
4,0,0,0,0,3,4,2,0.621,296,853860
6,3,0,0,0,6,5,1,1.230,327,921576
15,8,0,0,0,4,5,1,1.232,327,993404
5,4,0,0,0,3,6,2,0.742,296,890456
3,2,0,0,0,3,4,2,0.645,296,859260
3,2,0,0,0,4,4,2,0.807,296,870596
8,3,0,0,0,4,4,1,0.954,328,914400
3,2,0,0,0,3,4,2,0.643,296,859260
15,7,0,0,0,5,6,1,1.367,327,976512
6,0,0,0,0,9,4,2,1.648,295,927716
2,2,0,0,0,3,3,2,0.621,296,848976
9,0,0,0,0,6,4,2,1.229,295,916704
4,3,0,0,0,6,5,2,1.182,296,906868
5,6,0,0,0,5,8,3,1.115,263,923884
12,5,0,0,0,6,6,2,1.417,296,966096
22,9,0,0,0,11,7,2,2.551,295,1086936
9,0,0,0,0,6,4,2,1.230,295,916712
10,7,0,0,0,12,7,2,2.378,295,1007564
8,0,0,0,0,7,4,2,1.369,295,921588
2,2,0,0,0,2,3,2,0.457,296,839940
2,1,0,0,0,2,3,1,0.433,328,834532
9,0,0,0,0,7,5,3,1.393,264,928772
3,1,0,0,1,3,4,1,0.621,327,853848
10,4,0,0,0,4,7,2,1.026,296,936292
1,2,0,0,0,2,3,2,0.433,296,834532
5,3,0,0,0,3,4,1,0.719,327,881420
9,4,0,0,0,5,7,2,1.155,296,928036
23,0,0,0,0,13,8,2,2.687,295,1060832
6,7,0,0,0,6,6,2,1.330,296,949604
1,1,0,0,0,2,3,2,0.408,296,825500
4,1,0,0,0,5,4,2,0.974,296,880092
7,3,0,0,0,5,5,1,1.093,327,916696
2,2,0,0,0,2,3,1,0.457,328,839940
8,5,0,0,0,5,5,1,1.163,327,938596
2,1,0,0,0,2,3,2,0.433,296,834532
10,6,0,0,0,4,6,2,1.073,296,949612
6,4,0,0,0,3,4,1,0.765,327,897648
3,2,0,0,0,3,4,1,0.645,328,859260
10,4,0,0,0,5,7,1,1.187,327,944464
21,0,0,0,0,42,6,6,7.352,166,1280604
3,2,0,0,0,3,4,1,0.643,327,859264
13,5,0,0,0,5,5,1,1.283,327,975144
5,0,0,0,0,4,4,2,0.808,296,870612
2,2,0,0,0,3,4,2,0.624,296,853856
5,6,0,0,0,5,7,2,1.113,295,923884
3,1,0,0,0,3,4,2,0.621,296,853856
14,9,0,0,0,6,6,1,1.547,327,988108
5,0,0,0,0,10,4,3,1.786,263,927708
22,8,0,0,0,10,7,2,2.373,296,1086232
10,0,0,0,0,5,4,2,1.089,294,914400
8,7,0,0,0,7,13,4,1.534,231,966168
9,5,0,0,0,3,5,1,0.859,327,917824
3,1,0,0,0,3,4,1,0.622,328,853856
2,1,0,0,0,2,3,2,0.432,296,834532
3,2,0,0,0,2,3,1,0.481,328,848976
16,7,0,0,0,6,7,2,1.551,296,990360
10,4,0,0,0,10,5,2,2.002,296,991092
27,12,0,0,0,12,7,2,2.924,295,1199628
5,5,0,0,0,4,8,2,0.926,295,905352
3,0,0,0,0,4,3,2,0.760,296,855908
4,5,0,0,0,4,6,2,0.906,296,899684
5,5,0,0,0,5,4,2,1.091,295,914388
5,2,0,0,0,4,5,2,0.857,296,883456
7,4,0,0,0,4,4,1,0.951,327,914396
4,0,0,0,0,4,4,2,0.782,295,859268
3,2,0,0,0,4,4,1,0.808,327,870596
11,0,0,0,0,8,6,3,1.604,263,955744
5,5,0,0,0,5,15,5,1.090,199,916704
6,5,0,0,0,6,6,2,1.276,295,927128
21,8,0,0,0,8,7,2,2.018,296,1055904
9,4,0,0,0,5,5,2,1.161,296,931740
11,0,0,0,0,20,5,3,3.554,263,1068992
6,0,0,0,0,5,4,2,0.997,295,883472
13,6,0,0,0,4,6,1,1.133,327,950600
6,0,0,0,0,9,4,3,1.647,262,923628
26,9,0,0,0,10,6,2,2.480,296,1103356
2,1,0,0,0,2,4,1,0.434,328,834532
19,8,0,0,0,7,6,1,1.806,326,1026436
6,4,0,0,0,5,4,2,1.090,296,916696
5,4,0,0,0,4,4,1,0.905,327,899684
2,1,0,0,0,2,3,1,0.432,328,834528
2,3,0,0,0,2,3,1,0.481,328,848972
5,0,0,0,0,2,3,1,0.482,328,848980
5,4,0,0,0,4,4,1,0.903,327,899688
22,8,0,0,0,5,8,1,1.575,327,1060548
2,2,0,0,0,3,4,1,0.620,327,853856
4,1,0,0,0,2,3,1,0.482,328,848976
5,3,0,0,0,3,5,1,0.718,327,881420
11,0,0,0,0,20,5,2,3.538,294,1035404
3,2,0,0,0,3,5,2,0.643,296,859264
10,6,0,0,0,7,5,2,1.558,296,974672
3,3,0,0,0,3,5,2,0.670,296,868560
4,0,0,0,0,4,4,2,0.782,296,861312
7,6,0,0,0,6,5,2,1.327,295,948092
11,3,0,0,0,5,6,2,1.186,296,944728
9,0,0,0,0,6,4,2,1.229,295,916712
2,2,0,0,0,3,4,1,0.622,328,853856
21,9,0,0,0,11,6,2,2.526,295,1078760
3,2,0,0,0,2,3,1,0.482,328,848976
2,2,0,0,0,2,3,1,0.456,328,839940
5,3,0,0,0,9,6,3,1.696,263,940304
3,2,0,0,0,3,4,1,0.644,327,859260
33,15,0,0,0,11,8,2,2.980,296,1255948
2,2,1,0,0,2,3,1,0.270,328,823644
26,11,0,0,0,12,7,2,2.852,296,1134016
10,6,0,0,0,7,7,2,1.555,295,970188
3,2,0,0,0,3,5,2,0.643,296,859260
4,3,0,0,0,3,4,1,0.694,328,875748
5,0,0,0,0,5,4,3,0.975,264,877804
2,2,0,0,0,3,4,2,0.620,296,853856
3,0,0,0,0,4,3,2,0.760,296,855908
4,4,0,0,0,3,4,1,0.719,327,881420
5,4,0,0,0,6,5,2,1.229,296,921576
1,1,0,0,0,2,3,1,0.408,328,825496
9,3,0,0,0,2,5,2,0.650,296,898436
4,2,0,0,0,4,5,2,0.836,296,877784
3,3,0,0,0,2,4,1,0.505,328,854384
3,3,0,0,0,2,4,1,0.504,328,854380
2,0,0,0,0,2,3,2,0.408,296,825504
9,3,0,0,0,5,6,2,1.140,296,927980
4,0,0,0,0,4,4,3,0.782,264,861312
8,0,0,0,0,3,4,1,0.719,327,881424
3,2,0,0,0,2,4,1,0.481,328,848976
4,2,0,0,0,2,4,1,0.505,328,854380
2,1,0,0,0,3,3,2,0.595,296,839940
11,6,0,0,0,6,5,1,1.416,327,966096
2,0,0,0,0,3,3,1,0.572,328,839416
3,2,0,0,0,2,4,1,0.480,328,848976
10,0,0,0,0,5,4,2,1.089,296,914396
8,4,0,0,0,3,5,1,0.813,327,912356
3,3,0,0,0,3,5,2,0.670,296,868560
7,3,0,0,0,4,5,1,0.926,327,904040
3,2,0,0,0,2,4,1,0.482,328,848976
13,6,0,0,0,4,5,1,1.135,327,950600
1,1,0,0,0,2,3,1,0.408,328,825496
4,3,0,0,0,3,5,2,0.693,296,875748
14,6,0,0,0,6,6,1,1.482,327,974012
7,5,0,0,0,3,4,2,0.814,296,912356
6,3,0,0,0,4,4,1,0.904,327,899688
17,6,0,0,0,6,6,1,1.563,327,1012252
13,6,0,0,0,5,7,2,1.298,296,958048
12,5,0,0,0,4,5,1,1.095,327,955476
2,2,0,0,0,2,3,1,0.456,328,839940
9,6,0,0,0,6,5,2,1.371,296,955744
4,0,0,0,0,2,3,1,0.457,328,839944
20,7,0,0,0,6,7,1,1.653,326,1038836
8,0,0,0,0,7,4,2,1.369,295,921588
1,2,0,0,0,2,3,1,0.432,328,834528
3,4,0,0,0,3,5,1,0.693,327,875748
3,3,0,0,0,3,4,1,0.669,328,868560
1,2,0,0,0,2,3,1,0.433,328,834528
2,0,0,0,0,1,2,1,0.245,328,817976
18,7,0,0,0,6,7,1,1.613,327,1038380
4,2,0,0,0,2,4,1,0.505,327,854380
2,1,0,0,0,2,3,2,0.433,296,834532
1,1,0,0,0,3,3,1,0.572,328,839408
15,6,0,0,0,8,6,2,1.826,295,994244
13,3,0,0,0,5,6,2,1.236,296,955744
4,2,0,0,0,5,6,3,0.996,263,885764
2,2,0,0,0,3,4,2,0.622,296,853856
6,3,0,0,0,4,4,2,0.902,296,897644
4,3,0,0,0,4,5,2,0.859,296,883464
3,0,0,0,0,3,4,3,0.596,264,844824
10,2,0,0,0,6,6,1,1.303,327,939848
2,2,0,0,0,1,3,1,0.293,328,832688
8,0,0,0,0,5,6,2,1.043,296,902004
4,1,0,0,0,2,3,1,0.481,327,848976
3,1,0,0,0,3,3,1,0.621,328,853856
2,2,0,0,0,2,3,1,0.456,328,839940
19,6,0,0,0,5,8,1,1.437,327,994908
8,4,0,0,0,5,5,1,1.140,327,927980
6,4,0,0,0,5,4,2,1.092,296,916696
2,2,0,0,0,2,4,1,0.457,328,839940
21,13,0,0,0,13,6,2,2.942,295,1121752
11,4,0,0,0,2,5,1,0.723,327,920068
8,4,0,0,0,3,6,1,0.814,327,912356
11,8,0,0,0,9,6,2,1.945,296,992408
7,6,0,0,0,6,6,2,1.320,295,933256
5,5,0,0,0,6,7,2,1.255,295,928764
14,6,0,0,0,6,6,1,1.483,327,974008
3,2,0,0,0,3,4,2,0.643,296,854380
3,0,0,0,0,2,3,2,0.433,296,834536
17,6,0,0,0,6,7,1,1.550,327,990360
3,3,0,0,0,3,6,2,0.670,296,868560
14,0,0,0,0,17,5,3,3.122,262,1026176
2,1,0,0,0,1,3,1,0.268,328,823644
18,7,0,0,0,8,7,2,1.934,296,1049792
17,6,0,0,0,6,7,1,1.552,327,990360
5,2,0,0,0,4,4,2,0.857,296,883456
4,2,0,0,0,3,6,1,0.668,327,868560
6,5,0,0,0,4,5,1,0.952,327,914396
2,0,0,0,0,2,3,1,0.407,328,825500
12,3,0,0,0,3,6,1,0.885,328,934244
15,0,0,0,0,8,5,3,1.686,262,955552
1,2,0,0,0,1,3,1,0.268,328,823644
7,3,0,0,0,4,7,2,0.927,296,905552
1,1,0,0,0,2,3,2,0.408,296,825500
19,8,0,0,0,6,7,1,1.648,327,1017200
7,3,0,0,0,4,6,2,0.926,296,905360
2,2,0,0,0,1,3,1,0.293,328,832688
9,5,0,0,0,5,6,1,1.186,327,945784
3,0,0,0,0,4,3,2,0.760,296,855908
11,3,0,0,0,7,5,2,1.510,294,958652
17,6,0,0,0,6,6,2,1.567,296,1021688
1,1,0,0,0,1,2,1,0.245,328,817972
20,0,0,0,0,9,9,2,1.988,295,1029140
4,4,0,0,0,6,8,4,1.206,231,912540
2,2,0,0,0,3,3,2,0.620,296,853856
9,0,0,0,0,6,4,2,1.233,295,921592
7,0,0,0,0,5,5,2,1.020,296,894812
2,1,0,0,0,2,3,1,0.434,328,834528
3,1,0,0,0,2,3,1,0.458,328,839936
2,1,0,0,0,4,3,1,0.761,327,855896
3,2,0,0,0,2,3,1,0.481,328,848976
18,7,0,0,0,7,7,1,1.759,327,1015148
11,7,0,0,0,7,6,2,1.607,296,985952
12,6,0,0,0,6,6,1,1.443,327,977772
14,5,0,0,0,4,6,1,1.131,327,950600
2,3,0,0,0,2,3,1,0.481,327,848972
11,6,0,0,0,7,7,2,1.585,296,981868
3,2,0,0,0,3,4,2,0.643,296,854384
2,2,0,0,0,3,3,1,0.620,327,853856
1,1,0,0,0,1,3,1,0.244,328,817972
5,3,0,0,0,3,5,1,0.718,327,881420
3,2,0,0,0,2,4,1,0.481,328,848976
3,4,0,0,0,7,4,1,1.344,327,914848
17,7,0,0,0,7,6,2,1.734,296,1006500
15,6,0,0,0,5,7,1,1.344,327,970380
6,5,0,0,0,4,4,1,0.952,327,914396
10,8,0,0,0,8,5,2,1.768,296,994116
17,8,0,0,0,6,6,1,1.610,327,1028944
14,0,0,0,0,17,5,3,3.123,262,1026176
9,5,0,0,0,5,6,1,1.188,327,944464
12,9,0,0,0,10,5,2,2.155,295,1008552
7,4,0,0,0,4,5,2,0.951,296,914392
3,3,0,0,0,3,4,2,0.670,296,868560
6,6,0,0,0,6,5,2,1.302,295,938596
17,7,0,0,0,4,7,1,1.251,327,981324
9,6,0,0,0,10,5,3,2.031,264,994112
19,0,0,0,0,12,5,3,2.430,262,1011068
3,2,0,0,0,3,5,2,0.643,296,859260
9,5,0,0,0,5,6,2,1.188,296,944464
3,2,0,0,0,2,3,1,0.482,328,848976
5,4,0,0,0,6,6,2,1.232,295,921576
2,1,0,0,0,2,3,1,0.432,328,834528
3,2,0,0,0,2,3,1,0.481,327,848976
18,8,0,0,0,5,7,1,1.476,327,1033504
3,1,0,0,0,3,3,2,0.621,296,853856
13,0,0,0,0,18,5,3,3.261,262,1028748
12,9,0,0,0,10,9,2,2.172,295,1049732
5,5,0,0,0,5,4,2,1.088,295,914388
18,7,0,0,0,4,7,1,1.274,327,985412
15,10,0,0,0,6,6,2,1.615,296,1038380
13,0,0,0,0,7,7,2,1.493,295,958844
11,5,0,0,0,6,5,2,1.391,296,955216
5,4,0,0,0,4,4,2,0.903,296,897644
9,3,0,0,0,3,5,1,0.814,327,912356
2,1,0,0,0,3,4,1,0.548,327,830116
2,3,0,0,0,2,3,1,0.482,328,848976
3,1,0,0,0,3,3,1,0.574,327,839412
6,5,0,0,0,4,4,1,0.952,327,914396
11,6,0,0,0,5,6,1,1.249,327,951588
7,4,0,0,0,4,5,2,0.951,296,912356
9,4,0,0,0,5,6,2,1.160,296,928036
21,8,0,0,0,8,7,2,2.021,296,1055904
3,3,0,0,0,2,4,1,0.504,327,854384
10,7,0,0,0,4,6,1,1.094,327,955476
22,14,0,0,0,13,7,2,3.013,295,1185180
5,4,0,0,0,5,5,2,1.064,296,905548
8,4,0,0,0,5,5,2,1.138,295,926392
18,9,0,0,0,4,5,1,1.331,326,1023728
3,2,0,0,0,3,4,2,0.644,296,859264
2,2,0,0,0,2,4,1,0.409,328,825504
1,1,0,0,0,1,3,1,0.245,329,817972
18,6,0,0,0,5,7,1,1.408,327,986728
3,2,0,0,0,2,3,1,0.481,328,848972
10,7,0,0,0,6,5,2,1.418,296,966096
5,3,0,0,0,3,5,2,0.718,295,881420
2,2,0,0,0,2,3,2,0.456,296,839940
2,2,0,0,0,2,4,2,0.456,296,839940
4,0,0,0,0,3,4,2,0.621,296,853860
9,4,0,0,0,8,5,2,1.648,295,963464
2,1,0,0,0,3,4,1,0.548,327,830112
14,8,0,0,0,5,6,1,1.365,327,976512
12,4,0,0,0,5,7,2,1.235,296,957056
7,0,0,0,0,6,4,2,1.182,295,906876
2,2,0,0,0,2,4,2,0.456,296,839940
2,3,0,0,0,2,3,1,0.481,328,848976
8,0,0,0,0,6,4,2,1.203,295,907672
17,8,0,0,0,8,7,2,1.924,296,1023336
5,2,0,0,0,3,4,1,0.693,327,875748
7,0,0,0,0,8,4,3,1.507,263,921584
3,4,0,0,0,4,6,2,0.857,296,883456
3,2,0,0,0,2,3,1,0.482,328,848976
2,2,0,0,0,2,4,2,0.457,296,839940
26,12,0,0,0,13,7,2,3.065,296,1199628
13,7,0,0,0,7,6,2,1.652,296,998608
12,8,0,0,0,8,5,2,1.810,296,1003024
3,1,0,0,0,3,3,1,0.527,328,824708
12,5,0,0,0,6,6,2,1.412,296,955544
6,0,0,0,0,8,4,3,1.484,263,910776
4,4,0,0,0,5,6,2,1.044,295,901988
5,4,0,0,0,6,6,2,1.231,296,921576
30,15,0,0,0,14,7,2,3.399,295,1263400
1,1,0,0,0,2,3,1,0.408,328,825500
11,6,0,0,0,4,7,2,1.094,296,955476
1,2,0,0,0,2,3,2,0.431,296,832680
2,1,0,0,0,1,3,1,0.268,328,823644
4,2,0,0,0,4,4,2,0.835,296,877784
14,7,0,0,0,5,6,1,1.341,327,970380
4,3,0,0,0,4,4,1,0.857,327,883456
2,2,0,0,0,2,5,2,0.456,296,839940
3,2,0,0,0,2,3,1,0.481,328,848976
4,3,0,0,0,3,4,1,0.694,327,875748
3,2,0,0,0,2,3,1,0.482,327,848976
5,3,0,0,0,1,4,1,0.389,328,861832
6,0,0,0,0,7,4,3,1.322,263,906880
2,1,0,0,0,1,4,1,0.268,328,823644
18,8,0,0,0,8,7,2,1.942,296,1028480
27,14,0,0,0,22,6,3,4.577,262,1237476
11,6,0,0,0,4,6,1,1.095,327,955476
6,4,0,0,0,5,5,2,1.089,295,914388
25,10,0,0,0,11,9,2,2.643,295,1111528
4,4,0,0,0,5,8,3,1.042,264,901988
11,0,0,0,0,4,5,2,0.953,296,914404
1,2,0,0,0,1,3,1,0.268,328,823644
2,0,0,0,0,3,3,1,0.573,327,839416
2,3,0,0,0,2,3,1,0.481,327,848972
1,3,0,0,0,2,3,1,0.457,328,839940
19,6,0,0,0,5,6,1,1.437,327,994908
2,2,0,0,0,2,3,1,0.457,328,839940
3,3,0,0,0,3,5,2,0.669,296,868560
17,7,0,0,0,5,7,1,1.411,327,986732
2,3,0,0,0,3,5,2,0.645,296,859264
17,7,0,0,0,5,7,1,1.412,327,986728
8,0,0,0,0,9,5,3,1.695,263,933252
2,3,0,0,0,3,4,1,0.643,327,859260
3,2,0,0,0,5,4,3,0.976,264,877788
9,5,0,0,0,6,7,2,1.350,296,949944
18,7,0,0,0,8,7,2,1.920,296,1023336
2,3,0,0,0,3,5,2,0.644,296,859264
8,5,0,0,0,6,5,2,1.325,296,950660
3,3,0,0,0,2,4,1,0.504,328,854380
21,13,0,0,0,13,6,2,2.959,295,1143272
4,3,0,0,0,6,4,1,1.182,327,906868
5,3,0,0,0,7,4,3,1.369,264,921576
3,2,0,0,0,3,5,2,0.643,296,859260
12,7,0,0,0,8,8,2,1.783,295,986272
4,2,0,0,0,3,4,1,0.667,328,868560
3,3,0,0,0,3,7,2,0.668,296,868564
3,0,0,0,0,4,3,2,0.759,296,853864
18,5,0,0,0,6,8,2,1.553,296,990360
3,0,0,0,0,4,3,2,0.760,295,853864
4,0,0,0,0,3,3,2,0.620,295,848980
16,9,0,0,0,8,8,2,1.922,295,1023336
14,6,0,0,0,5,6,1,1.333,327,986152
3,2,0,0,0,3,5,2,0.642,296,859260
13,0,0,0,0,5,7,2,1.162,295,936224
5,4,0,0,0,6,6,2,1.232,296,921576
12,6,0,0,0,11,5,1,2.241,327,1003476
28,16,0,0,0,15,7,2,3.540,295,1263396
6,4,0,0,0,5,4,2,1.091,295,914388
5,3,0,0,0,3,4,1,0.719,327,881420
3,2,0,0,0,2,3,1,0.482,328,848976
11,4,0,0,0,9,6,2,1.864,295,983904
6,2,0,0,0,3,5,2,0.719,296,881420
14,5,0,0,0,4,5,1,1.134,327,950600
20,8,0,0,0,7,7,1,1.848,327,1067468
5,0,0,0,0,4,4,3,0.807,264,868568
3,2,0,0,0,3,5,2,0.644,295,859260
6,7,0,0,0,6,10,3,1.326,263,949604
2,2,0,0,0,2,3,1,0.456,328,839940
4,0,0,0,0,3,3,2,0.621,296,853860
3,0,0,0,0,2,3,2,0.432,296,834536
6,4,0,0,0,5,4,2,1.091,295,914388
5,2,0,0,0,4,4,2,0.858,295,883456
2,2,0,0,0,2,5,1,0.457,328,839940
2,1,0,0,0,2,3,2,0.432,296,832684
18,6,0,0,0,7,8,2,1.754,296,1040420
29,13,0,0,0,11,7,1,2.808,326,1154528
17,0,0,0,0,8,6,2,1.754,295,995912
5,4,0,0,0,4,5,2,0.904,296,899688
3,3,0,0,0,3,4,1,0.670,327,868560
6,0,0,0,0,5,4,2,0.996,295,883472
1,0,0,0,0,2,2,1,0.385,328,819824
14,9,0,0,0,8,5,1,1.872,327,1008544
3,2,0,0,0,2,4,1,0.482,327,848976
2,2,0,0,0,3,4,2,0.620,295,853856
4,1,0,0,0,2,3,1,0.481,328,848976
11,3,0,0,0,7,7,2,1.512,295,963464
18,10,0,0,0,10,6,2,2.330,296,1072916
4,4,0,0,0,5,6,2,1.042,296,901996
7,3,0,0,0,3,5,1,0.766,327,897648
4,3,0,0,0,8,4,1,1.509,327,927716
6,5,0,0,0,4,4,1,0.953,327,914400
13,9,0,0,0,9,5,2,2.033,296,1045844
1,1,0,0,0,1,3,1,0.245,329,817972
2,3,0,0,0,4,6,2,0.807,295,870604
10,5,0,0,0,6,5,1,1.371,327,959372
12,8,0,0,0,11,5,2,2.293,296,1017780
1,2,0,0,0,1,3,1,0.268,328,823644
3,2,0,0,0,4,5,2,0.807,295,870596
3,0,0,0,0,2,3,2,0.433,296,834536
5,0,0,0,0,4,4,2,0.808,295,870612
9,4,0,0,0,6,6,2,1.327,296,950660
6,5,0,0,0,4,4,1,0.952,327,914396
10,4,0,0,0,6,6,2,1.350,296,949944
9,5,0,0,0,3,5,1,0.861,327,924948
24,14,0,0,0,13,10,2,3.072,295,1203720
11,0,0,0,0,4,4,1,0.953,327,914404
7,7,0,0,0,8,14,5,1.672,198,968208
5,4,0,0,0,4,5,2,0.902,296,899800
1,1,0,0,0,3,3,1,0.572,328,839412
8,8,0,0,0,10,7,2,2.041,295,987332
16,7,0,0,0,5,6,1,1.387,327,982644
7,3,0,0,0,2,5,1,0.601,327,885580
28,15,0,0,0,12,8,2,3.007,295,1205348
1,1,0,0,0,1,3,1,0.245,328,817972
4,2,0,0,0,4,4,2,0.836,296,877784
2,1,0,0,0,5,4,2,0.919,295,861300
3,3,0,0,0,3,4,1,0.669,328,868560
12,7,0,0,0,8,5,1,1.793,327,1004740
3,2,0,0,0,2,4,1,0.481,328,848976
2,3,0,0,0,2,4,1,0.482,328,848976
11,4,0,0,0,4,5,1,1.048,327,943148
21,8,0,0,0,8,7,2,2.022,296,1055904
12,0,0,0,0,19,5,3,3.424,262,1068992
3,0,0,0,0,5,4,2,0.921,295,861300
10,0,0,0,0,5,4,2,1.091,295,914400
13,6,0,0,0,5,6,1,1.300,327,958048
2,2,0,0,0,2,5,2,0.457,296,839940
3,3,0,0,0,3,4,2,0.668,296,868564
3,0,0,0,0,4,4,2,0.760,296,855908
9,5,0,0,0,4,7,1,1.024,327,936288
8,4,0,0,0,3,4,1,0.814,327,912356
2,2,0,0,0,3,3,1,0.622,327,853856
9,0,0,0,0,6,4,2,1.228,295,914404
4,3,0,0,0,2,4,1,0.530,328,863680
2,3,0,0,0,1,3,1,0.317,328,838088
45,0,0,0,0,82,7,5,14.444,196,1784752
18,0,0,0,0,13,5,3,2.566,262,1013376
5,0,0,0,0,6,4,2,1.139,295,890656
17,0,0,0,0,6,5,2,1.417,295,966088
14,9,0,0,0,8,5,1,1.894,327,1044516
23,10,0,0,0,9,8,2,2.272,295,1080268
3,2,0,0,0,3,7,3,0.643,264,859260
2,2,0,0,0,3,5,2,0.620,296,853856
3,3,0,0,0,2,4,1,0.504,327,854384
8,0,0,0,0,7,4,3,1.367,264,921588
13,5,0,0,0,5,5,1,1.271,327,951920
10,0,0,0,0,5,4,2,1.092,295,914404
18,12,0,0,0,4,7,1,1.386,327,1017136
18,7,0,0,0,4,7,1,1.272,327,985412
10,4,0,0,0,6,7,2,1.350,295,949956
2,0,0,0,0,5,3,3,0.898,264,855900
7,3,0,0,0,5,5,1,1.090,327,916696
17,0,0,0,0,14,5,3,2.710,263,1020356
7,1,0,0,0,7,5,4,1.366,231,916696
1,0,0,0,0,2,2,1,0.385,328,819824
17,7,0,0,0,5,7,1,1.409,327,986732
3,0,0,0,0,4,3,2,0.760,296,855908
4,0,0,0,0,3,4,2,0.620,296,848980
8,4,0,0,0,5,5,1,1.140,327,926660
2,3,0,0,0,3,4,1,0.643,327,859260
23,10,0,0,0,5,7,1,1.635,326,1055964
5,5,0,0,0,5,4,2,1.092,296,916696
4,2,0,0,0,5,4,3,0.995,263,883456
2,1,0,0,0,2,3,1,0.433,328,834528
5,4,0,0,0,6,6,2,1.232,295,921576
13,7,0,0,0,7,5,2,1.654,295,1002696
2,2,0,0,0,2,4,2,0.457,296,839936
10,5,0,0,0,6,5,2,1.374,296,959376
2,0,0,0,0,5,3,2,0.898,295,855900
16,9,0,0,0,8,6,1,1.919,327,1023336
10,7,0,0,0,5,7,1,1.251,327,951588
20,9,0,0,0,8,7,2,2.022,296,1055904
27,0,0,0,0,36,6,4,6.498,229,1274468
1,1,0,0,0,2,3,1,0.407,328,825496
5,5,0,0,0,5,4,2,1.091,296,914396
5,3,0,0,0,3,4,2,0.717,296,876540
12,7,0,0,0,8,7,2,1.783,295,986272
8,4,0,0,0,5,5,2,1.139,296,923500
13,8,0,0,0,8,7,2,1.825,296,994244
2,2,0,0,0,1,3,1,0.293,328,832688
2,3,0,0,0,3,4,2,0.645,296,859260
2,2,0,0,0,2,3,1,0.457,328,839940
8,3,0,0,0,4,4,1,0.953,327,914400
16,6,0,0,0,5,6,1,1.373,327,990532
5,4,0,0,0,4,5,2,0.904,296,899680
12,7,0,0,0,6,6,1,1.468,327,981868
3,1,0,0,0,3,4,2,0.619,296,853856
21,0,0,0,0,10,5,2,2.151,294,1011060
6,2,0,0,0,3,4,1,0.719,327,881420
7,0,0,0,0,6,4,3,1.181,263,899692
13,9,0,0,0,10,6,2,2.177,295,1017252
10,7,0,0,0,7,7,2,1.583,295,981868
3,3,0,0,0,3,4,2,0.668,296,868564
2,1,0,0,0,2,3,1,0.434,328,834528
5,2,0,0,0,8,4,2,1.510,295,921584
6,5,0,0,0,4,4,1,0.952,327,914396
69,0,0,0,0,58,7,5,11.063,198,1704904
2,1,0,0,0,2,3,1,0.432,328,834528
3,4,0,0,0,2,4,1,0.528,327,863684
12,6,0,0,0,5,7,2,1.273,296,951920
5,0,0,0,0,4,4,2,0.807,296,870608
17,6,0,0,0,5,7,1,1.398,327,1000076
22,10,0,0,0,9,8,2,2.248,295,1074136
3,2,0,0,0,2,3,1,0.481,327,848976
4,3,0,0,0,4,5,1,0.857,327,883464
13,7,0,0,0,7,6,1,1.644,327,984228
37,20,0,0,0,12,7,2,3.257,295,1238456
7,4,0,0,0,4,4,1,0.953,327,914396
2,3,0,0,0,4,5,2,0.807,296,870600
5,5,0,0,0,5,4,2,1.090,296,914388
4,5,0,0,0,4,4,1,0.903,327,899680
11,8,0,0,0,10,5,3,2.107,263,999060
3,2,0,0,0,2,3,1,0.481,328,848976
6,0,0,0,0,5,5,3,0.996,264,885780
2,0,0,0,0,3,3,2,0.573,296,839416
32,0,0,0,0,19,6,3,3.909,262,1219144
5,1,0,0,0,2,4,1,0.504,327,854380
3,2,0,0,0,3,5,2,0.644,296,859264
7,6,0,0,0,6,5,1,1.327,327,950660
2,1,0,0,0,2,3,1,0.433,328,834528
11,4,0,0,0,9,7,2,1.864,295,986476
2,1,0,0,0,3,4,2,0.596,296,844820
2,3,0,0,0,2,3,1,0.481,328,848976
3,2,0,0,0,3,5,2,0.573,296,834524
16,6,0,0,0,5,6,2,1.375,296,990532
5,3,0,0,0,4,5,2,0.880,296,892492
9,0,0,0,0,6,5,2,1.231,295,921592
3,2,0,0,0,2,4,1,0.481,328,848976
3,3,0,0,0,3,4,2,0.669,296,868560
9,5,0,0,0,6,6,2,1.351,296,949944
7,2,0,0,0,5,4,2,1.068,295,905352
4,3,0,0,0,2,4,1,0.529,328,863684
24,0,0,0,0,15,6,3,3.049,262,1083532
13,6,0,0,0,7,8,2,1.620,296,978096
35,0,0,0,0,28,6,4,5.390,229,1241552
2,2,0,0,0,2,3,1,0.456,328,839940
2,3,0,0,0,2,3,1,0.481,328,848976
8,4,0,0,0,4,5,1,0.976,327,921588
8,0,0,0,0,3,4,1,0.719,327,881424
12,7,0,0,0,8,5,2,1.789,296,998928
18,8,0,0,0,6,7,1,1.622,327,1011056
18,7,0,0,0,4,7,1,1.273,327,985412
11,4,0,0,0,4,5,1,1.049,327,943148
11,5,0,0,0,4,5,1,1.072,327,949608
9,5,0,0,0,8,5,2,1.668,296,961344
5,3,0,0,0,3,5,1,0.720,328,881416
1,2,0,0,0,4,3,2,0.758,296,848968
3,2,0,0,0,2,4,1,0.481,328,848976
21,0,0,0,0,10,5,2,2.150,294,1008544
3,2,0,0,0,3,4,2,0.621,296,848976
5,0,0,0,0,4,4,2,0.806,296,868568
11,10,0,0,0,10,5,2,2.150,294,1011068
2,2,0,0,0,4,5,2,0.782,296,861300
3,1,0,0,0,3,4,2,0.620,296,853856
18,8,0,0,0,7,6,2,1.779,296,1021292
6,5,0,0,0,4,4,1,0.953,327,914396
22,8,0,0,0,5,8,2,1.559,296,1047876
11,6,0,0,0,6,6,1,1.412,327,955544
9,7,0,0,0,4,5,1,1.070,327,944740
6,5,0,0,0,4,4,1,0.954,327,914400
31,0,0,0,0,32,6,4,5.946,229,1250852
7,7,0,0,0,9,8,3,1.828,263,964248
13,5,0,0,0,5,5,1,1.278,327,966960
4,3,0,0,0,4,5,2,0.857,296,883456
8,5,0,0,0,3,5,1,0.837,327,919544
10,0,0,0,0,6,5,2,1.255,295,928772
22,7,0,0,0,7,7,1,1.858,326,1043428
3,2,0,0,0,4,5,2,0.807,295,868552
13,5,0,0,0,5,5,1,1.276,327,962472
19,8,0,0,0,4,7,1,1.333,327,1031184
5,2,0,0,0,5,9,4,1.019,231,894800
2,1,0,0,0,2,3,1,0.433,328,834528
8,0,0,0,0,7,4,2,1.371,295,923628
3,2,0,0,0,2,4,1,0.481,328,848976
19,6,0,0,0,6,7,1,1.615,327,1038380
10,1,0,0,0,12,5,3,2.251,263,990764
15,10,0,0,0,8,6,1,1.919,327,1020820
9,0,0,0,0,6,4,2,1.232,295,921592
5,0,0,0,0,6,4,2,1.138,295,890656
11,7,0,0,0,4,6,1,1.106,327,944460
1,1,0,0,0,1,2,1,0.245,328,817972
2,1,0,0,0,2,3,2,0.432,296,832684
6,3,0,0,0,3,5,1,0.743,327,890460
21,0,0,0,0,42,6,5,7.342,198,1280604
19,7,0,0,0,5,7,1,1.475,327,1033500
9,5,0,0,0,4,6,2,1.018,295,926452
10,4,0,0,0,4,5,1,1.024,327,936288
1,0,0,0,0,2,2,1,0.385,328,819824
11,4,0,0,0,4,5,1,1.049,327,943148
2,2,0,0,0,2,3,1,0.456,328,839940
4,0,0,0,0,3,3,2,0.620,296,853860
5,0,0,0,0,4,4,2,0.807,296,870612
13,9,0,0,0,9,5,2,2.015,296,1014536
23,10,0,0,0,10,8,2,2.445,296,1110504
7,6,0,0,0,8,11,4,1.651,230,969664
20,13,0,0,0,22,6,2,4.385,295,1213392
2,2,0,0,0,1,3,1,0.293,328,832688
3,2,0,0,0,2,3,1,0.482,328,848976
11,10,0,0,0,10,5,2,2.151,294,1011068
9,7,0,0,0,7,5,2,1.549,296,959636
13,6,0,0,0,7,7,2,1.623,296,978096
8,3,0,0,0,4,6,2,0.953,296,914396
26,12,0,0,0,9,6,2,2.397,296,1130480
1,0,0,0,0,2,2,1,0.385,328,819824
17,5,0,0,0,5,6,2,1.371,295,990532
10,4,0,0,0,6,7,2,1.349,296,949944
9,5,0,0,0,5,5,1,1.186,327,942352
3,0,0,0,0,4,3,3,0.760,263,855908
3,2,0,0,0,3,5,2,0.643,296,859260
24,13,0,0,0,10,7,1,2.533,326,1124752
4,2,0,0,0,3,4,2,0.669,296,868560
5,0,0,0,0,6,4,2,1.138,295,890656
35,0,0,0,0,28,6,4,5.388,230,1237464
4,5,0,0,0,5,8,3,1.065,263,907660
6,3,0,0,0,4,4,1,0.904,327,899680
2,2,0,0,0,2,3,1,0.456,328,839940
5,0,0,0,0,2,3,1,0.482,327,848980
5,3,0,0,0,3,4,1,0.719,327,881420
5,0,0,0,0,3,4,2,0.644,296,859268
3,3,0,0,0,4,5,2,0.836,296,877784
27,14,0,0,0,17,8,2,3.765,295,1210416
23,0,0,0,0,40,6,4,7.059,229,1274472
3,4,0,0,0,3,5,1,0.693,327,875748
4,3,0,0,0,2,4,1,0.529,328,863680
3,3,0,0,0,4,5,2,0.835,296,877784
36,20,0,0,0,17,9,2,4.101,295,1295324
2,1,0,0,0,2,4,2,0.433,296,834528
27,15,0,0,0,13,7,2,3.146,295,1207396
4,0,0,0,0,5,4,2,0.946,295,870612
3,2,0,0,0,4,4,1,0.712,327,841448
1,2,0,0,0,2,3,1,0.433,328,834528
15,5,0,0,0,7,7,1,1.643,327,984236
2,3,0,0,0,2,3,1,0.482,328,848976
9,0,0,0,0,6,4,2,1.229,295,914404
18,6,0,0,0,5,7,1,1.410,327,986728
3,2,0,0,0,3,4,2,0.644,296,859264
10,7,0,0,0,7,6,2,1.582,296,981868
2,1,0,0,0,2,3,1,0.433,328,834528
30,0,0,0,0,33,6,4,6.088,230,1268388
19,0,0,0,0,6,6,2,1.473,295,989780
31,18,0,0,0,15,8,2,3.619,295,1249044
2,1,0,0,0,2,4,1,0.433,328,834528
8,0,0,0,0,3,5,2,0.719,296,881428
1,1,0,0,0,1,2,1,0.245,328,817972
0,1,0,0,0,2,2,1,0.385,328,819816
28,8,0,0,0,10,8,2,2.507,295,1124348
14,5,0,0,0,7,7,2,1.620,296,978096
13,10,0,0,0,8,5,2,1.888,296,1033036
5,4,0,0,0,6,8,3,1.230,263,921576
3,1,0,0,0,3,4,2,0.621,296,853856
15,5,0,0,0,5,6,1,1.335,327,986152
6,5,0,0,0,6,7,2,1.275,295,927128
1,2,0,0,0,2,4,1,0.433,328,834528
5,5,0,0,0,5,4,2,1.091,296,914388
4,4,0,0,0,3,5,1,0.718,327,881420
2,2,0,0,0,2,4,2,0.458,296,839936
3,2,0,0,0,2,4,2,0.481,296,848976
4,3,0,0,0,6,5,2,1.184,295,906868
2,0,0,0,0,5,3,3,0.899,264,855900
4,2,0,0,0,5,4,3,0.995,264,883460
5,0,0,0,0,3,4,2,0.644,295,859268
8,0,0,0,0,5,4,2,1.042,295,897644
13,6,0,0,0,6,7,2,1.472,295,989788
6,0,0,0,0,9,4,3,1.646,263,927716
10,7,0,0,0,8,6,2,1.748,296,985948
3,2,0,0,0,4,4,2,0.807,295,868552
20,10,0,0,0,5,8,1,1.570,326,1060548
8,0,0,0,0,7,4,3,1.366,263,916708
8,5,0,0,0,5,6,1,1.164,327,938600
16,14,0,0,0,13,6,2,2.844,295,1093744
26,9,0,0,0,10,7,2,2.478,296,1103356
1,0,0,0,0,2,2,1,0.385,328,819824
21,10,0,0,0,8,6,1,2.068,326,1056688
1,1,0,0,0,2,3,1,0.408,328,825500
8,6,0,0,0,5,5,2,1.188,295,943476
4,4,0,0,0,2,4,1,0.553,327,870868
16,6,0,0,0,7,6,2,1.705,295,1023740
8,0,0,0,0,7,4,2,1.365,295,916708
2,2,0,0,0,2,5,2,0.456,296,839940
23,0,0,0,0,12,6,3,2.545,263,1082904
6,5,0,0,0,6,6,2,1.278,296,927128
26,14,0,0,0,14,9,2,3.247,295,1169356
13,6,0,0,0,5,6,2,1.297,296,958048
9,6,0,0,0,4,6,1,1.050,327,943148
1,2,0,0,0,2,3,1,0.433,328,834532
3,1,0,0,0,2,4,2,0.456,296,839940
8,3,0,0,0,4,5,1,0.951,327,914396
6,2,0,0,0,7,4,2,1.369,294,921576
7,4,0,0,0,4,5,2,0.953,296,914388
24,12,0,0,0,12,7,2,2.842,295,1155484
9,0,0,0,0,10,5,2,1.879,295,955736
5,3,0,0,0,3,4,1,0.718,327,881420
5,4,0,0,0,2,4,1,0.579,327,876540
11,4,0,0,0,11,10,4,2.184,231,1003344
4,0,0,0,0,3,3,2,0.622,296,853860
2,3,0,0,0,2,3,1,0.482,328,848976
3,3,0,0,0,3,5,2,0.668,295,868560
16,0,0,0,0,5,8,2,1.234,296,955740
6,0,0,0,0,5,4,2,0.997,296,885780
5,3,2,0,0,4,6,2,0.558,308,863684
9,6,0,0,0,5,5,2,1.210,296,944732
4,3,0,0,0,4,4,1,0.859,328,883456
28,15,0,0,0,20,11,3,4.292,262,1254548
4,3,0,0,0,2,5,1,0.529,327,863680
4,2,0,0,0,3,4,2,0.668,296,868564
4,0,0,0,0,3,4,2,0.621,296,853860
2,2,0,0,0,3,3,1,0.622,328,853856
5,1,0,0,0,2,4,1,0.505,327,854380
1,3,0,0,0,1,3,1,0.293,328,832688
9,3,0,0,0,3,6,1,0.814,327,912356
2,3,0,0,0,3,4,2,0.645,296,859260
3,2,0,0,0,2,4,1,0.481,328,848976
7,0,0,0,0,8,4,3,1.508,263,923620
13,9,0,0,0,9,5,2,2.012,295,1008556
4,0,0,0,0,3,3,1,0.621,327,853860
8,4,0,0,0,4,6,2,0.977,296,921588
10,3,0,0,0,4,5,1,1.000,327,926984
14,5,0,0,0,5,7,2,1.296,295,958048
27,11,0,0,0,12,7,2,2.884,296,1157276
18,9,0,0,0,10,7,2,2.297,295,1045940
2,2,0,0,0,2,3,1,0.457,327,839940
3,3,0,0,0,2,4,1,0.506,328,854380
26,13,0,0,0,12,6,2,2.928,295,1197580
6,5,0,0,0,4,4,1,0.953,327,914396
6,0,0,0,0,6,4,2,1.160,295,894812
7,4,0,0,0,4,4,1,0.952,327,914396
4,3,0,0,0,4,4,1,0.858,327,883456
4,1,0,0,0,2,3,1,0.481,328,848976
10,0,0,0,0,5,4,2,1.090,295,914400
14,9,0,0,0,8,5,2,1.874,296,1008544
2,1,0,0,0,2,4,2,0.433,296,834532
10,2,0,0,0,3,5,1,0.815,327,912356
6,0,0,0,0,9,4,2,1.645,295,923628
10,0,0,0,0,7,5,3,1.418,264,931604
6,0,0,0,0,7,4,2,1.321,295,906880
6,4,0,0,0,5,4,2,1.090,296,914388
15,3,0,0,0,9,6,1,1.938,327,1016556
4,2,0,0,0,3,5,2,0.669,296,868564
6,4,0,0,0,5,4,2,1.090,296,914396
3,3,0,0,0,2,5,1,0.505,327,854384
5,3,0,0,0,4,5,2,0.880,296,892496
5,4,0,0,0,2,4,1,0.578,327,876540
2,1,0,0,0,1,3,1,0.268,328,823644
4,2,0,0,0,3,4,1,0.669,327,868560
6,5,0,0,0,4,4,1,0.953,327,914400
14,7,0,0,0,8,5,2,1.829,296,996496
11,6,0,0,0,5,5,1,1.250,327,945788
3,2,0,0,0,3,4,1,0.644,328,859260
11,10,0,0,0,10,5,2,2.152,295,1015740
2,2,0,0,0,2,3,1,0.456,328,839940
2,1,0,0,0,3,4,2,0.596,296,844820
2,2,0,0,0,2,3,1,0.457,328,839940
18,8,0,0,0,4,7,1,1.294,327,993588
15,6,0,0,0,5,7,1,1.341,327,970380
1,1,0,0,0,2,3,1,0.408,328,825496
3,2,0,0,0,3,4,2,0.644,295,859260
4,3,0,0,0,4,4,1,0.856,327,883456
21,8,0,0,0,10,6,2,2.356,296,1081340
4,4,0,0,0,3,4,1,0.718,327,881420
3,0,0,0,0,2,3,1,0.433,328,834536
3,2,0,0,0,1,3,1,0.317,328,838088
19,0,0,0,0,12,5,3,2.448,263,1044512
11,5,0,0,0,3,5,1,0.909,327,940372
21,9,0,0,0,10,8,2,2.372,295,1086232
2,1,0,0,0,3,4,1,0.596,328,844820
1,2,0,0,0,1,3,1,0.268,328,823644
13,0,0,0,0,10,5,2,1.973,295,979024
2,2,0,0,0,2,3,1,0.456,328,839940
7,6,0,0,0,6,6,2,1.329,296,950660
13,4,0,0,0,10,6,2,2.070,295,1007220
1,2,0,0,0,2,3,2,0.432,296,832680
21,9,0,0,0,6,7,2,1.729,296,1062120
17,14,0,0,0,20,7,3,4.011,262,1154116
3,3,0,0,0,3,5,2,0.669,296,868560
6,5,0,0,0,4,4,1,0.952,327,914396
32,16,0,0,0,16,10,2,3.763,294,1251092
8,4,0,0,0,5,7,2,1.138,296,927980
17,7,0,0,0,4,7,1,1.252,327,981324
15,0,0,0,0,17,6,3,3.150,262,1034880
5,0,0,0,0,6,4,3,1.137,263,883468
6,0,0,0,0,5,4,2,0.995,295,883476
23,7,0,0,0,8,9,2,2.054,295,1068032
2,1,0,0,0,1,3,1,0.269,328,823644
5,4,0,0,0,6,5,2,1.231,296,921576
7,0,0,0,0,8,4,2,1.507,295,921584
2,0,0,0,0,2,3,2,0.408,296,825504
3,0,0,0,0,2,3,1,0.433,328,834536
11,7,0,0,0,5,6,2,1.282,296,975144
11,9,0,0,0,10,7,2,2.128,296,1009612
11,6,0,0,0,5,7,2,1.249,296,945788
1,1,0,0,0,2,3,1,0.408,328,825500
3,2,0,0,0,3,5,2,0.644,296,859260
10,0,0,0,0,9,5,3,1.742,263,955740
9,6,0,0,0,4,5,1,1.047,327,943148
4,3,0,0,0,3,4,1,0.693,327,875748
6,3,0,0,0,4,4,1,0.905,327,899680
10,7,0,0,0,5,7,2,1.258,295,959808
7,6,0,0,0,7,16,5,1.487,199,951716
2,1,0,0,0,3,4,2,0.596,296,844820
17,6,0,0,0,6,6,1,1.551,327,990360
3,3,0,0,0,3,4,2,0.669,296,868560
4,4,0,0,0,3,4,2,0.718,296,881420
6,5,0,0,0,4,5,1,0.952,327,914396
3,3,0,0,0,4,5,2,0.836,296,877784
7,6,0,0,0,4,6,1,0.997,327,921912
5,4,0,0,0,3,5,1,0.742,327,890456
2,3,0,0,0,2,3,1,0.482,328,848976
11,7,0,0,0,5,6,2,1.279,296,962472
13,9,0,0,0,9,5,2,2.031,296,1045844
17,12,0,0,0,10,6,2,2.368,295,1102416
15,5,0,0,0,7,7,1,1.646,327,984228
6,0,0,0,0,4,4,2,0.836,296,877796
17,6,0,0,0,6,7,2,1.551,296,990360
9,4,0,0,0,2,4,1,0.675,327,907472
10,5,0,0,0,4,6,1,1.048,327,943148
2,2,0,0,0,4,5,2,0.784,296,861296
9,0,0,0,0,6,4,2,1.230,295,916712
2,2,0,0,0,1,3,1,0.293,328,832688
5,4,0,0,0,4,4,2,0.904,296,899680
24,0,0,0,0,25,25,13,4.665,0,1182128
10,8,0,0,0,6,6,1,1.446,327,977772
4,2,0,0,0,3,4,2,0.669,296,868560
4,3,0,0,0,2,4,1,0.530,328,863684
3,2,0,0,0,2,3,1,0.482,328,848976
6,0,0,0,0,7,4,2,1.322,295,908920
10,7,0,0,0,5,7,1,1.250,327,951588
6,0,0,0,0,3,4,2,0.669,296,868572
3,1,0,0,0,3,4,1,0.621,327,853856
16,6,0,0,0,5,7,1,1.368,327,976512
3,2,0,0,0,2,3,2,0.482,296,848972
2,3,0,0,0,3,4,2,0.644,296,859260
6,6,0,0,0,7,12,4,1.464,231,951656
3,4,0,0,0,4,5,2,0.856,296,883456
13,9,0,0,0,9,5,2,2.014,296,1008556
10,4,0,0,0,4,7,1,1.020,327,926456
3,2,0,0,0,2,4,1,0.481,328,848976
13,5,0,0,0,5,6,1,1.273,327,951916
23,10,0,0,0,11,8,2,2.620,295,1133476
8,5,0,0,0,6,5,1,1.326,327,950660
10,0,0,0,0,5,4,2,1.090,296,914396
8,2,0,0,0,4,5,1,0.928,327,905552
18,10,0,0,0,10,8,2,2.329,295,1072916
15,0,0,0,0,8,5,3,1.695,262,966104
19,8,0,0,0,5,8,1,1.483,327,1007432
5,3,0,0,0,5,4,1,1.043,327,901988
17,0,0,0,0,14,6,4,2.727,231,1059948
13,9,0,0,0,9,5,2,2.011,296,1008556
2,2,0,0,0,3,3,2,0.621,296,848976
4,3,0,0,0,3,4,1,0.694,328,875748
6,4,0,0,0,5,8,3,1.091,263,916704
4,0,0,0,0,3,3,2,0.621,295,853860
21,10,0,0,0,16,10,3,3.380,264,1152500
5,4,0,0,0,6,4,2,1.230,295,914388
2,1,0,0,0,4,3,1,0.761,327,855896
3,0,0,0,0,2,3,2,0.434,296,834536
12,6,0,0,0,4,6,1,1.107,327,944460
2,1,0,0,0,2,3,2,0.433,296,834528
2,2,0,0,0,2,3,1,0.457,328,839940
29,0,0,0,0,34,6,4,6.231,230,1256984
10,4,0,0,0,3,5,1,0.859,327,917824
2,1,0,0,0,2,3,1,0.434,328,834532
5,2,0,0,0,4,4,1,0.809,327,870596
27,12,0,0,0,14,8,2,3.220,295,1163228
19,0,0,0,0,12,5,3,2.424,262,1011064
4,3,0,0,0,4,5,2,0.857,296,883456
15,6,0,0,0,6,6,2,1.505,296,980140
2,2,0,0,0,3,3,1,0.621,327,853856
4,2,0,0,0,3,4,2,0.668,296,868560
16,7,0,0,0,5,6,1,1.388,327,982644
7,5,0,0,0,1,5,1,0.487,328,890916
6,3,0,0,0,4,4,1,0.904,327,899688
9,0,0,0,0,6,4,2,1.231,295,914404
3,3,0,0,0,3,4,2,0.668,296,863684
13,3,0,0,0,7,6,2,1.562,295,982064
44,14,0,0,0,14,11,2,3.709,295,1335276
22,8,0,0,0,9,7,1,2.216,327,1078660
3,1,0,0,0,3,3,2,0.621,296,853856
5,2,0,0,0,3,4,1,0.693,327,875748
29,14,0,0,0,14,8,2,3.318,295,1193544
3,2,0,0,0,2,3,1,0.482,328,848976
20,6,0,0,0,6,7,2,1.622,296,1011056
24,9,0,0,0,7,8,2,1.954,296,1077000
2,2,0,0,0,2,3,1,0.457,328,839940
7,0,0,0,0,4,4,2,0.857,295,881424
6,5,0,0,0,4,4,1,0.952,327,914396
2,2,0,0,0,3,3,1,0.620,328,853856
10,6,0,0,0,3,5,1,0.908,327,936676
4,3,0,0,0,4,4,2,0.855,296,881412
16,0,0,0,0,11,6,3,2.206,263,1007212
9,0,0,0,0,6,5,2,1.231,295,921592
5,3,0,0,0,3,4,1,0.718,328,881420
4,2,0,0,0,3,6,2,0.669,296,868556
18,7,0,0,0,7,7,2,1.762,296,1015152
3,2,0,0,0,2,4,1,0.481,328,848976
21,8,0,0,0,13,7,2,2.834,295,1093068
12,5,0,0,0,9,7,2,1.908,296,996700
22,13,0,0,0,6,8,1,1.833,326,1065440
18,5,0,0,0,4,8,1,1.224,327,975192
6,5,0,0,0,6,6,2,1.277,295,927128
13,0,0,0,0,7,5,2,1.490,295,957780
16,5,0,0,0,6,8,2,1.513,296,993896
5,4,0,0,0,4,5,2,0.905,296,899684
3,2,0,0,0,2,3,1,0.481,328,848972
2,1,0,0,0,2,5,2,0.433,296,834532
9,4,0,0,0,2,4,1,0.675,327,907472
6,0,0,0,0,8,5,3,1.482,263,912544
6,4,0,0,0,5,4,2,1.093,295,916696
12,0,0,0,0,5,5,2,1.136,295,923496
4,0,0,0,0,4,4,3,0.782,263,859268
2,1,0,0,0,2,3,2,0.432,296,834532
2,2,0,0,0,3,3,1,0.621,328,853856
12,5,0,0,0,5,6,1,1.247,327,945788
4,3,0,0,0,4,4,1,0.856,327,883456
15,7,0,0,0,9,6,2,2.009,295,1011128
3,4,0,0,0,4,4,2,0.859,296,883456
4,4,0,0,0,4,4,2,0.880,296,892496
2,2,0,0,0,2,4,1,0.457,328,839940
12,5,0,0,0,8,6,2,1.746,296,987992
5,3,0,0,0,3,4,1,0.719,327,881420
4,2,0,0,0,3,4,2,0.670,296,868560
3,2,0,0,0,1,4,1,0.317,328,838088
2,2,0,0,0,2,3,1,0.457,328,839940
14,0,0,0,0,17,5,3,3.143,263,1059956
3,2,0,0,0,2,4,1,0.457,328,839948
1,1,0,0,0,1,2,1,0.245,328,817972
5,5,0,0,0,5,4,2,1.093,296,916696
5,4,0,0,0,5,6,2,1.066,296,907660
3,2,0,0,0,5,5,1,0.977,327,880092
5,2,0,0,0,2,4,1,0.530,328,863680
3,2,0,0,0,1,3,1,0.316,328,838088
25,7,0,0,0,7,7,2,1.940,296,1074308
21,7,0,0,0,12,8,2,2.645,295,1092380
15,0,0,0,0,6,7,2,1.372,295,960692
11,5,0,0,0,4,5,1,1.069,327,944740
22,9,0,0,0,8,7,2,2.077,296,1076344
3,3,0,0,0,2,4,1,0.505,328,854380
2,3,0,0,0,3,4,2,0.644,296,859264
4,3,0,0,0,5,9,4,1.021,231,894800
21,12,0,0,0,10,9,2,2.440,294,1110504
12,0,0,0,0,6,5,2,1.302,296,943472
5,0,0,0,0,6,4,2,1.139,295,890656
4,0,0,0,0,3,4,2,0.621,296,853860
16,0,0,0,0,15,5,2,2.861,294,1055860
14,0,0,0,0,17,5,3,3.119,262,1026176
3,2,0,0,0,4,4,2,0.807,295,868552
21,4,0,0,0,8,8,2,1.921,296,1023336
2,2,0,0,0,3,5,2,0.621,296,853856
14,11,0,0,0,12,11,4,2.573,231,1056692
6,4,0,0,0,5,7,2,1.092,295,916704
8,2,0,0,0,7,5,3,1.417,264,927984
21,9,0,0,0,5,10,2,1.569,296,1060548
19,5,0,0,0,7,7,1,1.757,327,1040420
16,6,0,0,0,6,7,1,1.527,327,986272
12,0,0,0,0,12,5,3,2.281,263,991060
3,1,0,0,0,1,3,1,0.294,329,832688
5,5,0,0,0,5,5,2,1.092,295,916696
2,3,0,0,0,3,6,2,0.643,296,859260
1,2,0,0,0,1,3,1,0.269,328,823644
2,2,0,0,0,3,4,2,0.622,296,853856
2,2,0,0,0,3,3,2,0.621,296,853856
4,4,0,0,0,3,7,2,0.718,295,881420
5,0,0,0,0,6,4,2,1.139,295,890644
11,4,0,0,0,4,5,1,1.050,327,943480
2,2,0,0,0,2,3,1,0.457,328,839940
10,5,0,0,0,8,5,2,1.695,295,972232
7,3,0,0,0,4,6,1,0.928,327,905556
6,0,0,0,0,5,4,2,0.996,295,885780
18,8,0,0,0,6,7,1,1.620,327,1011136
9,0,0,0,0,6,4,2,1.229,295,914404
13,0,0,0,0,14,6,3,2.620,262,1009216
8,0,0,0,0,6,4,2,1.206,295,907668
2,0,0,0,0,3,3,1,0.573,328,839416
2,0,0,0,0,3,3,2,0.573,296,839416
8,5,0,0,0,4,6,2,0.998,296,921912
7,4,0,0,0,4,5,1,0.952,327,914396
2,1,0,0,0,1,3,1,0.268,328,823644
8,3,0,0,0,4,7,2,0.951,296,914400
4,4,0,0,0,3,4,1,0.720,327,881420
3,0,0,0,0,4,3,2,0.760,296,855908
3,2,0,0,0,3,4,2,0.644,296,859264
5,2,0,0,0,2,4,1,0.530,327,863680
2,2,0,0,0,2,4,1,0.457,328,839940
18,7,0,0,0,7,7,2,1.760,296,1015152
13,0,0,0,0,11,5,3,2.141,263,984136
2,0,0,0,0,2,3,1,0.408,328,825500
7,7,0,0,0,6,6,2,1.351,296,955744
2,1,0,0,0,2,3,1,0.433,328,834528
4,3,0,0,0,3,4,1,0.694,327,875748
13,7,0,0,0,11,5,2,2.301,295,1035084
10,0,0,0,0,8,5,2,1.581,295,943472
5,4,0,0,0,4,4,2,0.904,296,899684
8,3,0,0,0,6,6,2,1.279,295,934180
23,9,0,0,0,6,8,1,1.773,327,1059592
2,1,0,0,0,3,3,1,0.597,328,844820
11,4,0,0,0,6,6,2,1.373,295,959372
15,9,0,0,0,9,7,2,2.071,296,1047544
2,1,0,0,0,2,3,2,0.433,296,834532
2,2,0,0,0,2,3,1,0.456,328,839940
5,0,0,0,0,10,4,2,1.783,295,927708
4,4,0,0,0,4,5,2,0.880,296,892492
3,1,0,0,0,3,3,2,0.621,296,853856
19,0,0,0,0,10,6,2,2.114,295,1025576
5,3,0,0,0,5,5,2,1.043,296,901988
12,7,0,0,0,4,5,1,1.138,327,960888
17,7,0,0,0,9,7,2,2.062,296,1025640
18,0,0,0,0,13,5,3,2.567,262,1017992
2,1,0,0,0,3,3,1,0.596,327,844820
6,3,0,0,0,6,5,2,1.231,296,921576
2,2,0,0,0,3,3,2,0.621,296,848976
4,3,0,0,0,2,4,1,0.529,328,863684
7,0,0,0,0,4,4,3,0.854,264,876548
10,5,0,0,0,4,5,1,1.052,327,943476
8,0,0,0,0,7,4,3,1.370,264,923632
22,11,0,0,0,6,8,1,1.800,327,1070224
14,9,0,0,0,8,5,1,1.877,327,1008544
4,0,0,0,0,4,4,3,0.783,264,861308
2,1,0,0,0,2,3,2,0.433,296,834528
40,27,0,0,0,16,8,2,4.201,295,1363732
20,11,0,0,0,8,6,1,2.078,326,1076344
7,0,0,0,0,4,4,1,0.858,327,883472
1,2,0,0,0,1,3,1,0.268,328,823644
2,2,0,0,0,2,5,2,0.456,296,839940
5,2,0,0,0,4,4,1,0.858,327,883456
16,5,0,0,0,6,7,2,1.520,296,1009104
20,10,0,0,0,6,7,2,1.712,296,1039344
2,2,0,0,0,3,5,2,0.621,296,853856
19,6,0,0,0,7,7,2,1.761,296,1015152
15,10,0,0,0,6,5,1,1.609,327,1028944
2,2,0,0,0,2,4,1,0.457,328,839940
23,10,0,0,0,13,8,2,2.919,295,1115616
2,2,0,0,0,2,3,1,0.456,328,839940
7,0,0,0,0,8,4,2,1.510,295,923620
4,2,0,0,0,3,4,1,0.669,327,868564
8,0,0,0,0,7,4,3,1.368,263,921588
7,0,0,0,0,8,4,3,1.508,263,921576
20,9,0,0,0,4,7,1,1.365,327,1011980
2,3,0,0,0,2,3,1,0.481,327,848972
2,2,0,0,0,2,5,2,0.456,296,839940
6,4,0,0,0,5,4,2,1.092,295,914388
5,3,0,0,0,3,5,1,0.720,327,881416
3,1,0,0,0,2,3,1,0.458,328,839940
5,4,0,0,0,5,5,1,1.061,327,895860
8,7,0,0,0,6,7,2,1.372,295,959372
10,4,0,0,0,5,6,2,1.188,296,945784
2,2,0,0,0,3,3,2,0.621,296,848976
4,2,0,0,0,3,4,2,0.668,296,863680
9,7,0,0,0,3,6,1,0.909,327,941428
4,4,0,0,0,3,4,1,0.720,327,881420
2,2,0,0,0,4,5,1,0.687,327,832152
2,2,0,0,0,2,3,2,0.457,296,839940
37,12,0,0,0,13,9,2,3.311,295,1231984
6,5,0,0,0,8,6,2,1.604,295,955744
26,9,0,0,0,10,8,2,2.483,296,1103356
10,7,0,0,0,10,10,3,2.069,263,1011928
11,4,0,0,0,7,6,2,1.529,296,959304
6,5,0,0,0,4,4,1,0.950,327,914396
16,8,0,0,0,5,7,1,1.409,327,986736
2,0,0,0,0,3,3,2,0.574,296,839416
19,7,0,0,0,7,7,1,1.782,327,1021292
27,13,0,0,0,12,9,2,2.946,295,1177716
20,12,0,0,0,11,6,2,2.597,295,1139156
2,2,0,0,0,3,3,2,0.620,296,848976
4,0,0,0,0,3,3,1,0.620,327,853860
16,6,0,0,0,4,6,1,1.205,327,969124
1,1,0,0,0,1,3,1,0.245,328,817972
3,2,0,0,0,1,3,1,0.317,328,838088
2,1,0,0,0,2,4,2,0.433,296,834528
1,2,0,0,0,2,3,2,0.433,296,834532
2,2,0,0,0,2,4,1,0.457,328,839940
10,5,0,0,0,9,6,2,1.862,296,986476
9,4,0,0,0,5,5,2,1.162,296,938596
11,6,0,0,0,6,6,2,1.419,296,966096
12,7,0,0,0,8,6,2,1.793,296,1004736
7,3,0,0,0,5,4,2,1.090,296,916696
2,1,0,0,0,2,4,2,0.433,296,834528
5,4,0,0,0,2,4,1,0.579,327,876536
16,0,0,0,0,15,5,3,2.842,262,1020032
15,6,0,0,0,6,7,2,1.504,296,980140
11,6,0,0,0,6,6,1,1.418,327,966096
3,1,0,0,0,4,4,2,0.783,296,861296
7,3,0,0,0,4,6,2,0.927,296,905360
4,5,0,0,0,5,6,2,1.069,296,907660
19,7,0,0,0,5,7,1,1.477,327,1033500
10,5,0,0,0,7,6,2,1.527,295,953500
2,2,0,0,0,3,4,1,0.621,328,853856
22,12,0,0,0,13,6,2,2.969,295,1143272
27,15,0,0,0,6,8,1,2.011,326,1136040
19,8,0,0,0,10,8,2,2.295,296,1063084
6,5,0,0,0,4,4,1,0.953,327,914396
4,3,0,0,0,2,4,1,0.529,328,863684
15,12,0,0,0,14,10,3,2.937,263,1085836
14,5,0,0,0,5,6,1,1.296,327,958048
10,0,0,0,0,5,4,2,1.090,295,911688
11,5,0,0,0,4,7,1,1.073,326,949612
4,0,0,0,0,4,4,2,0.782,296,861312
21,0,0,0,0,10,5,2,2.149,294,1011060
5,2,0,0,0,4,6,3,0.858,264,883456
7,5,0,0,0,7,7,2,1.464,295,951656
6,5,0,0,0,4,4,1,0.953,327,914396
1,2,0,0,0,2,3,1,0.433,328,834528
4,3,0,0,0,3,4,2,0.695,296,875748
6,4,0,0,0,4,5,2,0.927,295,905360
13,10,0,0,0,8,6,2,1.892,296,1044516
3,1,0,0,0,3,3,2,0.621,296,853856
2,1,0,0,0,2,3,2,0.433,296,834528
4,3,0,0,0,2,4,1,0.529,328,863680
3,0,0,0,0,4,4,2,0.760,296,855904
8,4,0,0,0,3,5,1,0.815,327,912356
15,7,0,0,0,6,7,1,1.526,327,986268
1,1,0,0,0,2,3,1,0.407,328,825500
6,4,0,0,0,5,4,2,1.091,296,916696
9,0,0,0,0,6,4,2,1.230,295,914404
10,5,0,0,0,4,5,1,1.049,327,943148
2,2,0,0,0,2,4,1,0.456,328,839940
2,2,0,0,0,2,3,1,0.456,328,839940
4,1,0,0,0,3,5,2,0.644,296,859264
3,4,0,0,0,3,4,2,0.692,296,870868
8,4,0,0,0,4,6,2,0.979,296,921588
1,2,0,0,0,4,3,1,0.666,327,826748
5,3,0,0,0,3,4,1,0.720,328,881424
2,2,0,0,0,3,4,1,0.621,327,853856
10,10,0,0,0,10,20,7,2.126,133,1011864
17,11,0,0,0,11,6,2,2.494,296,1081340
7,3,0,0,0,4,7,2,0.927,296,904040
19,10,0,0,0,7,7,1,1.858,326,1043428
45,0,0,0,0,20,8,3,4.340,262,1269032
7,2,0,0,0,3,4,1,0.742,328,890456
13,8,0,0,0,7,6,2,1.665,296,990360
5,4,0,0,0,5,4,2,1.066,296,907132
9,0,0,0,0,14,5,3,2.532,263,996900
5,4,0,0,0,2,4,1,0.579,327,876540
88,40,0,0,0,37,11,3,9.036,264,1928524
12,7,0,0,0,8,6,1,1.792,327,1004736
30,8,0,0,0,8,8,2,2.232,296,1117164
5,3,0,0,0,3,4,1,0.720,327,881420
4,3,0,0,0,6,4,1,1.183,327,906868
4,3,0,0,0,6,5,2,1.183,296,906868
6,2,0,0,0,3,4,1,0.722,327,881420
4,3,0,0,0,3,5,2,0.694,296,875748
27,11,0,0,0,11,7,2,2.713,294,1129924
2,2,0,0,0,2,4,1,0.457,328,839940
2,3,0,0,0,2,3,1,0.481,328,848976
1,1,0,0,0,1,2,1,0.245,328,817972
6,0,0,0,0,5,4,2,0.996,295,883472
3,2,0,0,0,2,3,1,0.481,328,848976
4,0,0,0,0,4,4,2,0.781,295,861312
4,3,0,0,0,4,4,2,0.859,296,883456
4,3,0,0,0,4,4,1,0.856,327,883456
6,6,0,0,0,7,9,3,1.464,264,951652
1,2,0,0,0,3,3,1,0.597,328,844820
5,3,0,0,0,3,5,2,0.720,296,881420
2,1,0,0,0,2,3,1,0.433,328,834532
18,6,0,0,0,6,7,2,1.575,296,998540
9,6,0,0,0,7,6,2,1.528,296,959304
3,2,0,0,0,2,4,1,0.481,328,848976
2,1,0,0,0,3,4,2,0.596,296,844820
8,0,0,0,0,7,4,3,1.368,264,921588
5,4,0,0,0,4,5,2,0.904,296,899688
2,2,0,0,0,3,3,2,0.622,296,853856
10,4,0,0,0,5,7,2,1.186,296,945784
3,2,0,0,0,6,4,1,1.144,327,890652
15,7,0,0,0,7,7,1,1.687,327,994452
6,0,0,0,0,9,4,3,1.645,262,927716
5,2,0,0,0,6,5,2,1.182,296,906868
3,1,0,0,0,1,3,1,0.293,328,832688
3,2,0,0,0,2,3,1,0.481,328,848976
15,7,0,0,0,4,6,1,1.212,327,986232
3,4,0,0,0,4,5,2,0.858,295,883456
4,3,0,0,0,3,5,1,0.694,327,875748
2,2,0,0,0,5,5,1,0.948,327,872904
1,2,0,0,0,3,3,1,0.596,327,844824
12,6,0,0,0,4,6,1,1.119,327,965380
4,4,0,0,0,4,4,2,0.880,296,892496
21,10,0,0,0,10,8,2,2.390,296,1078752
17,6,0,0,0,6,7,1,1.550,327,990360
19,5,0,0,0,5,6,1,1.427,327,1016808
2,2,0,0,0,2,4,1,0.457,328,839940
5,4,0,0,0,4,4,2,0.905,296,899684
6,4,0,0,0,5,4,2,1.090,296,914388
9,3,0,0,0,3,5,1,0.814,327,912356
6,0,0,0,0,6,5,2,1.159,295,894812
3,2,0,0,0,3,4,2,0.643,296,859260
5,3,0,0,0,5,5,2,1.043,295,899680
8,3,0,0,0,4,4,1,0.953,328,914396
23,11,0,0,0,14,8,2,3.118,296,1159836
9,6,0,0,0,5,7,2,1.208,296,946316
24,10,0,0,0,10,7,1,2.479,326,1131432
13,0,0,0,0,6,5,2,1.329,295,949604
4,4,0,0,0,5,5,2,1.042,295,901988
5,2,0,0,0,3,4,1,0.693,328,875748
4,0,0,0,0,5,4,2,0.946,296,872920
7,0,0,0,0,4,4,2,0.858,296,881428
3,3,0,0,0,2,4,1,0.505,328,854384
3,2,0,0,0,3,4,2,0.643,296,859260
4,4,0,0,0,3,4,1,0.720,327,881420
2,2,0,0,0,4,6,3,0.782,264,861296
5,5,0,0,0,6,10,4,1.255,231,928776
5,0,0,0,0,6,4,2,1.139,295,890656
32,0,0,0,0,15,6,2,3.231,294,1141228
6,2,0,0,0,5,4,2,1.042,295,899680
2,3,0,0,0,2,3,1,0.482,328,848976
6,5,0,0,0,4,4,2,0.952,296,914396
4,4,0,0,0,4,10,3,0.880,263,892492
13,7,0,0,0,7,7,2,1.653,296,998248
5,0,0,0,0,4,4,2,0.808,296,870604
14,9,0,0,0,8,6,1,1.892,327,1044516
5,0,0,0,0,6,4,2,1.137,295,890656
1,2,0,0,0,1,3,1,0.268,328,823644
19,0,0,0,0,12,5,3,2.428,263,1017988
6,5,0,0,0,6,5,2,1.274,296,921916
8,0,0,0,0,5,4,2,1.044,295,902004
3,1,0,0,0,1,4,1,0.293,328,832688
8,4,0,0,0,3,4,1,0.815,327,912356
24,13,0,0,0,12,7,2,2.846,295,1129928
6,6,0,0,0,6,15,5,1.301,198,943476
3,3,0,0,0,3,5,2,0.668,296,868560
18,7,0,0,0,6,6,1,1.615,327,1038380
20,9,0,0,0,8,6,2,2.025,295,1067520
11,6,0,0,0,6,5,2,1.411,296,955544
6,4,0,0,0,5,4,2,1.092,295,914396
2,0,0,0,0,2,3,2,0.408,296,825504
18,0,0,0,0,13,5,3,2.568,263,1013376
6,5,0,0,0,5,6,2,1.114,296,923884
5,0,0,0,0,5,4,2,0.974,295,877800
9,5,0,0,0,5,7,2,1.188,296,945784
4,3,0,0,0,4,5,1,0.858,327,883456
1,1,0,0,0,2,3,1,0.408,328,825496
4,5,0,0,0,4,4,1,0.904,327,899684
20,7,0,0,0,7,7,1,1.810,327,1026436
12,10,0,0,0,10,6,2,2.176,295,1017196
21,8,0,0,0,7,7,1,1.865,327,1059344
11,5,0,0,0,6,5,1,1.390,327,955216
15,5,0,0,0,5,6,1,1.335,327,986152
13,9,0,0,0,9,6,2,2.010,295,1008556
14,6,0,0,0,5,6,1,1.331,327,978232
8,4,0,0,0,5,5,1,1.140,327,923500
4,2,0,0,0,4,4,3,0.835,264,875740
18,9,0,0,0,6,7,1,1.645,326,1017200
4,0,0,0,0,5,4,3,0.946,263,872920
2,1,0,0,0,1,3,1,0.268,328,823644
11,7,0,0,0,9,5,2,1.933,296,1007316
16,6,0,0,0,6,6,1,1.526,327,986268
19,11,0,0,0,8,8,2,2.050,296,1065724
13,7,0,0,0,7,5,1,1.654,327,1002696
10,7,0,0,0,8,6,2,1.748,295,987992
16,0,0,0,0,15,5,3,2.842,262,1024384
11,0,0,0,0,6,5,2,1.276,295,927120
4,4,0,0,0,5,10,4,1.045,231,901996
3,2,0,0,0,3,4,1,0.644,328,859260
12,7,0,0,0,4,5,1,1.138,327,960888
18,8,0,0,0,9,7,2,2.125,295,1072880
15,4,0,0,0,7,7,2,1.623,296,978096
10,6,0,0,0,7,7,2,1.556,296,970188
3,3,0,0,0,3,5,2,0.670,296,868560
8,0,0,0,0,5,5,2,1.044,296,901996
14,9,0,0,0,6,5,1,1.550,327,988108
10,3,0,0,0,6,5,1,1.326,327,945988
35,19,0,0,0,11,8,2,3.122,295,1295856
17,6,0,0,0,6,7,1,1.552,327,990360
16,5,0,0,0,5,7,1,1.341,327,970380
5,0,0,0,0,6,4,3,1.139,263,890656
5,0,0,0,0,6,4,2,1.139,295,890656
5,3,0,0,0,4,5,2,0.879,296,892492
3,1,0,0,0,3,4,2,0.620,296,853856
4,4,0,0,0,3,4,1,0.719,327,881420
12,6,0,0,0,7,6,2,1.610,296,985952
4,3,0,0,0,4,5,1,0.856,327,883456
3,2,0,0,0,2,3,1,0.459,327,839936
22,9,0,0,0,11,8,2,2.555,295,1086936
3,2,0,0,0,2,4,1,0.482,328,848976
3,3,0,0,0,4,4,2,0.836,296,877784
3,1,0,0,0,2,4,1,0.457,328,839940
6,5,0,0,0,4,4,2,0.952,296,914396
15,6,0,0,0,5,6,1,1.342,327,970380
18,5,0,0,0,7,7,2,1.713,296,1002628
12,6,0,0,0,5,5,2,1.277,295,962472
3,0,0,0,0,3,4,2,0.596,296,844824
17,13,0,0,0,17,6,3,3.496,262,1120592
1,1,0,0,0,2,4,2,0.409,296,825496
2,3,0,0,0,2,3,1,0.481,328,848972
4,3,0,0,0,3,4,1,0.694,327,875740
12,6,0,0,0,7,6,1,1.609,327,985952
7,0,0,0,0,4,6,2,0.859,295,883472
2,2,0,0,0,3,4,2,0.622,296,853856
15,6,0,0,0,4,8,2,1.193,296,985696
4,3,0,0,0,8,4,1,1.511,327,927716
3,0,0,0,0,2,3,2,0.433,296,834536
31,16,0,0,0,16,7,2,3.738,295,1242744
2,2,0,0,0,2,4,2,0.457,296,839940
3,0,0,0,0,2,3,2,0.433,296,832688
9,0,0,0,0,6,5,3,1.230,263,916712
8,5,0,0,0,8,7,3,1.652,263,966828
9,0,0,0,0,6,4,2,1.232,295,921592
4,3,0,0,0,2,4,1,0.529,327,863680
2,2,0,0,0,3,4,2,0.621,296,853856
53,0,0,0,0,74,7,5,13.286,197,1752252
7,7,0,0,0,7,14,5,1.510,198,965576
5,0,0,0,0,4,4,2,0.809,296,870612
7,0,0,0,0,4,4,2,0.857,296,883472
3,2,0,0,0,3,4,2,0.644,296,859264
5,3,0,0,0,3,5,2,0.719,296,881420
13,10,0,0,0,9,6,2,2.039,295,1017200
29,11,0,0,0,17,7,2,3.748,295,1207696
4,3,0,0,0,3,4,1,0.693,328,875748
2,2,0,0,0,1,3,1,0.293,328,832688
2,3,0,0,0,3,4,1,0.644,327,859260
6,0,0,0,0,4,4,3,0.834,264,875752
25,7,0,0,0,7,8,2,1.935,296,1072104
5,5,0,0,0,6,8,3,1.253,263,928764
2,1,0,0,0,1,3,1,0.268,328,823644
6,5,0,0,0,6,6,2,1.279,295,932860
12,0,0,0,0,13,6,4,2.451,231,1000772
3,0,0,0,0,2,4,1,0.433,328,834536
2,2,0,0,0,2,3,1,0.457,328,839940
8,7,0,0,0,8,5,2,1.702,295,986160
44,27,0,0,0,25,8,2,5.752,294,1463284
4,1,0,0,0,6,4,1,1.137,327,890652
3,3,0,0,0,4,5,2,0.836,296,877784
3,1,0,0,0,3,3,2,0.621,296,853856
6,0,0,0,0,9,4,3,1.645,262,927716
27,10,0,0,0,10,8,2,2.556,295,1164412
7,0,0,0,0,6,5,2,1.184,295,906880
2,2,0,0,0,5,5,1,0.829,327,834716
3,3,0,0,0,3,5,1,0.669,327,868564
4,3,0,0,0,4,4,2,0.857,296,883456
6,4,0,0,0,5,4,2,1.091,296,913264
3,2,0,0,0,4,5,2,0.808,296,870596
8,5,0,0,0,14,5,3,2.623,263,1013316
3,2,0,0,0,2,3,1,0.482,328,848976
20,6,0,0,0,9,7,2,2.128,296,1072880
34,11,0,0,0,7,10,2,2.241,296,1158168
7,4,2,0,0,6,6,2,0.889,308,883484
4,0,0,0,0,4,4,2,0.782,296,861308
2,1,0,0,0,2,4,2,0.432,296,834528
31,8,0,0,0,8,8,2,2.274,296,1159208
3,3,0,0,0,3,4,1,0.668,328,868560
11,7,0,0,0,5,5,1,1.277,327,966960
11,5,0,0,0,5,7,2,1.234,296,955744
2,1,0,0,0,2,3,1,0.434,328,834532
3,2,0,0,0,3,4,1,0.645,327,859264
8,3,0,0,0,4,5,1,0.953,327,914396
3,3,0,0,0,2,4,1,0.505,328,854380
3,1,0,0,0,3,4,2,0.621,296,853856
14,9,0,0,0,8,5,1,1.877,327,1008544
5,3,0,0,0,4,7,2,0.879,296,892496
22,0,0,0,0,41,6,5,7.215,199,1280608
8,6,0,0,0,4,6,1,1.019,327,926452
15,9,0,0,0,7,5,2,1.754,296,1038376
7,4,0,0,0,2,4,1,0.625,327,892764
7,2,0,0,0,4,5,1,0.904,327,899680
5,2,0,0,0,3,4,2,0.692,296,870868
6,5,0,0,0,4,4,1,0.953,327,914396
31,14,0,0,0,11,8,2,2.881,296,1196900
13,0,0,0,0,7,7,2,1.492,295,958844
3,1,0,0,0,3,3,1,0.621,327,853856
5,5,0,0,0,5,4,2,1.090,296,914388
2,2,0,0,0,2,3,1,0.457,327,839940
10,0,0,0,0,5,4,2,1.092,295,916712
6,5,0,0,0,6,6,2,1.280,296,934180
7,6,0,0,0,5,5,1,1.163,327,938600
11,6,0,0,0,5,5,1,1.251,327,951588
6,5,0,0,0,6,5,2,1.278,295,925668
5,3,0,0,0,3,4,1,0.719,328,881420
17,7,0,0,0,12,8,3,2.551,264,1057636
9,4,0,0,0,2,4,1,0.675,327,907472
10,8,0,0,0,7,6,2,1.610,296,985952
19,8,0,0,0,11,7,2,2.470,296,1074960
4,0,0,0,0,3,3,2,0.619,295,848980
13,0,0,0,0,18,5,3,3.263,262,1035408
23,8,0,0,0,6,7,2,1.756,296,1080072
25,15,0,0,0,9,7,1,2.433,327,1123264
43,0,0,0,0,84,7,6,14.709,165,1785772
4,5,0,0,0,4,6,2,0.904,296,899684
8,0,0,0,0,7,4,2,1.369,295,921588
7,3,0,0,0,5,6,1,1.092,327,916696
2,1,0,0,0,2,4,2,0.433,296,834528
11,7,0,0,0,5,5,1,1.271,327,951920
10,5,0,0,0,6,6,2,1.374,296,959372
9,4,0,0,0,6,6,2,1.330,296,950660
13,8,0,0,0,8,5,1,1.828,327,994244
18,7,0,0,0,6,7,2,1.615,296,1038380
28,14,0,0,0,13,7,2,3.146,296,1207396
26,0,0,0,0,21,6,3,4.059,261,1131872
3,3,0,0,0,4,6,3,0.836,264,877784
10,4,0,0,0,4,7,2,1.023,296,930156
2,0,0,0,0,1,3,1,0.245,328,817976
2,2,0,0,0,3,4,2,0.621,295,853856
20,11,0,0,0,8,6,2,2.071,295,1074300
20,7,0,0,0,8,7,1,1.988,327,1071556
5,5,1,0,0,5,6,2,0.871,295,883464
14,9,0,0,0,8,5,1,1.873,327,1008544
2,2,0,0,0,2,4,1,0.457,328,839940
13,5,0,0,0,4,6,2,1.110,296,944460
2,1,0,0,0,2,4,1,0.433,328,834528
10,0,0,0,0,5,4,2,1.092,295,916712
22,8,0,0,0,9,7,2,2.216,295,1078660
19,7,0,0,0,9,8,2,2.125,295,1072880
7,3,0,0,0,1,4,1,0.438,327,874692
2,1,0,0,0,3,4,2,0.598,296,845840
1,1,0,0,0,2,3,1,0.385,328,819824
14,5,0,0,0,8,9,2,1.786,295,986272
15,0,0,0,0,8,5,2,1.701,295,980024
3,3,0,0,0,3,4,2,0.668,296,868564
3,0,0,0,0,4,3,3,0.758,264,853860
3,2,0,0,0,5,7,3,0.976,263,880092
3,4,0,0,0,5,5,2,1.021,296,894800
25,8,0,0,0,11,7,2,2.617,295,1133476
2,2,0,0,0,2,4,2,0.457,296,839940
2,1,0,0,0,2,3,1,0.434,328,834532
7,5,0,0,0,6,10,3,1.302,264,939848
2,2,0,0,0,2,3,1,0.456,328,839940
20,6,0,0,0,6,7,2,1.623,296,1011056
7,0,0,0,0,8,4,3,1.506,263,923628
38,11,0,0,0,10,8,2,2.843,296,1251860
4,3,0,0,0,6,9,4,1.184,231,906868
1,2,0,0,0,1,3,1,0.268,328,823644
14,6,0,0,0,5,6,1,1.336,327,986152
6,5,0,0,0,4,4,1,0.951,327,914396
37,24,0,0,0,14,9,2,3.784,294,1379072
3,2,0,0,0,2,5,1,0.481,327,848976
4,4,0,0,0,4,8,3,0.881,263,892492
6,0,0,0,0,5,4,2,0.996,295,883472
5,4,0,0,0,4,4,2,0.904,296,899680
7,0,0,0,0,8,4,3,1.506,263,921584
7,0,0,0,0,9,5,2,1.671,295,930808
3,0,0,0,0,3,3,2,0.596,296,844824
17,0,0,0,0,14,5,3,2.708,263,1017988
27,12,0,0,0,10,7,2,2.570,296,1127880
2,2,0,0,0,3,3,1,0.622,328,853856
2,2,0,0,0,2,4,1,0.457,328,839940
2,1,0,0,0,2,3,1,0.433,328,834528
6,0,0,0,0,4,5,2,0.836,295,877796
2,1,0,0,0,2,3,1,0.432,328,834528
2,2,0,0,0,2,3,1,0.457,328,839940
3,0,0,0,0,2,4,2,0.434,296,834536
6,0,0,0,0,9,4,3,1.647,263,927716
27,0,0,0,0,36,6,4,6.502,229,1264444
3,3,0,0,0,3,5,2,0.670,296,868560
7,4,0,0,0,10,8,4,1.930,231,970984
10,3,0,0,0,4,6,1,0.999,327,925664
3,3,0,0,0,3,5,2,0.670,296,868560
3,1,0,0,0,3,3,2,0.621,296,853856
19,6,0,0,0,6,7,1,1.613,327,1038380
27,18,0,0,0,16,10,3,3.692,264,1232624
13,5,0,0,0,5,5,1,1.272,327,951920
10,4,0,0,0,8,6,2,1.669,296,961344
3,4,0,0,0,3,4,2,0.693,296,875748
2,3,0,0,0,2,3,1,0.482,328,848976
27,14,0,0,0,11,9,2,2.801,295,1173620
1,0,0,0,1,1,3,1,0.220,328,808676
2,1,0,0,0,1,3,1,0.268,328,823644
16,7,0,0,0,6,6,1,1.561,327,1012252
15,0,0,0,0,16,5,3,2.999,263,1055868
4,2,0,0,0,1,3,1,0.341,327,847124
2,2,0,0,0,2,4,1,0.456,327,839940
3,2,0,0,0,2,4,1,0.481,328,848976
4,2,0,0,0,2,4,1,0.505,328,854384
5,4,0,0,0,2,4,1,0.578,328,876532
18,6,0,0,0,7,7,2,1.750,296,1040420
5,4,0,0,0,4,5,2,0.903,295,899680
4,5,0,0,0,4,5,1,0.905,327,899684
9,5,0,0,0,4,6,1,1.020,327,926456
2,1,0,0,0,2,3,1,0.432,328,834528
19,6,0,0,0,6,7,1,1.615,327,1038380
2,3,0,0,0,2,3,1,0.481,328,848976
3,2,0,0,0,3,4,1,0.644,327,859260
15,6,0,0,0,8,6,2,1.826,296,996496
3,3,0,0,0,2,4,1,0.504,328,854380
3,2,0,0,0,4,5,2,0.808,296,870596
4,3,0,0,0,5,7,3,1.020,263,894808
33,10,0,0,0,8,8,2,2.374,295,1188540
1,1,0,0,0,2,3,2,0.407,296,825500
16,8,0,0,0,7,7,2,1.755,296,1040420
1,1,0,0,0,1,3,1,0.245,328,817972
3,2,0,0,0,2,3,1,0.482,328,848976
20,5,0,0,0,8,8,2,1.919,296,1023336
21,10,0,0,0,8,9,2,2.075,295,1076344
17,11,0,0,0,11,6,2,2.497,295,1085576
3,2,0,0,0,2,4,1,0.482,328,848976
16,7,0,0,0,7,6,2,1.714,296,1002628
9,0,0,0,0,6,4,2,1.231,295,921592
3,4,0,0,0,4,8,3,0.856,263,883456
2,2,0,0,0,4,4,2,0.783,295,859252
2,1,0,0,0,1,3,1,0.268,328,823644
8,6,0,0,0,5,5,2,1.188,296,944728
4,3,0,0,0,4,4,1,0.857,327,883456
3,0,0,0,0,3,3,2,0.596,296,844824
1,3,0,0,0,2,3,1,0.457,328,839940
17,7,0,0,0,5,6,1,1.409,327,986732
14,5,0,0,0,4,7,2,1.135,296,950600
1,2,0,0,0,2,3,1,0.434,328,834532
5,3,0,0,0,3,4,1,0.719,327,881420
10,5,0,0,0,6,6,2,1.372,296,959372
13,0,0,0,0,18,5,2,3.269,294,1035632
3,0,0,0,0,4,3,2,0.761,296,855908
4,4,0,0,0,3,4,1,0.719,327,881420
10,7,0,0,0,6,5,1,1.416,327,966096
4,2,0,0,0,4,7,3,0.836,263,877784
5,4,0,0,0,4,4,1,0.904,327,899684
18,11,0,0,0,11,7,2,2.514,295,1095148
2,2,0,0,0,1,3,1,0.293,328,832688
34,16,0,0,0,13,7,2,3.350,295,1291432
12,4,0,0,0,4,6,1,1.074,327,949612
8,3,0,0,0,5,5,2,1.115,296,922828
3,0,0,0,0,4,3,1,0.761,327,855904
10,4,0,0,0,5,6,2,1.189,295,945784
21,6,0,0,0,6,7,1,1.645,327,1017200
2,3,0,0,0,2,4,1,0.457,328,839940
21,2,0,0,4,8,7,1,1.889,327,1035084
30,13,0,0,0,11,8,2,2.829,296,1160656
7,3,0,0,0,3,6,1,0.765,327,897648
1,1,0,0,0,3,3,2,0.571,296,834528
2,1,0,0,0,2,4,2,0.433,296,834528
20,6,0,0,0,7,7,1,1.780,327,1021292
15,9,0,0,0,7,5,1,1.734,327,1006500
12,7,0,0,0,8,5,1,1.789,327,1004740
12,6,0,0,0,5,7,2,1.272,296,951920
18,7,0,0,0,7,7,2,1.764,296,1015152
10,0,0,0,0,5,4,2,1.091,296,914400
11,8,0,0,0,7,6,1,1.628,327,992064
2,3,0,0,0,3,4,1,0.644,327,859256
2,1,0,0,0,3,4,2,0.596,296,844820
8,4,0,0,0,3,4,1,0.813,327,912352
30,17,0,0,0,14,7,2,3.412,295,1223384
5,5,0,0,0,5,4,2,1.090,296,914388
7,4,0,0,0,4,5,1,0.950,327,914396
6,0,0,0,0,4,4,2,0.837,296,877796
22,0,0,0,0,41,6,5,7.216,197,1280604
7,0,0,0,0,4,4,2,0.857,296,883472
16,5,0,0,0,6,7,1,1.506,327,980140
3,2,0,0,0,3,5,2,0.644,296,859264
59,0,0,0,0,68,7,5,12.463,197,1734584
3,3,0,0,0,3,5,2,0.669,296,868560
14,9,0,0,0,8,5,1,1.876,327,1012216
4,3,0,0,0,2,4,1,0.528,328,863680
3,0,0,0,0,3,4,2,0.596,296,844824
2,2,0,0,0,3,4,1,0.621,328,853856
16,5,0,0,0,5,7,2,1.341,296,970380
2,1,0,0,0,2,3,1,0.433,328,834528
10,5,0,0,0,6,5,1,1.373,327,963528
23,8,0,0,0,6,7,1,1.742,326,1049780
18,9,0,0,0,4,8,1,1.339,327,1031188
10,3,0,0,0,4,7,2,0.999,296,925664
17,7,0,0,0,5,8,2,1.408,296,986728
2,1,0,0,0,2,3,2,0.433,296,834532
2,3,0,0,0,3,5,2,0.645,296,859260
4,2,0,0,0,3,4,1,0.669,327,868560
11,8,0,0,0,6,6,2,1.475,296,989788
12,0,0,0,0,9,5,3,1.790,263,965572
6,5,0,0,0,4,4,1,0.952,327,914396
4,0,0,0,0,3,4,2,0.621,295,853860
3,2,0,0,0,2,3,1,0.482,328,848976
11,4,0,0,0,5,6,1,1.211,327,951912
3,3,0,0,0,3,6,2,0.669,296,868560
6,5,0,0,0,6,6,2,1.277,295,927128
2,1,0,0,0,1,3,1,0.268,329,823644
8,5,0,0,0,5,6,1,1.158,327,928036
8,3,0,0,0,4,4,2,0.951,296,912352
20,11,0,0,0,8,7,2,2.076,296,1076344
3,2,0,0,0,2,4,2,0.481,296,848976
11,6,0,0,0,7,7,2,1.583,295,981868
3,2,0,0,0,3,4,2,0.643,295,859260
4,4,0,0,0,2,4,1,0.554,327,870864
10,0,0,0,0,5,4,2,1.092,296,914404
4,0,0,0,0,3,3,2,0.621,296,853860
2,1,0,0,0,1,3,1,0.269,328,823644
1,2,0,0,0,2,3,1,0.433,328,834528
2,0,0,0,0,3,3,2,0.572,295,839416
7,4,0,0,0,4,4,1,0.954,327,914396
19,8,0,0,0,5,7,1,1.482,327,1007440
2,2,0,0,0,2,4,1,0.457,328,839940
25,11,0,0,0,9,8,2,2.352,295,1111336
3,2,0,0,0,5,6,3,0.975,263,880092
2,2,0,0,0,2,4,1,0.457,328,839940
3,1,0,0,0,2,4,1,0.457,328,839940
22,9,0,0,0,5,8,1,1.577,327,1035716
21,6,0,0,0,7,7,1,1.811,327,1026436
4,3,0,0,0,3,5,2,0.693,296,875748
19,7,0,0,0,6,8,1,1.621,327,1011056
21,6,0,0,0,8,7,1,1.990,327,1071564
3,0,0,0,0,6,4,3,1.085,264,872916
3,0,0,0,0,2,3,1,0.433,328,834536
3,2,0,0,0,3,5,1,0.643,328,859260
6,5,0,0,0,4,5,1,0.951,327,914396
4,0,0,0,0,3,3,1,0.622,327,853860
5,3,0,0,0,4,5,2,0.879,296,892492
10,7,0,0,0,6,5,1,1.417,327,966096
5,0,0,0,0,4,4,2,0.809,296,870612
1,1,0,0,0,1,2,1,0.245,329,817972
13,5,0,0,0,5,6,1,1.270,327,951920
6,0,0,0,0,7,5,2,1.323,295,902000
18,7,0,0,0,6,7,1,1.613,327,1038380
5,0,0,0,0,6,4,3,1.137,263,890656
9,7,0,0,0,7,5,2,1.555,296,966100
4,1,0,0,0,2,3,2,0.482,296,848976
7,4,0,0,0,6,6,2,1.276,295,927128
3,0,0,0,0,4,4,3,0.759,264,855904
12,5,0,0,0,13,7,2,2.545,295,1017784
9,0,0,0,0,6,4,3,1.232,263,914404
27,14,0,0,0,15,8,2,3.444,295,1210212
3,2,0,0,0,2,6,2,0.482,296,848976
10,5,0,0,0,6,5,1,1.376,327,959372
2,2,0,0,0,2,5,2,0.456,296,839940
6,2,0,0,0,3,4,2,0.718,296,881420
5,4,0,0,0,4,4,1,0.904,327,899684
5,0,0,0,0,4,4,2,0.808,296,870612
22,7,0,0,0,9,7,2,2.191,296,1068296
7,0,0,0,0,4,4,2,0.858,296,883472
8,6,0,0,0,6,6,2,1.352,296,949944
11,0,0,0,0,20,5,4,3.557,231,1068992
26,13,0,0,0,14,9,2,3.229,295,1163228
4,4,0,0,0,3,4,1,0.719,328,881420
2,2,0,0,0,1,3,1,0.293,328,832688
5,0,0,0,0,4,4,2,0.808,295,870608
5,4,0,0,0,4,5,1,0.904,327,899684
6,4,0,0,0,5,4,2,1.091,296,914388
6,3,0,0,0,3,5,2,0.743,296,890456
20,8,0,0,0,5,8,2,1.503,296,1013564
7,3,0,0,0,3,6,1,0.766,327,897644
3,2,0,0,0,4,4,2,0.809,295,868552
3,0,0,0,0,4,3,2,0.760,296,853864
3,2,0,0,0,2,4,1,0.482,328,848976
23,11,0,0,0,12,7,2,2.782,295,1115616
2,2,0,0,0,3,3,2,0.620,296,848976
3,2,0,0,0,3,4,2,0.644,296,859260
3,2,0,0,0,2,3,1,0.482,327,848976
3,3,0,0,0,4,5,2,0.836,296,877784
10,5,0,0,0,4,5,1,1.049,327,942424
12,11,0,0,0,8,5,1,1.891,327,1044516
9,4,0,0,0,5,6,2,1.157,296,928036
6,4,0,0,0,5,6,2,1.091,296,916696
11,5,0,0,0,5,7,2,1.235,296,957064
11,10,0,0,0,10,5,2,2.170,295,1037656
15,6,0,0,0,6,6,2,1.521,296,1009104
8,3,0,0,0,4,7,2,0.951,296,914400
16,10,0,0,0,8,7,2,1.946,296,1028484
5,2,0,0,0,3,4,1,0.695,327,875752
6,3,0,0,0,6,5,2,1.230,295,916696
35,12,0,0,0,12,7,2,3.082,295,1204604
4,1,0,0,0,2,3,1,0.481,328,848976
2,2,0,0,0,2,3,1,0.457,328,839940
11,6,0,0,0,6,6,1,1.417,327,966096
2,2,0,0,0,3,3,2,0.620,296,853856
2,2,0,0,0,2,3,2,0.456,296,839940
17,8,0,0,0,8,8,2,1.924,295,1023336
3,3,0,0,0,3,4,2,0.669,296,868564
4,2,0,0,0,5,4,2,0.997,296,883456
6,0,0,0,0,6,4,3,1.157,263,894812
2,2,0,0,0,2,3,2,0.457,296,839940
3,2,0,0,0,3,5,2,0.644,296,859260
8,3,0,0,0,3,6,1,0.788,327,901472
1,2,0,0,0,2,3,1,0.433,328,834532
10,5,0,0,0,5,5,1,1.210,327,946316
7,4,0,0,0,4,4,1,0.953,327,914396
2,1,0,0,0,2,4,2,0.433,296,834532
7,6,0,0,0,7,12,4,1.490,230,951716
29,9,0,0,0,6,8,1,1.914,326,1104376
8,6,0,0,0,9,6,2,1.833,295,974860
21,10,0,0,0,8,6,1,2.074,326,1076344
25,6,0,0,0,8,8,1,2.085,327,1101092
17,0,0,0,0,14,5,2,2.706,294,1024384
34,15,0,0,0,10,8,2,2.811,295,1198472
2,2,0,0,0,2,4,1,0.456,327,839940
6,0,0,0,0,9,4,3,1.647,264,927716
7,6,0,0,0,5,5,2,1.166,295,938596
4,0,0,0,0,3,3,1,0.620,327,853860
3,0,0,0,0,2,3,2,0.432,296,834536
6,2,0,0,0,3,5,1,0.720,328,881416
32,16,0,0,0,15,7,2,3.594,295,1240696
16,6,0,0,0,5,6,1,1.366,327,976512
22,6,0,0,0,5,7,1,1.520,327,1042064
1,1,0,0,0,3,3,2,0.572,296,839408
4,0,0,0,0,2,3,1,0.457,328,839944
3,3,0,0,0,3,4,2,0.670,296,868560
5,2,0,0,0,4,4,1,0.857,327,883456
22,0,0,0,0,6,8,2,1.535,296,1003704
17,7,0,0,0,9,8,2,2.060,296,1025640
9,5,0,0,0,5,5,1,1.189,327,944464
6,0,0,0,0,9,4,3,1.646,263,927716
10,6,0,0,0,7,7,2,1.553,296,970184
11,6,0,0,0,4,5,1,1.094,327,955476
7,3,0,0,0,3,5,1,0.766,327,897644
18,6,0,0,0,4,7,1,1.249,327,981324
3,2,0,0,0,3,4,1,0.643,327,859260
10,0,0,0,0,5,4,2,1.091,295,914400
9,0,0,0,0,6,4,2,1.231,295,916712
4,2,0,0,0,2,4,1,0.504,327,854380
20,11,0,0,0,8,8,2,2.076,295,1076344
4,0,0,0,0,6,6,4,1.112,232,884972
20,8,0,0,0,9,7,2,2.157,296,1058476
2,2,0,0,0,2,3,1,0.456,327,839940
2,1,0,0,0,1,3,1,0.268,328,823644
1,2,0,0,0,2,3,1,0.433,328,834532
10,4,0,0,0,4,6,1,1.021,327,926456
3,3,0,0,0,3,5,1,0.669,328,868560
23,10,0,0,0,9,6,2,2.276,295,1080268
10,5,0,0,0,5,6,1,1.211,327,951912
16,6,0,0,0,5,7,1,1.365,327,976512
4,5,0,0,0,3,5,1,0.742,327,890456
6,5,0,0,0,4,6,2,0.952,295,911692
3,2,0,0,0,2,3,1,0.481,328,848976
15,9,0,0,0,7,9,2,1.752,295,1040420
8,3,0,0,0,6,5,1,1.279,327,932860
15,7,0,0,0,9,7,2,2.012,296,1008556
13,5,0,0,0,5,5,1,1.282,327,975144
18,7,0,0,0,6,8,1,1.616,327,1038380
8,3,0,0,0,4,5,1,0.952,327,914396
19,6,0,0,0,6,7,1,1.616,327,1038380
20,6,0,0,0,6,7,1,1.621,327,1011056
7,4,0,0,0,4,4,1,0.952,327,914396
5,4,0,0,0,4,5,2,0.906,296,899688
4,0,0,0,0,3,3,2,0.620,296,853860
5,4,0,0,0,2,4,1,0.578,327,876540
15,5,0,0,0,6,6,1,1.482,327,974008
26,12,0,0,0,14,9,2,3.224,295,1182328
4,3,0,0,0,4,4,1,0.859,327,883464
4,2,0,0,0,3,4,2,0.670,296,868560
2,1,0,0,0,2,3,1,0.433,328,834528
3,3,0,0,0,3,4,2,0.669,296,868560
2,2,0,0,0,3,3,1,0.621,328,853856
2,2,0,0,0,2,3,2,0.457,296,839940
6,5,0,0,0,4,5,1,0.953,327,914396
6,5,0,0,0,4,4,1,0.952,327,914396
6,5,0,0,0,6,6,2,1.278,295,927128
5,3,0,0,0,3,4,2,0.719,296,881420
5,3,0,0,0,3,4,1,0.719,327,881420
3,0,0,0,0,4,3,2,0.761,295,853860
4,2,0,0,0,2,4,1,0.505,327,854380
9,0,0,0,0,14,5,4,2.535,231,996896
4,4,0,0,0,3,4,2,0.718,296,881420
10,6,0,0,0,6,6,2,1.387,296,945788
27,0,0,0,0,20,6,4,3.927,231,1152508
3,1,0,0,0,2,3,1,0.457,327,839936
4,3,0,0,0,2,4,1,0.530,327,863680
12,3,0,0,0,10,6,2,2.031,295,995172
4,0,0,0,0,3,3,2,0.620,295,848980
11,7,0,0,0,7,8,2,1.614,296,993872
10,6,0,0,0,5,6,1,1.233,327,955744
3,3,0,0,0,3,4,1,0.670,327,868560
1,2,0,0,0,2,3,1,0.433,328,834528
5,2,0,0,0,4,4,1,0.858,327,883456
6,5,0,0,0,6,5,2,1.277,296,932856
18,5,0,0,0,7,6,2,1.715,296,1002628
8,4,0,0,0,5,6,2,1.141,296,929300
5,4,0,0,0,4,4,2,0.904,296,899684
7,4,0,0,0,6,6,2,1.277,295,927128
20,10,0,0,0,8,9,2,2.050,296,1065724
4,4,0,0,0,5,6,2,1.043,296,901988
15,5,0,0,0,8,6,2,1.806,296,992408
9,5,0,0,0,3,6,1,0.861,327,923628
19,0,0,0,0,20,6,4,3.738,230,1083804
3,2,0,0,0,3,4,2,0.644,296,859264
5,4,0,0,0,4,5,1,0.904,327,899684
2,2,0,0,0,2,4,2,0.456,296,839940
5,1,0,0,0,4,4,2,0.836,296,877784
7,3,0,0,0,4,7,2,0.927,296,904036
9,0,0,0,0,6,4,2,1.230,295,914404
6,0,0,0,0,9,4,3,1.647,263,927716
5,4,0,0,0,4,6,2,0.905,295,899684
15,12,0,0,0,14,8,2,2.941,295,1085836
22,11,0,0,0,10,9,1,2.442,326,1110504
5,4,0,0,0,6,4,2,1.230,295,914388
2,1,0,0,0,2,3,2,0.433,296,834532
2,3,0,0,0,2,3,1,0.481,328,848972
7,2,0,0,0,6,4,2,1.230,295,916696
3,2,0,0,0,2,4,1,0.481,328,848976
3,3,0,0,0,2,5,1,0.505,327,854384
0,1,0,0,0,2,2,1,0.385,328,819816
3,2,0,0,0,4,4,2,0.807,296,870604
6,0,0,0,0,4,4,2,0.836,296,877796
3,0,0,0,0,3,3,1,0.596,328,844824
3,0,0,0,0,2,3,1,0.433,328,834536
4,2,0,0,0,3,4,2,0.669,296,868560
12,5,0,0,0,5,6,1,1.251,327,951588
4,5,0,0,0,5,4,2,1.066,296,907668
13,8,0,0,0,7,7,1,1.674,327,1003016
11,7,0,0,0,7,6,1,1.611,327,985952
6,0,0,0,0,9,4,3,1.646,263,927716
22,10,0,0,0,9,7,2,2.245,295,1074136
8,3,0,0,0,5,5,1,1.116,327,923884
25,10,0,0,0,10,6,2,2.507,296,1149776
7,4,0,0,0,6,6,2,1.276,296,932860
21,9,0,0,0,5,7,1,1.572,327,1060548
10,0,0,0,0,5,4,2,1.091,295,914400
6,0,0,0,0,9,4,3,1.649,263,927716
9,0,0,0,0,6,4,2,1.232,295,916712
2,1,0,0,0,2,3,1,0.433,328,834528
4,0,0,0,0,4,4,2,0.783,295,859268
4,0,0,0,0,2,4,2,0.457,296,839944
17,9,0,0,0,5,5,1,1.479,326,1033504
16,5,0,0,0,6,7,1,1.507,327,980144
2,2,0,0,0,2,3,2,0.457,296,839940
2,2,0,0,0,3,4,2,0.621,296,853856
2,2,0,0,0,3,3,2,0.620,296,853856
5,0,0,0,0,4,4,2,0.807,295,870608
7,5,0,0,0,7,5,2,1.464,295,945980
2,3,0,0,0,3,4,2,0.644,296,859260
20,14,0,0,0,14,8,2,3.118,294,1159832
4,2,0,0,0,3,5,2,0.669,296,868560
16,9,0,0,0,6,7,1,1.615,327,1038380
16,6,0,0,0,5,7,1,1.368,327,976512
19,7,0,0,0,5,7,1,1.476,327,1033500
4,3,0,0,0,2,4,1,0.529,327,863680
6,2,0,0,0,4,4,2,0.880,295,890452
30,14,0,0,0,13,7,2,3.179,295,1190972
16,8,0,0,0,5,6,1,1.413,327,986728
19,8,0,0,0,7,7,2,1.808,296,1026436
5,4,0,0,0,1,4,1,0.414,328,869020
5,4,0,0,0,4,5,1,0.904,327,899684
4,3,0,0,0,4,4,1,0.857,328,883456
3,2,0,0,0,2,4,1,0.481,327,848976
7,0,0,0,0,6,5,2,1.182,295,906880
14,10,0,0,0,6,8,2,1.575,295,996288
6,4,0,0,0,4,5,2,0.927,296,905556
8,0,0,0,0,7,4,3,1.368,263,916708
5,4,0,0,0,4,4,1,0.905,327,899684
8,0,0,0,0,7,4,2,1.369,295,921588
6,4,0,0,0,4,4,2,0.928,296,905360
25,12,0,0,0,11,8,2,2.706,295,1151392
1,1,0,0,0,3,3,1,0.573,328,839412
27,10,0,0,0,10,10,2,2.532,295,1124752
11,0,0,0,0,20,5,4,3.538,230,1035404
10,5,0,0,0,4,7,2,1.048,296,943512
10,5,0,0,0,6,6,2,1.373,296,959372
9,4,0,0,0,6,7,2,1.328,295,950660
17,5,0,0,0,6,9,1,1.527,327,986272
7,4,0,0,0,4,4,1,0.954,327,914396
3,2,0,0,0,3,4,2,0.643,296,859260
20,7,0,0,0,8,8,2,1.988,296,1071564
22,9,0,0,0,11,8,2,2.546,295,1084888
2,1,0,0,0,3,3,2,0.595,296,839944
20,6,0,0,0,7,8,2,1.797,296,1042928
2,2,0,0,0,3,4,2,0.622,296,853856
4,1,0,0,0,4,4,2,0.807,296,868552
20,5,0,0,0,6,6,1,1.596,327,1005828
1,0,0,0,0,2,2,1,0.360,328,810524
21,9,0,0,0,5,7,1,1.560,327,1047732
2,2,0,0,0,3,3,1,0.621,328,853856
4,3,0,0,0,3,4,1,0.694,328,875748
1,1,0,0,0,2,3,2,0.408,296,825496
27,15,0,0,0,13,7,2,3.131,295,1180008
2,2,0,0,0,3,3,1,0.621,327,853856
15,0,0,0,0,16,5,4,2.985,231,1024132
17,5,0,0,1,6,8,1,1.527,326,986276
6,5,0,0,0,5,6,2,1.109,296,908860
21,0,0,0,0,10,5,2,2.156,294,1011060
1,0,0,0,0,2,2,2,0.385,296,819824
2,1,0,0,0,1,3,1,0.268,328,823644
2,1,0,0,0,4,3,1,0.761,327,855896
2,1,0,0,0,2,3,2,0.433,296,834532
14,10,0,0,0,7,5,2,1.736,296,1006500
7,0,0,0,0,5,5,2,1.021,295,894812
1,2,0,0,0,1,3,1,0.268,328,823644
24,9,0,0,0,7,8,2,1.956,296,1080432
10,0,0,0,0,5,4,2,1.090,295,914396
13,9,0,0,0,9,5,1,2.015,327,1011128
5,5,0,0,0,5,9,3,1.092,263,916696
4,2,0,0,0,4,6,2,0.834,296,877784
25,0,0,0,0,10,8,2,2.267,295,1076768
4,2,0,0,0,2,4,1,0.504,327,854380
3,2,0,0,0,2,4,1,0.482,328,848976
18,6,0,0,0,6,6,1,1.575,327,998540
9,5,0,0,0,2,5,1,0.700,327,914660
19,7,0,0,0,6,7,1,1.623,327,1011056
2,0,0,0,0,5,3,3,0.899,264,855900
6,1,0,0,0,4,4,2,0.856,296,881412
4,0,0,0,0,3,3,2,0.620,295,848980
18,0,0,0,0,13,5,3,2.572,262,1017992
18,7,0,0,0,7,8,1,1.762,327,1015152
18,8,0,0,0,7,8,2,1.785,296,1021292
2,2,0,0,0,3,5,2,0.621,296,853856
4,4,0,0,0,6,6,2,1.205,295,912540
3,2,0,0,0,2,6,2,0.482,296,848976
1,1,0,0,0,2,3,1,0.408,328,825500
17,6,0,0,0,6,7,2,1.569,296,1021688
5,3,0,0,0,3,4,1,0.719,327,881420
11,6,0,0,0,7,6,2,1.586,296,981868
6,0,0,0,0,9,4,2,1.648,295,923628
10,7,0,0,0,6,6,1,1.418,327,966096
2,1,0,0,0,4,3,3,0.760,264,853852
30,10,0,0,0,14,8,2,3.250,295,1184220
9,6,0,0,0,5,6,1,1.207,327,946316
18,7,0,0,0,6,7,2,1.614,296,1038380
15,6,0,0,0,4,6,1,1.193,327,984572
16,7,0,0,0,6,7,2,1.553,296,990360
2,1,0,0,0,1,3,1,0.269,328,823644
13,9,0,0,0,9,6,2,2.013,296,1011128
2,2,0,0,0,2,3,1,0.457,327,839940
15,0,0,0,0,6,7,2,1.370,296,956244
26,6,0,0,0,7,9,1,1.933,327,1068564
3,2,0,0,0,4,5,2,0.687,296,830108
20,7,0,0,0,6,7,2,1.647,296,1017200
26,9,0,0,0,12,10,2,2.822,295,1141228
18,8,0,0,0,8,7,2,1.944,296,1028484
11,0,0,0,0,6,5,2,1.274,295,923496
20,9,0,0,0,9,7,2,2.194,295,1068296
1,2,0,0,0,2,3,1,0.433,328,834532
3,2,0,0,0,2,3,1,0.482,328,848976
6,4,0,0,0,5,4,2,1.091,296,916696
13,0,0,0,0,18,5,2,3.286,294,1068992
2,1,0,0,0,3,3,1,0.597,328,844820
26,11,0,0,0,11,7,2,2.703,296,1144264
3,1,0,0,0,2,4,1,0.456,328,839940
5,4,0,0,0,4,4,1,0.903,327,899684
23,0,0,0,0,40,6,4,7.054,229,1280604
5,5,0,0,0,5,5,2,1.088,296,913264
3,2,0,0,0,2,4,2,0.481,296,848976
4,4,0,0,0,3,4,1,0.720,327,881420
14,8,0,0,0,9,6,2,2.011,295,1008556
1,2,0,0,0,2,3,1,0.433,328,834528
2,4,0,0,0,4,4,2,0.835,296,877784
13,0,0,0,0,8,5,3,1.651,264,964772
8,4,0,0,0,4,5,1,0.978,327,921584
13,4,0,0,0,5,7,2,1.259,296,967692
20,6,0,0,0,7,7,2,1.784,296,1021292
11,0,0,0,0,4,4,1,0.952,327,914404
3,1,0,0,0,3,3,1,0.621,328,853856
4,4,0,0,0,3,6,2,0.719,295,881420
3,1,0,0,0,2,3,1,0.457,328,839940
6,0,0,0,0,5,4,3,0.997,264,883476
11,10,0,0,0,10,5,2,2.152,295,1011068
8,0,0,0,0,7,4,2,1.369,295,921588
5,0,0,0,0,6,4,2,1.137,296,890644
12,7,0,0,0,7,6,2,1.631,296,992064
10,7,0,0,0,2,6,1,0.767,327,933056
31,17,0,0,0,17,8,2,3.932,295,1261308
5,5,0,0,0,5,4,2,1.090,296,914388
4,2,0,0,0,3,4,1,0.669,327,868560
10,5,0,0,0,5,6,1,1.210,327,951912
6,3,0,0,0,6,4,2,1.230,295,916696
5,5,0,0,0,5,4,2,1.091,296,914388
14,9,0,0,0,10,10,3,2.201,263,1028008
6,5,0,0,0,6,6,2,1.280,296,934180
16,6,0,0,0,5,6,1,1.368,327,976512
22,0,0,0,0,41,6,5,7.188,198,1280604
2,3,0,0,0,2,4,1,0.481,328,848976
9,0,0,0,0,6,4,2,1.229,295,914396
2,1,0,0,0,4,3,1,0.761,327,855896
7,0,0,0,0,8,4,3,1.505,262,921584
1,1,0,0,0,2,3,2,0.408,296,825496
2,2,0,0,0,3,3,2,0.621,296,853856
9,4,0,0,0,6,7,2,1.327,296,950660
24,8,0,0,0,9,7,2,2.247,295,1074136
3,0,0,0,0,4,3,3,0.760,264,853860
4,3,0,0,0,3,4,2,0.693,296,875748
2,2,0,0,0,3,3,1,0.621,328,853856
2,1,0,0,0,4,3,2,0.760,295,853848
6,4,0,0,0,4,5,1,0.927,327,905556
3,2,0,0,0,2,3,1,0.481,327,848972
3,0,0,0,0,3,4,3,0.596,264,844824
29,0,0,0,0,34,6,4,6.233,230,1256984
5,1,0,0,0,5,4,3,0.996,264,883456
3,2,0,0,0,2,4,1,0.456,328,839944
21,8,0,0,0,6,7,1,1.711,327,1065428
16,7,0,0,0,6,7,2,1.549,296,990360
5,4,0,0,0,4,4,1,0.905,327,899684
7,0,0,0,0,8,4,2,1.507,295,923628
18,7,0,0,0,8,7,2,1.924,296,1023336
18,8,0,0,0,6,7,1,1.624,327,1010828
5,0,0,0,0,2,3,1,0.482,328,848980
12,10,0,0,0,9,7,2,2.011,295,1008552
19,0,0,0,0,12,5,3,2.429,263,1011064
3,2,0,0,0,2,3,1,0.481,328,848976
3,2,0,0,0,2,3,1,0.481,328,848976
5,5,0,0,0,6,8,3,1.256,264,928764
6,4,0,0,0,5,4,2,1.091,296,914388
20,0,0,0,0,9,6,2,1.967,295,999060
8,4,0,0,0,4,6,2,0.977,296,921584
19,6,0,0,0,4,7,1,1.269,327,985412
3,2,0,0,0,2,3,1,0.481,328,848976
9,0,0,0,0,6,4,2,1.233,295,921592
18,7,0,0,0,6,7,2,1.615,296,1038380
2,1,0,0,0,1,3,1,0.269,328,823644
2,2,0,0,0,2,4,1,0.457,328,839940
16,7,0,0,0,4,7,1,1.227,327,975192
3,4,0,0,0,5,6,2,1.020,296,894800
21,9,0,0,0,7,7,1,1.882,326,1053864
8,6,0,0,0,5,6,2,1.184,296,942352
2,3,0,0,0,2,3,1,0.482,328,848976
15,0,0,0,0,12,5,3,2.336,264,995500
5,3,0,0,0,7,4,2,1.369,295,916696
9,6,0,0,0,4,5,1,1.049,327,942424
4,1,0,0,0,3,4,2,0.644,296,859260
4,3,0,0,0,4,4,2,0.856,295,881412
13,5,0,0,0,5,6,1,1.271,327,951920
4,2,0,0,0,3,4,2,0.669,296,868560
4,4,0,0,0,3,4,1,0.719,327,881420
6,0,0,0,0,4,4,2,0.837,296,875752
5,4,0,0,0,4,5,1,0.902,327,899680
4,0,0,0,0,5,4,3,0.947,264,870612
6,5,0,0,0,4,4,1,0.953,327,914400
13,6,0,0,0,8,5,2,1.787,295,1000292
17,8,0,0,0,6,7,1,1.615,327,1038380
10,7,0,0,0,10,7,2,2.069,295,1011928
3,3,0,0,0,2,4,1,0.504,328,854380
4,3,0,0,0,4,5,1,0.857,327,883456
3,3,0,0,0,4,5,2,0.835,296,877784
4,4,0,0,0,3,4,2,0.719,296,881420
5,4,0,0,0,6,4,2,1.229,295,914396
9,0,0,0,0,8,5,2,1.556,294,934896
11,5,0,0,0,6,7,2,1.390,295,955212
3,2,0,0,0,3,4,1,0.645,327,859260
7,4,0,0,0,3,5,1,0.788,327,901468
5,4,0,0,0,5,5,2,1.066,295,907132
2,2,0,0,0,2,3,1,0.456,328,839940
7,0,0,0,0,8,4,2,1.507,295,923628
4,0,0,0,0,4,4,3,0.783,264,861312
26,13,0,0,0,18,7,2,3.874,295,1206332
3,4,0,0,0,3,5,2,0.693,296,875748
5,5,0,0,0,5,4,2,1.091,296,914388
27,15,0,0,0,14,9,2,3.299,295,1203224
2,2,0,0,0,4,4,2,0.783,296,861296
8,6,0,0,0,7,5,2,1.513,296,965576
22,11,0,0,0,12,7,2,2.758,295,1109484
4,3,0,0,0,4,6,2,0.857,295,883456
4,0,0,0,0,3,4,2,0.622,296,853860
9,0,0,0,0,6,4,2,1.231,295,916712
26,12,0,0,0,7,8,2,2.066,295,1094124
10,5,0,0,0,4,5,1,1.042,327,928316
3,2,0,0,0,2,3,1,0.480,327,848976
17,7,0,0,0,7,8,2,1.754,296,1040440
4,0,0,0,0,4,4,2,0.784,296,861312
4,2,0,0,0,3,4,2,0.669,296,868560
15,6,0,0,0,4,5,1,1.193,327,984572
3,4,0,0,0,4,4,1,0.858,327,883456
10,5,0,0,0,4,6,1,1.049,327,943144
6,0,0,0,0,9,4,3,1.649,263,927716
9,6,0,0,0,5,6,2,1.210,296,946316
6,4,0,0,0,5,4,2,1.090,295,914388
18,7,0,0,0,4,8,1,1.271,327,985412
5,4,0,0,0,6,4,2,1.231,295,916696
10,3,0,0,0,6,5,1,1.329,327,950660
11,7,0,0,0,6,7,2,1.449,295,987208
6,3,0,0,0,4,5,1,0.904,327,899688
8,0,0,0,0,6,4,2,1.205,295,907676
2,1,0,0,0,3,3,1,0.595,327,844820
9,3,0,0,0,4,5,1,0.978,327,921588
23,10,0,0,0,8,7,1,2.111,327,1071572
3,1,0,0,0,2,4,1,0.457,328,839940
3,1,0,0,0,3,3,1,0.621,327,853856
1,2,0,0,0,2,3,2,0.432,296,834532
3,2,0,0,0,2,4,1,0.481,328,848976
3,3,0,0,0,3,5,2,0.668,296,868560
20,10,0,0,0,9,7,2,2.215,295,1078660
4,2,0,0,0,3,4,2,0.668,296,868564
6,4,0,0,0,5,4,2,1.089,296,914396
2,0,0,0,0,3,4,2,0.548,296,830116
10,11,0,0,0,10,5,2,2.152,295,1015740
6,5,0,0,0,4,4,1,0.954,327,914400
10,4,0,0,0,6,6,2,1.351,296,949944
2,3,0,0,0,2,4,2,0.481,296,848976
19,6,0,0,0,6,7,1,1.613,327,1038380
9,4,0,0,0,7,5,2,1.492,296,958120
1,1,0,0,0,2,3,1,0.385,328,819824
5,0,0,0,0,4,4,2,0.808,296,870608
10,0,0,0,0,9,5,3,1.743,262,952112
2,3,0,0,0,2,3,1,0.481,328,848976
5,2,0,0,0,4,5,2,0.857,296,883456
17,11,0,0,0,11,6,2,2.493,295,1085576
5,3,0,0,0,3,4,2,0.718,296,881420
31,14,0,0,0,22,12,3,4.677,262,1286788
3,3,0,0,0,3,4,1,0.669,327,868560
8,5,0,0,0,6,5,2,1.325,295,944724
6,0,0,0,0,5,4,2,0.996,295,883472
2,3,0,0,0,2,3,2,0.481,296,848976
8,0,0,0,0,7,4,3,1.369,264,921588
2,3,0,0,0,3,4,1,0.644,327,859260
15,4,0,0,0,4,7,1,1.134,327,950600
1,1,0,0,0,1,2,1,0.245,328,817972
3,2,0,0,0,2,4,1,0.482,328,848972
6,0,0,0,0,1,3,1,0.342,327,847136
5,5,0,0,0,5,11,3,1.092,263,916704
19,8,0,0,0,5,8,1,1.477,327,1007440
5,4,0,0,0,2,4,1,0.578,328,876532
21,7,0,0,0,7,8,1,1.848,327,1067468
2,2,0,0,0,2,3,1,0.409,328,825496
6,4,0,0,0,5,4,2,1.090,295,914388
21,8,0,0,0,8,7,2,2.021,296,1055904
4,0,0,0,0,5,4,2,0.946,295,870604
2,2,0,0,0,2,4,2,0.456,296,839940
3,2,0,0,0,2,3,1,0.481,328,848976
2,1,0,0,0,4,3,1,0.761,327,855896
2,2,0,0,0,1,4,1,0.294,328,832688
2,3,0,0,0,3,4,1,0.644,327,859260
9,4,0,0,0,6,6,2,1.325,295,950660
18,8,0,0,0,5,8,1,1.474,327,1033504
3,1,0,0,0,1,3,1,0.294,328,832688
2,1,0,0,0,3,4,2,0.596,296,844820
14,0,0,0,0,11,5,3,2.168,263,991540
26,8,0,0,0,6,7,2,1.816,296,1079780
3,3,0,0,0,3,4,1,0.669,327,868560
25,11,0,0,0,9,8,2,2.340,296,1098736
2,2,0,0,0,2,3,1,0.457,328,839940
4,2,0,0,0,3,4,1,0.670,327,868560
5,3,0,0,0,3,6,2,0.718,296,881420
11,0,0,0,0,9,6,2,1.769,295,963188
13,10,0,0,0,10,8,2,2.213,295,1052160
10,9,0,0,0,12,6,3,2.429,262,1011068
6,3,0,0,0,5,4,2,1.066,296,905352
13,0,0,0,0,9,7,2,1.806,295,955552
4,2,0,0,0,2,4,1,0.505,328,854380
3,0,0,0,0,2,3,1,0.433,328,834536
3,4,0,0,0,4,7,3,0.857,264,883456
4,0,0,0,0,2,4,1,0.457,328,839944
2,1,0,0,0,1,3,1,0.268,328,823644
19,6,0,0,0,5,8,1,1.434,327,994916
1,0,0,0,0,2,2,1,0.336,327,803540
13,7,0,0,0,7,6,2,1.653,296,1002696
6,4,0,0,0,4,6,2,0.927,296,905552
11,0,0,0,0,6,5,2,1.275,295,927124
3,2,0,0,0,2,3,1,0.481,328,848976
2,2,0,0,0,3,3,2,0.621,296,853856
7,0,0,0,0,4,4,2,0.859,296,881428
11,0,0,0,0,5,6,2,1.116,296,923896
11,7,0,0,0,10,7,2,2.093,295,1012248
9,7,0,0,0,4,6,1,1.069,327,944740
8,0,0,0,0,7,4,2,1.370,295,921584
2,1,0,0,0,2,3,1,0.433,328,834528
2,2,0,0,0,5,5,1,0.829,327,834716
7,4,0,0,0,6,6,2,1.276,296,927128
7,3,0,0,0,3,6,2,0.764,296,897644
37,13,0,0,0,15,7,2,3.651,295,1252076
6,5,0,0,0,4,5,2,0.952,296,914396
8,0,0,0,0,3,4,2,0.719,296,881432
4,0,0,0,0,4,4,2,0.783,296,861312
9,0,0,0,0,4,4,2,0.905,296,899692
14,0,0,0,0,17,5,3,3.127,262,1035404
2,2,0,0,0,2,4,1,0.456,328,839940
6,3,0,0,0,4,6,2,0.905,296,899684
1,1,0,0,0,1,3,1,0.244,328,817972
1,0,0,0,0,2,2,2,0.385,296,819824
2,2,0,0,0,4,4,2,0.781,296,861300
11,5,0,0,0,7,6,2,1.553,296,970184
27,13,0,0,0,16,10,3,3.580,263,1212252
5,5,0,0,0,5,4,2,1.091,296,914388
11,5,0,0,0,3,5,1,0.910,327,941428
4,2,0,0,0,1,3,1,0.342,327,847124
5,0,0,0,0,6,4,2,1.138,295,890656
22,12,0,0,0,9,6,1,2.304,326,1105892
8,4,0,0,0,3,4,1,0.815,327,912356
3,2,0,0,0,2,3,1,0.482,328,848976
5,4,0,0,0,4,7,2,0.904,295,899688
5,4,0,0,0,2,4,1,0.580,328,876532
7,4,0,0,0,6,5,2,1.279,296,934180
3,2,0,0,0,2,4,1,0.482,328,848976
20,8,0,0,0,10,7,2,2.335,296,1072916
11,8,0,0,0,8,5,2,1.784,296,986272
8,4,0,0,0,5,7,2,1.139,296,923500
10,4,0,0,0,5,5,1,1.189,327,944728
18,0,0,0,0,8,7,2,1.771,295,997572
12,5,0,0,0,4,7,2,1.092,295,954420
2,3,0,0,0,2,3,1,0.481,328,848976
19,8,0,0,0,9,8,2,2.131,295,1047780
5,0,0,0,0,4,4,2,0.807,296,870608
11,0,0,0,0,10,5,3,1.927,263,968084
8,5,0,0,0,8,6,2,1.653,296,969664
8,3,0,0,0,4,5,1,0.952,327,914396
5,0,0,0,0,10,4,2,1.785,295,927708
11,5,0,0,0,6,6,1,1.390,327,955216
2,1,0,0,0,1,3,1,0.268,328,823644
3,4,0,0,0,4,4,2,0.857,295,881412
4,3,0,0,0,4,4,1,0.857,327,883456
4,3,0,0,0,3,4,1,0.693,328,875748
3,1,0,0,0,1,3,1,0.293,328,832688
4,5,0,0,0,4,9,3,0.904,264,899684
10,4,0,0,0,5,5,1,1.186,327,942352
21,5,0,0,0,5,6,1,1.474,327,1025316
5,3,0,0,0,7,4,2,1.367,295,921576
12,7,0,0,0,14,8,3,2.754,263,1038752
8,0,0,0,0,5,5,2,1.043,296,902004
24,8,0,0,0,9,7,2,2.249,295,1074136
17,6,0,0,0,6,8,2,1.550,296,990360
1,2,0,0,0,1,3,1,0.268,328,823644
5,4,0,0,0,4,4,1,0.904,327,899684
4,3,0,0,0,4,6,2,0.858,295,883456
19,7,0,0,0,9,7,2,2.125,295,1072880
5,3,0,0,0,7,11,5,1.371,198,923620
3,1,0,0,0,3,3,1,0.620,327,853856
2,1,0,0,0,2,3,1,0.433,328,834528
10,5,0,0,0,5,5,1,1.212,327,951912
16,6,0,0,0,6,7,2,1.540,296,1003700
18,9,0,0,0,8,7,2,1.989,296,1071564
10,0,0,0,0,13,5,4,2.418,231,990764
10,4,0,0,0,4,5,2,1.022,296,930152
11,0,0,0,0,20,5,3,3.548,263,1035404
9,2,0,0,0,6,5,3,1.275,264,927980
9,6,0,0,0,8,5,2,1.699,295,977456
12,7,0,0,0,6,6,1,1.470,327,981868
9,4,0,0,0,4,5,1,0.998,327,925664
1,1,0,0,0,2,3,1,0.408,328,825496
6,5,0,0,0,7,10,4,1.443,231,945516
5,4,0,0,0,2,4,1,0.579,327,876540
31,10,0,0,0,7,9,2,2.146,296,1133004
5,4,0,0,0,6,6,2,1.232,296,921576
5,3,0,0,0,3,5,2,0.719,295,881420
19,5,0,0,0,6,7,1,1.576,327,998536
5,3,0,0,0,2,4,1,0.553,327,870872
3,3,0,0,0,2,4,1,0.504,327,854380
2,2,0,0,0,2,4,2,0.456,296,839940
19,12,0,0,0,11,7,2,2.549,296,1086936
6,6,0,0,0,6,11,4,1.302,231,943476
7,4,0,0,0,2,4,1,0.625,327,892768
3,1,0,0,0,2,4,2,0.456,296,839940
3,4,0,0,0,3,4,1,0.694,327,875748
27,12,0,0,0,6,7,2,1.925,296,1090028
18,9,0,0,0,9,7,2,2.138,296,1047780
4,2,0,0,0,3,4,1,0.668,327,868560
13,0,0,0,0,18,5,5,3.262,199,1035408
4,4,0,0,0,3,5,1,0.719,327,881420
13,6,0,0,0,12,5,3,2.428,263,1017992
24,8,0,0,0,8,7,2,2.094,296,1079052
3,3,0,0,0,4,5,2,0.835,295,877784
2,2,0,0,0,3,5,2,0.622,296,853856
5,5,0,0,0,5,4,2,1.091,296,914388
2,2,0,0,0,4,5,2,0.782,296,861296
10,5,0,0,0,5,5,2,1.210,296,946316
2,2,0,0,0,2,3,1,0.456,328,839940
1,2,0,0,0,2,3,1,0.433,327,834528
6,0,0,0,0,9,4,2,1.643,295,923628
3,2,0,0,0,4,4,1,0.809,328,870596
1,2,0,0,0,1,3,1,0.268,328,823644
5,5,0,0,0,4,6,2,0.928,296,905360
1,2,0,0,0,3,3,1,0.595,328,844820
3,2,0,0,0,2,4,2,0.481,296,848976
4,3,0,0,0,6,4,1,1.183,327,906868
6,0,0,0,0,9,4,2,1.645,295,927716
15,5,0,0,0,5,6,1,1.336,327,986152
4,3,0,0,0,4,6,2,0.859,295,883456
3,2,0,0,0,2,3,2,0.481,296,848976
14,8,0,0,0,9,5,2,2.011,295,1008556
11,8,0,0,0,12,7,2,2.428,295,1021872
4,1,0,0,0,3,4,2,0.643,295,854380
3,0,0,0,0,4,3,2,0.758,296,853864
2,1,0,0,0,2,3,1,0.433,328,834528
3,2,0,0,0,3,4,2,0.643,296,859260
2,3,0,0,0,2,4,1,0.481,328,848976
10,6,0,0,0,6,7,2,1.391,296,955216
4,0,0,0,0,3,4,2,0.621,296,853860
3,0,0,0,0,4,4,2,0.759,295,855908
5,5,0,0,0,5,4,2,1.090,295,914388
9,4,0,0,0,4,6,1,0.997,327,921912
26,6,0,0,0,6,7,1,1.771,327,1059592
14,0,0,0,0,17,5,4,3.124,231,1026176
4,3,0,0,0,4,4,1,0.857,327,882136
6,4,0,0,0,5,4,2,1.092,295,914388
3,1,0,0,0,2,3,1,0.456,328,839940
3,3,0,0,0,3,4,1,0.668,327,868560
2,2,0,0,0,3,4,1,0.621,328,853856
3,3,0,0,0,3,4,1,0.670,327,868560
26,13,0,0,0,13,7,2,3.082,296,1179756
4,3,0,0,0,2,4,1,0.531,328,863680
8,0,0,0,0,7,4,2,1.371,295,921584
9,8,0,0,0,6,5,1,1.425,327,980024
1,2,0,0,0,2,3,1,0.433,328,834528
5,3,0,0,0,4,5,2,0.882,296,892492
6,0,0,0,0,9,4,3,1.648,263,923628
8,5,0,0,0,4,5,1,0.999,327,925664
2,3,0,0,0,2,3,2,0.482,296,848976
5,2,0,0,0,2,5,1,0.530,328,863680
30,14,0,0,0,11,8,2,2.868,296,1201256
4,3,0,0,0,4,10,4,0.857,231,883456
5,4,0,0,0,6,4,3,1.229,264,916696
16,6,0,0,0,6,6,2,1.529,296,986268
18,7,0,0,0,11,7,2,2.417,295,1054704
17,7,0,0,0,6,7,1,1.575,327,998540
3,2,0,0,0,3,5,2,0.644,296,859264
3,2,0,0,0,2,3,1,0.482,328,848972
10,4,0,0,0,6,5,2,1.352,296,949944
13,5,0,0,0,4,6,2,1.107,296,944460
8,0,0,0,0,7,4,3,1.368,263,916708
9,5,0,0,0,5,6,2,1.186,296,945784
32,22,0,0,0,24,13,4,5.209,231,1364228
4,4,0,0,0,6,9,4,1.205,231,912540
20,8,0,0,0,8,7,1,1.995,327,1045472
3,3,0,0,0,3,5,1,0.668,327,868560
10,5,0,0,0,8,5,1,1.695,327,972232
16,7,0,0,0,6,7,2,1.550,296,990360
9,4,0,0,0,4,6,1,1.000,327,925664
2,1,0,0,0,2,3,1,0.432,328,834528
5,4,0,0,0,3,4,1,0.743,327,890456
5,2,0,0,0,3,5,1,0.693,327,875748
1,2,0,0,0,2,3,2,0.432,296,834528
20,0,0,0,0,11,5,3,2.290,262,1011060
11,5,0,0,0,9,6,2,1.886,296,990300
16,8,0,0,0,10,7,2,2.229,295,1040228
8,0,0,0,0,7,4,3,1.368,264,916708
16,10,0,0,0,8,7,2,1.944,296,1028480
11,0,0,0,0,8,5,3,1.606,263,949612
9,4,0,0,0,4,6,1,0.998,327,925664
24,6,0,0,0,8,7,2,2.052,296,1065724
9,6,0,0,0,6,6,1,1.371,327,959372
12,6,0,0,0,6,7,2,1.443,295,977772
7,4,0,0,0,3,5,1,0.789,327,901468
12,8,0,0,0,7,6,1,1.652,327,1002696
14,4,0,0,0,5,7,1,1.273,327,951920
10,5,0,0,0,5,6,2,1.212,295,951912
18,9,0,0,0,5,8,1,1.479,327,1007432
5,5,0,0,0,5,5,2,1.092,296,916696
10,4,0,0,0,7,6,3,1.510,264,963464
10,5,0,0,0,6,5,1,1.373,327,960692
4,3,0,0,0,4,4,1,0.859,328,883464
3,2,0,0,0,2,3,1,0.482,328,848972
9,7,0,0,0,8,7,2,1.723,295,983908
23,9,0,0,0,11,9,2,2.587,295,1112544
6,5,0,0,0,6,14,5,1.280,199,931604
9,6,0,0,0,7,7,2,1.528,295,959304
2,0,0,0,0,3,3,2,0.573,295,839416
10,0,0,0,0,5,5,1,1.093,327,916704
5,4,0,0,0,5,8,3,1.066,264,907660
2,2,0,0,0,2,4,2,0.458,296,839940
5,6,0,0,0,5,14,5,1.113,198,923884
5,6,0,0,0,6,13,5,1.279,198,931604
10,4,0,0,0,5,5,1,1.185,327,945784
24,10,0,0,0,9,7,2,2.305,296,1105892
4,1,0,0,0,2,3,2,0.481,296,848976
16,6,0,0,0,10,8,2,2.175,295,1021868
15,9,0,0,0,7,5,1,1.733,326,1006500
15,0,0,0,0,16,5,4,2.987,230,1026496
17,8,0,0,0,13,11,4,2.745,231,1064856
13,5,0,0,0,6,8,2,1.441,296,969712
3,2,0,0,0,2,3,1,0.481,328,848976
3,2,0,0,0,2,4,1,0.482,327,848972
12,6,0,0,0,8,7,2,1.767,295,994108
16,0,0,0,0,15,5,3,2.839,263,1015736
3,4,0,0,0,4,4,2,0.858,296,883456
2,2,0,0,0,2,4,1,0.457,328,839940
3,1,0,0,0,2,3,1,0.457,328,839936
7,0,0,0,0,4,4,2,0.858,296,883464
3,2,0,0,0,2,4,1,0.481,327,848976
2,3,0,0,0,2,4,1,0.481,328,848976
3,2,0,0,0,4,7,3,0.806,264,870600
7,3,0,0,0,3,5,1,0.765,327,897644
5,3,0,0,0,3,4,1,0.718,327,881420
5,4,0,0,0,6,4,2,1.230,295,914388
6,5,0,0,0,4,5,1,0.951,327,914396
5,4,0,0,0,2,4,1,0.580,328,876532
16,5,0,0,0,6,6,1,1.506,327,980140
6,0,0,0,0,3,4,2,0.669,296,868572
2,2,0,0,0,3,3,2,0.622,296,853852
4,0,0,0,0,5,4,3,0.946,263,870612
43,32,0,0,0,52,7,5,10.224,198,1685456
7,4,0,0,0,4,6,1,0.952,327,914396
2,2,0,0,0,3,4,2,0.622,296,853856
2,2,0,0,0,2,3,1,0.457,328,839940
2,1,0,0,0,2,3,1,0.432,328,834528
2,2,0,0,0,3,3,2,0.621,296,853856
4,3,0,0,0,4,7,3,0.857,264,883456
2,2,0,0,0,2,3,1,0.457,328,839940
3,1,0,0,0,3,3,1,0.622,327,853856
4,5,0,0,0,4,6,2,0.904,296,899688
6,3,0,0,0,8,6,3,1.556,263,935688
9,6,0,0,0,4,5,1,1.050,327,943480
30,18,0,0,0,14,8,2,3.429,295,1218544
8,5,0,0,0,5,5,1,1.163,327,938596
11,10,0,0,0,10,5,2,2.148,294,1011068
1,0,0,0,0,2,2,1,0.385,328,819824
5,0,0,0,0,4,4,2,0.807,295,870608
5,2,0,0,0,6,5,2,1.183,296,906868
11,5,0,0,0,6,6,2,1.391,296,955216
9,5,0,0,0,4,5,2,1.017,296,922364
8,0,0,0,0,7,5,3,1.371,263,921588
5,0,0,0,0,10,4,3,1.785,262,927712
9,5,0,0,0,13,5,1,2.487,327,1020108
9,0,0,0,0,14,5,3,2.533,263,996900
3,2,0,0,0,3,5,2,0.644,295,859264
5,4,0,0,0,3,4,1,0.743,327,890456
4,3,0,0,0,4,5,2,0.859,296,883464
4,1,0,0,0,2,3,1,0.482,327,848976
7,0,0,0,0,5,5,2,1.021,295,894812
1,2,0,0,0,2,4,1,0.433,328,834532
23,0,0,0,0,40,6,5,7.054,198,1274472
15,8,0,0,0,6,7,1,1.552,326,990360
18,5,0,0,0,6,7,1,1.550,327,990360
17,0,0,0,0,10,6,3,2.060,264,988844
3,2,0,0,0,2,3,1,0.481,328,848976
4,3,0,0,0,2,4,1,0.530,328,863680
2,2,0,0,0,3,3,1,0.596,327,844820
3,2,0,0,0,3,4,2,0.644,296,859260
3,2,0,0,0,3,4,2,0.643,295,854380
18,6,0,0,0,6,8,2,1.572,296,998540
1,1,0,0,0,1,2,1,0.245,328,817972
16,6,0,0,0,9,7,2,2.032,295,1045844
17,6,0,0,0,9,8,2,2.056,296,1053028
1,2,0,0,0,2,3,1,0.433,328,834532
5,0,0,0,0,3,4,2,0.644,296,859268
19,6,0,0,0,7,7,1,1.759,327,1015152
7,2,0,0,0,6,4,2,1.230,295,914388
11,6,0,0,0,6,6,2,1.414,296,955544
8,5,0,0,0,4,6,1,0.999,327,925664
12,0,0,0,0,19,5,4,3.399,230,1035408
3,2,0,0,0,2,3,1,0.481,327,848972
11,3,0,0,0,11,6,2,2.168,296,997220
3,2,0,0,0,2,3,1,0.481,327,848972
4,1,0,0,0,3,4,2,0.643,295,854380
4,4,0,0,0,3,4,1,0.719,327,881420
6,5,0,0,0,4,4,2,0.953,296,914396
3,0,0,0,0,3,4,2,0.596,296,844824
10,5,0,0,0,8,7,2,1.694,295,972232
19,9,0,0,0,4,8,1,1.344,327,1005856
1,2,0,0,0,2,4,2,0.433,296,834532
4,4,0,0,0,4,7,2,0.880,296,892492
2,2,0,0,0,2,4,2,0.457,296,839940
6,3,0,0,0,2,4,1,0.578,327,876540
17,7,0,0,0,6,8,2,1.570,296,998540
13,5,0,0,0,5,6,1,1.285,327,975144
4,2,0,0,0,4,4,2,0.835,295,875740
20,0,0,0,0,27,6,3,4.887,262,1147304
3,1,0,0,0,1,3,1,0.293,328,832688
8,0,0,0,0,7,4,2,1.371,295,921588
17,14,0,0,0,18,9,2,3.687,294,1148020
1,0,0,0,0,2,2,2,0.384,296,819824
15,3,0,0,0,5,7,1,1.273,327,951920
22,9,0,0,0,5,8,1,1.573,326,1035712
8,6,0,0,0,5,5,1,1.186,327,942396
1,4,0,0,0,4,5,4,0.808,231,870596
4,4,0,0,0,5,8,2,1.043,296,901988
3,3,0,0,0,3,5,2,0.670,296,868560
6,5,0,0,0,4,4,2,0.953,296,914388
28,8,0,0,0,6,9,1,1.859,327,1086432
8,0,0,0,0,5,5,2,1.043,295,902004
13,4,0,0,0,4,7,1,1.093,327,954420
6,7,0,0,0,6,12,4,1.326,231,949604
16,6,0,0,0,8,7,2,1.852,295,1002412
1,3,0,0,0,2,4,1,0.457,328,839940
1,2,0,0,0,1,3,1,0.268,328,823644
5,0,0,0,0,6,4,2,1.139,295,890656
3,2,0,0,0,3,4,2,0.643,296,859260
2,2,0,0,0,2,4,1,0.457,328,839988
12,6,0,0,0,6,5,2,1.446,296,977772
7,5,0,0,0,4,5,1,0.978,327,921584
15,9,0,0,0,7,8,2,1.753,295,1040420
22,11,0,0,0,8,8,1,2.106,326,1071572
18,7,0,0,0,5,7,1,1.436,327,994908
10,8,0,0,0,7,5,1,1.608,327,985952
19,0,0,0,0,12,5,3,2.429,263,1011064
1,3,0,0,0,2,4,1,0.457,328,839940
4,2,0,0,0,5,4,2,0.998,296,885768
2,3,0,0,0,1,4,1,0.316,328,838088
3,2,0,0,0,3,5,2,0.644,296,859260
5,0,0,0,0,10,4,3,1.785,263,927708
10,0,0,0,0,5,4,2,1.091,296,914396
3,2,0,0,0,4,4,2,0.807,295,870596
2,2,0,0,0,2,4,1,0.457,328,839940
17,6,0,0,0,16,6,2,3.192,295,1098912
3,0,0,0,0,2,3,1,0.433,328,834536
4,0,0,0,0,5,4,2,0.948,295,872920
22,10,0,0,0,11,8,2,2.585,295,1112544
2,2,0,0,0,2,4,1,0.457,328,839936
4,0,0,0,0,4,4,2,0.782,295,859272
10,0,0,0,0,5,4,2,1.091,295,916712
21,8,0,0,0,9,7,2,2.190,296,1068296
8,4,0,0,0,8,5,3,1.626,263,951724
3,2,0,0,0,4,5,2,0.807,296,870596
2,0,0,0,0,3,3,2,0.573,296,839416
2,2,0,0,0,2,4,2,0.457,296,839936
21,10,0,0,0,6,8,1,1.739,327,1049780
1,4,0,0,0,2,3,1,0.481,328,848976
6,6,0,0,0,6,14,4,1.304,231,943476
15,6,0,0,0,6,5,1,1.504,327,980140
6,5,0,0,0,5,5,2,1.114,295,921576
3,3,0,0,0,4,5,2,0.836,296,877784
2,2,0,0,0,3,3,1,0.622,328,853856
4,3,0,0,0,4,4,2,0.857,296,883456
7,1,0,0,0,5,5,1,1.041,327,901988
6,2,0,0,0,7,4,3,1.367,263,921584
3,2,0,0,0,2,4,1,0.482,328,848976
10,6,0,0,0,6,7,2,1.392,295,955216
19,0,0,0,0,7,7,2,1.623,295,978096
5,4,0,0,0,6,4,2,1.230,295,921576
5,4,0,0,0,6,13,5,1.230,198,921584
1,0,0,0,0,2,2,1,0.385,328,819824
31,11,0,0,0,5,9,1,1.838,327,1107808
8,0,0,0,0,7,4,3,1.370,264,921588
2,0,0,0,0,5,3,3,0.899,263,855900
5,0,0,0,0,10,4,3,1.784,263,927708
13,5,0,0,0,5,5,1,1.271,327,951920
7,0,0,0,0,10,5,3,1.831,263,935828
1,1,0,0,0,3,3,1,0.572,328,839408
1,2,0,0,0,1,3,1,0.268,328,823644
19,5,0,0,0,7,7,1,1.752,327,1040420
4,2,0,0,0,2,4,1,0.504,327,854384
2,2,0,0,0,2,3,1,0.456,328,839940
14,8,0,0,0,9,5,2,2.014,296,1011128
15,8,0,0,0,8,5,2,1.894,296,1044516
4,2,0,0,0,2,4,1,0.504,328,854380
13,8,0,0,0,9,6,2,1.989,296,1004984
25,8,0,0,0,7,8,2,1.953,296,1083864
6,5,0,0,0,4,4,1,0.953,327,914396
27,14,0,0,0,8,7,2,2.292,296,1118648
6,6,0,0,0,7,6,3,1.466,263,949608
9,4,0,0,0,6,6,1,1.327,327,950660
27,9,0,0,0,8,9,2,2.186,296,1098012
3,0,0,0,0,6,4,2,1.085,295,872904
15,7,0,0,0,4,6,1,1.203,327,969120
1,2,0,0,0,2,3,1,0.433,328,834528
29,0,0,0,0,34,6,4,6.230,229,1256984
12,9,0,0,0,9,5,2,1.987,296,1002412
5,4,0,0,0,4,4,1,0.904,327,899684
16,0,0,0,0,15,5,3,2.844,262,1020032
8,0,0,0,0,7,4,2,1.369,295,923628
5,5,0,0,0,4,5,1,0.927,327,904036
26,10,0,0,0,11,6,1,2.680,326,1137140
4,2,0,0,0,2,4,1,0.505,328,854380
13,0,0,0,0,18,5,3,3.263,263,1028748
4,4,0,0,0,4,5,2,0.880,296,892492
15,6,0,0,0,7,7,1,1.669,327,990360
29,16,0,0,0,14,7,2,3.401,295,1262080
3,1,0,0,0,3,4,2,0.620,296,853856
3,2,0,0,0,3,5,2,0.645,296,859264
2,3,0,0,0,1,4,1,0.317,328,838088
15,5,0,0,0,6,7,2,1.482,296,974008
11,4,0,0,0,4,6,1,1.050,327,943148
19,9,0,0,0,5,7,1,1.517,327,1035200
10,5,0,0,0,6,5,1,1.371,327,960692
14,7,0,0,0,9,6,2,1.989,295,1002412
2,0,0,0,0,2,3,2,0.408,296,825504
4,0,0,0,0,1,3,1,0.293,328,832688
12,9,0,0,0,10,6,2,2.151,296,1015740
2,2,0,0,0,2,3,1,0.457,328,839940
13,0,0,0,0,18,5,4,3.263,231,1028748
8,0,0,0,0,7,4,2,1.368,295,921588
5,3,0,0,0,3,4,1,0.719,327,881424
11,5,0,0,0,3,5,1,0.906,327,936676
2,0,0,0,0,5,3,2,0.899,295,855900
9,4,0,0,0,7,7,2,1.491,295,958844
17,0,0,0,0,10,5,3,2.063,263,997944
5,4,0,0,0,6,5,2,1.231,296,921576
6,5,0,0,0,4,5,1,0.951,327,914396
2,1,0,0,0,2,3,2,0.385,296,817972
2,2,0,0,0,2,4,1,0.457,328,839940
1,2,0,0,0,1,3,1,0.268,328,823644
21,12,0,0,0,9,7,1,2.268,327,1080276
20,9,0,0,0,8,8,2,2.022,295,1055904
3,3,0,0,0,3,4,1,0.668,328,868560
9,0,0,0,0,6,4,2,1.231,295,916712
2,2,0,0,0,1,3,1,0.293,328,832688
21,0,0,0,0,42,6,5,7.342,199,1280604
8,3,0,0,0,4,5,1,0.952,327,914396
20,8,0,0,0,8,8,1,1.996,327,1045472
6,5,0,0,0,4,4,1,0.952,327,914396
1,0,0,0,0,2,2,1,0.336,327,803540
1,2,0,0,0,2,4,2,0.432,296,834532
15,7,0,0,0,8,9,2,1.853,295,1004664
1,1,0,0,0,2,3,1,0.407,328,825496
4,0,0,0,0,3,3,1,0.621,327,853860
7,0,0,0,0,4,5,2,0.858,296,883468
6,0,0,0,0,7,4,2,1.321,296,908924
10,4,0,0,0,6,7,2,1.349,296,949944
5,4,0,0,0,2,4,1,0.579,328,876540
5,4,0,0,0,4,5,2,0.903,296,899684
17,14,0,0,0,10,7,2,2.387,295,1069520
2,0,0,0,0,7,4,3,1.223,263,877796
3,3,0,0,0,2,4,2,0.505,296,854384
2,1,0,0,0,4,3,1,0.760,327,855896
9,0,0,0,0,8,5,3,1.558,263,935688
5,2,0,0,0,6,4,1,1.183,327,906868
4,0,0,0,0,1,3,1,0.293,328,832688
10,0,0,0,0,5,4,2,1.092,295,914396
20,9,0,0,0,12,9,2,2.665,295,1084892
1,0,0,0,0,2,2,2,0.383,296,817976
5,0,0,0,0,4,4,2,0.808,296,870612
3,2,0,0,0,3,5,2,0.644,296,859260
14,9,0,0,0,8,6,1,1.871,326,1008544
6,0,0,0,0,5,4,2,0.996,295,885784
2,2,0,0,0,3,4,2,0.620,295,853856
11,10,0,0,0,10,5,2,2.158,295,1011068
6,5,0,0,0,4,4,1,0.952,327,914396
18,7,0,0,0,10,8,2,2.269,295,1076768
2,2,0,0,0,3,3,2,0.620,296,853856
3,2,0,0,0,4,5,2,0.807,296,870596
10,6,0,0,0,9,5,1,1.887,327,990300
7,6,0,0,0,6,7,2,1.325,295,950660
10,7,0,0,0,5,6,2,1.249,296,951588
1,2,0,0,0,4,3,1,0.760,328,855896
18,11,0,0,0,12,7,2,2.666,295,1084848
1,1,0,0,0,1,3,1,0.245,328,817972
12,7,0,0,0,8,6,2,1.791,296,1000292
3,2,0,0,0,2,3,1,0.482,328,848976
9,5,0,0,0,9,7,2,1.833,296,974540
5,5,0,0,0,5,4,2,1.090,295,916696
1,1,0,0,0,1,2,1,0.245,328,817972
5,4,0,0,0,6,4,2,1.229,295,914388
2,3,0,0,0,2,3,1,0.362,327,810520
5,2,0,0,0,3,4,1,0.694,328,875748
3,2,0,0,0,3,4,2,0.643,296,859260
5,2,0,0,0,5,4,3,1.020,264,892492
5,0,0,0,0,3,4,2,0.643,296,859268
3,0,0,0,0,3,4,1,0.596,328,844824
4,3,0,0,0,2,4,1,0.529,328,863684
8,3,0,0,0,4,4,2,0.952,296,914396
5,4,0,0,0,4,4,2,0.902,296,899680
4,3,0,0,0,4,4,1,0.856,327,883456
10,3,0,0,0,5,5,1,1.165,327,938596
2,1,0,0,0,4,3,1,0.761,327,855896
2,2,0,0,0,3,3,2,0.621,296,853856
8,4,0,0,0,4,5,2,0.978,296,921588
11,5,3,0,0,6,7,2,0.856,309,899580
1,2,0,0,0,1,3,1,0.268,328,823644
2,1,0,0,0,2,3,1,0.433,328,834532
2,2,0,0,0,1,4,1,0.293,328,832688
4,3,0,0,0,4,5,1,0.859,327,883464
4,3,0,0,0,2,4,1,0.531,328,863680
5,2,0,0,0,2,4,2,0.529,296,863684
2,2,0,0,0,1,3,1,0.294,328,832688
2,4,0,0,0,3,4,2,0.670,296,868560
19,0,0,0,0,10,6,2,2.118,295,1020960
12,8,0,0,0,7,5,2,1.655,296,1001656
5,6,0,0,0,5,12,4,1.114,231,923884
4,3,0,0,0,3,4,1,0.693,327,875748
28,16,0,0,0,15,7,2,3.534,295,1263396
3,3,0,0,0,3,7,2,0.669,296,868564
6,3,0,0,0,4,6,2,0.903,296,899688
6,0,0,0,0,11,5,4,1.971,231,935828
8,4,0,0,0,5,5,2,1.140,296,925672
2,0,0,0,0,3,4,2,0.548,296,830116
7,3,0,0,0,7,6,2,1.418,296,934900
2,3,0,0,0,3,4,1,0.644,328,859256
18,8,0,0,0,7,7,2,1.783,296,1021288
21,8,0,0,0,6,7,2,1.701,296,1045812
19,7,0,0,0,7,8,2,1.782,296,1021292
2,2,0,0,0,3,4,2,0.620,296,853856
10,0,0,0,0,4,6,2,0.927,296,905564
3,2,0,0,0,4,6,2,0.807,296,870596
4,0,0,0,0,3,4,2,0.621,295,853860
6,0,0,0,0,2,4,1,0.504,327,854388
4,3,0,0,0,4,4,2,0.858,296,883456
3,2,0,0,0,2,4,1,0.482,328,848976
8,5,0,0,0,6,5,2,1.325,296,944724
6,4,0,0,0,4,6,2,0.928,296,904040
24,7,0,0,0,8,7,2,2.076,296,1074148
21,10,0,0,0,12,7,2,2.718,296,1116636
4,0,0,0,0,3,4,2,0.621,296,853860
8,0,0,0,0,6,5,2,1.206,295,910776
4,3,0,0,0,6,4,1,1.184,327,906868
3,2,0,0,0,4,6,2,0.806,296,870596
5,4,0,0,0,5,6,2,1.060,296,895860
7,4,0,0,0,6,7,2,1.275,295,927128
3,2,0,0,0,2,3,1,0.434,327,834532
18,5,0,0,0,6,7,1,1.551,327,990360
2,2,0,0,0,2,5,2,0.457,296,839940
13,9,0,0,0,9,6,2,2.014,295,1008556
5,3,0,0,0,3,4,1,0.719,327,881420
9,3,0,0,0,4,5,1,0.970,327,908692
6,6,0,0,0,7,11,4,1.465,231,951656
26,13,0,0,0,13,10,2,3.080,295,1179756
13,5,0,0,0,5,5,1,1.270,327,951920
2,3,0,0,0,1,3,1,0.317,328,838088
16,7,0,0,0,6,7,2,1.554,296,990360
5,3,0,0,0,3,5,1,0.720,327,881416
25,13,0,0,0,12,7,2,2.878,295,1137176
11,5,0,0,0,5,6,2,1.233,296,957064
18,6,0,0,0,5,6,1,1.412,327,986732
4,4,0,0,0,4,4,1,0.881,327,892492
2,2,0,0,0,3,4,2,0.621,296,853856
1,2,0,0,0,2,3,1,0.433,328,834528
10,7,0,0,0,10,6,2,2.072,296,1011928
15,10,0,0,0,9,7,2,2.089,295,1035616
6,0,0,0,0,6,4,3,1.156,264,894812
3,3,0,0,0,4,5,2,0.836,296,877784
8,0,0,0,0,5,5,2,1.042,295,899696
5,4,0,0,0,4,4,1,0.904,327,899684
1,0,0,0,0,2,2,1,0.385,328,819824
20,6,0,0,0,8,7,2,1.947,295,1028480
2,0,0,0,0,3,3,2,0.572,296,839416
28,11,0,0,0,9,7,2,2.425,296,1137716
4,4,0,0,0,4,4,1,0.880,327,892492
6,6,0,0,0,6,11,4,1.304,231,943476
8,3,0,0,0,5,5,1,1.117,327,923884
26,9,0,0,0,9,7,2,2.337,296,1126816
5,4,0,0,0,4,4,1,0.905,327,899680
14,7,0,0,0,4,5,1,1.187,327,976652
7,0,0,0,0,8,4,2,1.509,295,923620
5,0,0,0,0,4,5,4,0.808,230,870448
6,5,0,0,0,4,5,1,0.953,327,914400
5,0,0,0,0,6,4,2,1.136,295,885776
2,2,0,0,0,3,4,2,0.621,296,853856
3,3,0,0,0,3,6,2,0.668,296,868560
2,1,0,0,0,2,3,1,0.433,328,834528
7,0,0,0,0,8,4,2,1.505,295,921584
4,0,0,0,0,5,4,2,0.945,295,872920
5,4,0,0,0,6,4,1,1.232,327,921576
2,2,0,0,0,3,3,2,0.621,296,848976
9,6,0,0,0,7,5,2,1.527,296,959304
10,9,0,0,0,6,5,2,1.469,296,981868
5,4,0,0,0,4,5,2,0.903,296,899684
18,9,0,0,0,7,7,2,1.806,296,1026436
2,2,0,0,0,3,3,1,0.620,327,853856
3,1,0,0,0,3,4,2,0.597,296,844820
11,0,0,0,0,10,5,3,1.930,262,969672
2,3,0,0,0,3,5,1,0.643,327,859260
5,2,0,0,0,4,5,2,0.858,296,883456
2,1,0,0,0,4,3,1,0.761,327,855896
12,5,0,0,0,6,6,2,1.419,296,966100
14,9,0,0,0,10,7,2,2.199,295,1028008
4,2,0,0,0,3,4,2,0.668,296,868560
9,7,0,0,0,6,5,2,1.386,296,949416
18,7,0,0,0,9,7,2,2.086,295,1030792
2,1,0,0,0,3,3,2,0.596,296,844820
3,1,0,0,0,3,4,2,0.621,296,853856
3,3,0,0,0,2,4,1,0.504,328,854380
17,10,0,0,0,9,6,2,2.135,296,1045472
10,4,0,0,0,3,6,1,0.858,327,917824
19,6,0,0,0,8,7,2,1.921,296,1023336
2,1,0,0,0,2,4,2,0.433,296,834532
19,8,0,0,0,8,7,2,1.965,295,1031104
7,2,0,0,0,7,15,7,1.393,133,930812
2,1,0,0,0,1,3,1,0.268,328,823644
8,0,0,0,0,7,4,2,1.369,295,921588
3,3,0,0,0,3,4,1,0.668,327,868564
28,10,0,0,0,7,9,2,2.092,296,1140476
10,3,0,0,0,4,5,2,0.998,296,921912
6,5,0,0,0,4,5,2,0.952,296,907476
10,0,0,0,0,13,5,4,2.391,230,992808
2,2,0,0,0,4,4,2,0.782,295,861304
5,0,0,0,0,6,4,2,1.144,295,885764
10,7,0,0,0,6,6,1,1.417,327,966096
5,4,0,0,0,6,4,1,1.232,327,921576
18,0,0,0,0,29,6,5,5.171,197,1147300
11,7,0,0,0,8,5,1,1.768,327,994108
10,0,0,0,0,5,4,2,1.091,295,914396
16,6,0,0,0,6,7,1,1.530,327,986268
4,0,0,0,0,3,4,2,0.621,295,853860
21,8,0,0,0,8,7,2,2.027,296,1063052
21,7,0,0,0,8,7,2,1.995,296,1045472
21,21,0,0,0,21,6,3,4.429,263,1231344
2,1,0,0,0,2,3,2,0.433,296,834528
15,0,0,0,0,11,6,3,2.178,263,987308
21,8,0,0,0,7,7,1,1.856,326,1043428
2,2,0,0,0,3,3,1,0.622,327,853856
2,1,0,0,0,3,3,1,0.573,328,839412
12,6,0,0,0,5,5,1,1.277,327,962472
11,6,0,0,0,7,5,1,1.579,327,966920
3,2,0,0,0,3,7,3,0.643,263,859264
4,3,0,0,0,4,4,2,0.859,296,881412
2,1,0,0,0,2,3,1,0.433,328,834528
3,4,0,0,0,3,4,2,0.693,296,875748
5,4,0,0,0,4,5,2,0.904,296,899680
6,0,0,0,0,5,4,2,0.997,296,885784
6,0,0,0,0,5,4,2,0.995,295,885784
7,4,0,0,0,5,6,2,1.117,295,923884
6,0,0,0,0,5,5,2,0.997,295,885780
11,6,0,0,0,4,6,1,1.096,327,955476
1,2,0,0,0,2,3,1,0.432,328,834528
5,4,0,0,0,4,5,2,0.904,296,899684
8,6,0,0,0,6,5,2,1.352,296,956800
37,13,0,0,0,8,9,1,2.512,326,1190884
17,10,0,0,0,6,6,2,1.646,295,1017200
23,8,0,0,0,8,7,2,2.077,295,1074148
5,4,0,0,0,5,5,2,1.066,296,906340
4,3,0,0,0,4,4,1,0.856,327,883456
20,9,0,0,0,8,7,2,2.018,296,1055904
4,0,0,0,0,7,4,3,1.278,263,890656
45,19,0,0,0,27,9,2,5.919,295,1444436
11,5,0,0,0,6,6,2,1.389,296,955216
4,2,0,0,0,6,8,2,1.061,296,868488
4,2,0,0,0,1,4,1,0.342,329,847124
22,12,0,0,0,5,8,1,1.657,326,1066592
5,0,0,0,0,4,4,2,0.808,296,870612
2,0,0,0,0,3,3,3,0.572,264,839420
37,11,0,0,0,10,8,2,2.795,296,1198068
10,9,0,0,0,10,9,3,2.119,263,1025580
9,0,0,0,0,5,6,2,1.068,296,907672
2,2,0,0,0,3,3,2,0.621,296,848976
17,5,0,0,0,7,6,1,1.687,327,994452
5,1,0,0,0,3,4,2,0.670,296,868560
7,4,0,0,0,4,5,1,0.952,327,914392
24,10,0,0,0,10,7,2,2.474,296,1131432
7,5,0,0,0,4,6,2,0.977,296,921584
14,5,0,0,0,4,7,2,1.132,296,950600
10,3,0,0,0,3,5,1,0.838,327,919544
35,10,0,0,0,12,9,2,3.070,296,1243676
2,2,0,0,0,2,4,1,0.458,328,839936
5,4,0,0,0,4,4,2,0.905,296,899680
1,2,0,0,0,3,3,2,0.595,296,839940
10,0,0,0,0,9,5,3,1.742,264,951652
2,2,0,0,0,3,4,2,0.619,295,848976
18,8,0,0,0,8,8,2,1.945,296,1028480
6,0,0,0,0,9,4,3,1.644,263,927716
2,2,0,0,0,2,3,1,0.457,328,839940
34,0,0,0,0,29,6,4,5.531,230,1243144
20,8,0,0,0,4,7,1,1.342,327,1005860
1,0,0,0,0,2,2,1,0.385,328,819824
19,7,0,0,0,4,7,1,1.297,327,993584
9,0,0,0,0,7,6,2,1.396,295,929760
23,10,0,0,0,8,8,2,2.110,295,1071572
1,2,0,0,0,2,4,2,0.433,296,834532
3,2,0,0,0,4,5,2,0.807,296,870600
9,4,0,0,0,5,6,1,1.161,327,938596
4,0,0,0,0,3,3,2,0.621,296,853860
8,7,0,0,0,8,5,2,1.690,295,961680
4,1,0,0,0,2,3,1,0.481,327,848976
1,2,0,0,0,1,3,1,0.268,328,823644
6,0,0,0,0,3,4,2,0.669,296,868572
7,6,0,0,0,5,7,2,1.161,295,931740
13,7,0,0,0,3,6,1,0.994,327,946500
18,5,0,0,0,9,7,1,2.037,327,1019508
20,8,0,0,0,6,7,2,1.669,296,1022352
5,4,0,0,0,4,5,1,0.903,327,899680
2,1,0,0,0,3,4,2,0.596,296,844820
14,4,0,0,0,3,6,1,0.954,327,950336
30,17,0,0,0,14,10,2,3.419,294,1225956
13,7,0,0,0,7,6,2,1.645,296,984228
4,3,0,0,0,4,4,2,0.858,296,883456
12,7,0,0,0,7,6,2,1.631,296,992064
3,3,0,0,0,3,4,2,0.671,296,868560
13,11,0,0,0,7,6,2,1.741,296,1010232
1,2,0,0,0,2,4,1,0.433,328,834532
4,2,0,0,0,5,9,4,0.997,231,885764
6,4,0,0,0,5,4,2,1.090,296,914388
5,0,0,0,0,2,4,2,0.481,296,848980
8,4,0,0,0,4,7,2,0.978,296,921584
19,12,0,0,0,12,9,3,2.717,263,1116636
19,5,0,0,0,10,8,2,2.223,295,1035668
3,2,0,0,0,2,3,1,0.481,328,848972
8,5,0,0,0,2,5,1,0.674,327,907476
13,6,0,0,0,4,5,1,1.135,327,950600
11,5,0,0,0,3,5,1,0.911,327,941428
2,2,0,0,0,2,4,1,0.457,328,839940
2,0,0,0,0,2,3,1,0.408,328,825500
4,3,0,0,0,4,4,1,0.858,327,883456
2,1,0,0,0,2,3,1,0.433,328,834528
12,4,0,0,0,8,10,3,1.724,263,983908
2,1,0,0,0,2,3,2,0.432,296,832684
3,2,0,0,0,2,3,1,0.482,327,848972
9,6,0,0,0,4,5,1,1.047,327,940768
1,0,0,0,0,2,2,1,0.385,328,819824
3,0,0,0,0,2,3,1,0.433,328,834536
8,7,0,0,0,4,5,1,1.050,327,943144
4,4,0,0,0,3,4,2,0.720,296,881420
21,9,0,0,0,9,8,2,2.215,296,1078660
4,2,0,0,0,4,4,2,0.835,296,877784
24,11,0,0,0,5,7,1,1.676,327,1069292
3,2,0,0,0,4,4,2,0.808,296,868552
6,5,0,0,0,4,4,1,0.953,327,914396
3,1,0,0,0,2,4,1,0.457,328,839940
4,2,0,0,0,1,3,1,0.342,327,847124
5,4,0,0,0,6,4,2,1.229,295,916704
11,8,0,0,0,8,5,2,1.791,296,1004736
20,6,0,0,0,8,7,2,1.944,296,1028480
25,9,0,0,0,8,7,2,2.129,296,1077696
4,3,0,0,0,4,4,1,0.857,327,883456
8,7,0,0,0,5,5,2,1.211,296,949604
5,4,0,0,0,6,4,1,1.233,327,921576
13,6,0,0,0,4,5,1,1.132,327,950600
9,6,0,0,0,6,7,2,1.371,295,959372
18,0,0,0,0,13,5,3,2.568,262,1011068
3,2,0,0,0,3,4,1,0.643,327,859260
5,3,0,0,0,4,5,2,0.881,296,892492
24,9,0,0,0,11,7,2,2.617,295,1133476
7,3,0,0,0,3,5,2,0.765,296,897644
4,3,0,0,0,4,4,1,0.856,327,883456
3,3,0,0,0,3,5,2,0.669,296,868560
11,6,0,0,0,7,5,2,1.577,295,965764
6,0,0,0,0,9,4,3,1.645,263,927716
13,0,0,0,0,10,7,3,1.980,263,990768
3,3,0,0,0,2,5,2,0.505,296,854384
16,9,0,0,0,6,8,2,1.612,296,1038380
11,0,0,0,0,7,6,2,1.440,295,938592
13,8,0,0,0,12,6,2,2.476,295,1034136
10,5,0,0,0,6,6,2,1.372,296,959372
3,3,0,0,0,3,4,2,0.670,296,868560
8,4,0,0,0,1,4,1,0.485,328,890916
3,2,0,0,0,3,4,2,0.643,296,859260
2,1,0,0,0,3,3,1,0.596,328,844820
2,3,0,0,0,2,4,1,0.481,328,848976
3,1,0,0,0,3,3,1,0.621,327,853856
5,2,0,0,0,4,4,1,0.857,327,883456
4,2,0,0,0,4,7,3,0.836,264,877784
4,2,0,0,0,2,4,1,0.504,328,854380
17,11,0,0,0,13,6,2,2.805,295,1086932
7,4,0,0,0,4,6,2,0.953,296,914396
7,6,0,0,0,6,5,2,1.327,296,948088
3,2,0,0,0,2,4,1,0.481,327,848976
5,5,0,0,0,5,4,2,1.091,295,914388
2,3,0,0,0,2,4,1,0.483,328,848976
6,4,0,0,0,4,7,2,0.927,296,904036
19,11,0,0,0,9,7,2,2.218,295,1078660
4,2,0,0,0,5,4,3,0.996,263,883456
5,0,0,0,0,3,4,1,0.644,327,859268
10,7,0,0,0,7,7,2,1.587,295,981868
3,2,0,0,0,3,4,2,0.644,296,859264
9,4,0,0,0,5,5,1,1.159,327,928040
6,5,0,0,0,4,4,1,0.953,327,914396
2,2,0,0,0,3,3,2,0.623,296,853852
1,1,0,0,0,3,3,1,0.573,328,839408
12,4,0,0,0,5,6,1,1.234,327,955752
1,2,0,0,0,2,3,1,0.433,328,834528
12,5,0,0,0,2,7,1,0.771,327,935500
5,5,0,0,0,5,4,2,1.090,295,914388
4,3,0,0,0,2,4,1,0.530,327,863680
5,4,0,0,0,4,5,1,0.907,327,899684
9,4,0,0,0,7,6,2,1.489,296,954036
5,3,0,0,0,4,4,2,0.881,296,892492
11,6,0,0,0,10,5,1,2.070,327,1011928
5,6,0,0,0,5,7,2,1.115,296,923884
2,2,0,0,0,2,3,1,0.457,328,839940
7,4,0,0,0,4,4,1,0.952,327,914400
16,0,0,0,0,11,6,2,2.200,295,993456
5,0,0,0,0,2,4,2,0.481,296,848980
12,6,0,0,0,8,7,2,1.766,295,994108
1,2,0,0,0,2,3,2,0.433,296,834528
2,2,0,0,0,2,4,1,0.457,328,839940
23,9,0,0,0,11,7,2,2.588,295,1112544
12,4,0,0,0,7,7,2,1.555,296,970184
10,4,0,0,0,5,6,2,1.187,296,945784
4,4,0,0,0,3,5,2,0.719,296,881420
2,3,0,0,0,2,3,1,0.481,328,848972
6,0,0,0,0,6,5,2,1.160,295,899692
20,10,0,0,0,7,10,2,1.882,295,1053864
18,7,0,0,0,9,8,2,2.085,296,1030792
4,2,0,0,0,3,4,2,0.669,296,868560
11,8,0,0,0,8,5,2,1.787,296,996884
13,9,0,0,0,9,6,2,2.014,295,1008556
13,4,0,0,0,6,6,2,1.414,296,955544
7,0,0,0,0,8,4,2,1.505,295,921584
11,7,0,0,0,6,6,1,1.436,327,961680
6,7,0,0,0,6,12,3,1.324,263,949604
25,15,0,0,0,17,9,2,3.735,294,1204292
3,2,0,0,0,3,4,2,0.643,296,859260
6,4,0,0,0,5,4,2,1.093,296,916696
3,1,0,0,0,3,4,2,0.620,295,853856
13,6,0,0,0,12,7,2,2.431,295,1021872
5,4,0,0,0,4,4,1,0.903,327,899684
17,0,0,0,0,14,5,3,2.710,262,1017988
5,3,0,0,0,3,4,1,0.719,328,881420
3,2,0,0,0,2,3,1,0.482,327,848972
5,2,0,0,0,4,4,1,0.856,327,883456
3,2,0,0,0,4,5,2,0.808,296,870596
7,6,0,0,0,6,6,2,1.329,295,950660
9,6,0,0,0,4,5,2,1.049,296,943148
23,5,0,0,0,6,8,1,1.676,327,1043984
12,7,0,0,0,6,7,2,1.467,295,981868
8,2,0,0,0,9,5,2,1.746,296,957072
1,1,0,0,0,2,3,2,0.408,296,825500
31,17,0,0,0,14,7,2,3.427,295,1218552
6,0,0,0,0,5,4,2,0.997,296,885772
5,2,0,0,0,5,7,3,1.021,264,894800
11,5,0,0,0,5,6,1,1.237,327,957064
15,5,0,0,0,5,5,1,1.333,327,986152
15,7,0,0,0,6,6,1,1.530,327,986272
11,8,0,0,0,6,6,1,1.473,327,989788
8,4,0,0,0,3,4,1,0.813,327,912356
3,2,0,0,0,3,5,2,0.644,296,859264
13,12,0,0,0,10,7,2,2.244,295,1038292
2,2,0,0,0,1,3,1,0.294,328,832688
18,6,0,0,0,6,7,1,1.576,327,998540
3,0,0,0,0,3,3,2,0.595,296,844824
11,5,0,0,0,12,7,3,2.369,264,1018392
5,4,0,0,0,6,5,2,1.231,295,916696
8,3,0,0,0,4,6,2,0.954,296,914400
7,0,0,0,0,8,4,3,1.506,263,921584
4,2,0,0,0,3,4,2,0.670,296,868560
14,8,0,0,0,9,6,2,2.013,296,1011128
5,4,0,0,0,3,5,1,0.742,327,890460
2,2,0,0,0,2,4,1,0.457,328,839940
20,10,0,0,0,6,7,1,1.718,327,1039344
8,4,0,0,0,3,4,1,0.813,327,912356
20,11,0,0,0,9,8,2,2.233,296,1081620
6,5,0,0,0,4,4,1,0.953,327,914396
2,3,0,0,0,3,5,2,0.643,296,859260
26,14,0,0,0,10,8,2,2.597,296,1135140
17,8,0,0,0,8,6,2,1.924,296,1021288
20,12,0,0,0,7,6,2,1.934,296,1070216
6,4,0,0,0,7,5,3,1.414,264,931604
7,3,0,0,0,4,5,2,0.927,296,905356
2,0,0,0,0,5,3,2,0.900,295,855900
4,0,0,0,0,3,4,2,0.622,296,853860
21,0,0,0,0,12,7,2,2.483,295,1036648
3,2,0,0,0,3,4,2,0.644,296,859260
18,5,0,0,0,5,8,1,1.395,327,996620
11,4,0,0,0,5,6,2,1.213,296,951912
16,7,0,0,0,4,6,1,1.241,327,1001920
4,4,0,0,0,3,4,1,0.720,327,881420
3,0,0,0,0,2,3,1,0.432,328,834536
4,4,0,0,0,4,4,2,0.880,296,890452
10,5,0,0,0,8,5,1,1.695,327,972232
23,13,0,0,0,6,7,1,1.850,327,1071572
11,3,0,0,0,5,6,2,1.188,296,945784
7,4,0,0,0,4,4,2,0.952,295,914400
13,0,0,0,0,18,5,3,3.260,262,1035408
18,7,0,0,0,5,7,1,1.434,327,994908
3,2,0,0,0,2,3,1,0.482,328,848976
1,3,0,0,0,1,3,1,0.292,328,832688
11,6,0,0,0,14,5,3,2.711,262,1017988
2,3,0,0,0,2,4,1,0.481,328,848972
7,4,0,0,0,4,4,1,0.953,327,914400
15,6,0,0,0,6,7,1,1.502,327,980140
4,3,0,0,0,4,4,2,0.856,296,883456
6,0,0,0,0,3,4,1,0.668,327,868572
4,2,0,0,1,2,4,1,0.481,328,848980
14,0,0,0,0,14,6,3,2.637,262,1002784
4,4,0,0,0,3,4,2,0.719,296,881420
12,6,0,0,0,5,5,1,1.283,327,975144
15,0,0,0,0,16,5,3,2.986,262,1024132
6,0,0,0,0,4,4,2,0.835,295,875748
3,0,0,0,0,3,3,2,0.596,296,844824
3,2,0,0,0,3,4,2,0.644,296,859260
2,1,0,0,0,2,4,1,0.434,328,834532
2,1,0,0,0,4,3,1,0.760,327,855896
28,9,0,0,0,7,9,2,2.043,296,1095968
12,10,0,0,0,9,5,2,2.011,294,1008556
10,5,0,0,0,6,6,2,1.371,296,959372
16,7,0,0,0,7,6,2,1.715,296,1002628
3,2,0,0,0,3,4,1,0.643,327,859260
11,6,0,0,0,14,5,3,2.710,263,1024444
19,6,0,0,0,6,7,1,1.614,327,1038380
3,2,0,0,0,2,4,1,0.482,327,848976
5,5,0,0,0,4,8,2,0.927,296,905360
3,3,0,0,0,5,5,2,0.996,295,885764
2,2,0,0,0,3,3,1,0.597,327,844820
5,4,0,0,0,2,4,1,0.579,327,876540
25,11,0,0,0,8,8,2,2.197,296,1124508
3,2,0,0,0,2,4,2,0.480,296,847128
26,18,0,0,0,13,7,2,3.179,295,1190972
8,4,0,0,0,6,6,2,1.303,296,943476
3,2,0,0,0,4,5,2,0.808,296,870596
2,2,0,0,0,3,3,2,0.619,296,848976
9,5,0,0,0,6,6,2,1.354,296,949940
16,7,0,0,0,6,7,1,1.551,327,990360
6,5,0,0,0,4,4,1,0.952,327,914396
3,0,0,0,0,3,4,2,0.596,296,844824
4,0,0,0,0,3,3,2,0.621,296,853860
8,0,0,0,0,7,4,2,1.369,295,921588
2,2,0,0,0,2,3,2,0.456,296,839940
20,10,0,0,0,8,7,2,2.056,295,1065724
18,12,0,0,0,9,7,2,2.205,296,1059264
5,0,0,0,0,4,4,2,0.807,296,870612
3,3,0,0,0,3,5,2,0.669,296,868560
7,4,0,0,0,2,5,1,0.624,327,892768
4,1,0,0,0,9,6,3,1.622,263,918680
16,0,0,0,0,15,5,3,2.845,263,1020032
2,2,0,0,0,3,4,2,0.621,296,853856
2,2,0,0,0,4,5,2,0.783,296,861296
2,2,0,0,0,3,4,2,0.622,296,853856
8,7,0,0,0,6,6,2,1.372,295,955480
3,4,0,0,0,4,6,2,0.857,295,883456
8,0,0,0,0,3,4,1,0.718,327,881424
6,2,0,0,0,3,5,1,0.718,328,881420
11,5,0,0,0,8,7,2,1.724,295,983908
2,1,0,0,0,2,3,1,0.433,328,834528
4,1,0,0,0,3,4,2,0.643,296,854380
11,5,0,0,0,3,5,1,0.910,327,941428
5,5,0,0,0,6,12,5,1.256,199,928764
5,4,0,0,0,4,4,1,0.903,327,899684
6,0,0,0,0,5,5,3,0.998,263,885784
5,0,0,0,0,8,4,3,1.460,262,906880
6,4,0,0,0,5,6,2,1.090,296,916696
16,6,0,0,0,7,7,2,1.700,295,1016348
8,7,0,0,0,8,5,2,1.699,295,981544
19,12,0,0,0,13,8,2,2.892,295,1139932
6,5,0,0,0,4,4,1,0.950,327,911688
1,1,0,0,0,2,3,2,0.408,296,825496
7,0,0,0,0,8,4,2,1.505,295,923628
3,3,0,0,0,3,4,1,0.669,328,868560
4,3,0,0,0,3,5,2,0.694,296,875744
17,6,0,0,0,9,7,2,2.052,295,1053028
3,2,0,0,0,2,4,1,0.482,327,848972
2,1,0,0,0,2,3,1,0.433,328,834532
3,1,0,0,0,2,3,1,0.457,328,839940
16,5,0,0,0,5,7,1,1.342,327,970380
6,5,0,0,0,6,5,1,1.278,327,932860
18,6,0,0,0,8,7,2,1.899,296,1017200
21,7,0,0,0,8,7,1,2.004,327,1061392
3,1,0,0,0,3,4,2,0.621,296,853856
10,5,0,0,0,5,6,2,1.210,296,946316
15,8,0,0,0,9,7,2,2.036,295,1017256
2,0,0,0,0,2,3,2,0.408,296,825504
3,2,0,0,0,2,3,1,0.482,328,848976
10,5,0,0,0,7,5,1,1.526,327,953504
29,12,0,0,0,12,7,2,2.943,296,1158612
4,1,0,0,0,2,4,2,0.481,296,848976
2,2,0,0,0,2,4,2,0.456,296,839940
15,4,0,0,0,6,6,1,1.474,327,989788
3,3,0,0,0,3,4,1,0.670,327,868560
4,0,0,0,0,3,3,2,0.621,296,853860
6,0,0,0,0,5,4,2,0.997,295,883476
3,0,0,0,0,3,4,2,0.596,296,844824
3,2,0,0,0,2,3,2,0.481,296,848976
5,6,0,0,0,4,4,2,0.952,296,914396
5,4,0,0,0,4,5,2,0.905,296,899680
8,5,0,0,0,6,5,1,1.328,327,950660
6,2,0,0,0,6,4,3,1.205,264,907132
6,5,0,0,0,4,4,1,0.951,327,914396
3,0,0,0,0,4,3,2,0.758,295,853860
16,6,0,0,0,6,7,2,1.545,296,1016548
3,2,0,0,0,3,4,2,0.643,296,859260
17,0,0,0,0,12,6,3,2.383,262,1003684
5,0,0,0,0,4,4,2,0.808,296,870612
2,2,0,0,0,2,3,1,0.457,327,839940
21,14,0,0,0,14,7,2,3.130,295,1138624
1,0,0,0,0,2,2,1,0.385,328,819824
5,0,0,0,0,4,4,2,0.807,295,870608
23,13,0,0,0,11,7,2,2.680,296,1137140
20,7,0,0,0,7,8,1,1.807,327,1026436
2,2,0,0,0,2,4,1,0.456,328,839940
7,6,0,0,0,4,5,2,1.000,296,924940
3,0,0,0,0,4,3,2,0.758,295,853860
5,5,0,0,0,6,11,4,1.230,231,921580
4,3,0,0,0,4,4,1,0.859,328,883456
15,0,0,0,0,10,5,2,2.032,295,998484
5,4,0,0,0,4,5,2,0.904,296,899684
6,4,0,0,0,5,4,2,1.091,296,914388
6,6,0,0,0,5,5,2,1.137,296,923500
8,6,0,0,0,5,5,1,1.188,327,945784
3,2,0,0,0,2,3,1,0.481,327,848976
20,11,0,0,0,6,7,1,1.743,326,1049780
3,1,0,0,0,3,4,2,0.620,296,853856
3,1,0,0,0,3,3,1,0.621,327,853856
54,24,0,0,0,21,8,2,5.270,295,1473744
14,6,0,0,0,9,7,2,1.965,296,996808
4,4,0,0,0,4,4,2,0.882,296,892492
5,0,0,0,0,6,4,3,1.137,263,885776
3,2,0,0,0,2,5,2,0.481,296,848976
19,7,0,0,0,6,7,1,1.622,327,1011072
12,5,0,0,0,6,5,2,1.421,296,975144
5,3,2,0,0,4,6,2,0.582,308,870860
11,5,0,0,0,5,6,2,1.234,296,955756
3,1,0,0,0,3,4,2,0.621,296,853856
23,13,0,0,0,13,9,2,2.993,295,1145192
1,3,0,0,0,1,3,1,0.293,328,832688
26,14,0,0,0,14,10,2,3.246,295,1169356
4,2,0,0,0,3,4,2,0.669,296,868560
23,10,0,0,0,9,8,2,2.272,296,1080268
9,5,0,0,0,5,5,2,1.186,296,944464
4,2,0,0,0,2,4,1,0.505,327,854384
18,7,0,0,0,8,7,1,1.921,326,1023336
11,0,0,0,0,16,5,3,2.900,262,1017924
12,5,0,0,0,6,5,1,1.412,327,955548
7,4,0,0,0,3,5,1,0.790,327,901468
12,5,0,0,0,8,6,1,1.749,327,987992
19,7,0,0,0,5,6,1,1.475,327,1033504
12,7,0,0,0,6,6,2,1.473,296,989788
3,2,0,0,0,2,3,1,0.481,328,848976
2,2,0,0,0,5,4,1,0.947,327,872904
3,3,0,0,0,3,5,2,0.668,296,868560
2,4,0,0,0,2,4,1,0.505,328,854380
16,5,0,0,0,8,5,2,1.827,296,996496
4,4,0,0,0,2,5,1,0.554,327,870868
7,4,0,0,0,4,4,1,0.953,327,914396
6,5,0,0,0,7,16,6,1.443,166,945516
1,1,0,0,0,1,3,1,0.245,328,817972
12,4,0,0,0,6,5,2,1.388,296,949416
9,0,0,0,0,6,5,2,1.230,295,921592
6,5,0,0,0,4,4,1,0.953,327,914396
9,5,0,0,0,8,6,2,1.668,296,961348
4,3,0,0,0,4,4,1,0.858,327,883460
3,1,0,0,0,2,3,1,0.457,328,839940
1,2,0,0,0,4,3,1,0.760,328,855896
3,2,0,0,0,2,4,1,0.482,327,848976
6,5,0,0,0,4,5,1,0.954,327,914400
3,2,0,0,0,2,4,1,0.481,328,848976
2,2,0,0,0,2,4,2,0.456,296,839940
2,2,0,0,0,2,3,1,0.457,328,839940
13,6,0,0,0,7,6,1,1.622,327,978096
10,3,0,0,0,5,6,2,1.159,296,928036
2,2,0,0,0,2,4,2,0.458,296,839940
10,7,0,0,0,8,5,2,1.747,296,985948
14,9,0,0,0,8,5,2,1.890,296,1035080
12,8,0,0,0,7,5,1,1.652,327,1002696
6,0,0,0,0,9,4,3,1.648,264,923628
49,20,0,0,0,27,14,4,6.032,230,1488076
7,1,0,0,0,4,5,2,0.882,296,892496
19,7,0,0,0,6,7,1,1.621,327,1011056
2,3,0,0,0,2,3,1,0.482,328,848976
10,1,0,0,0,4,7,2,0.952,296,914396
10,0,0,0,0,6,6,2,1.254,295,927716
4,3,0,0,0,4,8,3,0.858,264,883456
12,0,0,0,0,10,5,3,1.946,262,968208
16,6,0,0,0,5,6,1,1.366,327,976512
17,6,0,0,0,5,6,1,1.387,327,982644
10,5,0,0,0,5,6,2,1.211,296,946316
8,5,0,0,0,4,5,1,1.000,327,925664
23,8,0,0,0,8,7,2,2.075,296,1076344
8,4,0,0,0,3,5,1,0.814,327,912356
10,6,0,0,0,7,5,2,1.556,296,970184
12,6,0,0,0,9,8,3,1.931,264,1007316
6,3,0,0,0,7,11,5,1.395,198,930816
7,3,0,0,0,5,5,2,1.092,296,916696
14,6,0,0,0,5,7,1,1.334,327,986152
9,0,0,0,0,6,4,2,1.231,295,916712
3,3,0,0,0,3,4,2,0.670,296,868560
19,11,0,0,0,13,8,2,2.861,295,1118676
18,15,0,0,0,15,7,2,3.252,294,1140216
7,5,0,0,0,6,7,3,1.297,264,931664
9,3,0,0,0,5,6,2,1.138,295,923500
25,11,0,0,0,12,7,1,2.843,326,1155484
8,4,0,0,0,3,5,1,0.813,327,912356
6,4,0,0,0,5,4,2,1.092,295,914388
6,0,0,0,0,9,4,2,1.647,295,927716
14,9,0,0,0,8,5,1,1.890,327,1035080
3,2,0,0,0,3,4,2,0.645,296,859264
4,3,0,0,0,4,7,3,0.858,264,883456
5,2,0,0,0,6,5,2,1.184,296,906868
5,2,0,0,0,3,5,2,0.694,296,875748
10,4,0,0,0,3,5,1,0.861,327,923628
3,3,0,0,0,4,6,2,0.836,295,877784
7,3,0,0,0,4,7,2,0.927,296,905556
16,6,0,0,0,6,6,1,1.530,327,986268
8,5,0,0,0,4,6,1,1.000,327,925664
6,0,0,0,0,9,4,3,1.646,264,927716
10,4,0,0,0,5,5,1,1.189,327,945784
3,0,0,0,0,4,3,1,0.761,327,855904
4,4,0,0,0,5,11,4,1.043,231,901988
1,0,0,0,0,2,2,1,0.385,328,819824
15,10,0,0,0,9,7,2,2.085,296,1030792
22,10,0,0,0,14,11,3,3.056,263,1120232
2,2,0,0,0,3,4,2,0.621,296,853856
19,9,0,0,0,7,8,2,1.850,296,1067468
10,6,0,0,0,7,5,2,1.564,296,982064
2,1,0,0,0,2,3,2,0.433,296,834528
4,4,0,0,0,5,9,3,1.041,263,901988
8,5,0,0,0,6,5,2,1.325,296,950660
5,0,0,0,0,6,4,2,1.138,295,890644
4,4,0,0,0,3,4,2,0.719,296,881420
32,0,0,0,0,31,6,5,5.806,198,1246764
3,4,0,0,0,2,4,1,0.530,327,863680
3,3,0,0,0,3,6,2,0.668,296,868560
9,0,0,0,0,6,5,2,1.231,295,921592
5,6,0,0,0,5,7,2,1.116,295,923884
17,0,0,0,0,14,5,3,2.704,262,1017988
3,3,0,0,0,4,4,2,0.836,296,877784
3,3,0,0,0,3,4,2,0.669,296,868560
14,7,0,0,0,8,6,1,1.826,327,994244
1,1,0,0,0,3,3,1,0.573,328,839412
22,10,0,0,0,9,9,2,2.269,295,1116788
31,17,0,0,0,17,10,3,3.939,263,1261312
4,2,0,0,0,5,4,3,0.996,264,883460
9,5,0,0,0,6,6,2,1.351,296,949944
11,5,0,0,0,4,5,1,1.074,327,950932
11,4,0,0,0,4,5,1,1.050,327,943144
2,1,0,0,0,2,4,2,0.433,296,834532
10,0,0,0,0,9,5,3,1.744,264,954224
5,4,0,0,0,4,5,1,0.903,327,899684
3,2,0,0,0,2,5,2,0.481,295,848976
5,4,0,0,0,4,4,1,0.904,327,899684
2,0,0,0,0,2,3,1,0.410,328,825504
6,3,0,0,0,4,4,1,0.904,327,899680
1,2,0,0,0,1,3,1,0.268,328,823644
13,4,0,0,0,5,5,1,1.250,327,951588
6,2,0,0,0,5,5,1,1.042,327,901988
15,8,0,0,0,7,6,2,1.712,296,1002628
2,1,0,0,0,2,3,2,0.433,296,834528
2,3,0,0,0,3,5,2,0.644,296,859264
26,10,0,0,0,9,8,2,2.347,296,1108984
5,0,0,0,0,3,4,2,0.644,296,859268
2,2,0,0,0,2,4,2,0.456,296,839940
29,0,0,0,0,34,6,4,6.229,229,1256984
12,9,0,0,0,11,7,2,2.318,295,1021872
3,0,0,0,0,4,4,3,0.759,264,855904
20,8,0,0,0,5,7,2,1.519,296,1042068
9,0,0,0,0,6,4,2,1.231,295,914404
6,0,0,0,0,5,4,3,0.994,264,885780
4,2,0,0,0,2,4,1,0.506,328,854380
6,4,0,0,0,7,13,5,1.415,199,935692
6,4,0,0,0,5,7,2,1.089,295,916696
3,2,0,0,0,2,3,1,0.481,327,848972
12,8,0,0,0,7,5,2,1.653,296,1002696
3,0,0,0,0,4,3,1,0.762,327,855904
6,4,0,0,0,5,6,2,1.091,295,916696
2,1,0,0,0,1,3,1,0.269,328,823644
3,2,0,0,0,3,4,2,0.643,296,859264
6,5,0,0,0,8,5,2,1.606,295,956800
2,1,0,0,0,2,4,1,0.432,328,834528
14,6,0,0,0,6,5,1,1.482,327,974008
4,0,0,0,0,6,4,3,1.111,264,880104
19,8,0,0,0,8,7,2,1.987,296,1071564
3,4,0,0,0,2,4,1,0.529,327,863680
6,0,0,0,0,9,4,3,1.645,264,927716
4,3,0,0,0,2,4,1,0.529,328,863684
8,3,0,0,0,6,6,2,1.277,296,932860
10,6,0,0,0,8,6,2,1.724,295,983908
9,1,0,0,0,10,5,3,1.904,263,953764
3,3,0,0,0,4,5,2,0.836,296,877784
12,8,0,0,0,13,7,2,2.613,295,1036180
29,11,0,0,0,9,7,2,2.429,296,1120692
4,3,0,0,0,4,4,1,0.857,327,883456
2,1,0,0,0,3,3,1,0.596,328,844820
20,9,0,0,0,7,7,2,1.857,296,1043428
13,5,0,0,0,5,5,1,1.284,327,975144
20,10,0,0,0,11,6,1,2.527,327,1080804
3,1,0,0,0,3,3,2,0.621,296,853856
0,1,0,0,0,2,2,1,0.335,328,803536
11,7,0,0,0,6,5,2,1.444,296,974144
6,4,0,0,0,3,4,1,0.764,327,897644
13,5,0,0,0,5,6,1,1.270,327,951920
1,1,0,0,0,1,2,1,0.220,328,808680
3,3,0,0,0,2,4,1,0.504,328,854380
10,5,0,0,0,6,6,2,1.373,296,959372
3,2,0,0,0,3,4,1,0.644,327,859264
3,2,0,0,0,2,5,2,0.482,296,848972
19,14,0,0,0,14,7,2,3.083,295,1114256
19,8,0,0,0,7,7,2,1.804,296,1026436
16,6,0,0,0,8,7,2,1.853,296,1004664
3,1,0,0,0,2,4,2,0.457,296,839940
7,3,0,0,0,3,6,2,0.765,296,897648
4,3,0,0,0,4,4,1,0.857,327,883456
25,9,0,0,0,7,8,2,1.969,295,1069484
2,2,0,0,0,2,4,2,0.456,296,839940
2,1,0,0,0,2,3,1,0.432,328,834528
17,8,0,0,0,7,7,2,1.759,296,1015148
4,4,0,0,0,3,4,1,0.719,327,881420
6,0,0,0,0,7,4,2,1.322,295,906880
16,5,0,0,0,5,7,1,1.344,327,970380
18,6,0,0,0,5,7,1,1.411,327,986732
2,2,0,0,0,2,3,1,0.456,328,839940
12,6,0,0,0,8,6,2,1.768,296,990688
42,11,0,0,0,9,9,1,2.739,326,1218048
2,2,0,0,0,3,4,1,0.550,327,830236
3,2,0,0,0,2,3,1,0.481,328,848976
4,3,0,0,0,4,4,1,0.857,327,883456
1,2,0,0,0,1,3,1,0.268,328,823644
10,0,0,0,0,5,4,2,1.092,295,914404
5,0,0,0,0,4,4,2,0.807,295,870608
18,7,0,0,0,5,6,1,1.446,327,1016800
4,0,0,0,0,3,4,2,0.623,296,853860
3,0,0,0,0,3,3,2,0.597,296,844824
6,0,0,0,0,5,5,2,0.997,295,885784
2,2,0,0,0,2,3,1,0.456,328,839940
10,0,0,0,0,5,4,2,1.089,295,914400
2,1,0,0,0,3,4,2,0.597,296,844820
11,5,0,0,0,4,7,2,1.077,296,945892
20,7,0,0,0,9,7,2,2.140,295,1063960
3,2,0,0,0,2,4,1,0.481,327,848976
7,5,0,0,0,3,4,1,0.815,327,912356
19,4,0,0,0,5,6,1,1.391,327,982644
5,4,0,0,0,5,5,2,1.066,296,907132
25,9,0,0,0,11,7,2,2.619,295,1105396
21,8,0,0,0,6,7,1,1.712,327,1065428
4,3,0,0,0,3,7,2,0.693,296,875748
3,2,0,0,0,2,4,1,0.482,328,848976
21,11,0,0,0,12,7,2,2.753,296,1137888
16,4,0,0,0,6,7,2,1.483,296,974008
9,6,0,0,0,4,5,1,1.051,327,943480
3,2,0,0,0,2,3,1,0.481,328,848976
4,0,0,0,0,3,3,1,0.621,327,853860
2,3,0,0,0,2,5,2,0.481,296,848976
3,2,0,0,0,2,3,1,0.482,328,848976
34,12,0,0,0,9,8,2,2.584,295,1169264
3,2,0,0,0,3,5,2,0.644,296,859264
3,3,0,0,0,3,5,2,0.669,296,868560
3,3,0,0,0,3,5,2,0.669,296,868560
4,4,0,0,0,4,4,2,0.881,296,892496
4,2,0,0,0,4,5,2,0.837,296,877784
3,0,0,0,0,3,3,2,0.596,296,844824
6,0,0,0,0,5,4,2,0.995,295,883472
12,4,0,0,0,5,7,2,1.235,296,955740
8,5,0,0,0,5,6,2,1.155,295,928036
33,22,0,0,0,24,8,2,5.226,294,1356684
22,12,0,0,0,5,8,1,1.655,327,1066596
3,1,0,0,0,2,4,2,0.456,296,839940
5,3,0,0,0,4,4,1,0.882,327,892496
1,2,0,0,0,2,3,1,0.432,328,834528
9,1,0,0,0,5,4,2,1.092,296,914388
4,4,0,0,0,3,4,2,0.719,296,881420
2,2,0,0,0,3,4,2,0.622,296,853856
25,14,0,0,0,13,7,2,3.086,295,1175004
6,5,0,0,0,6,5,2,1.280,296,934180
2,1,0,0,0,2,4,1,0.433,328,834528
9,3,0,0,0,4,5,1,0.976,327,921584
18,6,0,0,0,7,7,2,1.752,295,1040420
7,0,0,0,0,4,4,2,0.858,295,883472
13,7,0,0,0,8,7,2,1.813,296,1006384
2,2,0,0,0,3,3,2,0.621,295,853856
3,0,0,0,0,4,3,2,0.760,295,853860
24,14,0,0,0,13,6,2,3.067,295,1199628
6,0,0,0,0,3,4,2,0.669,296,868572
6,5,0,0,0,6,5,2,1.276,296,927128
11,5,0,0,0,6,5,1,1.390,327,955212
22,7,0,0,0,8,7,1,2.029,327,1067520
6,4,0,0,0,5,4,2,1.090,295,914388
5,3,0,0,0,6,11,5,1.206,198,912540
6,6,0,0,0,4,7,1,0.977,327,921584
18,6,0,0,0,6,7,1,1.573,327,998540
22,7,0,0,0,8,7,1,2.022,326,1055904
10,6,0,0,0,6,5,1,1.387,327,949416
19,6,0,0,0,7,7,1,1.759,327,1015152
25,9,0,0,0,9,8,2,2.307,295,1105892
8,7,0,0,0,8,6,2,1.694,295,970188
2,1,0,0,0,2,3,1,0.433,328,834532
1,1,0,0,0,2,4,2,0.408,296,825496
2,1,0,0,0,3,3,2,0.596,296,844820
6,0,0,0,0,9,4,3,1.648,264,927716
5,5,0,0,0,6,6,2,1.254,295,928764
8,5,0,0,0,6,5,1,1.318,327,933256
19,0,0,0,0,12,5,3,2.431,262,1011068
15,0,0,0,0,16,5,3,2.985,262,1020044
5,3,0,0,0,3,4,2,0.719,296,881420
16,5,0,0,0,10,7,2,2.171,295,1049732
8,0,0,0,0,15,5,5,2.658,199,974996
8,5,0,0,0,9,6,3,1.808,263,968216
12,8,0,0,0,7,5,2,1.646,296,984228
6,4,0,0,0,5,5,2,1.091,295,914396
3,3,0,0,0,2,7,2,0.504,296,854380
6,0,0,0,0,9,4,2,1.650,295,927716
2,2,0,0,0,1,3,1,0.293,328,832688
8,5,0,0,0,5,5,1,1.158,327,928036
4,4,0,0,0,3,4,1,0.720,327,881420
4,3,0,0,0,4,4,1,0.855,327,882136
8,6,0,0,0,4,6,2,1.022,296,930152
8,5,0,0,0,5,5,1,1.165,327,938596
12,7,0,0,0,4,5,1,1.138,327,960888
5,4,0,0,0,4,4,1,0.905,327,899684
16,5,0,0,0,5,7,1,1.342,327,970380
10,6,0,0,0,3,6,1,0.909,327,941428
2,3,0,0,0,2,3,1,0.481,328,848976
4,0,0,0,0,3,4,2,0.621,295,853860
8,4,0,0,0,4,5,1,0.977,327,921584
3,2,0,0,0,2,4,1,0.482,327,848976
5,5,0,0,0,5,4,1,1.093,327,916704
14,9,0,0,0,8,5,1,1.876,327,1008556
23,9,0,0,0,8,7,2,2.091,296,1079052
2,2,0,0,0,3,3,1,0.548,327,830112
10,5,0,0,0,8,5,2,1.692,295,972228
6,0,0,0,0,4,5,2,0.836,296,877796
23,11,0,0,0,12,10,3,2.782,264,1115616
3,1,0,0,0,2,4,1,0.457,328,839940
3,3,0,0,0,3,7,3,0.668,264,868560
6,5,0,0,0,4,8,2,0.951,295,914400
3,2,0,0,0,3,4,2,0.644,296,859260
3,4,0,0,0,3,6,2,0.694,296,875748
5,0,0,0,0,4,5,2,0.806,295,868568
10,5,0,0,0,9,6,2,1.863,296,986476
17,6,0,0,0,6,6,1,1.548,327,990360
16,0,0,0,0,9,6,2,1.889,295,992484
3,3,0,0,0,3,5,2,0.669,296,868560
4,5,0,0,0,5,6,2,1.067,295,907660
8,5,0,0,0,6,5,2,1.330,296,950660
9,0,0,0,0,6,4,2,1.232,295,916712
29,0,0,0,0,34,6,4,6.227,229,1256984
11,0,0,0,0,12,5,3,2.242,263,970908
5,4,0,0,0,5,11,4,1.066,231,907660
11,8,0,0,0,12,5,3,2.429,264,1017992
8,3,0,0,0,2,5,1,0.625,327,892764
5,5,0,0,0,5,4,2,1.090,296,914388
6,0,0,0,0,6,5,3,1.161,264,899692
6,4,0,0,0,5,4,2,1.091,296,916704
2,2,0,0,0,2,5,2,0.456,296,839940
7,0,0,0,0,6,5,2,1.183,295,902000
9,0,0,0,0,6,4,2,1.230,295,916712
19,6,0,0,0,9,7,2,2.086,296,1030792
7,6,0,0,0,4,5,2,0.997,296,921912
7,4,0,0,0,4,6,1,0.953,327,914396
3,3,0,0,0,3,4,2,0.670,295,868560
18,5,0,0,0,5,8,2,1.388,296,982644
11,4,0,0,0,4,5,1,1.048,327,942424
13,6,0,0,0,7,6,2,1.629,296,992064
23,11,0,0,0,5,7,1,1.654,327,1066596
16,7,0,0,0,10,8,2,2.200,295,1028008
1,0,0,0,0,4,3,2,0.712,295,839416
5,5,0,0,0,5,4,2,1.091,295,914388
1,1,0,0,0,1,2,1,0.245,328,817972
1,1,0,0,0,1,2,1,0.245,328,817972
9,0,0,0,0,6,4,2,1.232,295,916712
3,1,0,0,0,3,3,2,0.622,296,853856
3,4,0,0,0,4,5,2,0.857,295,883456
15,9,0,0,0,8,6,1,1.897,327,1014688
8,0,0,0,0,5,6,2,1.043,295,902004
7,0,0,0,0,8,4,2,1.508,295,927716
2,2,0,0,0,3,3,1,0.621,328,853856
2,0,0,0,0,2,3,2,0.409,296,825504
5,4,0,0,0,4,4,1,0.906,327,899684
3,3,0,0,0,2,4,1,0.483,328,848976
2,2,0,0,0,2,4,1,0.456,328,839940
8,4,0,0,0,4,6,1,0.977,327,921588
7,0,0,0,0,4,4,2,0.858,295,883472
2,2,0,0,0,2,3,2,0.456,296,839940
21,8,0,0,0,6,7,1,1.709,327,1065428
26,14,0,0,0,13,8,2,3.088,295,1160652
2,2,0,0,0,3,3,1,0.620,327,853856
1,1,0,0,0,1,3,1,0.245,328,817972
5,0,0,0,0,7,4,3,1.299,263,899692
20,9,0,0,0,11,8,2,2.513,296,1088284
2,2,0,0,0,2,3,1,0.456,328,839940
12,0,0,0,0,7,5,1,1.466,327,952176
18,8,0,0,0,7,7,2,1.786,296,1021292
22,8,0,0,0,8,7,2,2.050,296,1065724
6,4,0,0,0,5,4,2,1.090,296,914388
14,0,0,0,0,21,6,4,3.796,231,1102424
6,0,0,0,0,4,4,2,0.835,296,877800
7,6,0,0,0,6,6,2,1.325,295,949604
4,3,0,0,0,4,4,1,0.856,327,883456
7,6,0,0,0,4,5,1,0.999,327,925664
6,4,0,0,0,3,4,2,0.766,295,897648
10,6,0,0,0,5,6,1,1.232,327,955744
2,2,0,0,0,3,4,1,0.620,328,853856
5,4,0,0,0,4,4,1,0.905,327,899680
5,0,0,0,0,2,3,1,0.481,328,848980
7,4,0,0,0,6,7,2,1.277,295,932860
12,7,0,0,0,5,6,2,1.300,296,958048
5,6,0,0,0,6,10,3,1.278,263,931608
14,6,0,0,0,7,6,2,1.655,295,1002696
7,4,0,0,0,4,4,1,0.953,327,914396
3,3,0,0,0,3,5,2,0.670,296,868560
4,2,0,0,0,4,4,2,0.835,296,875748
10,4,0,0,0,7,6,2,1.512,296,960696
4,3,0,0,0,3,4,1,0.693,327,875748
24,10,0,0,0,14,10,2,3.119,295,1159836
2,2,0,0,0,3,3,2,0.622,296,853856
4,1,0,0,0,2,5,1,0.482,327,848976
25,14,0,0,0,10,7,2,2.575,296,1127828
2,1,0,0,0,2,3,1,0.432,328,834528
12,6,0,0,0,5,5,1,1.280,327,966960
6,5,0,0,0,4,4,1,0.953,327,914396
11,7,0,0,0,7,6,2,1.612,296,989784
22,8,0,0,0,8,7,2,2.052,296,1065724
4,3,0,0,0,4,5,2,0.857,296,883456
7,6,0,0,0,6,5,2,1.233,295,916696
1,1,0,0,0,2,3,1,0.408,328,825496
8,0,0,0,0,3,4,1,0.718,327,881428
17,4,0,0,0,4,7,1,1.191,327,981136
4,4,0,0,0,4,6,2,0.882,296,892492
5,3,0,0,0,3,4,1,0.719,327,881420
5,3,0,0,0,3,4,2,0.719,296,881420
12,7,0,0,0,9,7,2,1.948,296,1007636
2,2,0,0,0,3,4,2,0.622,296,853852
11,0,0,0,0,12,5,3,2.256,263,990772
4,3,0,0,0,5,5,2,1.019,295,894800
7,6,0,0,0,5,5,2,1.161,295,936220
23,8,0,0,0,9,7,2,2.234,296,1081620
2,1,0,0,0,2,3,2,0.433,296,834528
1,1,0,0,0,2,3,2,0.409,296,825496
10,3,0,0,0,8,6,2,1.648,295,965508
2,2,0,0,0,2,5,1,0.457,328,839940
3,1,0,0,0,3,3,1,0.622,327,853856
15,0,0,0,0,16,5,3,2.985,263,1028744
27,12,0,0,0,12,7,2,2.928,296,1199628
7,4,0,0,0,4,4,1,0.952,327,914396
4,4,0,0,0,4,8,3,0.879,264,892492
6,5,0,0,0,4,4,1,0.952,327,914396
3,3,0,0,0,3,4,2,0.670,296,868560
11,0,0,0,0,4,6,2,0.953,296,914404
12,0,0,0,0,7,7,2,1.463,295,950064
25,13,0,0,0,11,8,2,2.712,296,1129924
3,0,0,0,0,4,4,3,0.760,264,855904
6,7,0,0,0,7,7,2,1.488,295,951716
2,1,0,0,0,2,3,2,0.433,296,834532
3,2,0,0,0,3,5,2,0.643,296,859260
14,6,0,0,0,5,6,1,1.333,327,986152
7,0,0,0,0,8,4,2,1.507,295,921584
2,2,0,0,0,2,3,1,0.457,328,839940
20,9,0,0,0,9,7,2,2.189,296,1065724
7,0,0,0,0,7,4,2,1.343,295,912548
20,8,0,0,0,10,9,2,2.333,295,1072916
4,3,0,0,0,4,7,2,0.857,296,883456
5,4,0,0,0,6,4,2,1.229,295,914396
12,6,0,0,0,5,6,1,1.274,327,951920
6,5,0,0,0,6,6,2,1.282,295,934176
2,3,0,0,0,3,5,2,0.644,296,859260
9,8,0,0,0,6,5,1,1.418,327,966096
4,2,0,0,0,3,4,2,0.668,296,863684
19,6,0,0,0,6,7,1,1.611,327,1038380
5,0,0,0,0,6,4,2,1.136,295,885776
11,0,0,0,0,9,5,2,1.772,295,958112
2,1,0,0,0,1,3,1,0.268,328,823644
17,6,0,0,0,6,6,1,1.549,327,990360
12,9,0,0,0,8,6,2,1.827,295,992200
5,4,0,0,0,6,5,2,1.230,296,921576
2,1,0,0,0,1,3,1,0.269,328,823644
4,0,0,0,0,3,3,1,0.621,328,853860
8,7,0,0,0,6,5,2,1.374,296,960692
11,0,0,0,0,4,6,2,0.951,296,914400
25,15,0,0,0,15,6,2,3.427,295,1214576
2,2,0,0,0,2,4,1,0.457,328,839940
3,3,0,0,0,2,4,1,0.504,328,854380
7,3,0,0,0,3,4,1,0.764,327,897648
44,25,0,0,0,25,9,3,5.731,263,1447060
12,0,0,0,0,5,5,2,1.137,296,923496
7,0,0,0,0,8,4,2,1.508,295,927716
8,0,0,0,0,7,5,3,1.367,264,916708
15,6,0,0,0,6,7,2,1.506,296,980140
17,5,0,0,0,5,7,1,1.368,327,976512
6,3,0,0,0,4,4,2,0.902,296,897644
7,3,0,0,0,3,5,1,0.765,327,897648
6,5,0,0,0,4,4,1,0.951,327,914396
15,0,0,0,0,23,6,4,4.131,230,1080708
6,4,0,0,0,3,5,1,0.766,327,897644
2,3,0,0,0,2,3,2,0.482,296,848976
4,4,0,0,0,4,6,2,0.880,296,892492
8,0,0,0,0,7,4,2,1.368,295,921588
3,3,0,0,0,3,5,2,0.670,296,868560
3,2,0,0,0,3,5,2,0.644,296,859260
17,5,0,0,0,5,7,1,1.366,327,976512
6,4,0,0,0,7,11,5,1.416,198,935692
3,3,0,0,0,2,4,1,0.505,328,854384
25,0,0,0,0,14,8,2,2.918,294,1094020
5,2,0,0,2,4,4,2,0.810,296,870604
11,6,0,0,0,6,6,1,1.417,327,966096
8,8,0,0,0,7,16,5,1.560,198,981536
5,4,0,0,0,2,4,1,0.578,328,876532
21,7,0,0,0,5,6,1,1.518,327,1035200
11,6,0,0,0,6,6,2,1.419,295,970588
7,4,0,0,0,6,5,2,1.275,296,927128
9,6,0,0,0,5,7,1,1.214,327,951912
15,0,0,0,0,16,5,3,2.988,262,1024132
6,4,0,0,0,5,4,2,1.089,296,914244
3,2,0,0,0,2,4,1,0.481,328,848976
4,0,0,0,0,7,4,3,1.277,263,885776
3,4,0,0,0,6,7,2,1.182,296,906868
2,1,0,0,0,3,3,1,0.597,328,844820
7,4,0,0,0,4,4,1,0.952,327,914396
21,11,0,0,0,6,7,2,1.770,296,1059592
3,1,0,0,0,3,3,2,0.621,296,848976
20,9,0,0,0,8,7,2,2.022,296,1055904
15,3,0,0,0,4,6,1,1.108,327,944460
4,3,0,0,0,3,4,1,0.693,327,875748
2,2,0,0,0,1,4,1,0.293,328,832688
14,9,0,0,0,10,7,2,2.201,295,1028008
10,10,0,0,0,11,5,3,2.287,262,1010804
7,4,0,0,0,8,6,2,1.606,296,956800
22,9,0,0,0,8,7,2,2.075,295,1074300
9,5,0,0,0,5,6,2,1.187,296,942352
13,8,0,0,0,6,8,2,1.505,296,980140
11,8,0,0,0,12,5,3,2.427,262,1011068
3,0,0,0,0,6,4,2,1.086,296,877796
4,4,0,0,0,5,4,2,1.042,296,899680
18,6,0,0,0,7,7,2,1.754,296,1040420
14,9,0,0,0,8,8,2,1.871,295,1008544
2,3,0,0,0,2,5,2,0.481,296,848976
11,5,0,0,0,7,6,2,1.553,296,970184
2,2,0,0,0,1,3,1,0.293,328,832688
4,2,0,0,0,2,4,1,0.505,328,854380
21,8,0,0,0,8,7,2,2.019,296,1055904
4,3,0,0,0,4,4,1,0.857,327,883456
18,11,0,0,0,12,6,1,2.664,327,1084892
4,0,0,0,0,4,4,2,0.784,296,861312
3,2,0,0,0,3,4,1,0.644,327,859264
11,5,0,0,0,8,6,2,1.717,296,967808
3,2,0,0,0,3,5,2,0.644,296,859260
21,8,0,0,0,7,8,2,1.859,296,1043428
7,0,0,0,0,8,4,2,1.505,295,921584
24,12,0,0,0,11,7,2,2.680,296,1135096
3,2,0,0,0,4,5,2,0.809,296,870604
3,1,0,0,0,3,4,2,0.620,295,853856
1,2,0,0,0,3,4,2,0.597,296,844820
10,5,0,0,0,7,6,2,1.531,296,959304
5,4,0,0,0,4,4,1,0.903,327,899684
3,2,0,0,0,2,3,1,0.482,328,848976
3,2,0,0,0,4,5,2,0.807,296,870600
4,4,0,0,0,3,5,2,0.719,296,881420
3,1,0,0,0,2,4,1,0.456,328,839940
9,5,0,0,0,5,5,1,1.188,327,945784
5,5,0,0,0,5,14,5,1.090,198,916696
6,5,0,0,0,6,6,2,1.277,295,927128
3,3,0,0,0,2,4,1,0.504,328,854380
3,1,0,0,0,2,4,1,0.457,328,839940
22,9,0,0,0,6,8,2,1.751,296,1061396
30,10,0,0,0,9,8,2,2.461,296,1175160
10,5,0,0,0,5,5,1,1.209,327,946316
3,2,0,0,0,3,6,2,0.643,296,859264
5,3,0,0,0,1,4,1,0.389,328,861832
13,9,0,0,0,7,5,1,1.688,326,994452
2,2,0,0,0,1,3,1,0.293,328,832688
5,4,0,0,0,4,6,2,0.902,295,899680
8,3,0,0,0,4,5,1,0.953,327,914396
17,7,0,0,0,10,7,2,2.227,295,1035668
2,3,0,0,0,3,5,2,0.645,296,859260
5,2,0,0,0,4,4,1,0.857,327,883456
3,0,0,0,0,4,3,2,0.761,296,855908
9,4,0,0,0,4,6,1,1.000,327,925664
2,2,0,0,0,2,4,2,0.456,296,838088
3,3,0,0,0,3,5,2,0.669,296,868560
5,0,0,0,0,2,3,1,0.482,327,848980
11,8,0,0,0,8,5,2,1.788,296,1002696
4,3,0,0,0,4,4,1,0.856,327,883456
2,0,0,0,0,1,2,1,0.245,328,817976
7,7,0,0,0,6,5,2,1.350,296,949944
14,0,0,0,0,19,6,4,3.445,231,1045888
2,0,0,0,0,1,2,1,0.245,328,817976
14,8,0,0,0,8,6,2,1.849,296,1004664
22,8,0,0,0,9,7,2,2.219,296,1078660
4,3,0,0,0,4,4,2,0.859,296,883456
7,5,0,0,0,3,4,1,0.815,327,912352
8,5,0,0,0,8,6,2,1.650,295,965508
19,9,0,0,0,6,7,2,1.665,296,1022352
12,6,0,0,0,5,5,1,1.279,327,966960
12,6,0,0,0,8,6,2,1.766,295,994108
6,0,0,0,0,2,5,2,0.505,296,854388
27,10,0,0,0,8,7,2,2.197,296,1096172
3,2,0,0,0,2,3,1,0.481,328,848976
5,3,0,0,0,3,4,1,0.718,327,881420
19,10,0,0,0,6,8,2,1.709,296,1065428
5,0,0,0,0,3,4,2,0.644,296,859268
17,7,0,0,0,5,7,1,1.412,326,986732
3,1,0,0,0,3,3,2,0.621,296,853856
7,8,0,0,0,6,6,2,1.371,295,956248
6,5,0,0,0,5,7,2,1.114,295,923884
6,1,0,0,0,4,5,2,0.857,296,883456
5,4,0,0,0,4,5,1,0.904,327,899684
5,3,0,0,0,3,4,1,0.718,327,881424
11,0,0,0,0,9,6,2,1.766,295,951724
2,2,0,0,0,2,4,1,0.457,328,839940
10,4,0,0,0,5,7,2,1.183,296,942352
16,6,0,0,0,6,8,2,1.531,296,986268
9,7,0,0,0,9,7,2,1.899,296,990300
20,0,0,0,0,27,6,3,4.888,262,1157524
6,5,0,0,0,6,5,2,1.277,296,927128
9,3,0,0,0,3,4,1,0.815,327,912356
4,0,0,0,0,5,4,2,0.946,295,870604
17,0,0,0,0,7,6,3,1.575,263,965768
1,2,0,0,0,2,3,1,0.433,328,834528
7,0,0,0,0,6,5,2,1.184,295,906880
11,0,0,0,0,10,5,3,1.929,264,969408
16,0,0,0,0,11,6,3,2.199,264,993456
6,0,0,0,0,7,4,3,1.320,263,906880
6,5,0,0,0,4,4,1,0.952,327,914396
2,2,0,0,0,2,4,1,0.457,328,839936
5,4,0,0,0,5,8,3,1.066,263,907660
3,2,0,0,0,3,5,2,0.645,296,859264
3,2,0,0,0,3,4,2,0.644,296,859260
2,0,0,0,0,1,2,1,0.245,328,817976
13,9,0,0,0,9,5,2,2.033,296,1045844
4,3,0,0,0,3,4,1,0.694,328,875748
11,7,0,0,0,5,5,1,1.278,327,962472
6,2,0,0,0,5,4,2,1.041,296,899680
6,0,0,0,0,9,4,3,1.645,264,927716
3,0,0,0,0,2,4,2,0.433,296,834536
5,0,0,0,0,4,4,2,0.808,296,870608
1,1,0,0,0,1,3,1,0.245,328,818092
7,4,0,0,0,4,5,1,0.952,327,914396
12,7,0,0,0,8,5,2,1.788,295,1002692
3,1,0,0,0,3,3,1,0.621,327,853856
2,2,0,0,0,3,4,2,0.622,296,853856
1,2,0,0,0,1,3,1,0.269,328,823644
3,2,0,0,0,2,4,1,0.481,328,848976
4,2,0,0,0,1,3,1,0.342,327,847124
20,7,0,0,0,8,7,2,1.985,296,1071564
19,0,0,0,0,6,6,2,1.474,295,989780
1,1,0,0,0,1,3,1,0.245,329,817972
7,5,0,0,0,3,4,1,0.814,327,912356
14,10,0,0,0,10,7,2,2.224,295,1040228
8,7,0,0,0,8,5,2,1.689,295,961680
3,1,0,0,0,3,3,2,0.620,295,853856
12,5,0,0,0,4,5,1,1.096,327,954420
16,7,0,0,0,8,6,2,1.891,295,1044516
3,2,0,0,0,3,5,2,0.643,296,859260
20,10,0,0,0,8,8,2,2.053,296,1065724
3,3,0,0,0,3,4,2,0.669,296,868560
10,3,0,0,0,5,5,1,1.165,327,938596
5,3,0,0,0,3,4,1,0.718,327,881424
35,0,0,0,0,13,8,3,2.984,264,1157532
8,5,0,0,0,4,6,2,0.998,296,921912
8,0,0,0,0,7,4,3,1.369,264,921588
7,6,0,0,0,6,6,2,1.327,296,950660
6,4,0,0,0,6,6,2,1.257,295,928764
6,5,0,0,0,2,4,1,0.626,328,892764
43,31,0,0,0,29,8,2,6.474,294,1521996
4,3,0,0,0,3,4,2,0.694,296,875748
20,11,0,0,0,8,7,2,2.076,296,1076344
3,1,0,0,0,2,3,1,0.456,328,839940
5,0,0,0,0,4,4,2,0.807,296,870608
3,3,0,0,0,3,5,2,0.667,296,868560
3,3,0,0,0,3,4,1,0.668,327,868560
5,0,0,0,0,4,4,2,0.808,296,870608
3,3,0,0,0,3,5,2,0.669,296,868560
14,5,0,0,0,5,6,1,1.299,327,958048
4,4,0,0,0,5,12,4,1.043,231,901988
11,0,0,0,0,4,5,2,0.954,296,914404
8,0,0,0,0,5,5,3,1.041,263,902004
8,3,0,0,0,4,4,1,0.954,327,914400
24,10,0,0,0,10,7,2,2.471,296,1131432
11,8,0,0,0,10,7,2,2.109,295,1001424
5,3,0,0,0,3,4,1,0.719,328,881420
3,3,0,0,0,2,5,1,0.504,328,854384
5,0,0,0,0,2,4,2,0.482,296,848980
6,0,0,0,0,1,3,1,0.341,328,847136
20,8,0,0,0,6,8,2,1.669,296,1022352
4,3,0,0,0,5,8,3,1.018,263,894808
3,0,0,0,0,4,3,2,0.760,296,855908
23,10,0,0,0,9,8,2,2.268,295,1080268
7,4,0,0,0,5,6,2,1.116,296,923884
7,6,0,0,0,7,14,5,1.485,198,951716
1,2,0,0,0,3,3,1,0.597,328,844820
7,3,0,0,0,5,4,2,1.091,296,914388
3,2,0,0,0,2,3,1,0.482,328,848976
10,3,0,0,0,3,5,1,0.838,327,919544
8,4,0,0,0,3,4,1,0.815,327,912356
5,2,0,0,0,4,4,2,0.857,295,883456
4,4,0,0,0,4,5,2,0.880,295,892492
2,3,0,0,0,2,4,1,0.483,328,848972
13,1,0,0,0,5,6,2,1.186,296,944464
3,0,0,0,0,2,3,2,0.433,296,834536
1,3,0,0,0,2,3,1,0.457,328,839940
3,2,0,0,0,3,6,2,0.645,295,859264
17,8,0,0,0,5,7,1,1.433,327,994908
10,5,0,0,0,5,5,1,1.220,327,951912
4,0,0,0,0,4,4,2,0.782,296,861312
21,6,0,0,0,8,8,2,1.980,296,1057640
4,2,0,0,0,3,4,2,0.668,296,863680
8,0,0,0,0,7,4,2,1.370,295,923632
5,4,0,0,0,4,6,2,0.904,296,899688
36,11,0,0,0,16,11,2,3.736,295,1240476
4,2,0,0,0,5,5,2,0.996,295,885768
3,4,0,0,0,4,5,2,0.858,296,883456
3,2,0,0,0,2,3,1,0.481,328,848976
9,0,0,0,0,6,4,2,1.230,295,914404
6,0,0,0,0,8,4,3,1.483,263,914600
18,10,0,0,0,8,8,2,1.993,295,1045472
13,8,0,0,0,10,5,2,2.153,295,1011068
16,9,0,0,0,6,5,1,1.596,327,1002420
6,4,0,0,0,7,5,2,1.415,295,927976
6,5,0,0,0,8,6,2,1.605,295,955744
3,3,0,0,0,4,6,2,0.835,295,877784
4,2,0,0,0,3,4,2,0.667,296,863680
3,0,0,0,0,0,2,0,0.100,360,796948
32,10,0,0,0,15,7,2,3.457,295,1198160
9,6,0,0,0,4,5,1,1.051,327,943476
5,5,0,0,0,5,4,2,1.091,295,914388
15,0,0,0,0,7,7,2,1.537,296,967572
7,0,0,0,0,7,4,3,1.345,264,907676
21,10,0,0,0,11,8,2,2.549,295,1086936
2,1,0,0,0,3,4,2,0.596,296,844820
4,4,0,0,0,5,8,3,1.043,263,901988
4,5,0,0,0,4,6,2,0.902,296,899688
2,2,0,0,0,2,3,2,0.457,296,839940
7,0,0,0,0,6,4,2,1.183,295,902000
9,4,0,0,0,5,7,2,1.162,296,936216
7,0,0,0,0,8,4,2,1.509,295,923628
5,3,0,0,0,3,4,1,0.719,328,881420
7,0,0,0,0,8,4,3,1.506,262,921584
40,23,0,0,0,18,8,2,4.436,295,1361864
1,1,0,0,0,3,3,2,0.572,296,839408
3,1,0,0,0,3,4,1,0.621,328,853856
11,0,0,0,0,16,5,3,2.896,263,1017924
5,4,0,0,0,3,5,1,0.743,327,890460
10,6,0,0,0,6,5,1,1.388,327,955216
11,3,0,0,0,11,5,3,2.170,263,994112
2,1,0,0,0,1,4,1,0.268,328,823644
5,2,0,0,0,2,4,1,0.529,328,863680
14,5,0,0,0,5,5,1,1.298,327,958048
20,6,0,0,0,7,7,2,1.782,296,1021292
13,5,0,0,0,4,6,1,1.109,327,944456
10,6,0,0,0,9,6,2,1.887,296,990300
9,7,0,0,0,7,5,2,1.561,296,977064
28,11,0,0,0,9,8,2,2.428,296,1144476
4,0,0,0,0,3,3,2,0.619,295,848980
3,1,0,0,0,3,3,2,0.622,296,853856
18,9,0,0,0,7,7,2,1.808,296,1026436
1,2,0,0,0,0,2,0,0.099,360,796928
6,5,0,0,0,2,5,1,0.625,327,892764
2,2,0,0,0,4,5,2,0.783,296,861296
6,5,0,0,0,4,5,2,0.954,296,914400
4,0,0,0,0,4,5,4,0.782,231,861316
5,0,0,0,0,3,4,2,0.643,296,859268
4,0,0,0,0,5,4,4,0.946,231,870612
6,4,0,0,0,3,5,2,0.763,295,892764
2,2,0,0,0,3,4,2,0.620,295,853856
74,21,0,0,0,16,10,2,4.884,295,1586160
8,0,0,0,0,8,5,3,1.532,264,928768
3,1,0,0,0,3,4,2,0.621,296,853856
11,8,0,0,0,6,6,2,1.470,296,981868
8,3,0,0,1,5,5,1,1.093,327,916696
23,13,0,0,0,7,7,2,2.029,296,1097176
6,4,0,0,0,3,5,1,0.765,327,897644
3,2,0,0,0,3,4,1,0.598,327,844820
5,0,0,0,0,3,4,2,0.643,296,859268
2,1,0,0,0,2,3,1,0.433,328,834528
2,2,0,0,0,2,4,1,0.457,328,839940
3,0,0,0,0,3,4,3,0.596,264,844824
3,4,0,0,0,4,6,2,0.859,296,883456
20,7,0,0,0,6,7,1,1.646,327,1017200
3,4,0,0,0,4,4,2,0.856,296,883456
4,3,0,0,0,4,4,2,0.858,296,883456
7,0,0,0,0,4,4,2,0.859,296,883472
4,3,0,0,0,4,7,2,0.858,295,883456
2,3,0,0,0,3,4,2,0.643,295,859260
7,6,0,0,0,7,14,5,1.490,198,951716
26,0,0,0,0,29,6,4,5.360,229,1217860
6,5,0,0,0,4,5,1,0.952,327,914400
17,7,0,0,0,7,6,1,1.756,327,1040420
2,1,0,0,0,3,3,1,0.597,328,844820
17,6,0,0,0,7,7,1,1.712,327,1002628
28,10,0,0,0,8,8,2,2.231,296,1117164
15,8,0,0,0,3,6,1,1.062,327,964708
3,2,0,0,0,2,5,2,0.481,296,848976
12,6,0,0,0,8,7,2,1.768,295,994108
6,5,0,0,0,4,7,2,0.954,295,914400
1,2,0,0,0,2,4,1,0.433,328,834532
8,6,0,0,0,5,5,2,1.191,296,944464
2,3,0,0,0,2,3,1,0.481,328,848972
3,0,0,0,0,2,3,1,0.433,328,834536
5,0,0,0,0,4,4,2,0.808,296,870612
2,0,0,0,0,3,3,2,0.572,296,839416
13,5,0,0,0,7,12,4,1.608,231,985952
3,2,0,0,0,3,4,2,0.644,296,859264
7,4,0,0,0,6,6,2,1.275,295,932860
2,1,0,0,0,2,4,2,0.433,296,834388
20,9,0,0,0,8,8,2,2.021,296,1055896
2,2,0,0,0,2,4,1,0.456,328,839940
39,11,0,0,0,8,8,2,2.515,296,1190884
27,9,0,0,0,8,8,2,2.186,296,1098012
10,0,0,0,0,8,5,3,1.581,264,943472
22,0,0,0,0,41,6,5,7.206,199,1280608
3,3,0,0,0,4,6,2,0.836,296,877784
12,6,0,0,0,7,6,2,1.611,296,993872
2,1,0,0,0,2,3,1,0.432,328,834528
1,2,0,0,0,2,3,1,0.434,328,834528
11,6,0,0,0,5,5,1,1.249,327,945788
6,7,0,0,0,6,5,2,1.322,295,944724
4,3,0,0,0,2,4,1,0.529,327,863680
3,2,0,0,0,3,4,2,0.643,296,859260
2,2,0,0,0,2,3,1,0.456,328,839940
3,3,0,0,0,3,4,2,0.669,296,868560
8,3,0,0,0,4,4,1,0.952,327,914396
30,0,0,0,0,33,6,4,6.086,229,1252900
10,7,0,0,0,4,6,1,1.095,327,954420
5,4,0,0,0,6,4,2,1.232,296,921576
10,0,0,0,0,5,4,2,1.091,295,914400
11,6,0,0,0,6,8,2,1.418,296,966096
11,5,0,0,0,4,7,2,1.072,296,944740
4,3,0,0,0,4,5,2,0.857,296,883456
3,1,0,0,0,4,4,1,0.781,328,861296
14,5,0,0,0,6,7,2,1.474,296,989788
41,22,0,0,0,34,10,3,7.029,262,1504884
2,1,0,0,0,2,3,2,0.432,296,832684
2,0,0,0,0,3,3,1,0.573,328,839416
4,1,0,0,0,2,3,1,0.482,328,848976
4,3,0,0,0,3,4,1,0.695,328,875748
4,4,0,0,0,3,5,2,0.719,296,881420
11,0,0,0,0,8,5,3,1.603,264,952184
3,3,0,0,0,3,5,2,0.668,296,868560
4,3,0,0,0,3,4,1,0.694,327,875748
2,1,0,0,0,2,3,2,0.432,296,834532
5,4,0,0,0,6,5,2,1.233,296,921576
6,0,0,0,0,5,4,2,0.996,295,883472
7,0,0,0,0,6,4,2,1.184,295,906880
11,8,0,0,0,8,6,2,1.789,295,1004736
2,1,0,0,0,1,3,1,0.270,328,823680
13,6,0,0,0,6,6,1,1.474,327,989788
4,3,0,0,0,4,4,1,0.856,327,883456
8,2,0,0,0,5,5,2,1.089,295,913272
7,4,0,0,0,4,4,1,0.952,327,914396
28,15,0,0,0,14,6,2,3.315,295,1193540
8,4,0,0,0,3,5,1,0.813,327,912356
29,14,0,0,0,11,7,2,2.833,296,1160656
17,9,0,0,0,7,7,2,1.790,295,1021288
4,1,0,0,0,4,4,2,0.809,296,868552
20,13,0,0,0,10,6,2,2.458,296,1135072
20,9,0,0,0,11,8,2,2.515,295,1088284
29,15,0,0,0,15,7,2,3.531,295,1267288
3,3,0,0,0,3,8,3,0.670,264,868560
17,10,0,0,0,11,6,2,2.463,295,1063772
15,6,0,0,0,4,6,1,1.194,327,984572
33,10,0,0,0,6,8,1,2.020,326,1123692
11,7,0,0,0,5,5,1,1.277,327,962472
6,3,0,0,0,2,5,1,0.580,327,876540
3,2,0,0,0,2,3,1,0.481,328,848976
11,6,0,0,0,13,6,2,2.548,295,1015740
32,9,0,0,0,10,8,2,2.652,295,1193492
4,2,0,0,0,5,4,2,0.998,296,885764
3,3,0,0,0,2,5,2,0.504,296,854384
11,7,0,0,0,7,6,1,1.607,327,985952
3,2,0,0,0,3,5,2,0.644,296,859260
14,8,0,0,0,7,6,2,1.706,295,1023740
2,1,0,0,0,3,3,2,0.595,296,839940
15,0,0,0,0,16,5,3,2.987,262,1024132
24,10,0,0,0,9,8,1,2.303,327,1105892
10,0,0,0,0,6,5,2,1.255,295,921584
2,2,0,0,0,2,5,2,0.456,296,839940
3,4,0,0,0,3,6,2,0.693,296,875748
9,0,0,0,0,4,5,2,0.905,296,899692
14,7,0,0,0,6,6,2,1.502,295,980140
13,9,0,0,0,9,6,2,2.020,295,1022472
20,9,0,0,0,8,7,1,2.021,327,1055904
2,2,0,0,0,2,4,1,0.457,327,839940
2,2,0,0,0,2,5,2,0.457,296,839940
15,9,0,0,0,11,6,2,2.384,295,1038292
7,6,0,0,0,6,5,2,1.322,295,943144
2,2,0,0,0,2,4,2,0.456,296,839940
23,12,0,0,0,10,7,2,2.480,296,1103356
5,0,0,0,0,4,4,2,0.809,296,870608
13,4,0,0,0,6,8,2,1.419,296,970588
18,13,0,0,0,12,9,2,2.719,295,1116636
7,0,0,0,0,5,4,2,1.020,296,894812
3,3,0,0,0,2,4,1,0.505,328,854384
15,7,0,0,0,7,6,2,1.685,296,994452
7,0,0,0,0,4,5,2,0.857,296,883468
5,4,0,0,0,6,5,2,1.231,295,921576
3,2,0,0,0,3,4,2,0.645,296,859260
3,3,0,0,0,2,5,2,0.504,296,854384
7,5,0,0,0,3,5,1,0.815,327,912356
5,2,0,0,0,6,5,2,1.182,296,906868
18,7,0,0,0,8,8,2,1.921,295,1023336
4,3,0,0,0,4,4,1,0.858,327,883456
6,0,0,0,0,5,4,2,0.997,295,885780
2,1,0,0,0,1,3,1,0.268,328,823644
1,2,0,0,0,2,3,2,0.433,296,834528
3,4,0,0,0,4,5,2,0.859,296,883456
3,2,0,0,0,6,4,3,1.135,264,885772
5,4,0,0,0,5,5,2,1.065,296,907132
3,2,0,0,0,2,4,1,0.481,328,848976
16,0,0,0,0,7,5,2,1.560,295,972972
4,2,0,0,0,3,4,1,0.669,328,868560
2,1,0,0,0,1,3,1,0.268,328,823644
3,3,0,0,0,3,4,2,0.669,296,868560
5,4,0,0,0,4,6,2,0.905,295,899684
1,2,0,0,0,2,3,2,0.432,296,832680
6,2,0,0,0,7,4,3,1.366,263,916696
21,11,0,0,0,6,8,1,1.776,327,1059592
37,0,0,0,0,26,6,3,5.104,261,1231340
2,2,0,0,0,2,4,2,0.458,296,839936
5,0,0,0,0,6,4,2,1.138,296,885776
6,5,0,0,0,6,6,2,1.277,295,932860
14,5,0,0,0,4,7,2,1.140,296,965376
6,5,0,0,0,4,4,1,0.953,327,914396
5,5,0,0,0,6,11,4,1.254,231,928764
2,1,0,0,0,2,3,2,0.432,296,834532
26,5,0,0,0,8,8,1,2.073,327,1074148
4,3,0,0,0,4,4,2,0.857,296,883456
17,6,0,0,0,6,7,2,1.550,296,990360
4,3,0,0,0,3,5,1,0.694,327,875748
11,4,0,0,0,5,7,2,1.211,296,950856
4,2,0,0,0,4,4,2,0.835,296,875748
10,5,0,0,0,16,5,1,2.989,326,1033152
8,4,0,0,0,6,6,2,1.303,296,943476
5,3,0,0,0,3,4,1,0.719,327,881420
17,6,0,0,0,6,7,2,1.551,296,990360
6,0,0,0,0,3,4,2,0.668,296,868572
2,2,0,0,0,3,4,1,0.621,327,853856
2,0,0,0,0,2,3,1,0.409,328,825500
16,4,0,0,0,6,6,2,1.482,296,974008
21,0,0,0,0,10,6,2,2.172,295,1045824
17,6,0,0,0,6,8,2,1.552,296,990360
5,3,0,0,0,3,4,1,0.719,327,881420
6,0,0,0,0,6,4,3,1.158,263,892504
16,6,0,0,0,5,7,1,1.365,327,976512
3,2,0,0,0,4,5,2,0.809,296,870596
12,6,0,0,0,5,6,1,1.271,327,951920
1,2,0,0,0,1,3,1,0.268,328,823644
4,3,0,0,0,2,4,1,0.530,327,863680
7,0,0,0,0,6,4,2,1.185,295,906880
22,11,0,0,0,13,9,2,2.921,295,1117660
8,0,0,0,0,7,4,2,1.371,295,921584
15,9,0,0,0,7,7,2,1.754,296,1040420
16,7,0,0,0,6,7,1,1.553,327,990360
13,5,0,0,0,5,5,1,1.271,327,951920
2,3,0,0,0,3,4,2,0.643,296,859260
12,0,0,0,0,9,6,3,1.789,263,969400
2,4,0,0,0,3,5,2,0.669,295,868560
4,0,0,0,0,5,4,2,0.947,295,870612
3,3,0,0,0,3,4,2,0.668,296,868560
18,7,0,0,0,10,7,2,2.266,295,1076768
26,14,0,0,0,21,6,2,4.386,294,1232640
18,9,0,0,0,16,8,2,3.259,295,1105024
14,9,0,0,0,8,5,2,1.874,296,1008544
8,0,0,0,0,7,4,2,1.370,295,921588
6,6,0,0,0,6,6,2,1.299,296,931664
4,3,0,0,0,2,4,1,0.530,327,863680
3,3,0,0,0,3,4,1,0.668,327,868560
3,0,0,0,0,0,2,0,0.100,360,796948
1,0,0,0,0,3,3,2,0.524,295,819828
20,15,0,0,0,24,8,2,4.748,294,1240380
13,0,0,0,0,6,6,2,1.328,295,945976
1,2,0,0,0,2,3,1,0.433,328,834528
28,8,0,0,0,12,8,2,2.844,295,1155484
8,5,0,0,0,4,6,1,0.998,327,921912
2,2,0,0,0,3,4,2,0.622,295,853856
5,0,0,0,0,4,4,2,0.808,296,870612
2,1,0,0,0,2,3,2,0.432,296,834528
3,2,0,0,0,2,3,1,0.481,327,848972
10,6,0,0,0,6,6,2,1.391,296,955216
5,4,0,0,0,2,4,1,0.579,328,876540
12,5,0,0,0,4,5,1,1.093,327,954420
3,3,0,0,0,2,5,2,0.504,296,854384
20,8,0,0,0,6,7,1,1.665,327,1022352
2,2,0,0,0,3,5,2,0.620,295,853856
27,15,0,0,0,15,7,2,3.460,295,1198160
2,1,0,0,0,4,3,2,0.760,295,853848
5,3,0,0,0,3,5,2,0.718,295,881420
10,7,0,0,0,6,5,2,1.418,296,966096
17,0,0,0,0,14,5,4,2.708,230,1011064
4,3,0,0,0,5,5,2,1.019,295,894808
6,0,0,0,0,4,4,2,0.835,296,877796
13,0,0,0,0,18,5,3,3.262,262,1028740
4,3,0,0,0,4,4,1,0.859,327,883456
5,2,0,0,0,2,4,1,0.530,328,863680
5,1,0,0,0,3,4,2,0.666,296,863680
5,2,0,0,0,4,4,2,0.858,296,881412
21,9,0,0,0,5,7,1,1.570,326,1060548
24,13,0,0,0,14,6,2,3.182,295,1160952
2,2,0,0,0,3,4,2,0.622,296,853856
8,4,0,0,0,4,5,1,0.976,327,921584
2,1,0,0,0,2,4,1,0.433,328,834532
7,4,0,0,0,4,4,1,0.950,327,911688
1,2,0,0,0,4,3,1,0.760,328,855896
15,7,0,0,0,7,7,2,1.691,296,994452
3,2,0,0,0,3,4,1,0.643,328,859260
3,3,0,0,0,3,4,1,0.669,327,868560
5,4,0,0,0,6,5,2,1.230,296,921584
10,4,0,0,0,5,5,1,1.186,327,944464
1,2,0,0,0,2,3,1,0.433,328,834532
1,2,0,0,0,2,3,2,0.433,296,834528
2,2,0,0,0,2,4,1,0.457,328,839940
1,1,0,0,0,2,3,1,0.408,328,825500
4,3,0,0,0,2,5,1,0.530,328,863680
31,19,0,0,0,11,8,2,2.994,295,1215212
2,0,0,0,0,1,2,1,0.245,328,817976
25,0,0,0,0,38,6,4,6.781,230,1280596
1,1,0,0,0,1,3,1,0.245,328,817972
3,1,0,0,0,3,4,2,0.621,296,853856
6,4,0,0,0,5,5,2,1.091,296,916696
5,4,0,0,0,4,4,2,0.905,296,899684
11,6,0,0,0,7,6,1,1.583,327,981868
10,4,0,0,0,7,7,2,1.513,295,963464
13,8,0,0,0,6,6,1,1.514,327,998612
2,2,0,0,0,2,4,1,0.458,327,839936
3,2,0,0,0,2,4,1,0.482,327,848976
8,5,0,0,0,5,5,1,1.164,327,936220
21,8,0,0,0,7,7,2,1.856,296,1043428
26,11,0,0,0,11,9,2,2.701,296,1151392
19,9,0,0,0,9,7,2,2.157,296,1058476
3,3,0,0,0,3,4,1,0.669,327,868560
8,0,0,0,0,7,5,3,1.369,264,921592
19,5,0,0,0,6,7,1,1.574,327,998540
3,3,0,0,0,4,6,3,0.836,264,877784
3,1,0,0,0,2,3,1,0.457,328,839936
8,4,0,0,0,3,4,1,0.814,327,912356
3,1,0,0,0,4,4,2,0.782,296,859252
15,0,0,0,0,12,5,3,2.347,263,1007168
7,3,0,0,0,3,4,1,0.765,327,897648
2,1,0,0,0,2,3,2,0.433,296,834528
4,3,0,0,0,4,5,2,0.858,296,883464
22,10,0,0,0,7,7,1,1.935,327,1074304
9,7,0,0,0,8,7,2,1.722,295,983904
15,8,0,0,0,3,7,1,1.064,327,964708
3,1,0,0,0,2,3,1,0.457,328,839940
7,4,0,0,0,4,5,2,0.952,296,914396
5,5,0,0,0,3,4,2,0.764,296,892764
4,2,0,0,0,2,4,1,0.504,328,854380
5,3,0,0,0,3,5,1,0.720,328,881416
15,5,0,0,0,5,5,1,1.335,327,986152
5,5,0,0,0,5,14,4,1.090,230,916696
16,0,0,0,0,7,5,2,1.550,295,955544
7,0,0,0,0,8,4,2,1.506,295,921584
26,17,0,0,0,13,7,2,3.172,295,1203028
2,2,0,0,0,3,3,1,0.621,328,853856
10,0,0,0,0,10,5,3,1.900,262,956328
21,11,0,0,0,9,8,2,2.248,296,1074136
2,1,0,0,0,1,3,1,0.268,328,823644
19,7,0,0,0,6,7,1,1.623,327,1011056
3,2,0,0,0,2,4,1,0.482,327,848976
7,5,0,0,0,5,5,2,1.140,295,927980
13,5,0,0,0,7,5,2,1.613,296,993872
3,4,0,0,0,5,6,2,1.019,296,894800
23,7,0,0,0,9,7,2,2.219,296,1078660
10,3,0,0,0,4,6,2,0.996,296,921912
12,7,0,0,0,9,7,2,1.951,295,1007636
3,2,0,0,0,2,3,1,0.481,327,848976
11,3,0,0,0,6,6,2,1.349,296,949944
9,7,0,0,0,7,22,7,1.562,133,981536
45,20,0,0,0,18,7,2,4.481,295,1369656
2,2,0,0,0,4,5,2,0.736,296,846860
4,3,0,0,0,4,4,1,0.857,327,883456
4,3,0,0,0,4,6,2,0.856,295,883456
24,11,0,0,0,12,9,2,2.820,295,1141228
3,3,0,0,0,3,4,1,0.670,327,868560
19,7,0,0,0,9,7,1,2.123,327,1060268
3,2,0,0,0,2,4,1,0.481,328,848976
2,2,0,0,0,3,4,2,0.621,296,853856
26,10,0,0,0,9,6,2,2.342,295,1108984
6,7,0,0,0,5,8,2,1.164,295,938596
13,5,0,0,0,5,7,2,1.284,296,975144
4,5,0,0,0,6,6,2,1.232,295,921576
10,5,0,0,0,7,7,2,1.526,296,959304
7,0,0,0,0,8,4,3,1.507,263,921584
18,9,0,0,0,8,7,2,1.984,296,1071564
9,0,0,0,0,6,5,3,1.233,264,921592
2,2,0,0,0,2,3,1,0.456,328,839940
7,6,0,0,0,4,6,1,0.998,327,921912
2,0,0,0,0,3,3,2,0.572,295,839416
14,6,0,0,0,5,7,2,1.332,296,986152
4,0,0,0,0,4,4,2,0.782,295,859272
5,4,0,0,0,2,4,1,0.580,328,876540
9,3,0,0,0,5,5,2,1.140,296,927980
23,13,0,0,0,11,6,2,2.680,295,1135096
2,2,0,0,0,2,3,1,0.433,328,834532
13,9,0,0,0,10,6,2,2.177,295,1021868
6,4,0,0,0,5,4,2,1.091,296,916696
5,5,0,0,0,6,13,4,1.255,231,928764
34,17,0,0,0,20,8,2,4.480,294,1296220
13,8,0,0,0,7,6,2,1.679,296,1007792
30,16,0,0,0,15,10,2,3.554,294,1230580
9,4,0,0,0,6,6,2,1.326,296,945976
13,9,0,0,0,9,6,2,2.026,295,1037440
41,0,0,0,0,22,6,3,4.556,262,1231348
3,1,0,0,0,3,4,2,0.620,296,853856
4,3,0,0,0,4,5,2,0.858,296,883456
22,10,0,0,0,8,9,2,2.092,295,1079052
3,2,0,0,0,2,4,1,0.482,328,848976
3,3,0,0,0,3,4,1,0.670,327,868560
18,9,0,0,0,8,7,2,1.989,296,1071564
10,0,0,0,0,8,5,3,1.582,264,943472
4,3,0,0,0,2,4,1,0.540,328,863680
14,5,0,0,0,6,6,2,1.474,296,989788
12,9,0,0,0,8,5,2,1.826,296,994244
3,3,0,0,0,2,4,1,0.504,328,854384
9,0,0,0,0,6,4,2,1.231,295,921592
3,3,0,0,0,3,5,1,0.668,327,868560
17,7,0,0,0,7,7,1,1.752,327,1040420
4,3,0,0,0,4,4,1,0.859,327,883464
8,3,0,0,0,9,7,3,1.772,264,964256
1,1,0,0,0,1,2,1,0.245,329,817972
6,0,0,0,0,4,5,2,0.836,295,877796
16,5,0,0,0,7,7,2,1.669,296,990360
6,6,0,0,0,13,13,1,2.137,326,921264
13,5,0,0,0,5,6,1,1.270,327,951920
11,0,0,0,0,20,5,4,3.542,231,1035404
12,7,0,0,0,4,5,1,1.137,327,960884
27,14,0,0,0,15,7,2,3.445,295,1205592
3,2,0,0,0,3,6,2,0.645,296,859264
1,2,0,0,0,2,3,1,0.433,328,834532
5,2,0,0,0,4,5,2,0.857,296,883456
18,17,0,0,0,16,6,2,3.485,295,1208932
4,4,0,0,0,5,6,2,1.043,296,901988
3,0,0,0,0,2,3,1,0.433,328,834536
14,9,0,0,0,8,5,1,1.890,327,1035080
10,0,0,0,0,5,4,2,1.092,295,914400
1,2,0,0,0,2,3,2,0.433,296,834532
9,6,0,0,0,6,6,1,1.373,327,959372
4,3,0,0,0,4,4,1,0.857,327,883456
5,0,0,0,0,2,3,1,0.482,327,848980
6,4,0,0,0,5,4,2,1.089,296,914388
11,7,0,0,0,7,5,1,1.611,327,985952
3,2,0,0,0,2,3,1,0.481,327,848972
9,5,0,0,0,6,5,2,1.354,296,956800
10,6,0,0,0,5,5,1,1.234,327,955744
18,6,0,0,0,5,7,1,1.411,327,986732
31,11,0,0,0,9,10,2,2.482,295,1144736
18,9,0,0,0,7,7,2,1.803,296,1026436
16,6,0,0,0,5,6,1,1.365,327,976512
9,7,0,0,0,7,5,2,1.556,296,970188
14,9,0,0,0,8,5,1,1.875,327,1008544
1,1,0,0,0,1,2,1,0.245,329,817972
7,5,0,0,0,5,6,2,1.140,296,927980
31,13,0,0,0,14,7,2,3.349,295,1199676
2,2,0,0,0,3,3,2,0.621,296,853856
3,3,0,0,0,3,6,2,0.668,296,868564
9,4,0,0,0,5,6,2,1.159,295,928040
8,4,0,0,0,5,5,1,1.139,327,927980
6,4,0,0,0,3,4,1,0.766,327,897648
9,6,0,0,0,6,6,2,1.373,296,959380
3,2,0,0,0,4,5,2,0.806,296,870600
15,0,0,0,0,14,6,4,2.662,231,1009812
20,8,0,0,0,10,7,2,2.333,296,1072916
4,4,0,0,0,4,4,2,0.880,296,892492
3,2,0,0,0,4,5,2,0.808,296,870596
19,6,0,0,0,9,7,2,2.097,295,1052692
2,2,0,0,0,2,4,2,0.457,296,839940
17,5,0,0,0,7,7,2,1.708,296,1023740
3,0,0,0,0,4,3,3,0.759,263,853860
7,6,0,0,0,6,6,2,1.324,295,948088
5,4,0,0,0,4,7,2,0.906,296,899928
3,3,0,0,0,3,5,2,0.670,296,868560
22,9,0,0,0,7,7,1,1.911,327,1063680
9,0,0,0,0,10,5,2,1.878,295,955736
2,1,0,0,0,1,3,1,0.268,328,823644
21,8,0,0,0,8,7,2,2.024,296,1055904
3,2,0,0,0,2,4,2,0.480,296,847128
11,6,0,0,0,5,6,2,1.250,296,951588
20,1,0,0,0,10,5,2,2.149,294,1011068
14,9,0,0,0,8,5,1,1.874,327,1008544
9,10,0,0,0,8,16,5,1.789,198,999984
11,6,0,0,0,6,5,2,1.410,296,951916
15,0,0,0,0,16,5,3,2.985,262,1024132
12,0,0,0,0,11,5,3,2.115,263,983580
4,4,0,0,0,5,8,3,1.042,264,901988
13,9,0,0,0,9,5,2,2.033,295,1045844
11,5,0,0,0,6,8,2,1.391,295,955216
12,8,0,0,0,7,5,1,1.654,327,1002696
20,8,0,0,0,8,7,2,1.996,296,1045472
1,2,0,0,0,1,3,1,0.269,329,823644
8,0,0,0,0,7,5,3,1.366,264,916708
2,2,0,0,0,2,5,2,0.456,296,839940
4,2,0,0,0,2,4,1,0.506,328,854380
10,3,0,0,0,4,5,2,0.998,296,921912
12,7,0,0,0,8,6,2,1.791,296,1004736
20,6,0,0,0,5,7,1,1.474,327,1033500
5,4,0,0,0,4,5,2,0.905,296,899680
27,0,0,0,0,36,6,4,6.507,230,1263124
4,0,0,0,0,5,4,3,0.945,264,870612
6,5,0,0,0,4,6,1,0.953,327,914396
2,2,0,0,0,1,4,1,0.293,328,832688
12,7,0,0,0,8,6,2,1.789,296,1000292
17,8,0,0,0,8,8,2,1.923,295,1023332
1,2,0,0,0,2,3,1,0.433,328,834532
1,2,0,0,0,2,4,1,0.433,328,834528
2,2,0,0,0,2,3,1,0.457,328,839940
7,3,0,0,0,2,5,1,0.603,328,885576
14,0,0,0,0,5,5,2,1.187,296,944460
14,7,0,0,0,6,6,2,1.512,296,990532
17,6,0,0,0,7,7,2,1.713,296,1002628
19,8,0,0,0,6,8,1,1.646,327,1017200
9,7,0,0,0,7,5,2,1.561,295,980020
23,9,0,0,0,5,7,1,1.605,327,1046144
15,6,0,0,0,6,6,1,1.504,327,980140
3,2,0,0,0,3,5,2,0.551,295,830108
11,7,0,0,0,5,5,2,1.276,296,960888
3,2,0,0,0,4,4,2,0.783,296,859252
8,3,0,0,0,4,5,1,0.953,327,914400
5,4,0,0,0,3,4,1,0.743,327,890456
5,4,0,0,0,6,7,3,1.231,263,921576
4,0,0,0,0,3,3,2,0.621,296,853860
3,1,0,0,0,3,4,2,0.619,296,853856
6,1,0,0,0,5,4,3,1.019,264,892492
5,4,0,0,0,6,6,2,1.230,296,921576
17,11,0,0,0,11,6,2,2.494,296,1083532
3,0,0,0,0,4,4,1,0.760,327,855908
3,3,0,0,0,5,6,3,0.996,263,885768
6,5,0,0,0,4,4,1,0.952,327,914396
7,4,0,0,0,2,5,1,0.624,327,892768
5,3,0,0,0,3,4,1,0.719,328,881424
9,0,0,0,0,7,5,2,1.391,295,923884
13,0,0,0,0,5,6,2,1.163,296,936224
16,7,0,0,0,8,7,2,1.892,296,1044516
21,10,0,0,0,10,7,2,2.389,295,1074136
5,0,0,0,0,2,3,1,0.481,328,848980
6,0,0,0,0,9,4,4,1.648,231,923628
5,3,0,0,0,3,4,1,0.718,327,881420
3,3,0,0,0,4,5,2,0.835,296,877784
3,2,0,0,0,2,3,1,0.481,328,848976
5,0,0,0,0,5,5,2,0.974,296,880112
25,8,0,0,0,8,8,2,2.131,296,1115472
14,7,0,0,0,6,6,1,1.505,327,980140
16,6,0,0,0,4,7,1,1.201,327,969124
17,7,0,0,0,8,6,2,1.900,296,1017200
27,15,0,0,0,16,8,2,3.622,295,1206336
7,3,0,0,0,5,4,2,1.090,295,914388
12,6,0,0,0,5,5,1,1.277,327,962472
4,4,0,0,0,4,5,2,0.879,296,892496
8,4,0,0,0,3,6,1,0.815,327,912356
8,0,0,0,0,11,5,3,2.020,264,961412
13,5,0,0,0,4,7,1,1.109,327,944456
7,2,0,0,0,2,4,1,0.578,327,876540
4,2,0,0,0,3,6,2,0.669,296,868560
8,0,0,0,0,7,4,3,1.369,263,921588
15,6,0,0,0,5,7,1,1.342,327,970380
3,2,0,0,0,3,5,2,0.644,296,859260
5,0,0,0,0,3,4,2,0.644,296,859268
8,0,0,0,0,7,4,3,1.370,263,921588
34,9,0,0,0,8,8,2,2.375,295,1188540
8,4,0,0,0,5,6,1,1.141,327,927980
2,2,0,0,0,3,5,2,0.620,296,853856
6,4,0,0,0,5,4,2,1.091,296,916704
3,2,0,0,0,3,5,2,0.644,296,859264
5,3,0,0,0,5,4,2,1.042,295,899680
6,0,0,0,0,6,5,3,1.157,264,894812
8,5,0,0,0,6,5,1,1.328,327,950760
3,3,0,0,0,3,5,1,0.667,327,868556
11,7,0,0,0,10,7,2,2.092,295,1012248
3,2,0,0,0,4,6,3,0.808,263,870596
3,2,0,0,0,2,3,1,0.481,328,848976
13,7,0,0,0,8,7,2,1.819,296,1022688
6,4,0,0,0,5,4,2,1.090,295,916704
11,5,0,0,0,6,6,2,1.392,296,955216
10,0,0,0,0,7,5,2,1.416,295,934176
3,3,0,0,0,2,4,1,0.505,327,854384
16,0,0,0,0,9,5,3,1.894,263,998488
5,2,0,0,0,3,4,1,0.694,327,875748
2,0,0,0,0,4,3,2,0.736,295,846868
3,2,0,0,0,2,3,1,0.481,328,848972
18,0,0,0,0,29,6,4,5.168,231,1157520
5,4,0,0,0,4,6,2,0.905,296,899688
3,3,0,0,0,3,4,2,0.669,296,868560
8,3,0,0,0,4,5,1,0.953,327,914400
4,0,0,0,0,3,3,2,0.622,296,853860
7,3,0,0,0,11,6,1,2.067,327,978964
22,8,0,0,0,5,7,1,1.570,327,1060548
5,4,0,0,0,6,4,1,1.230,327,921576
3,0,0,0,0,3,4,2,0.596,296,844824
2,0,0,0,0,1,2,1,0.246,328,817976
2,2,0,0,0,1,3,1,0.293,328,832688
2,3,0,0,0,2,4,2,0.481,296,848976
2,1,0,0,0,4,3,1,0.666,327,826748
7,5,0,0,0,5,6,2,1.140,295,923500
12,0,0,0,0,7,7,2,1.465,296,950064
4,2,0,0,0,2,4,1,0.506,328,854380
5,1,0,0,0,3,4,2,0.668,296,868560
8,4,0,0,0,4,5,1,0.976,327,921584
4,2,0,0,0,1,3,1,0.341,328,847124
20,7,0,0,0,5,7,2,1.479,296,1007440
18,7,0,0,0,7,7,1,1.760,327,1015152
7,0,0,0,0,8,4,3,1.504,263,914396
3,2,0,0,0,3,5,2,0.643,296,859260
15,12,0,0,0,9,7,2,2.130,296,1046948
14,9,0,0,0,8,5,1,1.873,327,1008544
1,1,0,0,0,1,2,1,0.220,328,808672
6,5,0,0,0,5,5,2,1.109,296,908860
6,3,0,0,0,8,5,3,1.556,263,935688
5,0,0,0,0,10,4,4,1.787,231,927708
8,0,0,0,0,15,5,4,2.668,231,996892
6,4,0,0,0,3,5,2,0.765,296,897648
2,2,0,0,0,1,3,1,0.294,328,832688
13,5,0,0,0,7,7,2,1.610,296,990440
13,5,0,0,0,5,6,2,1.283,296,969348
3,2,0,0,0,2,3,1,0.482,328,848976
22,0,0,0,0,41,6,4,7.205,229,1280608
3,3,0,0,0,3,5,2,0.669,295,868560
3,2,0,0,0,3,4,2,0.644,296,859260
20,6,0,0,0,7,9,2,1.788,296,1021292
2,2,0,0,0,1,3,1,0.293,328,832688
4,4,0,0,0,4,4,2,0.881,296,892492
1,2,0,0,0,2,3,1,0.433,328,834528
5,4,0,0,0,5,6,2,1.067,295,907660
2,2,0,0,0,3,3,1,0.621,327,853856
10,6,0,0,0,8,6,2,1.724,295,983908
21,6,0,0,0,8,7,2,1.977,296,1057640
10,6,0,0,0,7,5,2,1.552,295,959632
6,5,0,0,0,4,4,1,0.953,327,914400
4,5,0,0,0,4,4,1,0.904,327,899684
26,10,0,0,0,9,8,1,2.337,327,1098736
4,3,0,0,0,3,4,1,0.693,328,875748
13,8,0,0,0,10,5,2,2.171,296,1037656
8,2,0,0,0,4,5,1,0.929,328,905556
4,4,0,0,0,3,4,2,0.719,296,881420
21,6,0,0,0,7,7,1,1.814,327,1048072
2,1,0,0,0,1,3,1,0.268,328,823644
18,7,0,0,0,6,7,2,1.618,296,1038380
3,2,0,0,0,2,4,1,0.482,328,848976
9,5,0,0,0,3,6,1,0.860,327,917824
3,2,0,0,0,4,4,2,0.807,296,870596
6,0,0,0,0,9,4,3,1.644,264,923632
15,8,0,0,0,6,7,2,1.551,296,990360
16,6,0,0,0,6,6,1,1.531,327,986268
5,4,0,0,0,4,5,1,0.903,327,899684
11,8,0,0,0,7,5,2,1.629,296,992064
2,1,0,0,0,1,4,1,0.268,328,823644
9,4,0,0,0,3,5,1,0.838,327,919544
3,2,0,0,0,3,4,2,0.645,296,859260
5,4,0,0,0,4,4,1,0.904,327,899680
4,2,0,0,0,4,4,2,0.836,296,877784
12,8,0,0,0,6,6,2,1.490,296,984348
1,1,0,0,0,2,3,1,0.408,328,825496
15,9,0,0,0,9,6,2,2.063,296,1020816
11,4,0,0,0,7,6,2,1.534,296,968544
20,8,0,0,0,6,8,2,1.668,296,1022352
6,0,0,0,0,7,4,3,1.323,263,906880
2,3,0,0,0,2,3,1,0.482,328,848976
6,5,0,0,0,6,6,2,1.278,295,931608
4,3,0,0,0,3,5,1,0.694,327,875748
2,1,0,0,0,4,3,1,0.761,327,855896
4,5,0,0,0,5,8,2,1.066,296,907668
9,4,0,0,0,2,4,1,0.674,327,907472
3,0,0,0,0,4,3,2,0.760,295,853864
10,4,0,0,0,6,6,2,1.350,296,949944
6,0,0,0,0,4,4,2,0.835,296,877792
16,6,0,0,0,7,7,2,1.689,296,994452
16,8,0,0,0,6,7,1,1.574,327,998540
16,6,0,0,0,5,7,1,1.366,327,976512
18,7,0,0,0,5,9,2,1.436,296,994908
2,3,0,0,0,2,3,2,0.482,296,848972
12,4,0,0,0,4,6,1,1.072,327,949612
7,6,0,0,0,6,10,3,1.325,263,948088
3,3,0,0,0,3,5,2,0.669,295,868560
11,0,0,0,0,16,5,3,2.899,262,1013304
4,2,0,0,0,2,4,1,0.505,327,854380
14,6,0,0,0,7,5,1,1.653,327,1002696
9,0,0,0,0,6,4,2,1.233,295,921592
6,0,0,0,0,3,4,2,0.668,296,868568
3,4,0,0,0,3,4,1,0.693,327,875748
4,0,0,0,0,11,4,3,1.923,262,927708
3,1,0,0,0,3,3,2,0.621,296,848976
1,2,0,0,0,3,3,1,0.596,328,844820
5,2,0,0,0,2,4,1,0.530,328,863680
3,2,0,0,0,4,4,1,0.806,327,870596
27,6,0,0,0,12,8,2,2.769,295,1122084
9,5,0,0,0,2,7,1,0.698,327,913604
8,0,0,0,0,7,4,2,1.370,296,921588
4,0,0,0,0,5,4,2,0.947,296,872920
5,4,0,0,0,3,4,2,0.744,296,890340
23,11,0,0,0,9,8,2,2.307,296,1105892
24,10,0,0,0,9,7,1,2.304,327,1105888
2,2,0,0,0,2,3,1,0.456,328,839940
3,4,0,0,0,3,5,2,0.693,296,875748
10,6,0,0,0,5,5,1,1.235,327,955744
3,3,0,0,0,2,4,1,0.505,328,854384
6,2,0,0,0,5,4,2,1.043,295,897636
20,8,0,0,0,6,8,2,1.668,296,1022352
22,11,0,0,0,11,8,1,2.612,327,1133476
23,11,0,0,0,12,8,2,2.777,295,1115616
3,2,0,0,0,1,4,1,0.317,328,838088
8,6,0,0,0,8,5,2,1.665,296,955544
10,3,0,0,0,4,5,1,0.996,327,921912
8,3,0,0,0,4,5,1,0.952,327,914396
37,12,0,0,0,14,7,2,3.457,295,1232632
3,2,0,0,0,3,5,2,0.643,296,859260
3,4,0,0,0,3,6,2,0.697,296,875744
25,10,0,0,0,10,8,2,2.479,296,1103356
9,6,0,0,0,6,5,2,1.371,296,959372
8,4,0,0,0,4,6,2,0.978,296,921584
6,3,0,0,0,1,4,1,0.415,328,869020
36,9,0,0,0,10,8,1,2.719,327,1173880
9,5,0,0,0,9,5,1,1.834,327,974860
2,2,0,0,0,3,4,2,0.621,296,853856
3,0,0,0,0,4,4,1,0.760,328,855904
7,0,0,0,0,4,4,2,0.858,295,883472
15,9,0,0,0,7,6,2,1.752,296,1038376
6,5,0,0,0,6,6,2,1.276,296,927128
22,14,0,0,0,12,8,2,2.842,295,1149348
6,4,0,0,0,5,4,2,1.090,295,914388
6,0,0,0,0,5,4,2,0.997,295,885780
13,0,0,0,0,8,5,3,1.648,263,964772
8,6,0,0,0,9,5,2,1.841,295,986156
14,4,0,0,0,7,7,1,1.615,327,993872
6,0,0,0,0,9,4,3,1.649,263,927716
4,3,0,0,0,4,5,2,0.857,295,883456
1,1,0,0,0,2,4,2,0.408,296,825496
11,4,0,0,0,5,5,1,1.209,327,946316
3,2,0,0,0,3,5,2,0.644,296,859260
10,5,0,0,0,6,6,2,1.374,296,959372
3,2,0,0,0,2,3,1,0.482,327,848972
3,2,0,0,0,3,5,2,0.643,296,859264
2,0,0,0,0,3,3,2,0.572,296,839416
5,5,0,0,0,5,4,2,1.091,295,914388
19,6,0,0,0,6,6,2,1.614,296,1038380
3,3,0,0,0,3,6,2,0.670,295,868560
14,4,0,0,0,5,5,2,1.280,296,966960
8,0,0,0,0,3,4,1,0.719,327,881428
8,7,0,0,0,6,5,1,1.372,327,959372
2,2,0,0,0,2,4,1,0.457,327,839940
4,0,0,0,0,5,4,2,0.946,295,872920
10,4,0,0,0,8,8,2,1.666,295,961344
13,4,0,0,0,5,7,2,1.247,296,945788
7,0,0,0,0,4,5,2,0.859,296,883468
12,7,0,0,0,4,5,1,1.132,327,950600
12,7,0,0,0,6,6,2,1.476,296,989788
20,10,0,0,0,7,7,2,1.880,296,1049776
12,6,0,0,0,7,5,2,1.610,296,985952
7,4,0,0,0,4,4,1,0.953,327,914396
10,5,0,0,0,6,5,1,1.371,327,959372
4,3,0,0,0,3,4,1,0.694,328,875748
1,2,0,0,0,4,3,1,0.760,327,855896
4,1,0,0,0,5,4,2,0.975,295,880092
8,0,0,0,0,7,4,2,1.368,295,916708
7,5,0,0,0,4,6,1,0.978,327,921588
3,3,0,0,0,3,4,1,0.669,327,868560
7,2,0,0,0,6,4,3,1.230,264,914388
13,8,0,0,0,9,7,2,2.008,296,1037060
3,2,0,0,0,3,5,2,0.644,296,859260
2,1,0,0,0,1,3,1,0.268,328,823644
5,4,0,0,0,6,5,2,1.229,296,916892
15,5,0,0,0,6,7,2,1.482,296,974008
21,8,0,0,0,8,8,2,2.019,296,1055904
6,5,0,0,0,6,5,2,1.278,296,927980
1,2,0,0,0,3,4,2,0.595,296,844820
3,1,0,0,0,4,4,2,0.783,296,861296
32,11,0,0,0,8,8,2,2.372,295,1188544
8,5,0,0,0,5,5,1,1.158,327,928036
14,4,0,0,0,5,6,2,1.273,296,951920
11,4,0,0,0,4,5,1,1.050,327,943480
2,3,0,0,0,2,4,1,0.482,328,848976
18,6,0,0,0,8,8,1,1.900,327,1017200
24,14,0,0,0,12,9,3,2.878,263,1141264
14,5,0,0,0,6,6,1,1.472,327,986356
6,4,0,0,0,5,4,2,1.091,296,914388
11,5,0,0,0,7,6,2,1.556,296,970184
19,7,0,0,0,6,7,1,1.624,327,1011060
24,12,0,0,0,9,7,2,2.338,295,1096164
3,2,0,0,0,3,4,1,0.644,328,859264
5,4,0,0,0,4,6,2,0.905,295,899684
8,3,0,0,0,4,5,1,0.951,327,914396
19,11,0,0,0,7,6,2,1.879,296,1049776
14,6,0,0,0,5,5,1,1.334,327,988000
7,0,0,0,0,4,4,2,0.859,295,883468
3,3,0,0,0,3,4,1,0.668,327,868564
2,1,0,0,0,1,3,1,0.268,328,823644
2,2,0,0,0,2,4,1,0.457,328,839936
18,10,0,0,0,5,8,1,1.506,327,1013564
8,5,0,0,0,5,6,2,1.160,296,936220
12,0,0,0,0,6,6,2,1.302,295,942476
22,11,0,0,0,11,9,2,2.610,296,1133476
18,6,0,0,0,10,8,2,2.225,295,1035668
5,0,0,0,0,4,4,2,0.808,296,870608
7,0,0,0,0,7,5,3,1.345,264,912556
3,0,0,0,0,3,4,2,0.596,296,844824
9,3,0,0,0,5,6,1,1.140,327,927980
27,9,0,0,0,8,9,1,2.184,326,1098012
9,6,0,0,0,5,5,2,1.208,296,946316
6,0,0,0,0,6,4,2,1.159,295,894804
5,0,0,0,0,4,5,2,0.808,296,870608
15,0,0,0,0,14,5,3,2.659,263,1003680
3,4,0,0,0,4,4,2,0.858,296,883456
8,0,0,0,0,7,4,2,1.367,295,921588
4,0,0,0,0,4,4,2,0.784,296,861312
22,8,0,0,0,6,7,2,1.721,296,1039344
4,2,0,0,0,3,5,2,0.669,296,868560
2,0,0,0,0,3,3,2,0.572,296,839416
6,0,0,0,0,5,4,2,0.997,295,883464
13,8,0,0,0,6,6,2,1.511,296,992804
3,2,0,0,0,2,3,1,0.482,328,848976
7,4,0,0,0,4,4,1,0.953,327,914396
7,4,0,0,0,4,5,1,0.954,327,914400
5,4,0,0,0,4,4,1,0.903,327,899684
15,6,0,0,0,6,6,1,1.505,327,980140
31,9,0,0,0,5,8,1,1.793,326,1098996
3,2,0,0,0,2,4,1,0.481,328,848976
18,7,0,0,0,7,6,2,1.763,296,1015152
7,0,0,0,0,7,5,2,1.345,295,914596
15,7,0,0,0,4,6,1,1.202,327,969124
23,9,0,0,0,7,7,1,1.937,327,1074304
19,6,0,0,0,4,7,1,1.272,327,985412
23,9,0,0,0,6,7,2,1.772,296,1059592
14,6,0,0,0,5,7,1,1.334,327,986152
9,0,0,0,0,14,5,3,2.522,262,974996
5,3,0,0,0,4,5,2,0.881,296,892496
4,3,0,0,0,4,5,2,0.860,296,883464
7,3,0,0,0,3,4,1,0.766,327,897644
6,0,0,0,0,2,4,1,0.505,327,854388
16,6,0,0,0,7,7,2,1.687,296,994452
7,1,0,0,0,4,4,2,0.879,295,890452
15,5,0,0,0,5,7,2,1.334,296,986156
3,1,0,0,0,3,3,2,0.621,296,848976
13,6,0,0,0,6,6,1,1.473,327,989788
12,7,0,0,0,8,6,2,1.788,296,998928
18,5,0,0,0,4,8,1,1.227,327,975192
5,4,0,0,0,2,5,1,0.578,328,876540
8,6,0,0,0,9,6,2,1.831,295,972228
37,0,0,0,0,58,7,4,10.325,229,1526396
5,4,0,0,0,4,4,1,0.904,327,899684
18,5,0,0,0,5,7,1,1.387,327,982644
21,10,0,0,0,9,7,2,2.234,296,1088484
12,7,0,0,0,4,5,1,1.140,327,960888
21,7,0,0,0,6,7,1,1.666,327,1022352
5,1,0,0,0,2,4,1,0.505,328,854384
10,5,0,0,0,6,5,1,1.376,327,959372
3,2,0,0,0,3,4,2,0.644,296,859264
2,2,0,0,0,1,3,1,0.293,328,832688
6,4,0,0,0,6,6,2,1.256,295,928764
16,9,0,0,0,6,7,2,1.597,296,1005828
5,3,0,0,0,3,4,1,0.719,327,881420
3,2,0,0,0,6,4,1,0.992,327,848636
14,0,0,0,0,17,5,3,3.126,262,1028784
6,5,0,0,0,4,4,1,0.952,327,914396
20,6,0,0,0,9,8,2,2.127,296,1072880
22,21,0,0,0,20,7,2,4.289,294,1231344
11,7,0,0,0,11,6,2,2.242,295,1001440
23,9,0,0,0,9,8,2,2.249,295,1074092
6,0,0,0,0,7,4,3,1.321,263,906880
16,5,0,0,0,5,8,1,1.348,327,980928
15,5,0,0,0,7,6,2,1.643,296,984228
3,2,0,0,0,2,3,1,0.481,328,848976
11,0,0,0,0,4,4,1,0.953,327,914404
28,12,0,0,0,11,6,2,2.795,296,1197576
2,2,0,0,0,3,3,1,0.621,328,853856
7,0,0,0,0,6,5,2,1.183,295,906880
4,0,0,0,0,7,4,3,1.277,264,890660
17,9,0,0,0,9,7,2,2.124,296,1072880
8,3,0,0,0,3,6,1,0.789,327,902000
2,2,0,0,0,4,6,3,0.781,264,861296
11,5,0,0,0,5,6,2,1.238,296,958648
2,3,0,0,0,3,5,2,0.644,296,859260
25,11,0,0,0,9,7,2,2.344,295,1098736
17,6,0,0,0,8,7,1,1.891,327,1044516
4,3,0,0,0,6,5,2,1.182,296,906868
10,0,0,0,0,5,4,2,1.090,295,914400
13,8,0,0,0,6,5,1,1.512,327,998612
11,8,0,0,0,8,6,2,1.790,296,1004736
20,7,0,0,0,6,7,1,1.663,327,1045700
3,2,0,0,0,2,3,1,0.482,328,848976
21,9,0,0,0,9,7,2,2.214,296,1078660
4,2,0,0,0,2,4,1,0.506,328,854380
8,6,4,0,0,10,8,3,1.402,276,953176
41,11,0,0,0,10,8,2,2.888,295,1222668
2,2,0,0,0,2,3,1,0.456,328,839940
16,6,0,0,0,6,6,1,1.527,327,986268
12,4,0,0,0,5,7,1,1.235,327,957056
9,5,0,0,0,5,6,1,1.186,327,945784
8,3,0,0,0,3,4,1,0.788,328,903316
4,2,0,0,0,2,4,1,0.505,328,854380
28,12,0,0,0,12,7,2,2.944,295,1177716
13,5,0,0,0,5,6,1,1.271,327,951920
2,3,0,0,0,3,4,2,0.643,296,854384
1,1,0,0,0,1,2,1,0.245,328,817972
5,5,0,0,0,6,6,2,1.255,296,928764
18,7,0,0,0,6,7,2,1.611,295,1038380
4,2,0,0,0,3,4,1,0.670,327,868560
19,9,0,0,0,8,7,2,1.998,296,1045472
3,2,0,0,0,8,4,2,1.460,295,908916
3,2,0,0,0,2,3,1,0.481,328,848976
18,0,0,0,0,13,6,2,2.582,295,1048400
16,7,0,0,0,8,7,2,1.891,296,1044516
3,2,0,0,0,2,4,1,0.482,328,848976
11,4,0,0,0,8,9,3,1.695,264,972232
2,2,0,0,0,2,3,1,0.457,328,839940
3,2,0,0,0,2,3,1,0.480,328,848976
11,5,0,0,0,5,6,2,1.234,296,957064
22,6,0,0,0,5,7,1,1.523,327,1042076
17,0,0,0,0,6,6,2,1.411,295,955536
1,1,0,0,0,0,2,0,0.074,360,789688
5,0,0,0,0,5,4,2,0.974,295,877792
8,5,0,0,0,4,5,1,1.000,327,926984
11,3,0,0,0,7,7,2,1.438,296,935748
9,7,0,0,0,7,5,2,1.562,296,980020
3,3,0,0,0,4,4,2,0.836,295,875748
19,7,0,0,0,11,9,2,2.441,295,1065136
9,7,0,0,0,8,6,2,1.722,296,983908
6,4,0,0,0,5,4,2,1.092,296,914388
4,3,0,0,0,4,4,1,0.858,327,883456
5,2,0,0,0,4,4,2,0.857,295,881412
2,3,0,0,0,5,7,3,0.975,264,880092
29,13,0,0,0,11,7,2,2.809,296,1154528
12,6,0,0,0,8,6,2,1.772,296,1008044
3,3,0,0,0,3,5,2,0.670,296,868560
5,2,0,0,0,3,4,2,0.694,296,875748
3,2,0,0,0,2,3,1,0.482,328,848976
3,4,0,0,0,4,6,2,0.858,296,883456
5,5,0,0,0,6,7,3,1.255,263,928764
4,3,0,0,0,4,4,2,0.857,296,881416
28,0,0,0,0,35,6,4,6.368,229,1263120
12,6,0,0,0,7,6,2,1.607,295,981864
4,3,0,0,0,6,4,1,1.182,327,906868
18,5,0,0,0,5,7,1,1.387,327,982644
2,1,0,0,0,3,4,2,0.596,296,844820
23,7,0,0,0,9,7,1,2.215,327,1078660
6,3,0,0,0,4,4,1,0.904,327,899680
5,0,0,0,0,10,4,4,1.785,231,927708
9,6,0,0,0,8,5,2,1.693,295,970184
6,5,0,0,0,4,4,1,0.950,327,911688
11,5,0,0,0,5,5,1,1.232,327,955744
21,7,0,0,0,12,8,2,2.650,295,1092380
17,6,0,0,0,5,6,1,1.399,327,1000076
8,4,0,0,0,3,5,1,0.814,327,912356
11,4,0,0,0,3,6,1,0.884,327,934244
18,0,0,0,0,21,6,3,3.883,262,1083804
6,4,0,0,0,5,4,2,1.090,296,914388
19,7,0,0,0,5,6,1,1.475,327,1033500
7,0,0,0,0,4,4,2,0.857,296,883472
2,2,0,0,0,2,3,1,0.457,328,839940
1,1,0,0,0,1,2,1,0.245,328,817972
2,2,0,0,0,3,4,1,0.620,328,853856
5,0,0,0,0,3,4,2,0.644,296,859268
11,5,0,0,0,4,7,1,1.074,327,949612
3,3,0,0,0,3,5,2,0.668,296,868560
1,1,0,0,0,2,3,2,0.408,296,825500
38,20,0,0,0,18,8,2,4.327,295,1328672
13,6,0,0,0,6,6,2,1.474,296,989788
4,3,0,0,0,2,4,1,0.530,328,863680
14,5,0,0,0,6,7,2,1.476,296,992888
2,2,0,0,0,2,4,2,0.457,296,839936
14,6,0,0,0,9,8,2,1.965,295,999060
2,1,0,0,0,4,3,2,0.710,295,834520
2,0,0,0,0,5,3,2,0.900,295,855900
13,8,0,0,0,6,7,2,1.506,296,980140
2,3,0,0,0,3,4,1,0.643,327,859260
32,9,0,0,0,9,11,2,2.464,295,1145384
6,0,0,0,0,5,4,2,0.996,295,883472
2,2,0,0,0,2,4,1,0.457,328,839940
6,3,0,0,0,6,4,2,1.230,296,921576
3,2,0,0,0,2,4,1,0.482,328,848976
9,7,0,0,0,7,5,2,1.549,296,955548
20,0,0,0,0,27,6,3,4.897,262,1178160
5,5,0,0,0,4,5,1,0.926,327,905556
4,3,0,0,0,4,4,2,0.857,296,881412
5,0,0,0,0,4,4,2,0.808,296,870604
2,2,0,0,0,1,4,1,0.293,328,832688
15,8,0,0,0,7,6,1,1.712,327,1000376
16,0,0,0,0,12,6,3,2.360,263,1000748
5,3,0,0,0,3,4,1,0.718,327,881420
2,2,0,0,0,3,4,2,0.621,296,853856
6,4,0,0,0,3,4,1,0.764,327,897644
3,2,0,0,0,2,3,2,0.482,296,848972
5,0,0,0,0,5,4,2,0.976,295,877804
5,2,0,0,0,2,4,1,0.530,328,863684
3,3,0,0,0,3,4,1,0.668,327,868560
2,1,0,0,0,4,4,3,0.760,264,853852
45,22,0,0,0,20,8,2,4.849,295,1393844
3,3,0,0,0,3,4,2,0.669,296,868560
4,0,0,0,0,3,3,2,0.619,296,848980
8,0,0,0,0,7,4,3,1.369,263,921588
2,1,0,0,0,2,4,1,0.432,328,834528
6,4,0,0,0,6,6,2,1.254,296,928764
3,2,0,0,0,4,6,3,0.808,264,870596
17,8,0,0,0,6,7,1,1.614,326,1038380
3,2,0,0,0,2,3,2,0.481,296,848976
7,0,0,0,0,5,4,2,1.018,295,890460
17,5,0,0,0,5,7,1,1.366,327,976512
5,2,0,0,0,2,4,1,0.531,328,863680
1,2,0,0,0,2,3,1,0.432,328,834528
3,1,0,0,0,3,3,2,0.622,296,853856
3,2,0,0,0,2,4,2,0.481,296,848976
8,0,0,0,0,7,5,2,1.368,295,923612
6,5,0,0,0,6,5,2,1.279,296,932856
24,10,0,0,0,9,8,1,2.303,326,1105884
9,0,0,0,0,4,4,2,0.904,296,899692
20,10,0,0,0,8,6,2,2.054,296,1063680
19,10,0,0,0,6,6,2,1.711,295,1060548
6,0,0,0,0,1,3,1,0.342,327,847136
19,6,0,0,0,6,7,1,1.615,327,1038380
3,2,0,0,0,4,5,2,0.807,296,870596
2,1,0,0,0,2,3,1,0.386,327,819820
7,3,0,0,0,5,5,1,1.091,327,916696
1,2,0,0,0,2,3,1,0.408,328,825504
10,0,0,0,0,14,5,2,2.559,294,997192
15,5,0,0,0,7,6,2,1.658,296,1011144
15,9,0,0,0,7,6,2,1.754,295,1040420
17,6,0,0,0,7,8,2,1.713,296,1002628
10,0,0,0,0,5,4,2,1.092,296,914396
23,8,0,0,0,5,8,1,1.589,326,1058496
18,6,0,0,0,6,7,1,1.572,327,998540
3,1,0,0,0,6,4,2,1.086,295,872912
8,3,0,0,0,5,6,2,1.116,295,923884
5,0,0,0,0,2,3,1,0.481,328,848980
3,3,0,0,0,2,4,1,0.505,327,854384
19,15,0,0,0,15,7,2,3.262,295,1130600
13,5,0,0,0,9,5,2,1.929,296,1007316
1,2,0,0,0,3,3,1,0.596,327,844820
2,0,0,0,0,3,4,2,0.572,296,839416
9,6,0,0,0,5,5,1,1.212,327,946316
24,0,0,0,0,23,6,4,4.350,231,1164304
4,5,0,0,0,6,6,3,1.230,263,916696
3,0,0,0,0,4,4,1,0.760,328,855904
3,2,0,0,0,2,4,1,0.481,327,848976
10,0,0,0,0,5,6,2,1.092,296,916712
31,12,0,0,0,13,9,2,3.167,295,1200756
41,18,0,0,0,17,7,2,4.185,295,1333000
3,0,0,0,0,3,4,2,0.596,296,844824
11,10,0,0,0,10,5,2,2.149,294,1011068
1,2,0,0,0,4,4,2,0.759,296,853852
2,2,0,0,0,4,5,2,0.782,296,861296
10,0,0,0,0,13,6,4,2.391,230,992808
24,7,0,0,0,8,6,2,2.075,296,1076344
2,2,0,0,0,1,3,1,0.293,328,832688
4,0,0,0,0,2,3,1,0.456,328,839944
3,3,0,0,0,3,4,1,0.668,327,868560
4,3,0,0,0,4,4,1,0.858,327,883456
6,3,0,0,0,2,4,1,0.579,327,876540
33,9,0,0,0,8,9,2,2.326,296,1142808
2,3,0,0,0,2,4,1,0.481,328,848976
18,6,0,0,0,10,8,2,2.224,295,1035668
2,2,0,0,0,2,5,1,0.457,328,839940
19,8,0,0,0,6,8,2,1.642,296,1017200
27,10,0,0,0,8,8,1,2.204,327,1096164
21,7,0,0,0,7,7,1,1.848,327,1067468
5,2,0,0,0,3,4,1,0.694,328,875748
39,0,0,0,0,24,7,5,4.836,197,1231340
13,3,0,0,0,5,7,2,1.232,296,955744
4,1,0,0,0,4,4,2,0.807,296,870596
28,7,0,0,0,8,8,2,2.157,296,1096388
7,0,0,0,0,8,4,3,1.507,263,923628
12,5,0,0,0,7,5,1,1.583,327,981860
5,2,0,0,0,2,4,1,0.530,328,863680
8,0,0,0,0,7,4,2,1.370,295,921588
15,4,0,0,0,6,6,2,1.474,296,989788
11,7,0,0,0,10,7,2,2.092,296,1012248
2,2,0,0,0,2,3,1,0.457,328,839940
8,6,0,0,0,6,8,2,1.354,295,956800
16,6,0,0,0,5,7,1,1.366,327,976516
5,0,0,0,0,4,4,2,0.808,295,870608
3,3,0,0,0,3,5,2,0.669,296,868560
21,7,0,0,0,8,7,2,1.992,296,1045472
10,5,0,0,0,8,6,1,1.694,327,972228
2,1,0,0,0,4,3,1,0.761,327,855896
5,0,0,0,0,5,4,2,0.976,295,880108
4,0,0,0,0,3,5,2,0.621,295,853860
7,4,0,0,0,3,5,1,0.788,327,901472
2,2,0,0,0,3,3,1,0.621,327,853856
15,0,0,0,0,16,5,3,2.981,262,1024132
2,2,0,0,0,3,6,3,0.621,264,853856
8,3,0,0,0,2,5,2,0.626,296,892764
5,4,0,0,0,3,4,1,0.742,327,890456
3,0,0,0,0,3,4,2,0.596,296,844824
4,0,0,0,0,4,5,3,0.782,264,861316
9,0,0,0,0,6,4,2,1.232,295,914404
5,0,0,0,0,10,4,3,1.786,262,927868
9,3,0,0,0,7,8,3,1.466,264,952712
5,4,0,0,0,3,4,1,0.742,327,890456
5,5,0,0,0,5,4,2,1.092,296,916696
2,1,0,0,0,3,3,2,0.596,296,844820
19,6,0,0,0,6,7,1,1.617,327,1038380
2,1,0,0,0,3,3,2,0.595,296,839940
1,1,0,0,0,1,2,1,0.245,328,817972
6,5,0,0,0,4,4,1,0.952,327,914396
14,6,0,0,0,5,6,2,1.335,296,988000
23,13,0,0,0,11,7,2,2.682,296,1137140
8,0,0,0,0,5,4,2,1.042,295,899688
11,0,0,0,0,16,5,3,2.900,263,1017924
7,4,0,0,0,4,4,1,0.954,327,914400
15,7,0,0,0,5,7,1,1.366,327,976512
2,3,0,0,0,2,4,2,0.480,296,847128
22,0,0,0,0,12,7,3,2.502,264,1041800
5,0,0,0,0,4,4,2,0.808,295,868564
4,3,0,0,0,4,4,1,0.858,327,883460
4,4,0,0,0,3,5,1,0.718,328,881420
8,3,0,0,0,4,4,1,0.951,327,914400
32,9,0,0,0,10,8,2,2.651,296,1193492
5,3,0,0,0,3,4,1,0.719,328,881420
23,7,0,0,0,8,8,2,2.053,295,1068032
19,2,0,0,0,7,7,2,1.665,295,990360
16,10,0,0,0,10,6,2,2.273,296,1047780
3,1,0,0,0,3,3,2,0.621,296,848976
4,3,0,0,0,5,9,4,1.019,230,894800
8,5,0,0,0,5,6,1,1.157,327,928036
18,6,0,0,0,7,7,2,1.748,296,1033028
12,8,0,0,0,7,7,2,1.653,295,1002696
19,5,0,0,0,6,7,2,1.574,296,998540
11,0,0,0,0,6,5,2,1.279,295,934180
10,5,0,0,0,5,6,2,1.211,296,946316
10,4,0,0,0,4,7,2,1.024,296,934640
12,4,0,0,0,6,6,2,1.389,295,955216
3,0,0,0,0,4,3,2,0.759,295,853864
8,8,0,0,0,9,17,6,1.890,166,994112
11,7,0,0,0,7,6,2,1.611,296,985952
5,0,0,0,0,10,4,3,1.782,263,927708
9,0,0,0,0,6,4,3,1.230,264,916712
14,6,0,0,0,3,6,1,1.006,327,970788
3,2,0,0,0,2,3,1,0.482,327,848976
5,0,0,0,0,6,4,2,1.137,295,890644
34,18,0,0,0,13,8,2,3.373,296,1247992
4,4,0,0,0,4,8,2,0.880,295,892496
4,3,0,0,0,3,5,2,0.693,296,875748
19,5,0,0,0,7,7,1,1.754,327,1040420
3,2,0,0,0,3,4,2,0.645,296,859260
18,0,0,0,0,13,5,3,2.593,263,1045836
16,6,0,0,0,5,5,1,1.368,327,976512
18,7,0,0,0,7,8,2,1.759,296,1015152
14,0,0,0,0,5,6,3,1.188,264,944460
7,0,0,0,0,7,4,2,1.343,295,907676
8,3,0,0,0,4,5,1,0.951,327,914396
9,5,0,0,0,5,5,1,1.186,327,945784
12,8,0,0,0,9,6,2,1.963,296,999060
9,0,0,0,0,4,4,2,0.904,296,899692
3,3,0,0,0,3,4,1,0.669,327,868560
15,6,0,0,0,6,7,2,1.506,296,980140
16,6,0,0,0,5,6,1,1.365,327,976512
15,11,0,0,0,10,8,2,2.271,294,1052660
11,8,0,0,0,8,6,2,1.788,296,1004736
6,4,0,0,0,7,6,3,1.415,264,931216
15,4,0,0,0,6,6,2,1.475,296,989788
4,4,0,0,0,3,6,1,0.719,327,881420
14,8,0,0,0,9,7,2,2.033,295,1045836
6,3,0,0,0,2,5,1,0.579,328,876540
12,11,0,0,0,8,5,1,1.875,327,1008544
27,12,0,0,0,7,7,1,2.089,327,1100252
5,3,0,0,0,1,4,1,0.391,327,861832
9,4,0,0,0,9,6,1,1.720,327,950936
9,0,0,0,0,4,4,2,0.904,296,899692
13,4,0,0,0,6,7,2,1.425,296,980024
4,4,0,0,0,3,7,3,0.718,264,881420
2,2,0,0,0,2,5,2,0.457,296,839940
3,2,0,0,0,2,4,1,0.482,328,848976
10,7,0,0,0,8,5,2,1.747,296,987984
5,0,0,0,0,5,4,2,0.974,296,880108
11,2,0,0,0,4,6,2,0.999,296,925332
2,3,0,0,0,2,3,1,0.481,328,848972
4,0,0,0,0,4,4,2,0.783,296,861312
2,2,0,0,0,2,4,2,0.457,296,839940
6,0,0,0,0,9,4,3,1.649,264,927716
6,0,0,0,0,4,4,2,0.836,296,877796
6,4,0,0,0,5,4,2,1.090,296,914396
4,0,0,0,0,5,4,2,0.945,295,870612
2,2,0,0,0,2,3,1,0.456,328,839940
28,15,0,0,0,16,7,2,3.672,295,1271372
6,5,0,0,0,4,5,1,0.952,327,914396
5,5,0,0,0,5,4,2,1.090,296,914388
4,1,0,0,0,2,3,1,0.482,328,848976
19,6,0,0,0,5,7,1,1.434,327,994908
8,4,0,0,0,4,8,2,0.978,296,921588
27,9,0,0,0,10,8,2,2.505,295,1109484
2,2,0,0,0,3,3,1,0.622,328,853856
6,5,0,0,0,4,4,1,0.952,327,914396
15,5,0,0,0,5,6,1,1.332,327,986152
14,0,0,0,0,17,5,3,3.124,262,1026176
28,11,0,0,0,11,8,2,2.735,295,1137184
16,11,0,0,0,12,6,2,2.638,295,1065912
11,8,0,0,0,8,6,2,1.791,296,1004736
3,2,0,0,0,2,4,1,0.480,328,848976
6,4,0,0,0,3,5,1,0.766,327,897644
19,8,0,0,0,8,7,1,1.985,327,1071564
19,6,0,0,0,9,7,1,2.092,327,1047940
3,0,0,0,0,6,4,2,1.084,295,872904
6,5,0,0,0,5,5,1,1.109,327,910012
21,8,0,0,0,6,7,1,1.710,327,1065428
7,5,0,0,0,3,5,1,0.815,327,912356
3,4,0,0,0,4,6,2,0.859,296,883456
3,4,0,0,0,7,4,1,1.344,327,913264
12,6,0,0,0,7,7,2,1.610,295,985952
7,0,0,0,0,7,5,3,1.344,264,912556
8,4,0,0,0,7,6,2,1.465,295,952712
3,2,0,0,0,3,5,2,0.642,296,859260
24,15,0,0,0,14,6,2,3.233,295,1175784
10,5,0,0,0,7,5,1,1.528,327,953504
31,17,0,0,0,23,8,3,4.902,264,1313432
3,2,0,0,0,3,5,2,0.645,296,859264
15,7,0,0,0,5,7,1,1.365,327,976512
9,5,0,0,0,4,5,1,1.026,327,936284
17,5,0,0,0,6,8,1,1.531,327,986268
3,0,0,0,0,2,4,2,0.433,296,834536
6,3,0,0,0,2,5,1,0.579,327,876532
3,5,0,0,0,3,5,2,0.718,296,881420
8,5,0,0,0,4,5,1,0.999,327,926984
23,10,0,0,0,8,8,2,2.108,296,1071572
2,0,0,0,0,3,3,2,0.573,296,839416
7,4,0,0,0,4,5,1,0.952,327,914396
40,12,0,0,0,11,9,2,3.074,296,1285288
14,6,0,0,0,7,6,2,1.646,296,984228
9,0,0,0,0,6,4,2,1.227,295,916704
34,0,0,0,0,29,6,4,5.533,230,1256992
2,2,0,0,0,3,3,1,0.621,327,853856
1,2,0,0,0,1,3,1,0.268,328,823644
3,2,0,0,0,3,5,2,0.643,295,859264
5,3,0,0,0,5,6,2,1.043,296,901988
6,0,0,0,0,7,4,3,1.323,263,906880
6,0,0,0,0,5,4,2,0.997,295,885784
5,4,0,0,0,4,4,1,0.904,327,899684
10,6,0,0,0,6,6,2,1.391,296,955216
14,6,0,0,0,5,6,1,1.332,327,986152
3,3,0,0,0,4,5,2,0.836,296,877784
20,9,0,0,0,8,7,1,2.022,327,1055904
10,0,0,0,0,7,5,2,1.416,295,931604
1,2,0,0,0,4,3,1,0.760,327,855896
17,5,0,0,0,7,8,2,1.689,295,994452
5,2,0,0,0,4,4,2,0.857,296,881412
4,3,0,0,0,4,4,1,0.858,327,883456
17,6,0,0,0,7,6,1,1.714,327,1002628
5,6,0,0,0,5,8,3,1.115,263,923884
3,3,0,0,0,3,6,2,0.670,296,868560
19,6,0,0,0,7,7,1,1.759,327,1015152
5,2,0,0,0,8,4,2,1.507,295,921584
9,5,0,0,0,7,6,2,1.512,295,963464
14,8,0,0,0,5,6,1,1.366,326,976512
6,0,0,0,0,5,4,2,0.996,295,883464
6,5,0,0,0,6,5,1,1.279,327,932860
3,2,0,0,0,2,5,2,0.481,296,848976
3,3,0,0,0,3,4,1,0.670,327,868560
13,11,0,0,0,9,6,2,2.060,296,1023388
7,4,0,0,0,4,5,1,0.951,327,914396
3,3,0,0,0,3,4,1,0.668,328,868560
15,9,0,0,0,7,8,2,1.754,296,1040420
23,11,0,0,0,12,7,2,2.779,295,1115616
1,3,0,0,0,2,3,1,0.457,328,839940
2,2,0,0,0,2,5,2,0.456,296,839940
4,0,0,0,0,1,3,1,0.293,328,832692
3,3,0,0,0,2,4,1,0.505,327,854384
5,4,0,0,0,2,5,1,0.578,327,876536
3,0,0,0,0,3,4,3,0.596,264,844824
15,6,0,0,0,5,6,1,1.342,327,970380
2,1,0,0,0,2,3,2,0.432,296,832684
2,1,0,0,0,2,3,1,0.433,328,834528
6,5,0,0,0,6,5,3,1.279,264,927980
3,2,0,0,0,2,4,1,0.481,328,848976
1,2,0,0,0,1,3,1,0.269,328,823644
9,0,0,0,0,8,5,3,1.556,263,935688
12,5,0,0,0,2,6,1,0.770,327,935500
5,6,0,0,0,5,15,5,1.115,198,923884
8,7,0,0,0,6,6,1,1.373,327,960692
7,5,0,0,0,12,7,3,2.284,263,997216
17,8,0,0,0,4,7,1,1.273,327,985412
5,3,0,0,0,4,6,2,0.879,296,892496
3,0,0,0,0,0,2,0,0.099,360,796948
9,0,0,0,0,2,4,1,0.578,327,876552
15,0,0,0,0,8,5,3,1.695,262,970588
6,4,0,0,0,5,4,2,1.092,296,916696
42,19,0,0,0,18,8,2,4.440,295,1419500
12,7,0,0,0,6,5,2,1.475,296,992888
2,1,0,0,0,2,3,1,0.433,328,834532
4,4,0,0,0,4,5,2,0.880,296,892492
23,13,0,0,0,13,7,2,2.987,295,1134016
11,5,0,0,0,5,5,1,1.234,327,955744
7,3,0,0,0,5,4,2,1.092,296,916696
6,4,0,0,0,5,4,2,1.091,296,914388
12,0,0,0,0,19,5,4,3.402,231,1035404
3,3,0,0,0,3,6,2,0.669,296,868564
17,8,0,0,0,8,7,1,1.922,327,1023336
2,1,0,0,0,2,4,2,0.434,296,834532
15,8,0,0,0,7,7,2,1.715,296,1002628
3,0,0,0,0,2,3,2,0.433,296,834536
11,6,0,0,0,6,5,2,1.417,296,966096
13,9,0,0,0,9,6,2,2.013,296,1011128
2,0,0,0,0,3,3,2,0.572,296,839416
13,9,0,0,0,9,5,2,2.015,295,1008556
12,7,0,0,0,13,7,3,2.593,264,1030044
1,2,0,0,0,2,3,2,0.433,296,834532
18,7,0,0,0,8,7,1,1.923,326,1023332
6,0,0,0,0,9,4,3,1.646,262,927716
7,0,0,0,0,8,4,3,1.507,264,923628
5,4,0,0,0,6,4,1,1.230,327,921576
10,4,0,0,0,3,5,1,0.860,327,923628
18,6,0,0,0,5,7,1,1.413,327,986736
2,1,0,0,0,2,3,1,0.433,328,834532
20,7,0,0,0,6,6,2,1.657,296,1045704
5,6,0,0,0,6,7,3,1.279,264,931608
11,7,0,0,0,13,5,3,2.566,263,1017988
2,1,0,0,0,2,3,2,0.433,296,834532
2,3,0,0,0,2,3,1,0.482,328,848976
16,8,0,0,0,10,7,2,2.224,296,1035668
5,1,0,0,0,3,4,2,0.669,296,868560
6,5,0,0,0,4,5,2,0.953,296,914400
30,14,0,0,0,14,8,2,3.349,295,1199676
10,5,0,0,0,4,5,1,1.049,327,943480
22,7,0,0,0,6,7,1,1.711,327,1065428
9,5,0,0,0,4,5,1,1.024,327,936288
10,6,0,0,0,6,5,1,1.390,327,955216
24,10,0,0,0,5,7,1,1.656,327,1066596
8,4,0,0,0,5,5,1,1.138,327,923500
4,1,0,0,0,4,5,2,0.808,296,870596
2,3,0,0,0,3,5,2,0.644,296,859260
5,4,0,0,0,2,4,1,0.578,327,876536
2,2,0,0,0,2,3,2,0.456,296,839940
18,11,0,0,0,8,7,2,2.022,296,1055904
4,3,0,0,0,3,5,2,0.694,296,875748
6,5,0,0,0,4,4,1,0.952,327,914396
5,5,0,0,0,4,4,2,0.927,296,905360
7,0,0,0,0,4,4,2,0.857,296,883472
25,12,0,0,0,18,11,3,3.837,263,1222744
19,7,0,0,0,9,7,2,2.123,296,1072872
1,1,0,0,0,3,3,1,0.572,328,839412
3,0,0,0,0,4,3,2,0.760,296,855908
5,3,0,0,0,5,4,2,1.044,295,899688
27,15,0,0,0,15,9,2,3.462,295,1198100
1,2,0,0,0,2,3,1,0.434,328,834528
13,0,0,0,0,18,5,3,3.263,262,1024132
1,2,0,0,0,2,3,1,0.433,327,834532
14,8,0,0,0,5,7,2,1.365,296,976512
13,7,0,0,0,8,5,1,1.807,327,992408
2,1,0,0,0,2,3,1,0.434,328,834532
2,0,0,0,0,3,3,2,0.573,296,839416
5,4,0,0,0,4,4,2,0.904,296,899688
3,3,0,0,0,3,4,1,0.668,327,868560
5,4,0,0,0,1,4,1,0.413,327,869020
9,5,0,0,0,4,6,2,1.019,296,926452
3,2,0,0,0,3,4,2,0.644,296,859260
3,2,0,0,0,4,5,2,0.807,296,870600
6,4,0,0,0,4,4,1,0.928,327,905548
27,13,0,0,0,9,7,2,2.431,296,1123264
5,4,0,0,0,4,6,2,0.903,295,899688
5,0,0,0,0,4,5,2,0.808,295,870604
3,3,0,0,0,3,5,2,0.668,296,868560
3,2,0,0,0,2,3,1,0.482,327,848976
5,1,0,0,0,4,4,2,0.835,296,875740
15,9,0,0,0,7,8,2,1.752,296,1040420
12,5,0,0,0,4,6,1,1.093,327,955476
16,5,0,0,0,8,6,2,1.830,296,996496
9,0,0,0,0,6,4,2,1.231,296,916712
9,7,0,0,0,10,6,2,2.048,295,1001300
19,0,0,0,0,12,5,2,2.426,294,1011064
16,6,0,0,0,5,7,1,1.366,327,976512
11,5,0,0,0,6,6,2,1.390,296,955216
3,1,0,0,0,3,3,1,0.622,327,853856
3,2,0,0,0,2,3,1,0.482,328,848976
9,4,0,0,0,5,5,1,1.162,327,938596
19,6,0,0,0,9,7,1,2.095,327,1047940
13,5,0,0,0,5,5,1,1.271,327,951920
2,2,0,0,0,3,3,2,0.621,296,853856
9,5,0,0,0,7,6,2,1.515,296,964784
8,4,0,0,0,3,5,1,0.814,327,912356
5,4,0,0,0,3,4,1,0.742,327,890456
12,0,0,0,0,19,5,3,3.409,262,1033352
10,5,0,0,0,5,6,1,1.214,327,951912
3,2,0,0,0,3,4,2,0.644,296,859264
22,0,0,0,0,7,7,3,1.688,264,994448
35,20,0,0,0,16,8,2,3.924,295,1282892
23,8,0,0,0,8,8,2,2.074,295,1076344
5,2,0,0,0,3,4,1,0.693,327,875748
15,5,0,0,0,5,6,2,1.333,296,986152
5,3,0,0,0,4,5,2,0.881,296,892492
12,6,0,0,0,5,6,1,1.277,327,966960
14,6,0,0,0,5,6,1,1.334,327,986152
11,10,0,0,0,9,5,2,1.990,296,1004984
6,0,0,0,0,11,5,2,1.971,295,935828
11,5,0,0,0,7,6,2,1.560,296,977060
5,4,0,0,0,4,4,1,0.903,327,899684
7,5,0,0,0,6,6,2,1.302,296,943476
20,7,0,0,0,6,6,2,1.658,296,1045700
18,7,0,0,0,7,8,2,1.759,296,1016136
14,5,0,0,0,6,7,2,1.475,296,989788
7,4,0,0,0,8,5,3,1.603,264,949612
4,3,0,0,0,4,4,1,0.857,328,883456
8,4,0,0,0,3,4,1,0.814,327,912356
4,3,0,0,0,4,5,2,0.856,296,883456
25,0,0,0,0,14,6,3,2.899,262,1066392
12,5,0,0,0,8,7,2,1.748,295,987992
11,6,0,0,0,8,6,2,1.750,296,987992
16,5,0,0,0,7,6,1,1.668,327,990360
3,1,0,0,0,2,3,1,0.457,327,839936
21,9,0,0,0,7,7,2,1.880,296,1053864
24,11,0,0,0,10,7,2,2.508,295,1149776
6,0,0,0,0,5,4,2,0.997,295,885784
4,4,0,0,0,4,11,4,0.881,231,892492
4,3,0,0,0,4,5,2,0.856,295,881412
17,6,0,0,0,5,7,1,1.407,327,1011416
2,1,0,0,0,3,3,1,0.596,328,844820
3,0,0,0,0,3,4,2,0.596,296,844824
9,5,0,0,0,5,5,1,1.188,327,945784
4,2,0,0,0,4,7,3,0.835,264,877784
9,5,0,0,0,6,6,2,1.349,296,949944
13,4,0,0,0,6,7,2,1.418,295,966096
13,5,0,0,0,5,5,1,1.272,327,951920
2,3,0,0,0,1,3,1,0.317,328,838088
3,2,0,0,0,3,4,2,0.644,296,859264
24,6,0,0,0,7,8,1,1.887,327,1061008
31,17,0,0,0,15,8,2,3.596,295,1240696
5,0,0,0,0,5,4,2,0.975,295,880112
6,3,0,0,0,6,4,1,1.231,327,921584
1,2,0,0,0,4,3,1,0.761,327,855896
5,2,0,0,0,2,5,1,0.530,328,863680
4,0,0,0,0,5,4,2,0.944,295,870612
5,2,0,0,0,4,4,1,0.856,327,883456
2,2,0,0,0,3,3,2,0.621,296,848976
6,4,0,0,0,7,5,3,1.416,264,931604
10,4,0,0,0,6,6,2,1.349,296,949944
4,4,0,0,0,4,6,2,0.880,296,892492
16,9,0,0,0,8,7,2,1.934,295,1051836
12,6,0,0,0,6,5,2,1.444,296,977772
3,3,0,0,0,4,9,4,0.835,231,877784
10,5,0,0,0,6,6,2,1.374,296,959376
4,3,0,0,0,6,5,1,1.182,327,906868
11,0,0,0,0,6,5,2,1.276,295,923496
4,0,0,0,0,4,4,2,0.783,295,859268
3,2,0,0,0,3,5,2,0.643,296,859260
7,4,0,0,0,4,5,2,0.952,296,914396
2,3,0,0,0,3,4,2,0.644,296,859260
7,4,0,0,0,8,6,2,1.603,295,956800
8,4,0,0,0,3,5,1,0.815,327,912356
2,1,0,0,0,2,3,2,0.432,296,834528
48,0,0,0,0,79,7,6,13.980,166,1768400
6,4,0,0,0,5,4,2,1.091,296,916696
5,4,0,0,0,3,4,1,0.742,327,890460
2,1,0,0,0,3,3,2,0.594,296,839940
2,3,0,0,0,3,4,2,0.644,295,859260
17,6,0,0,0,6,6,2,1.553,295,990360
11,6,0,0,0,6,6,2,1.417,295,966096
9,0,0,0,0,6,4,3,1.230,263,914404
17,5,0,0,0,6,7,1,1.527,327,986268
22,11,0,0,0,8,7,2,2.130,296,1111384
8,5,0,0,0,7,5,2,1.488,296,954032
17,7,0,0,0,6,7,2,1.575,296,998540
11,6,0,0,0,6,5,2,1.411,296,955544
15,6,0,0,0,6,7,1,1.503,327,980140
22,11,0,0,0,8,8,2,2.106,295,1071572
10,5,0,0,0,6,6,2,1.375,296,960692
8,4,0,0,0,3,5,1,0.815,327,912356
6,0,0,0,0,4,4,2,0.836,295,877792
11,0,0,0,0,3,6,2,0.786,296,901472
6,5,0,0,0,2,5,1,0.625,327,892764
4,3,0,0,0,4,5,1,0.857,327,883456
5,0,0,0,0,10,4,4,1.785,231,927708
3,2,0,0,0,3,4,1,0.644,327,859264
4,1,0,0,0,5,6,3,0.974,264,880092
2,3,0,0,0,3,4,2,0.643,295,859260
2,2,0,0,0,2,3,1,0.456,328,839940
5,3,0,0,0,6,6,3,1.208,264,912540
1,1,0,0,0,1,2,1,0.245,329,817972
16,10,0,0,0,16,9,3,3.244,263,1105712
1,2,0,0,0,2,3,2,0.433,296,834528
2,2,0,0,0,3,5,2,0.620,296,853856
2,1,0,0,0,4,3,1,0.760,328,855896
12,7,0,0,0,7,7,2,1.622,296,978096
1,2,0,0,0,1,3,1,0.268,328,823644
17,6,0,0,0,6,7,1,1.552,327,990360
9,3,0,0,0,6,7,2,1.299,295,931664
23,14,0,0,0,11,10,2,2.703,295,1151392
8,4,0,0,0,9,5,3,1.791,263,969664
10,7,0,0,0,6,5,2,1.418,296,966096
3,2,0,0,0,4,4,2,0.808,295,868552
5,4,0,0,0,4,5,1,0.904,327,899684
7,4,0,0,0,4,6,2,0.953,296,914396
9,4,0,0,0,6,5,2,1.324,295,942416
6,4,0,0,0,5,6,2,1.091,296,916704
10,8,0,0,0,6,7,2,1.445,296,977772
2,3,0,0,0,2,4,1,0.481,327,848976
4,2,0,0,0,1,3,1,0.342,328,847124
10,5,0,0,0,6,5,2,1.373,296,957064
7,4,0,0,0,4,4,1,0.953,327,914396
5,5,0,0,0,6,14,5,1.256,198,928764
2,0,0,0,0,1,2,1,0.245,329,817976
9,7,0,0,0,7,5,2,1.550,295,959632
15,0,0,0,0,16,5,3,2.981,263,1026176
5,3,0,0,0,2,4,1,0.555,328,870864
5,4,0,0,0,2,4,1,0.579,328,876536
4,3,0,0,0,4,6,2,0.858,296,883456
8,3,0,0,0,5,5,2,1.114,296,923884
8,4,0,0,0,3,4,1,0.814,328,912356
10,7,0,0,0,9,6,2,1.906,295,994108
15,8,0,0,0,7,6,2,1.712,296,1000376
20,11,0,0,0,8,6,1,2.075,326,1070608
6,3,0,0,0,3,4,1,0.743,327,890460
30,14,0,0,0,13,7,2,3.179,295,1190972
2,2,0,0,0,3,4,2,0.621,296,853856
1,2,0,0,0,1,4,1,0.268,328,823644
2,1,0,0,0,3,4,1,0.548,327,830112
12,4,0,0,0,7,6,2,1.551,296,959632
11,6,0,0,0,8,6,1,1.749,327,987992
6,0,0,0,0,4,5,2,0.835,295,877800
11,5,0,0,0,7,5,2,1.555,296,970184
6,6,0,0,0,5,11,3,1.139,263,927980
20,6,0,0,0,5,7,2,1.476,296,1033500
18,5,0,0,0,6,6,1,1.550,327,990360
14,6,0,0,0,9,7,2,1.965,296,999060
4,4,0,0,0,5,8,3,1.042,263,901988
3,2,0,0,0,2,4,1,0.482,328,848976
19,0,0,0,0,20,6,4,3.741,230,1083804
22,8,0,0,0,5,8,2,1.561,296,1047876
2,3,0,0,0,2,4,1,0.481,328,848976
23,13,0,0,0,16,8,2,3.507,294,1188992
8,0,0,0,0,7,4,3,1.366,264,916708
13,5,0,0,0,5,6,2,1.271,296,951920
6,4,0,0,0,3,4,2,0.766,296,897644
4,0,0,0,0,4,4,2,0.782,296,861316
12,6,0,0,0,5,5,1,1.274,327,951920
4,0,0,0,0,3,4,3,0.620,263,853860
4,3,0,0,0,2,4,1,0.530,327,863680
3,0,0,0,0,4,3,2,0.759,296,853860
6,6,0,0,0,5,5,2,1.141,296,927980
17,5,0,0,0,4,6,1,1.203,327,969124
11,4,0,0,0,4,5,1,1.048,327,943148
30,17,0,0,0,15,7,2,3.572,295,1215980
20,5,0,0,0,9,8,2,2.083,295,1030792
17,6,0,0,0,10,7,2,2.199,296,1030524
16,6,0,0,0,5,6,1,1.365,327,976512
4,3,0,0,0,4,4,1,0.857,327,883460
6,4,0,0,0,5,4,2,1.092,295,914388
3,3,0,0,0,4,4,2,0.836,296,877784
4,4,0,0,0,3,5,1,0.719,327,881420
4,4,0,0,0,5,8,3,1.042,263,901988
12,6,0,0,0,7,5,1,1.607,327,985952
16,6,0,0,0,6,7,1,1.531,327,986268
24,10,0,0,0,5,8,1,1.655,327,1066592
10,11,0,0,0,10,5,2,2.172,295,1049732
42,17,0,0,0,20,8,2,4.680,295,1349460
1,2,0,0,0,2,3,1,0.432,328,834528
2,2,0,0,0,2,3,1,0.457,328,839940
17,6,0,0,0,6,7,2,1.569,296,1021688
3,2,0,0,0,3,4,1,0.644,327,859260
15,0,0,0,0,6,5,2,1.375,295,963528
5,1,0,0,0,3,5,1,0.669,327,868560
24,9,0,0,0,6,8,1,1.797,327,1070220
14,0,0,0,0,17,5,4,3.123,230,1024132
3,0,0,0,0,2,3,1,0.433,328,834536
7,6,0,0,0,6,12,4,1.325,231,949604
19,7,0,0,0,7,9,2,1.783,296,1021292
14,9,0,0,0,8,5,1,1.877,327,1008544
12,3,0,0,0,4,6,1,1.049,327,943148
2,0,0,0,0,1,2,1,0.245,329,817976
10,6,0,0,0,4,7,2,1.070,296,944740
16,0,0,0,0,8,7,2,1.724,295,983904
13,4,0,0,0,8,7,3,1.753,264,995912
13,5,0,0,0,5,5,1,1.271,327,951920
29,15,0,0,0,15,7,2,3.536,295,1267288
10,5,0,0,0,2,5,1,0.721,327,920072
4,2,0,0,0,3,4,2,0.670,296,868560
9,0,0,0,0,8,5,3,1.559,263,931600
3,2,0,0,0,3,5,2,0.643,296,859260
7,0,0,0,0,8,4,2,1.508,295,927716
16,3,0,0,0,9,7,2,1.796,295,969396
12,0,0,0,0,6,5,2,1.302,296,943480
19,10,0,0,0,5,7,1,1.524,326,1018724
22,7,0,0,0,7,7,1,1.853,327,1043428
8,6,0,0,0,9,5,2,1.832,296,974860
3,0,0,0,0,2,3,1,0.433,328,834536
3,4,0,0,0,3,5,2,0.694,296,875748
13,6,0,0,0,4,5,1,1.138,327,960888
2,1,0,0,0,2,3,2,0.432,296,834528
2,0,0,0,0,2,3,2,0.408,296,825504
21,9,0,0,0,9,7,2,2.218,295,1078660
33,16,0,0,0,15,8,2,3.625,296,1244428
14,8,0,0,0,9,5,2,2.026,295,1037660
15,7,0,0,0,5,7,1,1.366,327,976512
13,7,0,0,0,7,5,2,1.658,295,1009100
12,7,0,0,0,9,7,2,1.951,295,1007636
6,0,0,0,0,4,5,2,0.835,295,877796
13,0,0,0,0,14,5,3,2.623,262,1007172
5,4,0,0,0,4,4,1,0.905,327,899684
10,8,0,0,0,7,6,1,1.607,327,985952
9,3,0,0,0,3,5,1,0.813,327,912356
5,2,0,0,0,4,4,2,0.856,296,881412
18,13,0,0,0,12,6,2,2.729,295,1135064
3,2,0,0,0,3,5,2,0.644,296,859264
9,5,0,0,0,6,5,1,1.348,327,949944
16,0,0,0,0,15,5,3,2.847,262,1024384
7,0,0,0,0,2,4,1,0.529,327,863688
4,2,0,0,0,3,4,1,0.669,327,868560
1,1,0,0,0,1,2,1,0.220,328,808672
5,5,0,0,0,7,14,6,1.414,165,935692
21,7,0,0,0,5,7,1,1.505,326,1013564
5,4,0,0,0,4,4,1,0.903,327,899684
3,2,0,0,0,3,5,2,0.642,296,859260
4,4,0,0,0,2,4,1,0.555,328,870864
16,7,0,0,0,6,6,1,1.551,327,990360
10,6,0,0,0,8,5,2,1.727,296,983904
5,3,0,0,0,3,5,2,0.719,296,881420
6,4,0,0,0,5,6,2,1.090,296,916696
3,3,0,0,0,2,4,1,0.505,328,854384
14,6,0,0,0,12,8,2,2.449,295,1028000
20,6,0,0,0,6,8,1,1.624,327,1011056
2,1,0,0,0,2,4,2,0.434,296,834532
2,3,0,0,0,3,4,2,0.644,296,859264
33,19,0,0,0,17,9,2,4.027,295,1282876
7,8,0,0,0,6,7,2,1.373,295,960692
10,0,0,0,0,7,6,2,1.415,295,934376
12,10,0,0,0,9,5,2,2.012,294,1008556
19,5,0,0,0,5,6,1,1.410,327,986728
21,8,0,0,0,7,7,1,1.856,327,1043428
3,1,0,0,0,3,3,2,0.620,296,848976
3,2,0,0,0,3,4,1,0.644,327,859260
5,3,0,0,0,4,6,2,0.881,296,892496
12,3,0,0,0,5,6,2,1.212,296,951912
8,7,0,0,0,8,15,5,1.697,198,983588
26,7,0,0,0,7,8,2,1.958,296,1080432
5,0,0,0,0,4,5,3,0.809,264,870612
5,4,0,0,0,4,4,1,0.904,327,899684
3,2,0,0,0,2,3,1,0.482,328,848976
3,2,0,0,0,3,4,1,0.643,327,859260
2,2,0,0,0,2,4,2,0.456,295,839940
8,3,0,0,0,6,5,1,1.279,327,932860
15,6,0,0,0,6,6,2,1.515,296,997568
20,12,0,0,0,8,7,2,2.092,296,1079052
9,0,0,0,0,6,4,3,1.231,263,914404
26,14,0,0,0,15,7,2,3.428,295,1214576
2,2,0,0,0,3,3,1,0.622,328,853856
2,1,0,0,0,1,3,1,0.268,328,823644
3,0,0,0,0,2,3,1,0.433,328,834536
6,0,0,0,0,5,4,2,0.997,295,883476
7,5,0,0,0,5,5,2,1.140,296,927980
7,5,0,0,0,7,5,2,1.469,295,949608
20,7,0,0,0,6,8,2,1.645,296,1017196
24,11,0,0,0,7,7,1,1.994,326,1075660
6,5,0,0,0,7,8,3,1.442,263,945516
1,2,0,0,0,2,4,1,0.432,328,834532
3,1,0,0,0,2,4,2,0.457,296,839940
4,3,0,0,0,4,4,1,0.858,327,883456
20,8,0,0,0,7,7,1,1.848,327,1067468
5,4,0,0,0,4,4,1,0.905,327,899684
3,2,0,0,0,2,3,1,0.481,328,848976
2,1,0,0,0,1,3,1,0.245,327,817972
21,10,0,0,0,14,8,2,3.040,295,1114100
9,6,0,0,0,6,6,2,1.373,296,959372
10,5,0,0,0,7,7,2,1.529,296,959304
12,10,0,0,0,9,5,2,2.013,296,1008556
13,5,0,0,0,5,6,1,1.269,327,951920
4,2,0,0,0,2,4,1,0.504,328,854384
27,8,0,0,0,8,7,2,2.169,296,1103308
14,5,0,0,0,6,6,1,1.475,327,992888
2,3,0,0,0,2,4,2,0.481,296,848976
13,7,0,0,0,7,7,2,1.653,296,1002696
16,10,0,0,0,8,7,2,1.943,296,1028480
5,3,0,0,0,3,4,2,0.717,296,876540
13,7,0,0,0,9,5,2,1.964,296,994236
6,3,0,0,0,6,5,2,1.230,296,921576
9,5,0,0,0,5,8,2,1.187,295,945784
20,6,0,0,0,5,7,1,1.478,327,1033504
6,2,0,0,0,3,5,2,0.719,296,881420
31,19,0,0,0,20,9,3,4.452,264,1286136
8,0,0,0,0,6,4,2,1.205,296,907676
9,0,0,0,0,6,4,2,1.233,295,921592
1,1,0,0,0,1,2,1,0.245,328,817972
7,5,0,0,0,7,6,2,1.466,295,952712
28,13,0,0,0,12,8,1,2.959,326,1158612
10,7,0,0,0,7,5,1,1.586,327,981868
5,2,0,0,0,7,11,5,1.345,198,914584
7,3,0,0,0,3,5,1,0.766,327,897644
5,4,0,0,0,5,8,3,1.064,263,907660
3,0,0,0,0,4,4,2,0.761,295,855904
26,10,0,0,0,9,6,2,2.343,295,1098740
5,2,0,0,0,4,4,2,0.857,296,883460
3,2,0,0,0,2,3,1,0.481,327,848972
40,18,0,0,0,13,9,2,3.514,295,1280372
5,4,0,0,0,5,6,2,1.066,295,907660
4,1,0,0,0,3,4,2,0.643,296,859260
2,2,0,0,0,3,4,1,0.621,327,853856
3,4,0,0,0,4,5,2,0.857,296,883456
5,4,0,0,0,5,5,2,1.067,295,907132
8,4,0,0,0,3,4,1,0.814,327,912356
6,5,0,0,0,4,4,1,0.951,327,911688
5,3,0,0,0,5,9,3,1.043,263,901988
9,5,0,0,0,5,6,2,1.188,296,945784
6,5,0,0,0,4,4,1,0.951,327,914396
3,3,0,0,0,2,4,1,0.505,328,854384
3,3,0,0,0,4,5,2,0.836,296,877784
3,2,0,0,0,3,4,2,0.644,296,859260
3,4,0,0,0,4,8,3,0.858,263,883456
5,4,0,0,0,2,4,1,0.579,327,875220
8,3,0,0,0,8,5,2,1.604,295,951656
6,4,0,0,0,4,5,2,0.928,296,905556
7,4,0,0,0,4,4,1,0.953,327,914396
5,0,0,0,0,5,4,2,0.974,295,877800
17,7,0,0,0,5,7,1,1.411,327,986732
3,2,0,0,0,2,3,1,0.482,327,848972
3,2,0,0,0,4,4,2,0.807,295,868552
5,4,0,0,0,4,7,2,0.905,296,899684
11,7,0,0,0,7,6,2,1.611,296,985952
4,1,0,0,0,4,4,2,0.806,296,870596
5,0,0,0,0,6,4,3,1.135,263,883468
2,2,0,0,0,3,4,2,0.621,296,853856
12,0,0,0,0,19,5,4,3.399,231,1033352
10,3,0,0,0,7,6,1,1.491,327,954036
3,3,0,0,0,3,5,2,0.669,296,868560
24,11,0,0,0,10,8,2,2.479,295,1103356
15,5,0,0,0,5,7,1,1.333,327,986152
14,4,0,0,0,7,9,3,1.608,263,985952
5,2,0,0,0,5,5,3,1.020,264,892492
21,10,0,0,0,10,6,2,2.388,295,1074136
1,2,0,0,0,2,3,1,0.433,328,834528
21,8,0,0,0,8,7,2,2.019,296,1055904
2,2,0,0,0,2,4,1,0.457,328,839940
10,0,0,0,0,5,4,2,1.090,295,914400
8,8,0,0,0,7,5,2,1.554,295,966096
9,0,0,0,0,6,4,2,1.232,295,921592
2,1,0,0,0,2,3,2,0.432,296,832684
6,5,0,0,0,6,6,2,1.279,295,932856
4,0,0,0,0,3,3,2,0.620,296,848980
4,5,0,0,0,4,4,1,0.904,327,899684
16,6,0,0,0,6,6,1,1.529,327,986272
5,0,0,0,0,5,4,3,0.975,263,877800
12,0,0,0,0,19,5,4,3.405,231,1033352
31,0,0,0,0,32,6,4,5.956,229,1250852
2,3,0,0,0,2,4,1,0.482,328,848976
7,0,0,0,0,4,4,2,0.858,295,883472
3,4,0,0,0,3,5,2,0.694,295,875748
21,6,0,0,0,6,8,1,1.646,327,1022736
3,3,0,0,0,3,5,2,0.668,296,868564
29,19,0,0,0,23,7,3,4.896,264,1303672
11,4,0,0,0,4,6,2,1.046,295,940768
2,2,0,0,0,3,4,2,0.622,296,853856
2,2,0,0,0,2,4,2,0.457,296,839940
20,7,0,0,0,9,7,2,2.131,296,1047780
13,0,0,0,0,18,5,3,3.266,263,1035408
16,4,0,0,0,7,6,2,1.651,296,998248
1,0,0,0,0,2,2,1,0.386,328,819824
4,3,0,0,0,3,4,1,0.694,327,875748
5,4,0,0,0,4,4,1,0.904,327,899684
5,0,0,0,0,4,4,2,0.808,295,868568
5,1,0,0,0,3,4,2,0.670,296,868560
2,2,0,0,0,3,3,2,0.621,296,848976
3,0,0,0,0,2,3,2,0.433,296,834536
2,3,0,0,0,3,7,2,0.644,296,859260
9,5,0,0,0,5,5,1,1.188,327,945784
10,7,0,0,0,6,5,1,1.417,327,966096
2,2,0,0,0,3,6,2,0.620,295,853856
11,4,0,0,0,7,6,1,1.525,327,953500
16,10,0,0,0,9,6,2,2.101,296,1033676
17,0,0,0,0,14,5,3,2.704,262,1024124
2,2,0,0,0,3,3,1,0.622,328,853856
10,0,0,0,0,9,5,3,1.742,262,950068
4,4,0,0,0,4,9,3,0.880,263,892496
9,4,0,0,0,6,5,1,1.328,327,950660
23,10,0,0,0,13,8,2,2.923,295,1117660
4,3,0,0,0,2,4,1,0.531,328,863680
2,3,0,0,0,3,4,1,0.644,328,859264
5,4,0,0,0,6,4,1,1.230,327,921576
18,8,0,0,0,5,6,1,1.475,327,1033500
5,5,0,0,0,4,4,2,0.926,296,905556
22,8,0,0,0,8,8,2,2.063,296,1073648
5,2,0,0,0,4,4,2,0.857,296,883456
2,3,0,0,0,3,5,2,0.644,296,859260
5,1,0,0,0,4,4,2,0.834,296,877792
11,5,0,0,0,4,6,1,1.073,327,949612
11,5,0,0,0,5,5,1,1.233,327,955736
22,7,0,0,0,9,7,2,2.191,296,1068296
3,4,0,0,0,4,6,2,0.856,295,883456
5,0,0,0,0,5,6,5,0.975,199,880112
30,14,0,0,0,14,8,2,3.347,295,1199676
1,1,0,0,0,1,3,1,0.245,328,817972
19,9,0,0,0,9,7,1,2.161,327,1058472
5,3,0,0,0,3,4,1,0.719,327,881420
11,6,0,0,0,4,5,1,1.093,327,954420
12,8,0,0,0,7,7,2,1.649,296,996888
5,2,0,0,0,4,4,1,0.856,327,883456
5,4,0,0,0,2,4,1,0.579,327,876540
9,0,0,0,0,6,4,2,1.233,295,921592
14,4,0,0,0,4,7,1,1.107,327,944460
7,0,0,0,0,8,4,2,1.505,295,923628
3,0,0,0,0,4,3,2,0.760,295,853860
2,2,0,0,0,1,3,1,0.292,328,832688
10,5,0,0,0,5,5,1,1.208,327,946316
11,8,0,0,0,12,5,3,2.427,263,1011068
6,0,0,0,0,5,4,2,0.998,295,883472
2,1,0,0,0,2,3,1,0.433,328,834532
8,3,0,0,0,9,6,1,1.770,327,958656
6,5,0,0,0,4,4,1,0.953,327,914396
11,4,0,0,0,7,7,3,1.526,264,959304
2,1,0,0,0,3,3,1,0.595,328,844820
1,1,0,0,0,2,3,1,0.407,328,825496
11,7,0,0,0,7,5,2,1.607,296,981864
16,9,0,0,0,10,6,2,2.251,296,1038292
1,1,0,0,0,1,2,1,0.245,329,817972
4,1,0,0,0,3,5,2,0.644,296,859264
16,6,0,0,0,6,7,2,1.529,296,986280
9,4,0,0,0,4,5,1,1.001,327,926984
22,8,0,0,0,11,7,2,2.526,296,1080804
3,3,0,0,0,4,5,2,0.835,296,877792
5,4,0,0,0,4,5,1,0.903,327,899680
21,6,0,0,0,7,7,1,1.807,327,1026436
12,8,0,0,0,9,7,2,1.968,296,999060
22,12,0,0,0,10,7,2,2.475,295,1124508
25,12,0,0,0,10,8,1,2.542,326,1135096
6,4,0,0,0,6,6,2,1.257,295,928764
4,3,0,0,0,4,8,3,0.856,264,883456
2,1,0,0,0,1,3,1,0.268,329,823644
4,0,0,0,0,3,3,2,0.619,296,848980
21,6,0,0,0,6,7,2,1.659,296,1045700
9,5,0,0,0,7,5,2,1.512,296,963464
8,3,0,0,0,2,5,1,0.624,328,892764
3,2,0,0,0,4,5,2,0.807,296,870596
8,4,0,0,0,3,5,1,0.813,327,912356
16,6,0,0,0,4,7,1,1.204,327,969124
10,7,0,0,0,11,7,2,2.225,295,1014300
31,15,0,0,0,17,7,2,3.877,295,1246828
16,5,0,0,0,6,7,2,1.506,296,980144
11,0,0,0,0,20,5,3,3.539,262,1035404
2,2,0,0,0,3,3,2,0.620,296,848976
10,4,0,0,0,9,5,2,1.829,295,961676
3,2,0,0,0,2,4,1,0.482,328,848976
3,3,0,0,0,3,5,2,0.670,296,868560
6,0,0,0,0,9,4,3,1.648,263,927716
8,0,0,0,0,7,4,3,1.367,263,921588
15,5,0,0,0,5,6,1,1.334,327,986152
4,0,0,0,0,5,5,1,0.948,327,872924
15,6,0,0,0,7,7,2,1.666,295,990368
23,17,0,0,0,16,8,2,3.580,295,1212252
12,6,0,0,0,5,7,1,1.276,327,962472
13,5,0,0,0,5,5,1,1.271,327,951920
20,9,0,0,0,6,7,2,1.712,296,1065428
5,3,0,0,0,2,5,1,0.554,327,870860
2,2,0,0,0,3,3,1,0.621,327,853856
26,12,0,0,0,13,6,2,3.070,296,1203716
40,23,0,0,0,18,8,2,4.446,295,1355728
7,6,0,0,0,6,5,2,1.326,296,948088
3,4,0,0,0,2,4,1,0.529,327,863680
10,4,0,0,0,6,6,2,1.350,296,949944
6,0,0,0,0,9,4,4,1.647,231,921584
2,1,0,0,0,2,3,1,0.432,328,834528
2,2,0,0,0,3,3,1,0.621,328,853856
7,4,0,0,0,5,5,2,1.115,296,923884
9,6,0,0,0,6,6,2,1.370,296,959372
3,2,0,0,0,2,3,1,0.482,327,848976
8,3,0,0,0,4,6,2,0.953,296,914392
3,3,0,0,0,4,6,2,0.835,296,877784
2,1,0,0,0,1,3,1,0.268,328,823644
2,3,0,0,0,2,3,1,0.482,327,848976
5,5,0,0,0,5,4,1,1.091,327,916696
3,2,0,0,0,2,4,2,0.481,296,848976
3,4,0,0,0,3,4,1,0.694,327,875748
4,3,0,0,0,4,4,1,0.856,327,883456
9,6,0,0,0,6,7,2,1.374,295,960692
13,10,0,0,0,9,6,2,2.039,295,1019508
8,4,0,0,0,6,8,3,1.296,263,931664
5,2,0,0,0,5,7,3,1.019,264,894808
17,5,0,0,0,5,7,1,1.369,327,990532
1,2,0,0,0,2,4,2,0.434,296,834532
8,0,0,0,0,10,5,3,1.858,264,950928
2,2,0,0,0,2,4,1,0.456,328,839940
8,4,0,0,0,4,6,2,0.978,296,921588
16,6,0,0,0,5,7,2,1.368,296,976512
1,0,0,0,0,2,2,1,0.385,328,819824
3,2,0,0,0,3,5,2,0.643,296,859264
26,14,0,0,0,12,6,2,2.949,296,1177716
5,4,0,0,0,5,5,2,1.066,296,905352
12,0,0,0,0,3,4,1,0.815,327,912356
4,0,0,0,0,2,4,1,0.456,328,839944
8,4,0,0,0,8,6,2,1.632,295,964260
5,0,0,0,0,10,4,3,1.786,264,927708
1,3,0,0,0,3,4,2,0.622,296,853856
7,6,0,0,0,6,7,2,1.325,295,948088
13,0,0,0,0,18,5,3,3.261,262,1028748
8,0,0,0,0,7,4,3,1.370,263,921588
4,2,0,0,0,5,4,2,0.997,296,885764
2,1,0,0,0,4,3,2,0.759,295,853856
11,7,0,0,0,6,5,2,1.444,296,977772
1,2,0,0,0,1,3,1,0.268,328,823644
11,5,0,0,0,4,6,1,1.073,327,949612
14,5,0,0,0,6,8,2,1.471,296,989788
4,2,0,0,0,3,4,2,0.668,296,868564
1,0,0,0,0,3,3,2,0.547,296,830116
13,4,0,0,0,6,8,1,1.413,327,955544
12,7,0,0,0,5,7,1,1.305,327,974148
2,1,0,0,0,3,3,1,0.597,328,844820
10,6,0,0,0,8,7,2,1.726,295,983908
12,5,0,0,0,5,6,1,1.248,327,945788
11,6,0,0,0,4,6,1,1.092,327,954428
3,1,0,0,0,3,4,1,0.621,327,853856
6,5,0,0,0,4,4,1,0.859,327,883456
25,9,0,0,0,14,7,2,3.118,295,1159836
10,0,0,0,0,7,5,2,1.417,295,927972
2,2,0,0,0,3,4,2,0.622,296,853856
4,4,0,0,0,4,10,4,0.881,231,892496
3,2,0,0,0,2,3,1,0.482,328,848976
6,5,0,0,0,4,4,1,0.951,327,914396
6,4,0,0,0,5,4,2,1.091,296,914388
13,5,0,0,0,5,5,1,1.271,327,951920
7,4,0,0,0,4,6,1,0.954,327,914400
11,4,0,0,0,7,8,2,1.529,295,959304
4,0,0,0,0,3,3,1,0.621,328,853860
15,0,0,0,0,0,4,0,0.389,359,884596
3,4,0,0,0,4,6,2,0.856,296,883460
6,5,0,0,0,4,4,1,0.953,327,914396
9,0,0,0,0,7,5,3,1.391,264,923884
5,4,0,0,0,2,4,1,0.579,327,876532
3,1,0,0,0,3,4,2,0.620,296,853856
2,3,0,0,0,3,5,2,0.643,296,859260
17,6,0,0,0,7,7,2,1.713,296,1002628
6,3,0,0,0,5,5,1,1.065,327,906340
6,4,0,0,0,5,5,2,1.089,295,913272
7,4,0,0,0,4,4,1,0.951,327,914400
8,4,0,0,0,3,6,1,0.813,327,912356
3,1,0,0,0,2,3,2,0.457,296,839940
8,4,0,0,0,5,6,2,1.139,296,927980
9,4,0,0,0,3,5,1,0.839,327,919544
18,6,0,0,0,5,6,1,1.411,327,986732
24,14,0,0,0,15,6,2,3.368,294,1166376
16,7,0,0,0,7,7,1,1.710,327,1002628
9,4,0,0,0,5,6,1,1.157,327,928036
23,11,0,0,0,13,8,2,2.958,295,1143272
19,0,0,0,0,12,6,3,2.449,263,1053812
16,7,0,0,0,6,6,1,1.550,327,990360
11,7,0,0,0,5,6,1,1.278,327,962472
3,2,0,0,0,3,5,1,0.644,328,859264
7,4,0,0,0,2,5,1,0.626,327,892764
18,9,0,0,0,7,7,2,1.809,295,1026436
7,5,0,0,0,5,5,2,1.141,296,927980
2,2,0,0,0,3,4,2,0.622,296,853856
4,3,0,0,0,4,5,2,0.858,296,883464
7,4,0,0,0,2,5,1,0.626,327,892764
3,0,0,0,0,3,4,2,0.596,295,844824
9,0,0,0,0,6,5,2,1.232,295,916712
5,4,0,0,0,4,4,1,0.903,327,899684
2,2,0,0,0,3,5,2,0.620,296,853856
4,4,0,0,0,5,6,2,1.042,295,901988
5,2,0,0,0,4,4,1,0.856,327,883456
7,5,0,0,0,6,6,2,1.300,295,935368
4,3,0,0,0,2,4,1,0.529,328,863684
4,3,0,0,0,8,4,1,1.509,327,927716
15,5,0,0,0,7,7,2,1.644,296,984228
13,9,0,0,0,9,5,2,2.030,296,1045844
15,8,0,0,0,10,7,2,2.201,295,1030524
21,13,0,0,0,13,6,2,2.960,295,1141228
2,3,0,0,0,2,4,1,0.481,328,848972
14,9,0,0,0,16,9,3,3.183,263,1079244
5,0,0,0,0,6,4,2,1.139,295,890656
7,2,0,0,0,6,4,2,1.231,295,916696
5,6,0,0,0,5,5,2,1.114,296,921576
2,2,0,0,0,4,4,2,0.783,296,861300
1,2,0,0,0,2,3,1,0.433,328,834528
24,11,0,0,0,8,8,2,2.159,295,1103308
4,3,0,0,0,4,4,2,0.858,296,883456
8,4,0,0,0,4,6,2,0.977,296,921584
6,4,0,0,0,3,5,1,0.766,327,897644
2,0,0,0,0,2,3,1,0.409,328,825500
13,6,0,0,0,7,5,1,1.629,327,992064
2,1,0,0,0,3,3,2,0.595,296,839940
4,4,0,0,0,3,4,2,0.718,296,881420
3,2,0,0,0,3,5,2,0.643,296,859260
17,8,0,0,0,6,7,1,1.615,327,1038380
22,11,0,0,0,5,8,1,1.633,326,1055968
7,4,0,0,0,4,4,1,0.952,327,914396
29,10,0,0,0,10,7,2,2.579,296,1141488
1,2,0,0,0,1,3,1,0.268,328,823644
10,6,0,0,0,5,6,2,1.233,296,955744
2,2,0,0,0,1,3,1,0.293,328,832688
2,2,0,0,0,3,4,1,0.622,327,853856
1,2,0,0,0,2,3,1,0.432,328,834528
3,1,0,0,0,3,3,1,0.621,327,853856
2,2,0,0,0,2,4,1,0.457,328,839940
18,7,0,0,0,6,7,1,1.615,327,1038380
17,6,0,0,0,7,7,1,1.716,327,1002628
15,6,0,0,0,5,7,1,1.341,327,970380
22,11,0,0,0,10,8,2,2.442,295,1110504
2,2,0,0,0,3,3,2,0.621,296,853856
7,5,0,0,0,5,5,1,1.141,327,927980
4,3,0,0,0,3,4,2,0.693,296,875748
5,5,0,0,0,5,4,2,1.089,296,916696
7,2,0,0,0,5,5,2,1.066,295,905352
12,6,0,0,0,4,6,1,1.111,327,950000
20,8,0,0,0,11,6,2,2.496,295,1085576
16,9,0,0,0,5,7,1,1.435,327,994908
21,9,0,0,0,6,7,1,1.719,327,1039344
14,9,0,0,0,8,5,1,1.873,327,1008544
4,2,0,0,0,3,4,1,0.669,327,868560
10,0,0,0,0,11,5,3,2.070,264,974016
5,4,0,0,0,4,4,1,0.904,327,899688
2,3,0,0,0,2,4,1,0.482,327,848976
2,3,0,0,0,3,4,1,0.643,328,859260
4,2,0,0,0,1,4,1,0.342,328,847124
12,9,0,0,0,11,7,3,2.314,264,1023916
7,4,0,0,0,4,5,1,0.951,327,914392
2,3,0,0,0,3,5,2,0.644,296,859260
9,7,0,0,0,7,5,2,1.556,296,970188
5,5,0,0,0,4,6,2,0.927,296,905360
2,2,0,0,0,2,4,2,0.456,296,839940
2,2,0,0,0,2,4,2,0.456,296,839940
2,2,0,0,0,3,3,1,0.621,328,853856
14,0,0,0,0,17,5,3,3.121,262,1026176
2,2,0,0,0,3,3,1,0.621,328,853856
2,2,0,0,0,2,3,2,0.457,296,839940
5,0,0,0,0,6,4,2,1.138,295,885776
2,1,0,0,0,2,3,1,0.432,328,834528
3,3,0,0,0,3,5,2,0.668,296,868564
3,2,0,0,0,4,4,2,0.807,296,868552
2,2,0,0,0,3,4,2,0.620,296,848976
8,3,0,0,0,4,6,1,0.952,327,914396
5,2,0,0,0,4,4,1,0.857,327,883456
2,2,0,0,0,2,5,2,0.456,296,839940
2,1,0,0,0,2,3,2,0.432,296,832684
2,3,0,0,0,2,5,2,0.481,296,848976
9,0,0,0,0,6,4,2,1.229,295,916704
13,4,0,0,0,6,7,2,1.423,295,972972
13,9,0,0,0,11,7,2,2.339,295,1028004
1,2,0,0,0,2,4,2,0.434,296,834528
21,6,0,0,0,10,7,2,2.296,296,1063084
3,0,0,0,0,3,4,2,0.595,296,844824
19,7,0,0,0,8,8,2,1.945,296,1028484
8,0,0,0,0,7,4,3,1.369,264,921588
24,12,0,0,0,18,13,4,3.798,230,1182148
4,3,0,0,0,4,7,3,0.858,263,883456
5,3,0,0,0,3,4,1,0.720,327,881420
11,9,0,0,0,8,7,2,1.808,296,1005068
19,5,0,0,0,7,7,1,1.754,326,1040420
12,0,0,0,0,10,5,3,1.946,262,970780
20,9,0,0,0,6,7,1,1.709,327,1065428
3,3,0,0,0,3,4,2,0.669,296,868560
22,9,0,0,0,5,7,1,1.573,327,1035712
1,2,0,0,0,2,3,1,0.408,328,825496
5,6,0,0,0,5,8,2,1.114,296,923884
17,0,0,0,0,14,5,3,2.707,262,1024384
21,6,0,0,0,4,6,1,1.329,327,1023724
4,3,0,0,0,4,4,1,0.857,327,883456
23,8,0,0,0,7,7,1,1.912,326,1064660
2,1,0,0,0,4,3,1,0.761,327,855896
5,4,0,0,0,5,8,3,1.067,264,907660
7,0,0,0,0,8,4,3,1.507,263,916900
2,3,0,0,0,3,4,2,0.644,296,859260
3,2,0,0,0,3,5,2,0.643,296,859260
4,0,0,0,0,11,4,2,1.928,295,927708
5,2,0,0,0,8,4,1,1.512,327,927716
12,6,0,0,0,6,6,2,1.445,296,977772
5,3,0,0,0,3,4,1,0.718,327,881424
1,1,0,0,0,2,3,2,0.407,296,825496
19,9,0,0,0,11,7,2,2.491,295,1081252
9,0,0,0,0,6,4,2,1.231,295,916712
10,4,0,0,0,3,5,1,0.861,327,923632
17,0,0,0,0,8,7,2,1.751,295,996012
4,5,0,0,0,4,4,1,0.903,327,899688
20,7,0,0,0,5,7,1,1.482,327,1007436
8,2,0,0,0,3,4,1,0.766,328,897644
13,6,0,0,0,12,5,3,2.431,263,1017992
6,0,0,0,0,7,5,2,1.323,295,906880
28,15,0,0,0,12,9,2,3.006,295,1205348
7,2,0,0,0,6,5,2,1.230,295,921576
6,5,0,0,0,4,4,1,0.951,327,914396
17,7,0,0,0,7,7,2,1.754,296,1040420
9,8,0,0,0,10,5,3,2.067,262,997944
25,8,0,0,0,7,7,2,1.952,296,1077000
19,8,0,0,0,6,7,1,1.643,327,1017200
6,5,0,0,0,4,4,1,0.953,327,914396
7,0,0,0,0,8,4,1,1.509,327,927716
17,0,0,0,0,38,6,4,6.618,229,1243052
10,5,0,0,0,8,6,2,1.692,296,972228
7,0,0,0,0,8,4,2,1.508,295,927716
5,5,0,0,0,4,4,2,0.928,296,905360
17,7,0,0,0,7,6,1,1.736,327,1006500
5,4,0,0,0,4,6,2,0.905,296,899680
23,8,0,0,0,10,7,2,2.386,296,1078752
4,3,0,0,0,4,4,2,0.857,296,883456
7,3,0,0,0,7,6,2,1.417,295,936220
2,1,0,0,0,2,3,2,0.432,296,834528
10,5,0,0,0,4,5,1,1.051,327,943476
16,5,0,0,0,6,8,2,1.506,295,980140
9,5,0,0,0,4,6,1,1.022,327,926456
14,0,0,0,0,17,5,3,3.126,262,1026176
10,7,0,0,0,6,5,1,1.418,327,970588
10,7,0,0,0,7,5,2,1.583,296,981868
8,1,0,0,0,10,16,8,1.883,101,960968
19,11,0,0,0,11,8,2,2.527,295,1080804
6,0,0,0,0,6,5,2,1.159,295,894812
12,0,0,0,0,6,6,2,1.304,296,943472
16,11,0,0,0,14,12,4,2.943,231,1085836
4,3,0,0,0,2,5,1,0.529,328,863680
7,4,0,0,0,4,4,1,0.952,328,914388
3,2,0,0,0,6,4,1,0.994,327,848636
2,2,0,0,0,2,3,1,0.457,328,839940
3,2,0,0,0,2,3,1,0.481,328,848972
2,1,0,0,0,1,3,1,0.269,328,823644
4,0,0,0,0,3,4,3,0.620,263,853860
2,2,0,0,0,4,4,3,0.783,264,859252
5,2,0,0,0,2,4,1,0.529,328,863680
3,3,0,0,0,4,5,2,0.836,296,877784
5,0,0,0,0,2,3,1,0.481,327,848980
11,7,0,0,0,5,6,2,1.279,296,966960
3,2,0,0,0,2,3,1,0.482,328,848976
18,9,0,0,0,9,7,2,2.134,296,1047780
5,5,0,0,0,5,4,2,1.091,295,914388
14,9,0,0,0,16,6,2,3.182,295,1081288
19,8,0,0,0,8,7,2,1.986,296,1071564
10,4,0,0,0,5,5,1,1.186,327,944728
8,6,0,0,0,7,7,3,1.510,264,963464
3,1,0,0,0,2,3,1,0.457,328,839936
6,2,0,0,0,4,4,1,0.879,327,892496
5,2,0,0,0,5,4,2,1.019,295,890448
21,7,0,0,0,5,7,1,1.502,327,1013564
20,8,0,0,0,7,6,1,1.849,327,1067468
6,5,0,0,0,4,4,1,0.952,327,914396
1,2,0,0,0,3,3,1,0.596,328,844820
9,4,0,0,0,5,7,2,1.157,296,928036
19,7,0,0,0,4,7,1,1.297,327,993588
2,2,0,0,0,1,3,1,0.293,328,832688
17,7,0,0,0,7,7,1,1.756,326,1040420
6,4,0,0,0,4,5,2,0.927,296,905352
7,3,0,0,0,3,6,1,0.764,327,897644
17,5,0,0,0,5,7,1,1.364,327,976516
5,5,0,0,0,5,14,4,1.092,231,916696
5,3,0,0,0,4,4,1,0.881,327,892496
4,5,0,0,0,6,9,3,1.231,264,921576
6,5,0,0,0,4,4,1,0.952,327,914396
8,4,0,0,0,3,5,1,0.813,327,912356
5,3,0,0,0,7,12,4,1.299,231,901728
20,9,0,0,0,7,6,2,1.857,296,1043428
15,7,0,0,0,9,7,2,2.019,295,1025040
20,9,0,0,0,11,7,2,2.513,296,1088284
6,0,0,0,0,5,4,2,0.995,295,883476
4,3,0,0,0,5,5,2,1.018,296,894808
36,13,0,0,0,11,8,2,2.976,295,1218360
9,5,0,0,0,7,6,2,1.511,296,963592
28,11,0,0,0,10,7,2,2.571,295,1127880
8,4,0,0,0,5,6,2,1.139,296,927980
5,4,0,0,0,4,6,1,0.903,327,899680
5,0,0,0,0,4,4,2,0.807,296,870612
8,0,0,0,0,7,4,3,1.369,264,921588
16,6,0,0,0,7,7,2,1.686,295,994452
27,9,0,0,0,8,8,2,2.188,296,1111788
6,4,0,0,0,5,5,2,1.090,295,914388
4,4,0,0,0,5,11,3,1.043,264,901988
3,0,0,0,0,2,3,1,0.434,328,834536
22,9,0,0,0,7,7,1,1.911,326,1063680
15,8,0,0,0,8,5,1,1.873,327,1008544
33,7,0,0,0,9,9,2,2.462,295,1175156
6,5,0,0,0,4,7,2,0.954,295,914400
2,2,0,0,0,2,3,1,0.457,328,839940
25,10,0,0,0,8,8,1,2.163,327,1103308
9,7,0,0,0,9,6,2,1.889,295,987992
9,5,0,0,0,5,5,2,1.188,296,945784
19,7,0,0,0,6,7,2,1.636,296,1039560
16,6,0,0,0,6,7,1,1.529,327,986272
15,6,0,0,0,6,7,1,1.504,327,980140
11,10,0,0,0,10,5,2,2.150,295,1011124
17,6,0,0,0,6,6,1,1.548,327,990360
7,0,0,0,0,8,4,2,1.509,295,923628
10,0,0,0,0,13,5,3,2.393,263,996896
11,10,0,0,0,10,5,2,2.173,295,1044524
2,2,0,0,0,2,6,2,0.456,296,839940
7,0,0,0,0,3,4,2,0.693,296,875760
25,12,0,0,0,11,9,2,2.700,296,1151392
13,7,0,0,0,6,6,1,1.492,327,987976
3,2,0,0,0,1,3,1,0.317,328,838088
14,6,0,0,0,4,7,1,1.161,327,964764
5,5,0,0,0,6,11,4,1.255,230,928764
16,10,0,0,0,7,7,2,1.786,296,1021288
16,8,0,0,0,6,7,2,1.574,296,998540
25,9,0,0,0,7,8,2,1.968,296,1069528
16,6,0,0,0,6,7,2,1.538,296,1003700
13,6,0,0,0,8,8,2,1.789,295,1004736
15,8,0,0,0,12,7,2,2.522,295,1044424
24,8,0,0,0,9,8,2,2.245,296,1074136
3,0,0,0,0,3,4,2,0.596,296,844944
4,3,0,0,0,3,4,1,0.693,327,875740
15,0,0,0,0,18,6,3,3.316,262,1041008
2,3,0,0,0,3,4,2,0.644,296,859260
5,3,0,0,0,6,7,3,1.205,263,912540
6,5,0,0,0,6,8,3,1.277,263,927128
12,8,0,0,0,11,7,2,2.293,295,1015736
10,6,0,0,0,6,7,2,1.391,296,955216
2,2,0,0,0,2,3,1,0.457,328,839940
18,7,0,0,0,6,7,1,1.615,327,1038380
3,3,0,0,0,3,5,2,0.669,296,868560
8,0,0,0,0,7,4,3,1.367,263,916708
5,4,0,0,0,4,4,1,0.903,327,899684
29,14,0,0,0,11,9,2,2.821,295,1151424
6,3,0,0,0,6,4,2,1.231,295,916696
6,3,0,0,0,6,4,2,1.230,295,921576
14,4,0,0,0,5,7,1,1.273,327,951920
22,11,0,0,0,8,8,2,2.106,296,1071572
6,3,0,0,0,3,6,2,0.742,296,890456
2,0,0,0,0,3,3,2,0.572,296,834536
27,12,0,0,0,11,8,2,2.734,296,1137184
23,9,0,0,0,8,8,2,2.092,296,1079052
12,9,0,0,0,10,6,2,2.155,295,1011124
20,0,0,0,0,11,5,2,2.287,295,1011056
5,4,0,0,0,4,4,2,0.905,296,899680
17,6,0,0,0,7,8,2,1.711,296,1002628
22,0,0,0,0,41,6,5,7.197,198,1280604
3,2,0,0,0,3,4,1,0.644,328,859260
5,3,0,0,0,3,5,2,0.719,296,881420
6,5,0,0,0,4,4,1,0.954,327,914400
6,4,0,0,0,5,4,2,1.090,296,914388
4,3,0,0,0,4,4,2,0.857,295,881416
12,9,0,0,0,7,7,2,1.666,295,990360
17,0,0,0,0,14,5,3,2.709,262,1017988
6,5,0,0,0,7,5,2,1.441,295,943476
27,24,0,0,0,28,7,3,5.795,261,1379160
20,10,0,0,0,9,7,2,2.213,295,1076352
2,3,0,0,0,2,3,1,0.482,328,848976
5,3,0,0,0,3,4,1,0.719,328,881420
22,0,0,0,0,41,6,5,7.213,198,1280608
1,1,0,0,0,2,3,2,0.408,296,825496
8,5,0,0,0,5,5,1,1.163,327,938596
3,0,0,0,0,4,3,2,0.758,296,853864
27,11,0,0,0,9,7,2,2.398,296,1130480
7,6,0,0,0,6,6,1,1.331,327,950660
8,5,0,0,0,5,6,2,1.163,296,938600
15,6,0,0,0,5,6,1,1.342,327,970380
10,5,0,0,0,6,7,2,1.373,296,959372
19,9,0,0,0,10,11,2,2.329,295,1072916
9,0,0,0,0,4,5,2,0.906,296,899692
10,7,0,0,0,6,5,2,1.416,296,966096
6,5,0,0,0,4,5,1,0.952,327,914400
18,0,0,0,0,29,6,4,5.180,229,1157520
22,8,0,0,0,7,7,1,1.882,327,1053984
16,6,0,0,0,6,8,2,1.529,296,986272
5,0,0,0,0,6,4,2,1.137,295,890644
1,2,0,0,0,2,3,2,0.433,296,834528
4,0,0,0,0,2,3,1,0.457,328,839944
6,3,0,0,0,5,4,1,1.061,327,895860
9,4,0,0,0,14,5,3,2.620,263,1013316
17,6,0,0,0,6,7,1,1.552,327,990360
1,1,0,0,0,2,3,2,0.408,296,825500
2,0,0,0,0,3,3,3,0.572,264,839420
16,5,0,0,0,6,6,1,1.506,327,980140
6,5,0,0,0,4,5,1,0.951,327,914396
6,6,0,0,0,7,17,5,1.465,198,951664
21,7,0,0,0,9,8,2,2.166,296,1070092
12,5,0,0,0,7,6,1,1.575,327,965764
13,3,0,0,0,5,6,1,1.236,327,958656
2,3,0,0,0,4,5,2,0.806,296,870596
2,1,0,0,0,2,3,2,0.433,296,834528
7,2,0,0,0,6,4,2,1.230,295,914396
3,1,0,0,0,3,3,1,0.621,327,853856
5,0,0,0,0,2,3,1,0.482,328,848980
7,4,0,0,0,3,5,1,0.790,327,903320
12,9,0,0,0,8,5,2,1.826,296,992200
5,0,0,0,0,3,4,2,0.644,296,859268
10,5,0,0,0,4,5,1,1.049,327,943148
5,3,0,0,0,3,4,1,0.719,327,881420
5,1,0,0,0,3,5,2,0.669,296,868560
5,4,0,0,0,4,5,2,0.906,296,899680
11,10,0,0,0,10,5,2,2.151,295,1011068
13,5,0,0,0,5,5,1,1.283,327,975144
4,6,0,0,0,4,8,4,0.927,231,904040
4,3,0,0,0,4,4,1,0.857,327,883456
24,7,0,0,0,6,7,2,1.742,296,1049780
5,2,0,0,0,4,4,2,0.858,296,883456
4,6,0,0,0,5,4,2,1.092,296,916696
16,7,0,0,0,6,6,1,1.560,327,1012252
5,0,0,0,0,4,4,2,0.809,296,870612
3,1,0,0,1,2,4,1,0.457,328,839932
4,2,0,0,0,3,5,1,0.668,328,868560
5,2,0,0,0,2,4,2,0.530,296,863676
3,1,0,0,0,3,4,2,0.620,296,853856
9,5,0,0,0,6,6,2,1.352,296,949940
6,4,0,0,0,5,4,2,1.090,296,916696
6,6,0,0,0,7,10,4,1.466,230,951652
4,3,0,0,0,3,5,2,0.694,296,875748
12,7,0,0,0,8,6,2,1.793,295,1000292
3,4,0,0,0,4,6,2,0.857,295,883456
15,5,0,0,0,4,8,2,1.163,296,964764
6,5,0,0,0,4,4,1,0.952,327,914396
25,9,0,0,0,11,7,2,2.616,296,1105396
5,3,0,0,0,4,5,2,0.880,296,892492
12,7,0,0,0,5,5,1,1.304,327,974148
8,3,0,0,0,4,5,1,0.951,327,914396
3,3,0,0,0,4,5,2,0.836,296,877784
13,8,0,0,0,7,6,2,1.684,296,1016548
1,1,0,0,0,1,2,1,0.220,328,808672
11,5,0,0,0,8,9,3,1.722,264,983908
13,3,0,0,0,5,6,1,1.235,327,958656
10,4,0,0,0,7,6,2,1.511,295,963464
13,7,0,0,0,7,5,1,1.652,327,998248
2,1,0,0,0,2,4,2,0.434,296,834532
16,6,0,0,0,5,7,1,1.363,327,976516
2,1,0,0,0,1,3,1,0.268,328,823644
5,3,0,0,0,3,4,1,0.720,327,881420
2,2,0,0,0,3,4,2,0.621,296,853856
7,7,0,0,0,7,14,5,1.514,199,965576
3,3,0,0,0,4,5,2,0.836,296,877784
4,3,0,0,0,3,4,1,0.693,327,875748
11,7,0,0,0,8,11,4,1.771,230,994108
11,5,0,0,0,7,9,3,1.554,264,970184
10,6,0,0,0,5,5,1,1.236,327,955744
7,0,0,0,0,8,4,3,1.510,263,923628
10,0,0,0,0,7,5,3,1.414,263,931604
8,0,0,0,0,7,4,2,1.369,295,921588
7,4,0,0,0,4,4,1,0.954,327,914396
22,12,0,0,0,9,7,2,2.305,295,1105892
21,8,0,0,0,8,7,2,2.021,296,1055904
6,4,0,0,0,5,4,2,1.092,296,914388
5,1,0,0,0,3,4,2,0.670,296,868564
9,0,0,0,0,6,4,2,1.231,295,914404
11,5,0,0,0,7,5,2,1.549,295,959632
12,5,0,0,0,4,5,1,1.098,327,954420
10,0,0,0,0,5,4,2,1.090,295,914400
3,1,0,0,0,1,3,1,0.293,328,832688
6,4,0,0,0,5,4,2,1.089,296,916696
14,6,0,0,0,6,6,2,1.489,296,987764
16,5,0,0,0,6,7,1,1.508,327,980144
7,0,0,0,0,8,4,3,1.507,263,923628
4,0,0,0,0,3,4,2,0.621,295,853860
3,3,0,0,0,3,5,2,0.669,296,868560
20,7,0,0,0,8,8,2,1.987,295,1071564
17,8,0,0,0,6,7,2,1.616,296,1038380
3,1,0,0,0,3,4,2,0.621,296,853856
6,0,0,0,0,5,4,2,0.997,295,883476
9,4,0,0,0,6,6,2,1.329,296,950660
1,2,0,0,0,2,4,1,0.432,328,834528
5,5,0,0,0,5,12,4,1.092,230,916696
2,2,0,0,0,3,3,2,0.621,296,848976
3,0,0,0,0,3,4,3,0.596,263,844824
3,4,0,0,0,3,6,2,0.695,296,875744
23,11,0,0,0,11,7,2,2.625,295,1105396
25,10,0,0,0,4,7,1,1.513,327,1065012
14,9,0,0,0,6,7,1,1.551,327,988108
11,9,0,0,0,11,5,3,2.289,263,1011064
13,4,0,0,0,5,8,2,1.249,296,945788
10,0,0,0,0,9,5,2,1.742,295,955740
20,11,0,0,0,10,9,2,2.388,295,1078752
2,1,0,0,0,2,3,1,0.434,328,834532
3,0,0,0,0,2,3,1,0.432,328,834536
9,4,0,0,0,6,6,2,1.328,296,950660
2,1,0,0,0,2,3,2,0.433,296,834532
5,2,0,0,0,4,5,2,0.859,296,883464
11,0,0,0,0,20,5,3,3.536,262,1035404
5,4,0,0,0,6,15,6,1.230,167,921576
16,7,0,0,0,6,7,2,1.554,296,990360
3,4,0,0,0,4,5,2,0.858,296,883460
6,3,0,0,0,4,4,1,0.904,327,899688
3,2,0,0,0,2,4,1,0.481,327,848976
6,4,0,0,0,5,4,2,1.092,295,916696
2,1,0,0,0,2,4,1,0.433,328,834528
19,9,0,0,0,7,7,2,1.848,296,1067468
15,8,0,0,0,6,7,1,1.550,327,988108
15,7,0,0,0,4,7,1,1.202,327,969120
4,2,0,0,0,3,4,2,0.670,296,868560
6,5,0,0,0,4,4,1,0.952,327,914396
6,0,0,0,0,4,4,2,0.835,296,875756
20,5,0,0,0,6,7,1,1.613,327,1038380
3,3,0,0,0,3,5,2,0.670,296,868560
10,5,0,0,0,4,5,1,1.049,327,943144
4,3,0,0,0,4,4,1,0.858,327,883456
23,10,0,0,0,13,7,2,2.921,295,1117660
2,1,0,0,0,2,3,2,0.433,296,834528
2,3,0,0,0,2,4,1,0.481,328,848976
3,2,0,0,0,6,4,1,1.139,327,890652
3,1,0,0,1,3,4,1,0.622,328,853848
14,0,0,0,0,17,5,3,3.125,263,1035408
1,2,0,0,0,1,3,1,0.269,328,823644
3,3,0,0,0,3,4,1,0.669,327,868560
3,2,0,0,0,4,5,2,0.807,295,870596
1,1,0,0,0,2,3,1,0.409,328,825500
33,17,0,0,0,17,7,2,3.975,295,1271616
14,4,0,0,0,6,6,1,1.436,327,961676
6,5,0,0,0,4,5,1,0.951,327,914396
1,2,0,0,0,1,3,1,0.269,328,823644
20,7,0,0,0,7,7,1,1.807,327,1026436
11,0,0,0,0,4,5,2,0.953,296,914404
5,1,0,0,0,5,4,2,0.997,295,883460
8,4,0,0,0,5,7,1,1.139,327,923500
13,6,0,0,0,8,6,2,1.791,296,1002692
11,6,0,0,0,4,6,1,1.093,327,954420
3,1,0,0,0,2,5,2,0.457,296,839936
10,5,0,0,0,5,5,1,1.212,327,950856
18,6,0,0,0,8,8,2,1.898,296,1017200
13,11,0,0,0,11,6,2,2.383,295,1038292
17,5,0,0,0,5,7,1,1.368,327,976516
7,0,0,0,0,8,4,2,1.510,295,923620
15,4,0,0,0,6,7,1,1.471,327,989788
3,0,0,0,0,2,3,1,0.433,328,834536
3,2,0,0,0,2,4,1,0.481,328,848976
22,6,0,0,0,9,7,2,2.160,296,1058472
23,0,0,0,0,10,7,3,2.202,263,1030520
4,2,0,0,0,4,4,2,0.835,296,877784
2,3,0,0,0,2,3,2,0.481,296,848976
6,0,0,0,0,9,4,3,1.648,264,927716
6,0,0,0,0,5,4,2,0.996,295,883472
5,0,0,0,0,5,5,2,0.974,295,877804
18,6,0,0,0,6,7,1,1.574,327,998540
2,2,0,0,0,3,4,2,0.622,296,853856
6,4,0,0,0,5,4,2,1.091,296,916696
7,0,0,0,0,12,5,2,2.161,294,960960
7,4,0,0,0,7,6,2,1.438,295,939448
12,7,0,0,0,10,7,2,2.105,295,1001424
5,5,0,0,0,3,4,1,0.765,327,897648
7,4,0,0,0,2,5,1,0.625,327,892764
3,2,0,0,0,3,5,2,0.644,295,859264
6,3,0,0,0,6,9,4,1.232,231,921584
2,2,0,0,0,3,3,1,0.622,328,853856
10,0,0,0,0,5,4,2,1.089,295,914400
15,6,0,0,0,6,7,1,1.505,327,980140
10,10,0,0,0,10,17,6,2.132,165,1011864
22,7,0,0,0,8,7,1,2.022,327,1055904
3,0,0,0,0,4,3,3,0.759,264,853860
11,10,0,0,0,10,5,2,2.149,295,1008552
5,3,0,0,0,6,9,4,1.206,231,912540
16,5,0,0,0,4,6,1,1.194,327,985696
4,4,0,0,0,4,5,2,0.880,296,892496
9,8,0,0,0,10,5,2,2.058,295,986276
3,2,0,0,0,2,3,1,0.481,328,848976
13,6,0,0,0,4,7,1,1.133,327,950600
14,8,0,0,0,11,6,2,2.341,296,1030048
4,1,0,0,0,3,4,2,0.643,296,859264
32,16,0,0,0,15,7,2,3.599,296,1240696
3,2,0,0,0,2,4,2,0.481,296,848976
4,2,0,0,0,3,4,1,0.668,328,868560
13,6,0,0,0,8,8,2,1.785,295,986272
12,5,0,0,0,6,8,1,1.425,327,980024
2,3,0,0,0,2,3,1,0.482,328,848976
11,7,0,0,0,7,6,2,1.607,296,985952
4,0,0,0,0,3,4,2,0.620,296,853860
5,4,0,0,0,5,5,2,1.066,296,906340
3,2,0,0,0,3,4,1,0.644,328,859260
15,4,0,0,0,6,7,2,1.476,295,992888
6,0,0,0,0,5,5,3,0.996,263,885784
17,7,0,0,0,5,8,1,1.409,327,986728
14,4,0,0,0,5,7,1,1.271,327,951920
5,6,0,0,0,6,9,3,1.279,264,931608
14,9,0,0,0,8,7,2,1.876,296,1008544
2,3,0,0,0,2,4,1,0.481,328,848972
19,10,0,0,0,6,7,1,1.712,327,1065428
6,5,0,0,0,4,6,2,0.953,295,914400
2,1,0,0,0,2,3,2,0.433,296,834528
11,7,0,0,0,7,6,2,1.611,296,985952
3,0,0,0,0,1,3,1,0.268,328,823648
4,2,0,0,0,2,4,1,0.505,328,854380
2,0,0,0,0,3,3,2,0.572,296,839416
10,5,0,0,0,7,6,2,1.526,295,959304
6,4,0,0,0,5,4,2,1.090,296,916696
17,7,0,0,0,6,7,2,1.575,296,998540
4,4,0,0,0,4,4,2,0.880,296,892496
3,3,0,0,0,3,5,2,0.669,295,868560
20,9,0,0,0,7,7,1,1.854,326,1043432
4,2,0,0,0,4,7,3,0.836,263,877784
14,8,0,0,0,4,6,1,1.211,327,982768
21,8,0,0,0,8,7,2,2.020,296,1055904
12,9,0,0,0,10,7,2,2.153,295,1015740
16,8,0,0,0,6,7,2,1.577,296,998536
2,0,0,0,0,3,3,2,0.573,295,839416
5,0,0,0,0,4,4,2,0.808,296,870612
6,0,0,0,0,5,4,2,0.996,295,883472
4,1,0,0,0,4,4,3,0.807,264,868552
4,2,0,0,0,2,5,1,0.505,328,854384
4,0,0,0,0,3,4,2,0.621,296,853860
3,0,0,0,0,2,3,2,0.433,296,834536
4,4,0,0,0,3,4,2,0.719,296,881420
20,10,0,0,0,9,6,2,2.213,295,1078660
23,7,0,0,0,9,6,2,2.213,296,1078660
4,3,0,0,0,5,7,3,1.020,264,894808
3,4,0,0,0,3,6,2,0.695,296,875744
2,2,0,0,0,3,4,1,0.478,327,808408
12,6,0,0,0,6,5,2,1.445,296,977772
19,6,0,0,0,5,7,1,1.447,327,1016800
17,5,0,0,0,8,7,2,1.849,296,1002412
8,0,0,0,0,3,4,1,0.719,327,881424
14,8,0,0,0,9,7,2,2.031,296,1045844
10,7,0,0,0,6,6,2,1.411,296,955544
5,4,0,0,0,4,4,1,0.903,327,899684
36,19,0,0,0,17,9,2,4.088,295,1300536
3,3,0,0,0,2,4,1,0.505,328,854384
11,0,0,0,0,6,5,2,1.276,295,927124
4,2,0,0,0,4,4,1,0.835,327,877788
2,3,0,0,0,2,3,1,0.482,327,848972
30,16,0,0,0,15,7,2,3.546,295,1221340
34,0,0,0,0,29,6,4,5.535,229,1256992
9,0,0,0,0,10,5,2,1.882,295,955736
18,7,0,0,0,6,8,2,1.614,296,1038380
3,4,0,0,0,5,5,2,1.020,295,894808
2,0,0,0,0,5,3,2,0.900,295,855900
17,6,0,0,0,6,6,1,1.552,327,990368
5,3,0,0,0,3,4,1,0.720,327,881424
5,1,0,0,0,3,4,2,0.669,296,868560
5,3,0,0,0,3,5,1,0.718,327,881420
9,7,0,0,0,5,7,2,1.232,295,955744
18,7,0,0,0,8,7,2,1.921,296,1023332
1,2,0,0,0,4,3,1,0.761,328,855896
9,4,0,0,0,5,6,1,1.157,327,928036
3,4,0,0,0,4,4,2,0.858,296,883456
2,1,0,0,0,2,3,1,0.432,328,834528
10,4,0,0,0,4,7,1,1.025,327,936292
5,0,0,0,0,5,4,2,0.975,296,880112
2,3,0,0,0,2,4,1,0.481,328,848976
3,3,0,0,0,3,4,1,0.670,327,868560
16,13,0,0,0,10,6,2,2.345,296,1063880
24,12,0,0,0,11,7,2,2.681,295,1137140
3,0,0,0,0,3,3,1,0.595,328,844824
7,3,0,0,0,3,5,1,0.764,328,897644
3,1,0,0,0,3,3,2,0.621,296,853856
4,0,0,0,0,3,3,2,0.621,296,853860
7,0,0,0,0,8,4,2,1.510,295,927708
8,5,0,0,0,4,6,2,1.001,296,925664
20,10,0,0,0,5,7,1,1.571,327,1060548
3,0,0,0,0,2,3,2,0.433,296,834536
16,6,0,0,0,7,7,1,1.690,327,994448
11,5,0,0,0,7,6,2,1.549,296,959636
3,2,0,0,0,2,3,1,0.483,328,848976
13,1,0,0,0,4,6,2,1.028,296,936292
12,8,0,0,0,7,5,2,1.644,296,984228
16,6,0,0,0,9,5,2,2.011,295,1011128
14,0,0,0,0,33,6,3,5.716,261,1157516
13,9,0,0,0,10,6,2,2.178,296,1017252
29,14,0,0,0,21,11,3,4.459,262,1266524
14,4,0,0,0,5,5,1,1.279,327,966960
5,4,0,0,0,6,5,2,1.230,295,921576
4,2,0,0,0,3,4,1,0.670,327,868560
15,6,0,0,0,6,7,1,1.506,327,980140
6,4,0,0,0,5,4,2,1.089,296,911680
5,0,0,0,0,10,4,3,1.785,264,927708
8,7,0,0,0,4,5,1,1.049,327,943148
24,8,0,0,0,7,7,1,1.938,326,1074304
4,5,0,0,0,3,6,2,0.742,295,890460
3,2,0,0,0,3,4,2,0.644,296,859260
2,2,0,0,0,2,3,2,0.455,296,838092
9,5,0,0,0,8,6,2,1.664,296,961348
3,2,0,0,0,3,5,2,0.644,296,859260
6,0,0,0,0,9,4,2,1.646,295,927716
5,4,0,0,0,2,4,1,0.578,327,876540
5,3,0,0,0,7,4,2,1.368,295,921576
8,6,0,0,0,6,9,3,1.348,263,947636
8,4,0,0,0,5,6,1,1.140,327,923500
4,1,0,0,0,2,3,1,0.481,328,848976
28,8,0,0,0,9,8,2,2.370,296,1145884
10,6,0,0,0,5,6,2,1.233,295,957064
16,0,0,0,0,9,6,2,1.892,295,995916
6,5,0,0,0,6,6,2,1.279,296,932856
2,2,0,0,0,2,5,2,0.456,296,839940
13,3,0,0,0,7,9,3,1.553,264,970188
2,3,0,0,0,3,5,2,0.643,296,859260
12,5,0,0,0,4,6,2,1.093,296,954420
4,4,0,0,0,3,4,2,0.719,295,876540
2,4,0,0,0,3,4,1,0.669,328,868560
5,2,0,0,0,4,4,1,0.856,327,883456
6,5,0,0,0,4,5,2,0.953,296,914396
4,6,0,0,0,2,5,1,0.602,327,885576
9,3,0,0,0,3,5,2,0.815,296,912356
17,8,0,0,0,6,7,2,1.613,296,1038380
7,0,0,0,0,4,6,2,0.857,295,883472
11,5,0,0,0,5,7,2,1.237,296,955744
2,1,0,0,0,2,4,1,0.433,328,834528
6,3,0,0,0,2,5,1,0.580,327,876540
14,0,0,0,0,17,5,3,3.123,262,1026176
7,4,0,0,0,4,4,1,0.954,327,914396
10,5,0,0,0,5,6,1,1.212,327,951912
4,3,0,0,0,4,4,2,0.859,296,883456
4,3,0,0,0,4,4,1,0.859,328,883464
9,7,0,0,0,7,5,2,1.555,296,970188
14,6,0,0,0,7,5,2,1.646,296,984228
5,2,0,0,0,2,5,1,0.529,328,863680
9,5,0,0,0,17,5,2,3.127,295,1033152
17,5,0,0,0,5,7,2,1.366,296,976512
10,4,0,0,0,5,5,1,1.190,327,945784
28,10,0,0,0,8,7,2,2.193,296,1099568
3,2,0,0,0,3,4,2,0.643,296,859264
8,0,0,0,0,7,4,3,1.369,264,921588
16,7,0,0,0,4,6,1,1.228,327,975192
10,7,0,0,0,8,7,2,1.756,295,987992
9,7,0,0,0,7,5,2,1.556,295,970188
10,7,0,0,0,8,7,2,1.750,295,992480
10,0,0,0,0,9,5,3,1.744,263,955740
12,4,0,0,0,5,6,2,1.235,296,957064
4,3,0,0,0,4,4,1,0.859,327,883456
12,7,0,0,0,8,5,1,1.793,327,1004736
5,4,0,0,0,4,6,2,0.903,295,899684
1,0,0,0,0,4,3,2,0.712,296,841460
4,3,0,0,0,4,4,1,0.858,327,883456
6,0,0,0,0,7,4,2,1.323,295,908924
8,4,0,0,0,5,5,1,1.139,327,927980
9,6,0,0,0,2,6,1,0.720,327,918752
3,0,0,0,0,4,4,2,0.760,295,855904
7,5,0,0,0,7,6,2,1.466,296,952708
6,2,0,0,0,3,4,2,0.720,296,881420
3,2,0,0,0,3,5,2,0.643,296,859260
10,7,0,0,0,8,7,2,1.748,295,987992
32,13,0,0,0,11,7,2,2.883,295,1196900
9,5,0,0,0,5,6,1,1.189,327,945784
21,7,0,0,0,7,7,1,1.849,327,1067468
2,1,0,0,0,1,3,1,0.268,328,823644
24,13,0,0,0,13,9,2,3.014,295,1143304
1,2,0,0,0,2,4,1,0.433,328,834528
3,2,0,0,0,4,5,2,0.758,296,855900
7,3,0,0,0,1,4,1,0.438,327,874692
5,0,0,0,0,4,5,4,0.807,231,870612
10,0,0,0,0,16,6,5,2.884,198,1014088
8,8,0,0,0,9,13,5,1.891,197,994112
2,1,0,0,0,1,3,1,0.269,328,823644
8,3,0,0,0,2,5,1,0.625,327,892764
12,9,0,0,0,9,8,2,1.991,295,1007236
10,9,0,0,0,10,5,2,2.108,295,996488
10,4,0,0,0,6,6,1,1.350,327,955756
2,2,0,0,0,2,3,2,0.457,296,839940
39,16,0,0,0,16,9,1,3.934,326,1289596
14,9,0,0,0,8,5,1,1.874,327,1008544
1,1,0,0,0,2,3,1,0.408,328,825496
10,5,0,0,0,5,5,1,1.210,327,946316
6,0,0,0,0,5,4,2,0.997,295,883472
5,6,0,0,0,4,10,3,0.952,263,914400
1,1,0,0,0,1,2,1,0.245,328,817972
2,1,0,0,0,2,3,1,0.433,328,834532
2,3,0,0,0,3,5,2,0.643,296,859260
8,5,0,0,0,5,6,1,1.164,327,938596
12,10,0,0,0,9,5,2,2.016,296,1008556
3,3,0,0,0,3,5,1,0.669,327,868560
2,2,0,0,0,3,4,1,0.622,327,853856
5,0,0,0,0,4,4,2,0.807,295,870608
9,4,0,0,0,4,7,2,1.000,296,925672
16,9,0,0,0,8,6,1,1.922,327,1020820
17,7,0,0,0,5,6,1,1.412,327,986732
4,2,0,0,0,3,6,2,0.668,296,868560
12,4,0,0,0,5,6,2,1.234,296,957064
7,0,0,0,0,4,4,2,0.857,295,881428
13,3,0,0,0,5,6,1,1.235,327,957064
10,2,0,0,0,4,5,1,0.976,327,920532
20,12,0,0,0,11,7,2,2.583,296,1112544
13,7,0,0,0,7,7,2,1.655,296,1002696
5,3,0,0,0,4,4,2,0.880,296,892492
4,0,0,0,0,3,3,2,0.621,296,853860
2,2,0,0,0,3,3,1,0.621,328,853856
16,9,0,0,0,12,6,2,2.578,295,1074708
2,2,0,0,0,3,3,2,0.621,296,853856
9,4,0,0,0,4,6,1,0.998,327,921912
9,7,0,0,0,7,5,2,1.549,296,955548
12,7,0,0,0,9,7,2,1.950,295,1007636
2,2,0,0,0,2,3,2,0.457,296,839940
5,2,0,0,0,2,4,1,0.530,327,863680
12,5,0,0,0,5,6,1,1.253,327,959808
24,7,0,0,0,8,7,2,2.076,296,1076344
6,3,0,0,0,3,5,1,0.742,327,890456
11,9,0,0,0,11,5,3,2.292,263,1015736
5,4,0,0,0,6,4,2,1.230,295,916696
2,1,0,0,0,2,4,1,0.433,328,834528
3,4,0,0,0,2,5,1,0.529,327,863680
20,8,0,0,0,7,7,2,1.849,296,1067468
11,10,0,0,0,10,5,2,2.155,295,1008552
14,3,0,0,0,4,6,1,1.095,327,954420
11,6,0,0,0,8,5,2,1.746,296,987992
21,9,0,0,0,8,8,2,2.054,296,1065724
13,8,0,0,0,8,6,2,1.824,296,992200
13,7,0,0,0,6,6,1,1.480,327,974008
4,3,0,0,0,4,4,1,0.857,327,883456
5,0,0,0,0,4,4,2,0.806,296,870604
20,7,0,0,0,8,8,2,1.988,295,1071564
7,4,0,0,0,4,4,1,0.952,327,914396
2,2,0,0,0,1,3,1,0.294,328,832688
3,2,0,0,0,2,3,1,0.481,328,848972
8,6,0,0,0,7,5,2,1.513,295,959376
10,6,0,0,0,6,6,2,1.388,296,955212
8,0,0,0,0,7,4,2,1.368,295,921584
4,0,0,0,0,1,3,1,0.293,328,832688
16,7,0,0,0,7,6,1,1.711,327,1002628
10,5,0,0,0,6,5,2,1.371,296,959372
31,13,0,0,0,15,7,2,3.540,295,1263396
18,7,0,0,0,7,7,2,1.758,296,1015148
4,5,0,0,0,5,6,2,1.065,296,907660
4,1,0,0,0,2,3,1,0.481,328,848976
14,5,0,0,0,6,6,1,1.473,327,989788
6,3,0,0,0,4,4,1,0.904,327,899680
4,3,0,0,0,3,5,2,0.693,296,875744
1,2,0,0,0,3,3,1,0.595,328,844820
3,2,0,0,0,4,4,1,0.808,327,870596
16,6,0,0,0,7,7,2,1.690,296,994452
3,2,0,0,0,2,4,1,0.481,328,848976
5,0,0,0,0,5,4,2,0.975,295,880108
5,1,0,0,0,4,5,2,0.836,296,877784
32,15,0,0,0,14,7,2,3.421,296,1225956
7,5,0,0,0,7,11,4,1.467,231,951652
18,7,0,0,0,8,9,2,1.924,295,1023332
10,5,0,0,0,8,6,2,1.695,296,972232
5,7,0,0,0,6,9,3,1.304,263,943480
3,2,0,0,0,2,3,1,0.387,327,819820
12,6,0,0,0,8,7,2,1.767,295,994108
3,1,0,0,0,3,3,2,0.621,296,854116
27,14,0,0,0,13,9,2,3.104,295,1166788
6,3,0,0,0,8,6,2,1.558,296,938984
18,6,0,0,0,5,7,1,1.409,327,986728
6,4,0,0,0,3,4,1,0.766,327,897644
1,1,0,0,0,2,3,2,0.408,296,825496
5,4,0,0,0,1,4,1,0.414,327,869020
6,0,0,0,0,7,4,2,1.324,295,908924
14,5,0,0,0,4,6,1,1.134,327,950600
7,0,0,0,0,8,4,3,1.511,263,927716
15,10,0,0,0,10,6,2,2.250,296,1038292
31,19,0,0,0,16,8,2,3.814,295,1249736
5,6,0,0,0,4,5,2,0.953,296,914392
6,0,0,0,0,7,4,3,1.321,263,902000
2,2,0,0,0,2,4,2,0.456,296,839940
5,5,0,0,0,5,8,3,1.091,264,916704
8,6,0,0,0,9,6,2,1.832,295,974860
30,14,0,0,0,15,8,2,3.536,295,1263396
18,0,0,0,0,13,5,3,2.565,262,1013376
13,9,0,0,0,9,5,2,2.009,296,1011128
4,0,0,0,0,2,3,1,0.456,328,839944
2,2,0,0,0,2,3,2,0.457,296,839940
3,1,0,0,0,3,4,2,0.620,296,853856
10,0,0,0,0,9,5,3,1.742,264,951652
13,4,0,0,0,4,7,2,1.096,295,956336
12,6,0,0,0,6,7,2,1.435,296,961680
1,1,0,0,0,2,4,2,0.407,296,825500
10,5,0,0,0,6,6,2,1.366,296,943380
4,2,0,0,0,3,4,2,0.668,296,868560
9,5,0,0,0,4,7,2,1.019,296,926456
5,4,0,0,0,2,4,1,0.579,328,876540
5,4,0,0,0,4,4,1,0.903,327,899684
5,4,0,0,0,6,5,2,1.229,296,916704
11,0,0,0,0,4,4,1,0.953,327,914404
16,7,0,0,0,8,7,2,1.892,296,1044516
5,4,0,0,0,4,4,2,0.905,296,899684
11,7,0,0,0,6,6,2,1.444,296,977772
21,9,0,0,0,11,7,2,2.527,295,1080804
5,4,0,0,0,5,7,3,1.067,264,907660
3,2,0,0,0,3,4,1,0.643,328,859264
3,3,0,0,0,3,4,1,0.669,328,868560
3,3,0,0,0,3,4,2,0.668,296,868560
1,1,0,0,0,5,3,2,0.900,295,855892
8,4,0,0,0,5,5,1,1.136,327,924548
14,11,0,0,0,10,7,2,2.265,295,1067472
4,2,0,0,0,3,4,1,0.668,328,868560
3,3,0,0,0,3,4,2,0.667,296,863680
4,4,0,0,0,5,7,2,1.042,295,901988
5,6,0,0,0,5,12,3,1.116,263,923892
2,3,0,0,0,2,5,2,0.481,296,848976
2,3,0,0,0,2,4,1,0.481,327,848976
1,1,0,0,0,1,3,1,0.245,329,817972
2,2,0,0,0,3,4,2,0.620,296,853856
20,7,0,0,0,6,7,1,1.660,327,1045700
22,6,0,0,0,9,8,2,2.166,295,1070088
9,4,0,0,0,5,5,1,1.160,327,928040
4,2,0,0,0,3,4,1,0.668,327,868560
3,3,0,0,0,3,6,2,0.669,296,868564
14,9,0,0,0,10,7,2,2.197,295,1023392
11,7,0,0,0,7,6,2,1.609,296,985952
11,4,0,0,0,9,7,2,1.866,296,986476
3,2,0,0,0,2,7,2,0.482,296,848976
5,3,0,0,0,3,5,1,0.648,328,859260
21,6,0,0,0,8,7,2,1.989,296,1071564
12,0,0,0,0,5,7,2,1.138,295,923496
2,2,0,0,0,2,3,1,0.458,328,839940
21,11,0,0,0,13,9,2,2.895,295,1111528
5,3,0,0,0,3,4,1,0.625,327,853856
13,9,0,0,0,7,5,1,1.687,327,992200
20,7,0,0,0,6,7,1,1.644,327,1017200
17,6,0,0,0,6,7,1,1.550,327,990360
4,3,0,0,0,3,6,2,0.694,296,875748
4,5,0,0,0,4,4,1,0.905,327,899680
10,4,0,0,0,4,6,2,1.025,296,936288
24,12,0,0,0,15,7,2,3.349,295,1208932
5,1,0,0,0,5,4,3,0.997,264,883456
3,1,0,0,0,2,4,1,0.457,328,839940
3,0,0,0,0,4,3,1,0.759,328,855904
11,8,0,0,0,7,5,2,1.632,296,992068
7,5,0,0,0,5,6,2,1.139,295,929300
8,0,0,0,0,6,5,2,1.207,295,912556
16,6,0,0,0,5,6,1,1.373,327,991520
6,3,0,0,0,6,4,2,1.231,295,916696
10,6,0,0,0,6,6,2,1.392,296,963172
5,0,0,0,0,2,3,1,0.482,328,848980
15,9,0,0,0,13,9,3,2.717,264,1071264
5,4,0,0,0,4,5,2,0.904,296,899684
48,15,0,0,0,14,12,2,3.830,295,1394836
8,5,0,0,0,5,6,2,1.117,296,923888
16,5,0,0,0,4,7,1,1.193,327,984568
4,2,0,0,0,3,4,2,0.669,296,868560
2,3,0,0,0,3,5,2,0.644,296,859264
15,5,0,0,0,5,7,1,1.336,327,988000
11,5,0,0,0,7,6,1,1.552,327,970184
4,5,0,0,0,4,5,1,0.814,328,870600
10,6,0,0,0,8,7,2,1.723,296,983908
7,0,0,0,0,10,5,3,1.833,263,937740
3,2,0,0,0,2,3,1,0.481,328,848972
5,3,0,0,0,3,4,1,0.719,327,881424
20,6,0,0,0,5,7,1,1.477,327,1033504
3,2,0,0,0,2,3,1,0.481,328,848976
15,4,0,0,0,6,6,2,1.477,295,989788
7,3,0,0,0,5,4,2,1.090,295,914388
4,3,0,0,0,2,4,1,0.531,327,863680
3,3,0,0,0,2,4,1,0.504,328,854384
4,3,0,0,0,3,4,1,0.693,327,875748
6,0,0,0,0,7,5,2,1.323,295,908920
18,8,0,0,0,9,6,2,2.124,295,1071560
17,6,0,0,0,6,7,2,1.569,296,1021688
2,2,0,0,0,2,3,1,0.456,328,839940
7,4,0,0,0,4,4,1,0.953,327,914396
13,9,0,0,0,9,6,2,2.029,296,1044524
2,2,0,0,0,2,4,2,0.456,296,839940
5,4,0,0,0,2,4,1,0.578,327,876540
7,0,0,0,0,6,4,2,1.182,295,899692
5,3,0,0,0,1,4,1,0.389,327,861832
8,1,0,0,0,6,4,2,1.230,295,916696
2,2,0,0,0,1,3,1,0.293,328,832688
2,1,0,0,0,2,4,1,0.433,328,834532
24,15,0,0,0,16,6,2,3.561,294,1207392
9,5,0,0,0,6,6,2,1.350,296,949944
5,0,0,0,0,6,4,3,1.139,264,890644
3,2,0,0,0,2,4,1,0.481,327,848976
16,7,0,0,0,4,7,2,1.225,296,975192
13,7,0,0,0,8,8,2,1.804,295,992408
8,4,0,0,0,4,5,1,0.977,327,921584
9,4,0,0,0,2,4,1,0.674,327,907472
6,6,0,0,0,5,13,4,1.139,231,927980
8,0,0,0,0,3,4,2,0.718,295,881432
10,4,0,0,0,4,6,1,1.024,327,936296
14,9,0,0,0,8,5,2,1.872,296,1006500
19,9,0,0,0,8,7,2,1.993,295,1045472
9,5,0,0,0,5,5,1,1.186,327,945784
44,12,0,0,0,11,10,2,3.179,295,1314312
2,3,0,0,0,2,4,1,0.481,327,848976
4,3,0,0,0,4,5,1,0.857,328,883456
18,9,0,0,0,9,8,2,2.130,295,1047780
19,7,0,0,0,8,7,1,1.946,326,1028484
5,0,0,0,0,3,4,2,0.645,296,859268
4,3,0,0,0,4,6,2,0.856,296,883456
1,0,0,0,0,2,2,1,0.336,327,803540
6,6,0,0,0,7,10,4,1.466,231,951652
22,11,0,0,0,10,9,2,2.438,295,1110504
4,4,0,0,0,3,4,1,0.719,327,881424
8,3,0,0,0,4,5,1,0.952,327,914396
4,2,0,0,0,3,4,1,0.669,327,868560
18,10,0,0,0,7,7,1,1.847,326,1067468
1,1,0,0,0,2,3,2,0.408,296,825500
16,6,0,0,0,8,8,2,1.850,295,1004664
9,0,0,0,0,6,4,2,1.233,295,921592
4,3,0,0,0,3,4,1,0.694,327,875744
3,2,0,0,0,3,5,2,0.644,296,859260
4,3,0,0,0,3,4,1,0.694,327,875744
23,8,0,0,0,7,8,2,1.916,296,1065988
8,6,0,0,0,5,5,1,1.188,327,945784
7,0,0,0,0,6,4,3,1.183,264,902000
26,14,0,0,0,14,7,2,3.248,295,1166784
11,8,0,0,0,9,7,2,1.949,296,1007636
3,2,0,0,0,3,4,1,0.643,327,859260
25,0,0,0,0,38,6,4,6.792,230,1280596
6,0,0,0,0,5,4,2,0.996,295,883472
2,0,0,0,0,2,3,1,0.408,328,825500
19,6,0,0,0,6,7,1,1.609,327,1028944
13,4,0,0,0,14,5,3,2.707,263,1024444
3,3,0,0,0,3,5,2,0.669,296,868560
23,10,0,0,0,10,8,2,2.439,296,1110504
3,0,0,0,0,4,3,1,0.665,327,826752
11,0,0,0,0,10,5,2,1.928,295,968088
3,3,0,0,0,2,4,1,0.503,328,854380
9,6,0,0,0,4,7,2,1.050,296,943476
6,0,0,0,0,5,4,2,0.998,296,883472
2,1,0,0,0,2,3,2,0.433,296,834532
2,1,0,0,0,2,3,2,0.433,296,834532
8,0,0,0,0,7,4,3,1.369,263,921588
3,3,0,0,0,2,4,1,0.504,328,854384
1,1,0,0,0,2,3,1,0.408,328,825500
4,3,0,0,0,2,4,1,0.530,328,863680
3,2,0,0,0,3,4,1,0.644,328,859260
5,4,0,0,0,4,6,1,0.903,327,899684
3,4,0,0,0,4,5,2,0.858,296,883456
9,4,0,0,0,4,6,2,0.997,296,921912
11,0,0,0,0,4,5,2,0.953,295,914404
9,3,0,0,0,4,5,1,0.977,327,921584
38,20,0,0,0,12,9,2,3.191,295,1227380
5,4,0,0,0,4,4,1,0.904,327,899684
5,4,0,0,0,4,4,2,0.903,296,897636
9,5,0,0,0,4,5,1,1.017,327,926452
9,0,0,0,0,2,4,1,0.578,327,876552
21,6,0,0,0,6,8,1,1.647,327,1017204
2,0,0,0,0,3,3,2,0.572,296,839416
22,6,0,0,0,7,7,1,1.849,327,1067468
1,1,0,0,0,2,3,2,0.408,296,825500
1,0,0,0,0,2,2,2,0.385,296,819824
7,0,0,0,0,7,4,2,1.342,295,910768
4,3,0,0,0,3,4,1,0.693,327,875748
12,7,0,0,0,8,7,2,1.781,295,986272
9,0,0,0,0,8,5,2,1.553,295,927124
21,0,0,0,0,42,6,4,7.340,229,1280604
23,11,0,0,0,11,7,2,2.618,295,1105396
18,8,0,0,0,5,7,1,1.473,327,1033504
3,4,0,0,0,3,4,1,0.694,328,875748
14,9,0,0,0,8,5,1,1.893,327,1044516
14,9,0,0,0,8,5,1,1.890,327,1035080
19,0,0,0,0,7,7,2,1.619,295,978100
21,7,0,0,0,7,7,1,1.846,326,1067468
6,0,0,0,0,9,4,3,1.649,263,927716
5,4,0,0,0,2,4,1,0.578,327,876536
4,0,0,0,0,1,3,1,0.293,328,832688
2,1,0,0,0,1,3,1,0.268,328,823644
4,3,0,0,0,8,4,1,1.510,327,927716
8,4,0,0,0,4,6,1,0.978,327,921588
3,2,0,0,0,2,4,1,0.481,328,848976
10,6,0,0,0,11,6,2,2.208,295,1007308
3,3,0,0,0,3,5,2,0.669,296,868560
4,4,0,0,0,3,4,2,0.718,296,881420
5,3,0,0,0,4,5,2,0.882,296,892492
7,0,0,0,0,8,5,2,1.506,295,927716
9,6,0,0,0,6,6,2,1.372,296,959372
17,8,0,0,0,11,8,2,2.408,295,1054704
3,0,0,0,0,3,3,2,0.596,296,844824
30,12,0,0,0,13,8,2,3.146,295,1207392
6,0,0,0,0,5,4,2,0.996,295,885780
1,2,0,0,0,1,3,1,0.268,328,823644
4,3,0,0,0,4,6,2,0.857,295,883456
12,7,0,0,0,4,5,1,1.140,327,965376
12,7,0,0,0,7,6,2,1.620,296,978096
20,9,0,0,0,8,7,2,2.021,296,1055904
5,3,0,0,0,6,8,3,1.205,263,912540
27,14,0,0,0,11,7,1,2.803,326,1173620
13,5,0,0,0,5,5,1,1.270,327,951920
4,3,0,0,0,4,5,2,0.858,296,883316
3,0,0,0,0,4,3,2,0.760,296,855908
15,7,0,0,0,4,7,1,1.200,327,969124
11,0,0,0,0,10,5,3,1.927,263,969668
67,0,0,0,0,38,14,5,7.765,198,1556452
1,0,0,0,0,6,4,3,1.041,263,863080
31,17,0,0,0,15,7,2,3.602,295,1236080
3,3,0,0,0,3,4,1,0.670,327,868560
24,9,0,0,0,11,8,2,2.601,296,1107244
10,5,0,0,0,6,5,1,1.372,327,960692
28,10,0,0,0,13,8,2,3.073,296,1203716
2,2,0,0,0,3,4,1,0.622,328,853856
19,11,0,0,0,11,7,2,2.530,295,1080804
5,3,0,0,0,3,4,2,0.718,296,881420
5,4,0,0,0,5,8,3,1.066,264,907660
1,1,0,0,0,5,3,2,0.897,295,855892
8,7,0,0,0,6,7,2,1.374,295,963528
4,0,0,0,0,4,4,2,0.783,295,859268
13,6,0,0,0,4,6,1,1.131,327,950600
14,0,0,0,0,17,5,3,3.123,262,1026496
2,1,0,0,0,3,4,2,0.596,296,844820
15,4,0,0,0,8,6,2,1.789,296,1004736
12,10,0,0,0,13,6,3,2.662,262,1040544
3,4,0,0,0,5,5,2,1.019,296,894800
8,5,0,0,0,6,6,1,1.328,327,950660
6,2,0,0,0,3,5,1,0.718,327,881420
10,0,0,0,0,5,4,2,1.090,296,914396
5,1,0,0,0,3,4,2,0.670,296,868560
23,9,0,0,0,5,7,1,1.603,327,1046148
12,6,0,0,0,5,5,1,1.279,327,962472
12,9,0,0,0,8,5,2,1.829,296,994244
2,1,0,0,0,3,3,2,0.596,296,844820
2,1,0,0,0,2,3,1,0.433,328,834528
4,1,0,0,0,5,6,3,0.974,264,880092
22,10,0,0,0,11,9,2,2.582,295,1112544
5,3,0,0,0,3,4,1,0.718,327,881424
2,2,0,0,0,1,3,1,0.221,327,808672
5,2,0,0,0,4,5,2,0.856,296,883456
2,2,0,0,0,2,3,2,0.456,296,839940
32,16,0,0,0,9,7,2,2.619,296,1178180
18,5,0,0,0,6,7,1,1.553,327,990360
25,8,0,0,0,7,8,2,1.954,296,1077000
10,9,0,0,0,9,6,2,1.951,295,1007636
2,0,0,0,0,3,3,1,0.573,328,839416
4,4,0,0,0,3,4,1,0.719,327,881420
9,2,0,0,0,8,7,3,1.607,263,955744
33,13,0,0,0,14,9,2,3.393,295,1226804
2,2,0,0,0,2,4,2,0.456,296,839940
3,3,0,0,0,4,6,2,0.836,296,877784
17,5,0,0,0,5,6,1,1.364,327,976512
4,0,0,0,0,3,3,2,0.622,296,853860
3,0,0,0,0,4,3,1,0.666,327,826752
3,3,0,0,0,5,4,1,0.998,327,885768
4,2,0,0,0,2,4,1,0.504,328,854384
9,9,0,0,0,8,7,2,1.768,295,998728
3,0,0,0,0,4,3,2,0.760,295,855904
7,6,0,0,0,8,17,6,1.650,166,969664
2,1,0,0,0,3,4,1,0.548,327,830116
2,2,0,0,0,2,4,2,0.456,296,839940
2,1,0,0,0,2,3,1,0.432,328,834528
22,8,0,0,0,7,7,2,1.882,296,1053864
5,0,0,0,0,5,4,2,0.976,295,880112
11,5,0,0,0,8,6,2,1.718,296,967808
14,4,0,0,0,5,7,2,1.283,295,975144
19,0,0,0,0,6,7,2,1.472,295,989780
5,5,0,0,0,5,5,2,1.092,296,916696
3,3,0,0,0,2,4,1,0.503,327,854380
1,0,0,0,0,2,2,1,0.385,328,819824
15,4,0,0,0,4,7,2,1.141,296,967764
10,6,0,0,0,6,6,2,1.391,296,955216
14,5,0,0,0,7,7,2,1.621,296,978096
9,0,0,0,0,6,4,2,1.228,295,914404
10,0,0,0,0,5,6,2,1.089,296,916708
23,8,0,0,0,8,7,2,2.075,296,1076344
6,5,0,0,0,5,6,2,1.116,296,923892
5,2,0,0,0,6,4,1,1.183,327,906868
4,0,0,0,0,1,3,1,0.293,327,832692
12,6,0,0,0,5,5,1,1.272,327,951920
3,5,0,0,0,3,5,2,0.720,296,881420
2,3,0,0,0,2,4,1,0.481,328,848976
5,3,0,0,0,3,4,1,0.719,327,881420
5,4,0,0,0,7,9,4,1.391,231,930816
6,0,0,0,0,5,4,2,0.998,295,885780
17,7,0,0,0,6,7,1,1.572,327,998540
3,4,0,0,0,3,5,1,0.693,327,875748
11,6,0,0,0,6,6,2,1.415,296,966096
10,6,0,0,0,6,6,2,1.390,295,955216
3,2,1,0,0,4,5,2,0.632,296,853848
20,6,0,0,0,7,7,1,1.779,327,1021292
11,5,0,0,0,4,6,2,1.075,296,949612
3,2,0,0,0,2,4,1,0.481,328,848976
16,8,0,0,0,5,8,1,1.409,327,986732
3,2,0,0,0,4,4,2,0.808,296,870596
9,4,0,0,0,4,5,1,0.999,327,925664
12,5,0,0,0,8,6,1,1.747,327,987992
4,3,0,0,0,8,4,1,1.510,327,927716
7,4,0,0,0,4,4,1,0.953,327,914396
7,7,0,0,0,8,17,6,1.673,164,968208
6,0,0,0,0,9,5,3,1.646,263,927716
13,5,0,0,0,8,5,1,1.766,327,990696
5,5,0,0,0,5,4,2,1.091,296,916696
1,0,0,0,0,1,2,1,0.220,328,808680
13,9,0,0,0,8,7,1,1.849,327,1004664
5,4,0,0,0,4,4,2,0.903,296,899680
5,0,0,0,0,4,4,2,0.808,296,870608
17,10,0,0,0,11,10,3,2.463,263,1065816
10,7,0,0,0,6,5,1,1.415,327,966096
6,5,0,0,0,6,6,2,1.279,295,932856
14,0,0,0,0,9,5,2,1.832,295,970584
13,6,0,0,0,5,6,2,1.301,296,958048
6,5,0,0,0,4,4,1,0.953,327,914400
19,6,0,0,0,6,7,1,1.616,327,1038380
2,3,0,0,0,2,4,1,0.481,328,848976
5,0,0,0,0,10,4,4,1.787,231,927708
17,7,0,0,0,7,6,2,1.752,296,1040420
5,3,0,0,0,3,4,2,0.720,296,881420
1,2,0,0,0,1,3,1,0.268,328,823644
5,0,0,0,0,3,4,2,0.644,296,859268
3,3,0,0,0,3,4,2,0.669,296,868564
17,7,0,0,0,4,8,1,1.249,327,981324
5,3,0,0,0,5,5,2,1.042,296,901988
6,4,0,0,0,3,5,1,0.766,327,897644
14,4,0,0,0,6,7,2,1.439,296,961680
20,7,0,0,0,7,7,1,1.810,327,1026436
2,2,0,0,0,3,3,2,0.620,296,848976
7,3,0,0,0,3,5,1,0.764,327,897648
12,7,0,0,0,4,5,1,1.139,327,960884
27,15,0,0,0,17,7,2,3.824,295,1273412
5,0,0,0,0,6,4,2,1.139,295,890644
3,2,0,0,0,4,4,2,0.807,296,870596
20,8,0,0,0,10,9,2,2.328,295,1072916
5,5,0,0,0,5,4,2,1.093,296,916696
13,3,0,0,0,3,6,1,0.907,327,936680
2,3,0,0,0,3,5,2,0.644,296,859264
5,0,0,0,0,4,4,2,0.809,296,870608
6,5,0,0,0,4,5,1,0.952,327,914396
12,9,0,0,0,10,5,2,2.161,296,1035084
11,7,0,0,0,7,6,1,1.615,327,994928
9,0,0,0,0,6,5,3,1.231,264,916712
11,6,0,0,0,7,6,2,1.583,296,981868
8,7,0,0,0,8,5,2,1.695,295,970592
11,3,0,0,0,5,7,2,1.190,296,944464
4,3,0,0,0,4,5,2,0.859,296,883464
26,0,0,0,0,37,6,4,6.653,229,1268400
39,17,0,0,0,21,9,2,4.761,294,1341892
2,0,0,0,0,3,3,2,0.572,296,839416
13,9,0,0,0,9,6,2,2.033,295,1045844
4,3,0,0,0,2,4,1,0.529,328,863680
4,5,0,0,0,4,6,2,0.904,296,899680
4,0,0,0,0,4,4,3,0.783,264,861316
2,1,0,0,0,3,3,1,0.548,327,830112
5,3,0,0,0,2,4,1,0.555,327,870872
14,9,0,0,0,8,5,1,1.872,327,1008544
10,2,0,0,0,3,4,1,0.814,327,912356
30,9,0,0,0,8,9,2,2.275,295,1159208
10,0,0,0,0,3,5,2,0.765,296,897648
16,7,0,0,0,5,8,1,1.387,327,982644
11,6,0,0,0,6,5,2,1.413,296,955544
10,7,0,0,0,6,6,2,1.416,296,966096
4,0,0,0,0,4,4,3,0.782,264,859268
9,4,0,0,0,4,6,2,0.999,296,926984
2,0,0,0,0,3,3,1,0.501,327,815400
8,5,0,0,0,4,5,1,0.997,327,921912
13,0,0,0,0,12,5,3,2.311,263,998728
6,0,0,0,0,5,4,3,0.997,263,881428
4,2,0,0,0,3,4,2,0.668,296,868560
8,7,0,0,0,8,5,2,1.694,295,966100
7,5,0,0,0,3,5,1,0.814,327,912356
20,6,0,0,0,4,7,1,1.297,327,993588
4,2,0,0,0,5,4,2,0.996,295,883456
6,2,0,0,0,3,4,1,0.719,328,881420
7,6,0,0,0,10,7,2,1.981,295,990768
6,2,0,0,0,3,4,1,0.719,327,881420
6,5,0,0,0,4,4,1,0.951,327,914396
21,9,0,0,0,8,8,2,2.052,296,1065724
8,4,0,0,0,6,6,1,1.297,327,931664
4,3,0,0,0,3,4,2,0.692,296,870868
4,0,0,0,0,3,3,2,0.620,296,853860
15,8,0,0,0,8,10,3,1.890,263,1035080
4,1,0,0,0,2,3,1,0.481,327,848976
14,9,0,0,0,8,5,1,1.894,327,1044516
4,5,0,0,0,4,5,2,0.904,296,899688
14,12,0,0,0,7,7,2,1.782,296,1018776
8,5,0,0,0,6,7,1,1.328,327,950660
4,0,0,0,0,3,4,2,0.621,295,853860
2,0,0,0,0,2,3,1,0.408,328,825500
1,2,0,0,0,2,3,1,0.433,328,834528
8,0,0,0,0,5,4,2,1.044,295,902004
8,4,0,0,0,8,6,2,1.628,295,954040
5,3,0,0,0,3,6,2,0.720,296,881420
9,0,0,0,0,6,4,2,1.232,295,916712
2,2,0,0,0,1,3,1,0.293,328,832688
3,0,0,0,0,2,3,2,0.432,296,834536
9,6,0,0,0,6,7,2,1.372,296,959380
5,3,0,0,0,4,7,2,0.881,295,892496
19,6,0,0,0,6,9,2,1.609,295,1028944
7,5,0,0,0,5,5,2,1.137,296,923500
1,2,0,0,0,1,3,1,0.268,328,823644
5,6,0,0,0,6,13,5,1.279,197,931608
4,5,0,0,0,4,4,1,0.905,327,899684
13,8,0,0,0,7,6,1,1.674,327,1003016
11,0,0,0,0,20,5,3,3.539,262,1035404
3,3,0,0,0,3,4,2,0.668,295,863680
23,8,0,0,0,6,7,1,1.739,327,1049780
7,6,0,0,0,6,5,2,1.327,295,950672
16,9,0,0,0,9,7,2,2.086,296,1035616
13,5,0,0,0,5,5,1,1.270,327,951920
17,7,0,0,0,6,7,1,1.572,327,998540
5,3,0,0,0,5,4,2,1.044,295,899680
3,2,0,0,0,4,5,2,0.808,296,870604
4,3,0,0,0,4,4,2,0.858,296,881412
3,2,0,0,0,3,4,1,0.598,328,844820
8,6,0,0,0,5,5,2,1.188,296,943144
18,4,0,0,0,6,7,1,1.528,327,986272
11,7,0,0,0,9,5,2,1.934,296,1004744
4,6,0,0,0,4,5,2,0.927,296,905360
10,7,0,0,0,6,5,1,1.418,327,966096
17,6,0,0,0,5,7,1,1.389,326,982644
5,3,0,0,0,6,12,5,1.207,199,912540
5,0,0,0,0,5,4,2,0.974,295,877804
7,0,0,0,0,4,4,2,0.857,296,883472
4,0,0,0,0,3,3,2,0.619,295,848980
20,8,0,0,0,7,7,1,1.848,327,1067468
2,2,0,0,0,3,4,2,0.620,296,853856
10,5,0,0,0,4,5,1,1.048,327,942420
4,1,0,0,0,4,6,3,0.807,263,870596
1,2,0,0,0,2,3,2,0.408,296,825500
2,2,0,0,0,2,3,1,0.457,328,839940
3,1,0,0,0,3,3,2,0.620,296,848976
3,4,0,0,0,4,6,2,0.856,296,883456
20,11,0,0,0,8,7,1,2.077,326,1076344
19,10,0,0,0,5,7,1,1.528,327,1018724
3,4,0,0,0,4,5,2,0.857,295,883456
16,5,0,0,0,6,7,2,1.506,296,980140
6,5,0,0,0,4,7,2,0.952,296,914400
4,1,0,0,0,2,3,1,0.435,328,834528
9,3,0,0,0,3,5,1,0.814,327,912356
11,6,0,0,0,5,6,2,1.248,296,945788
13,5,0,0,0,5,5,2,1.282,296,969348
4,4,0,0,0,2,4,1,0.555,327,870860
7,6,0,0,0,7,7,2,1.489,295,958844
9,8,0,0,0,10,5,2,2.061,295,993464
3,4,0,0,0,2,4,1,0.528,327,863680
2,2,0,0,0,2,4,2,0.457,296,839936
7,4,0,0,0,4,5,2,0.953,296,914396
11,6,0,0,0,8,6,2,1.748,296,987992
9,2,0,0,0,2,5,1,0.626,328,892768
5,2,0,0,0,4,4,2,0.858,296,883456
6,6,0,0,0,6,5,2,1.304,295,943476
10,4,0,0,0,7,6,2,1.439,296,935748
3,2,0,0,0,2,5,2,0.481,296,848976
4,4,0,0,0,4,8,3,0.881,263,892492
3,3,0,0,0,3,4,1,0.669,327,868560
10,0,0,0,0,8,5,3,1.580,263,943472
1,0,0,0,0,0,1,0,0.050,361,780364
23,8,0,0,0,6,7,2,1.761,296,1080072
8,5,0,0,0,4,5,1,1.000,327,926984
2,0,0,0,0,3,3,2,0.573,296,839416
4,3,0,0,0,3,4,2,0.694,296,875748
8,5,0,0,0,6,5,2,1.327,296,950660
10,6,0,0,0,7,7,2,1.555,296,970184
4,3,0,0,0,4,4,2,0.859,296,883456
33,0,0,0,0,14,7,2,3.108,294,1175688
6,4,0,0,0,4,6,2,0.927,296,904040
2,2,0,0,0,5,5,1,0.923,327,863604
9,4,0,0,0,7,6,2,1.488,296,954036
22,12,0,0,0,13,6,2,2.958,295,1143272
2,2,0,0,0,1,4,1,0.293,328,832688
2,1,0,0,0,2,3,1,0.408,328,825496
17,6,0,0,0,6,7,1,1.549,327,990360
8,0,0,0,0,5,6,2,1.044,296,902004
6,0,0,0,0,10,5,2,1.813,295,934896
3,0,0,0,0,4,4,2,0.759,296,855908
7,1,0,0,0,3,4,2,0.720,296,881420
8,5,0,0,0,5,7,2,1.158,296,928036
10,8,0,0,0,10,7,2,2.087,295,1007632
7,4,0,0,0,5,5,1,1.114,327,923884
4,3,0,0,0,4,5,1,0.859,327,883464
27,9,0,0,0,7,8,1,2.038,326,1126020
4,5,0,0,0,7,8,4,1.393,231,930816
16,10,0,0,0,9,6,2,2.103,296,1033676
21,7,0,0,0,8,8,1,1.995,327,1045472
6,4,0,0,0,3,4,2,0.763,296,892764
40,10,0,0,0,9,10,1,2.701,326,1247972
16,10,0,0,0,3,6,1,1.149,327,1012468
16,6,0,0,0,5,7,1,1.368,327,976512
7,2,0,0,0,6,5,2,1.231,295,921576
10,0,0,0,0,7,5,2,1.418,295,931600
55,24,0,0,0,26,10,3,6.135,264,1583700
5,2,0,0,0,2,4,1,0.529,328,863680
4,1,0,0,0,2,3,1,0.482,328,848976
6,4,0,0,0,2,4,1,0.601,327,885576
8,5,0,0,0,5,5,1,1.162,327,937276
7,4,0,0,0,6,5,2,1.277,296,932860
5,2,0,0,0,3,4,1,0.694,328,875748
17,0,0,0,0,3,6,1,0.935,327,947568
6,4,0,0,0,5,4,2,1.090,296,916704
6,3,0,0,0,5,5,1,1.065,327,906340
4,2,0,0,0,1,3,1,0.342,327,847124
2,1,0,0,0,3,3,1,0.477,327,808408
3,2,0,0,0,3,4,2,0.643,296,859260
13,5,0,0,0,5,6,1,1.269,327,951920
3,0,0,0,0,4,3,3,0.759,264,853860
33,0,0,0,0,16,7,3,3.403,262,1143244
7,0,0,0,0,6,5,3,1.181,263,901996
9,5,0,0,0,5,7,2,1.187,296,944464
10,6,0,0,0,6,5,1,1.391,327,955216
7,2,0,0,0,6,4,2,1.231,295,916696
5,5,0,0,0,5,7,2,1.093,295,916696
5,4,0,0,0,6,4,1,1.231,327,921576
12,6,0,0,0,6,5,1,1.443,327,977772
8,4,0,0,0,4,5,1,0.976,327,921584
3,0,0,0,0,2,3,2,0.434,296,834536
17,6,0,0,0,6,6,2,1.570,296,1021688
13,9,0,0,0,7,6,2,1.691,296,994452
12,5,0,0,0,4,5,1,1.094,327,955476
3,2,0,0,0,2,3,2,0.481,296,848976
4,4,0,0,0,6,6,2,1.208,295,912540
6,5,0,0,0,4,4,1,0.952,327,914396
2,2,0,0,0,3,3,2,0.621,296,848976
9,0,0,0,0,5,6,2,1.066,295,907676
5,0,0,0,0,4,4,2,0.809,296,870612
16,0,0,0,0,6,7,2,1.388,295,949416
11,4,0,0,0,6,6,2,1.372,296,960692
4,2,0,0,0,4,7,3,0.834,263,877784
14,5,0,0,0,7,8,2,1.622,296,978096
10,5,0,0,0,5,6,1,1.211,327,946316
14,5,0,0,0,7,7,1,1.631,327,995528
24,7,0,0,0,9,7,2,2.227,296,1081620
26,0,0,0,0,37,6,4,6.649,229,1268400
7,0,0,0,0,9,5,3,1.671,263,930808
10,4,0,0,0,6,5,1,1.351,327,949944
3,2,0,0,0,3,4,2,0.644,296,859260
6,0,0,0,0,11,5,3,1.974,262,940308
5,2,0,0,0,1,4,1,0.365,328,852528
5,5,0,0,0,5,4,2,1.090,296,916696
3,2,0,0,0,3,4,1,0.644,327,859260
8,0,0,0,0,8,5,2,1.531,295,928768
20,7,0,0,0,7,7,2,1.809,296,1026436
11,9,0,0,0,9,7,2,1.965,295,999060
9,0,0,0,0,6,4,2,1.229,295,916712
7,0,0,0,0,4,4,2,0.858,295,883472
13,9,0,0,0,9,6,2,2.015,295,1011128
4,0,0,0,0,4,4,2,0.784,296,861312
17,11,0,0,0,11,6,2,2.494,296,1085576
13,5,0,0,0,5,5,1,1.278,327,966960
8,3,0,0,0,5,5,2,1.116,296,923884
9,2,0,0,0,10,9,4,1.926,231,972696
4,3,0,0,0,4,4,1,0.857,327,883456
15,0,0,0,0,8,6,2,1.698,295,976720
3,0,0,0,0,3,3,2,0.596,296,844824
5,5,0,0,0,7,14,5,1.417,198,935692
17,5,0,0,0,7,7,1,1.688,327,994452
6,0,0,0,0,9,4,3,1.644,263,927716
3,2,0,0,0,2,3,1,0.387,327,819820
6,6,0,0,0,7,7,3,1.464,263,951656
4,2,0,0,0,3,4,2,0.668,296,863680
2,2,0,0,0,2,4,2,0.456,296,839940
16,6,0,0,0,4,6,1,1.205,327,969124
22,7,0,0,0,8,7,1,2.017,327,1055904
6,5,0,0,0,4,4,1,0.953,327,914396
6,5,0,0,0,6,8,3,1.276,263,927128
7,8,0,0,0,9,7,3,1.861,263,981828
2,2,0,0,0,3,3,1,0.621,328,853856
3,2,0,0,0,4,5,2,0.808,296,870596
12,8,0,0,0,7,6,2,1.652,296,998608
4,3,0,0,0,2,4,1,0.530,328,863680
1,1,0,0,0,1,2,1,0.197,328,801680
27,12,0,0,0,18,11,3,3.879,263,1206336
12,7,0,0,0,7,5,1,1.628,327,991816
7,0,0,0,0,8,4,3,1.507,264,921584
5,4,0,0,0,4,4,1,0.905,327,899684
9,6,0,0,0,7,5,2,1.531,296,967580
6,6,0,0,0,7,11,4,1.464,231,951656
5,4,0,0,0,4,4,1,0.903,327,899684
2,1,0,0,0,2,3,2,0.433,296,834528
2,1,0,0,0,3,3,1,0.549,327,830112
5,0,0,0,0,6,4,2,1.138,295,890656
1,2,0,0,0,2,3,2,0.433,296,834532
5,4,0,0,0,4,4,1,0.904,327,899684
3,2,0,0,0,3,5,2,0.644,296,859264
19,6,0,0,0,6,7,1,1.615,327,1038380
2,1,0,0,0,3,4,2,0.596,296,844820
4,0,0,0,0,3,3,2,0.621,295,853860
9,9,0,0,0,5,5,1,1.277,327,962472
22,13,0,0,0,11,8,2,2.644,296,1111528
12,9,0,0,0,11,10,3,2.317,263,1023916
3,2,0,0,0,3,4,2,0.642,296,854380
25,10,0,0,0,8,8,2,2.166,296,1103308
12,7,0,0,0,7,5,1,1.628,327,992068
3,4,0,0,0,3,4,2,0.694,296,875748
13,5,0,0,0,5,5,1,1.278,327,966960
18,6,0,0,0,10,7,2,2.224,295,1035668
2,3,0,0,0,3,5,1,0.479,327,808408
20,6,0,0,0,5,7,1,1.475,327,1033504
18,8,0,0,0,8,7,2,1.949,295,1028480
31,10,0,0,0,10,7,2,2.655,296,1193492
10,4,0,0,0,5,6,2,1.188,296,944464
13,9,0,0,0,9,5,2,2.015,296,1011128
1,1,0,0,0,2,3,1,0.386,328,819820
5,4,0,0,0,6,6,2,1.232,296,921576
3,1,0,0,0,3,4,2,0.620,296,853856
9,8,0,0,0,10,5,2,2.069,295,1000296
2,2,0,0,0,2,4,2,0.457,296,839936
2,1,0,0,0,2,3,2,0.433,296,834528
3,2,0,0,0,2,3,1,0.483,327,848976
21,0,0,0,0,42,6,4,7.351,229,1280604
14,9,0,0,0,8,5,1,1.872,326,1008544
11,4,0,0,0,12,5,3,2.348,263,1007172
16,6,0,0,0,5,6,1,1.380,327,1004228
9,7,0,0,0,7,5,2,1.554,296,970584
15,6,0,0,0,6,6,1,1.504,327,980140
5,4,0,0,0,3,4,2,0.741,296,890456
10,3,0,0,3,7,6,1,1.491,327,958848
7,3,0,0,0,4,6,2,0.928,296,905348
10,5,0,0,0,7,6,2,1.528,296,959304
8,7,0,0,0,5,6,2,1.207,296,946316
18,8,0,0,0,4,8,2,1.294,296,993584
2,0,0,0,0,2,4,2,0.408,296,825504
6,4,0,0,0,5,4,2,1.092,295,916696
4,3,0,0,0,2,4,1,0.529,328,863680
4,1,0,0,0,3,4,2,0.644,296,859264
20,6,0,0,0,9,7,2,2.124,295,1072880
10,0,0,0,0,5,4,2,1.090,295,914400
4,0,0,0,0,3,3,2,0.620,296,848980
22,7,0,0,0,6,8,1,1.708,327,1065428
5,5,0,0,0,6,7,2,1.253,295,928764
8,6,0,0,0,6,5,2,1.353,296,956800
10,8,0,0,0,8,7,2,1.765,295,993856
8,5,0,0,0,8,5,2,1.649,295,963464
5,1,0,0,0,6,5,3,1.159,264,894808
5,0,0,0,0,2,4,2,0.482,296,848980
7,4,0,0,0,8,5,3,1.602,263,951656
11,6,0,0,0,5,7,2,1.248,296,945788
18,10,0,0,0,8,7,2,1.989,296,1045472
4,0,0,0,0,3,4,2,0.620,295,853860
4,3,0,0,0,5,7,3,1.020,263,894800
3,4,0,0,0,3,5,1,0.693,327,875748
34,0,0,0,0,29,6,5,5.528,198,1241560
2,2,0,0,0,2,5,2,0.456,296,839940
31,10,0,0,0,7,8,2,2.140,296,1133004
15,7,0,0,0,6,7,1,1.529,327,986272
4,0,0,0,0,3,4,2,0.621,295,853860
3,2,0,0,0,2,5,2,0.481,296,848976
4,4,0,0,0,4,6,2,0.880,296,892496
6,4,0,0,0,5,4,2,1.090,296,914388
1,0,0,0,0,2,2,1,0.385,328,819824
3,2,0,0,0,2,4,1,0.481,328,848976
10,5,0,0,0,4,6,1,1.050,327,943144
16,7,0,0,0,6,6,2,1.550,296,990360
27,12,0,0,0,17,12,3,3.727,262,1216344
2,2,0,0,0,3,4,1,0.621,327,853856
4,2,0,0,0,3,4,2,0.669,296,868560
9,5,0,0,0,3,6,1,0.859,327,917824
3,4,0,0,0,3,5,2,0.693,296,875748
9,6,0,0,0,7,7,1,1.528,327,959304
12,0,0,0,0,5,7,2,1.139,295,927980
16,5,0,0,0,6,8,2,1.505,296,980140
6,4,0,0,0,5,4,2,1.091,295,914396
4,3,0,0,0,3,4,2,0.693,296,875748
4,3,0,0,0,6,5,2,1.181,295,906868
4,3,0,0,0,3,6,2,0.693,296,875740
24,12,0,0,0,8,8,2,2.198,295,1124508
2,2,0,0,0,3,5,2,0.621,296,853856
8,4,0,0,0,3,5,1,0.817,327,912356
3,2,0,0,0,4,4,1,0.808,327,870596
11,10,0,0,0,10,5,2,2.152,294,1011068
13,9,0,0,0,9,5,2,2.013,296,1008556
21,11,0,0,0,11,7,2,2.579,295,1112544
10,5,0,0,0,6,6,1,1.370,327,959372
8,0,0,0,0,7,4,2,1.367,295,921588
11,0,0,0,0,4,4,2,0.952,296,914404
6,5,0,0,0,4,4,1,0.953,327,914400
6,5,0,0,0,4,5,1,0.952,327,914396
12,7,0,0,0,8,6,1,1.791,327,1004736
6,5,0,0,0,7,11,4,1.444,231,945532
12,0,0,0,0,7,5,2,1.463,295,944724
8,4,0,0,0,3,5,1,0.814,327,912356
6,5,0,0,0,6,5,2,1.278,296,932860
17,7,0,0,0,6,7,1,1.575,327,998540
6,5,0,0,0,4,4,1,0.952,327,914396
19,7,0,0,0,4,7,2,1.294,296,993588
3,0,0,0,0,4,3,3,0.760,264,853864
4,3,0,0,0,3,4,1,0.694,327,875748
3,2,0,0,0,2,3,1,0.386,327,819820
8,7,0,0,0,6,5,2,1.375,296,960692
4,0,0,0,0,4,4,2,0.783,296,861312
4,3,0,0,0,2,5,1,0.529,327,863680
19,10,0,0,0,3,6,1,1.203,327,1001764
26,12,0,0,0,9,7,2,2.412,296,1159204
5,3,0,0,0,2,5,1,0.530,327,863676
9,7,0,0,0,7,5,2,1.556,296,970584
10,5,0,0,0,4,6,1,1.050,327,942420
12,5,0,0,0,6,6,2,1.411,296,955544
9,6,0,0,0,6,5,2,1.373,296,958648
3,3,0,0,0,4,4,2,0.835,295,875740
4,3,0,0,0,4,4,1,0.857,327,882136
13,9,0,0,0,9,5,2,2.033,296,1044524
3,3,0,0,0,2,4,1,0.504,328,854384
2,2,0,0,0,2,3,1,0.456,328,839940
20,10,0,0,0,8,8,2,2.052,295,1065724
19,7,0,0,0,7,7,1,1.784,327,1021292
1,3,0,0,0,1,3,1,0.293,328,832688
3,3,0,0,0,2,6,2,0.505,296,854380
3,0,0,0,0,2,3,2,0.433,296,834536
5,4,0,0,0,4,4,1,0.903,328,899688
10,5,0,0,0,5,5,2,1.209,296,946316
5,0,0,0,0,2,4,1,0.482,327,848980
6,2,0,0,0,2,4,1,0.554,327,870864
8,0,0,0,0,7,5,2,1.369,295,921592
18,0,0,0,0,19,6,4,3.552,231,1078448
14,5,0,0,0,4,6,1,1.131,327,950600
10,5,0,0,0,4,6,2,1.049,296,943476
3,2,0,0,0,3,4,2,0.642,296,854384
9,6,0,0,0,4,6,2,1.046,296,935432
21,8,0,0,0,6,8,2,1.708,296,1065428
3,2,0,0,0,3,4,2,0.644,296,859260
6,0,0,0,0,7,4,3,1.323,263,906880
29,9,0,0,0,7,9,2,2.087,296,1140476
5,0,0,0,0,4,4,2,0.807,295,868564
26,14,0,0,0,15,6,2,3.430,295,1209960
6,5,0,0,0,4,4,1,0.952,327,914396
4,4,0,0,0,5,7,2,1.041,296,901988
4,4,0,0,0,3,4,1,0.718,328,881424
10,5,0,0,0,7,7,2,1.525,296,959304
11,4,0,0,0,4,5,1,1.049,327,942424
5,2,0,0,0,3,5,2,0.694,296,875744
11,4,0,0,0,5,5,1,1.210,327,946316
3,3,0,0,0,4,6,3,0.836,264,877784
24,9,0,0,0,8,7,2,2.111,296,1071572
19,6,0,0,0,5,8,1,1.445,327,1016804
10,6,0,0,0,5,6,1,1.237,327,955744
9,5,0,0,0,5,7,2,1.188,296,944728
2,2,0,0,0,1,3,1,0.293,328,832688
5,4,0,0,0,4,4,2,0.904,296,899680
7,4,0,0,0,3,5,2,0.788,296,901472
5,3,0,0,0,5,6,2,1.044,296,901996
3,0,0,0,0,2,3,1,0.433,328,834536
15,11,0,0,0,10,8,2,2.271,294,1051504
10,5,0,0,0,4,6,1,1.051,327,943480
6,4,0,0,0,3,4,2,0.763,296,892764
9,4,0,0,0,7,6,2,1.491,296,954032
9,4,0,0,0,4,5,1,0.997,327,921912
3,2,0,0,0,2,3,1,0.480,328,848976
1,1,0,0,0,2,3,2,0.408,296,825496
3,3,0,0,0,2,5,2,0.504,296,854384
24,9,0,0,0,9,8,2,2.271,296,1080268
10,5,0,0,0,5,5,2,1.210,296,946316
20,7,0,0,0,9,7,2,2.137,296,1047780
4,5,0,0,0,5,11,4,1.067,231,907660
5,2,0,0,0,3,4,1,0.694,327,875748
9,0,0,0,0,6,5,2,1.231,295,921592
25,13,0,0,0,17,7,2,3.695,295,1192716
4,3,0,0,0,4,4,1,0.856,327,883456
2,2,0,0,0,2,3,1,0.433,328,834528
12,3,0,0,0,4,5,1,1.050,327,943144
2,2,0,0,0,2,4,2,0.457,296,839940
9,4,0,0,0,5,5,1,1.155,327,928040
6,4,0,0,0,6,5,2,1.255,295,923884
4,0,0,0,0,4,4,2,0.781,295,859268
20,10,0,0,0,8,8,1,2.050,326,1065724
1,2,0,0,0,2,3,1,0.433,328,834532
14,6,0,0,0,5,6,1,1.334,327,986152
2,1,0,0,0,2,4,2,0.432,296,834528
16,7,0,0,0,9,6,2,2.037,295,1019508
4,3,0,0,0,4,5,2,0.857,296,883456
2,3,0,0,0,3,4,2,0.644,296,859264
18,8,0,0,0,7,6,2,1.784,295,1021292
15,6,0,0,0,5,6,1,1.345,327,970380
22,10,0,0,0,9,7,2,2.246,296,1074136
7,8,0,0,0,9,15,5,1.864,199,984136
2,2,0,0,0,1,3,1,0.293,328,832688
7,4,0,0,0,6,5,1,1.279,327,932860
10,5,0,0,0,8,6,2,1.696,296,972232
7,9,0,0,0,7,13,4,1.559,231,981536
9,0,0,0,0,6,4,2,1.233,295,921592
6,5,0,0,0,4,5,1,0.952,327,914396
4,2,0,0,0,2,4,1,0.504,327,854384
5,4,0,0,0,6,4,2,1.231,295,916704
1,2,0,0,0,3,3,1,0.596,328,844820
2,1,0,0,0,2,3,2,0.433,296,834528
23,8,0,0,0,9,7,1,2.235,327,1085052
3,3,0,0,0,3,4,1,0.668,327,868560
19,6,0,0,0,4,6,1,1.271,327,985412
3,2,0,0,0,2,4,1,0.481,328,848976
12,4,0,0,0,5,6,2,1.235,296,957064
2,2,0,0,0,2,3,1,0.457,328,839940
5,2,0,0,0,2,4,1,0.530,328,863680
4,3,0,0,0,2,4,1,0.529,327,863680
4,0,0,0,0,7,4,2,1.277,295,890660
8,4,0,0,0,3,5,2,0.813,296,907476
11,6,0,0,0,10,5,1,2.069,327,1011928
17,0,0,0,0,8,5,3,1.751,264,995912
3,1,0,0,0,3,4,1,0.622,328,853856
7,4,0,0,0,4,5,1,0.951,327,914396
5,0,0,0,0,4,4,2,0.807,295,870608
8,4,0,0,0,5,5,1,1.140,327,927980
7,0,0,0,0,4,4,2,0.856,296,876548
9,4,0,0,0,5,6,2,1.157,296,928036
5,3,0,0,0,3,4,1,0.720,327,881420
25,0,0,0,0,38,6,3,6.790,261,1280596
4,1,0,0,0,3,4,1,0.644,327,859260
7,0,0,0,0,8,4,3,1.508,263,921584
5,2,0,0,0,4,4,2,0.858,296,883460
8,2,0,0,0,2,5,1,0.603,327,885572
17,7,0,0,0,4,6,1,1.252,327,981324
24,8,0,0,0,8,7,2,2.092,295,1079052
4,3,0,0,0,4,4,2,0.857,296,883456
15,7,0,0,0,11,7,2,2.335,295,1030048
5,4,0,0,0,4,4,2,0.905,296,899680
14,6,0,0,0,9,6,2,1.982,295,1029140
4,4,0,0,0,4,5,2,0.881,296,892496
3,4,0,0,0,4,6,2,0.857,296,883456
1,1,0,0,0,2,3,2,0.408,296,825500
2,2,0,0,0,2,4,1,0.457,328,839940
2,4,0,0,0,2,4,1,0.505,328,854380
24,17,0,0,0,12,7,2,2.946,295,1154524
3,3,0,0,0,4,4,2,0.836,296,877784
10,0,0,0,0,13,5,3,2.391,263,992808
6,0,0,0,0,9,5,2,1.650,295,927716
2,1,0,0,0,2,4,1,0.433,328,834528
5,2,0,0,0,3,4,1,0.693,327,875748
22,10,0,0,0,9,7,2,2.250,296,1074136
6,3,0,0,0,3,4,1,0.744,327,890456
6,0,0,0,0,9,4,2,1.646,295,927716
1,1,0,0,0,1,2,1,0.245,328,817972
9,6,0,0,0,5,6,2,1.212,296,953232
3,2,0,0,0,4,4,1,0.808,328,870596
19,9,0,0,0,5,7,1,1.508,327,1013564
6,4,0,0,0,5,6,2,1.091,295,916696
7,4,0,0,0,4,5,1,0.951,327,914396
5,5,0,0,0,6,9,3,1.255,263,928776
8,6,0,0,0,8,6,2,1.667,296,961348
11,10,0,0,0,10,5,2,2.156,294,1011068
6,4,0,0,0,6,5,2,1.255,295,923884
1,2,0,0,0,2,3,2,0.433,296,834528
16,6,0,0,0,5,6,1,1.379,327,1004228
3,1,0,0,0,3,3,2,0.621,296,853856
16,6,0,0,0,5,7,1,1.367,327,976512
3,1,0,0,0,3,3,2,0.622,296,853856
3,1,0,0,0,2,4,2,0.458,296,839936
7,4,0,0,0,4,4,1,0.953,327,914400
10,4,0,0,0,3,7,1,0.862,327,923632
6,3,0,0,0,2,5,1,0.531,328,863680
8,4,0,0,0,6,5,1,1.296,327,931664
13,8,0,0,0,10,8,2,2.152,295,1015740
8,5,0,0,0,5,5,1,1.163,327,938600
6,0,0,0,0,9,4,4,1.649,231,921584
13,6,0,0,0,5,6,1,1.308,327,974148
6,5,0,0,0,4,4,1,0.954,327,914396
4,4,0,0,0,4,6,2,0.880,296,892496
4,4,0,0,0,4,6,2,0.881,296,892496
13,9,0,0,0,9,6,2,2.029,296,1044524
15,6,0,0,0,7,7,1,1.666,327,990360
1,2,0,0,0,2,3,1,0.433,328,834532
22,0,0,0,0,41,6,5,7.219,198,1280604
2,2,0,0,0,2,3,1,0.457,328,839940
3,2,0,0,0,3,4,2,0.644,296,859260
4,4,0,0,0,4,6,2,0.881,296,892492
2,2,0,0,0,3,4,2,0.621,295,853856
6,0,0,0,0,4,5,2,0.835,295,877796
8,4,0,0,0,3,6,1,0.813,327,912356
15,3,0,0,0,4,6,1,1.111,327,944468
16,3,0,0,0,8,7,1,1.783,327,986272
6,0,0,0,0,5,4,2,0.998,295,883472
3,2,0,0,0,4,4,3,0.807,263,868552
3,2,0,0,0,2,4,2,0.481,296,848976
17,7,0,0,0,6,6,1,1.575,327,998540
21,16,0,0,0,26,6,4,5.124,230,1231336
4,3,0,0,0,8,4,1,1.511,327,927716
19,7,0,0,0,4,7,1,1.295,327,993588
20,10,0,0,0,9,7,2,2.212,296,1078660
5,3,0,0,0,3,4,2,0.719,296,881416
13,5,0,0,0,4,6,1,1.108,327,944460
5,0,0,0,0,3,4,2,0.643,296,859268
2,3,0,0,0,3,5,2,0.644,296,859260
10,5,0,0,0,4,5,1,1.047,327,940768
14,6,0,0,0,6,7,2,1.483,296,974008
8,0,0,0,0,5,5,2,1.045,295,902004
1,1,0,0,0,2,3,1,0.409,328,825500
27,8,0,0,0,8,8,2,2.177,296,1130116
16,5,0,0,0,4,6,1,1.194,327,984572
5,3,0,0,0,4,6,2,0.881,296,892492
18,6,0,0,0,5,6,1,1.411,327,986728
17,9,0,0,0,8,9,2,1.948,295,1033044
24,10,0,0,0,6,8,2,1.816,296,1072912
21,20,0,0,0,22,6,3,4.556,261,1231344
6,5,0,0,0,4,4,1,0.952,327,914396
5,3,0,0,0,3,4,1,0.719,327,881420
8,3,0,0,0,6,6,2,1.279,296,932860
4,4,0,0,0,3,4,2,0.718,296,876540
8,6,0,0,0,5,5,1,1.188,327,945784
7,3,0,0,0,4,5,1,0.927,327,904036
5,0,0,0,0,5,5,2,0.976,295,877800
3,2,0,0,0,2,4,1,0.482,328,848976
3,0,0,0,0,5,4,3,0.921,263,863608
4,3,0,0,0,4,5,2,0.859,296,883456
6,7,0,0,0,4,5,1,0.999,327,925664
14,6,0,0,0,7,6,2,1.657,296,1009100
6,5,0,0,0,4,4,1,0.953,327,914396
6,4,0,0,0,5,4,2,1.089,296,911680
3,1,0,0,0,4,4,2,0.784,296,861296
11,5,0,0,0,5,6,1,1.233,327,955744
1,2,0,0,0,1,3,1,0.269,329,823644
10,0,0,0,0,7,6,3,1.417,263,927124
9,7,0,0,0,7,7,2,1.555,296,970188
2,3,0,0,0,2,4,2,0.457,296,839940
8,3,0,0,0,8,6,3,1.606,264,956800
10,5,0,0,0,6,7,2,1.373,296,959372
12,6,0,0,0,5,5,1,1.277,327,962472
33,17,0,0,0,13,8,2,3.320,295,1233512
4,0,0,0,0,5,4,3,0.947,264,870612
6,0,0,0,0,3,4,2,0.668,296,868568
9,0,0,0,0,11,6,3,2.044,263,956332
2,2,0,0,0,3,4,2,0.622,296,853856
4,3,0,0,0,4,4,1,0.856,327,883460
3,2,0,0,0,4,4,3,0.806,264,868552
16,6,0,0,0,4,7,1,1.201,327,969120
3,0,0,0,0,4,3,2,0.760,296,855908
6,5,0,0,0,4,5,1,0.951,327,914396
4,4,0,0,0,5,8,3,1.044,263,901988
5,4,0,0,0,2,4,1,0.578,328,876532
4,0,0,0,0,3,4,2,0.621,296,853860
8,4,0,0,0,5,5,2,1.139,296,923500
1,2,0,0,0,2,3,1,0.433,328,834528
20,9,0,0,0,10,7,2,2.359,296,1083536
4,0,0,0,0,4,5,2,0.782,296,861316
28,14,0,0,0,13,7,2,3.148,295,1207396
15,6,0,0,0,6,6,1,1.505,327,980140
8,7,0,0,0,7,7,2,1.528,295,959304
5,0,0,0,0,4,4,2,0.807,296,868568
6,5,0,0,0,2,4,1,0.626,327,892764
5,3,0,0,0,3,4,1,0.718,327,881420
3,3,0,0,0,4,5,2,0.835,296,877784
7,4,0,0,0,4,5,1,0.953,327,914396
3,2,0,0,0,2,4,1,0.481,328,848976
7,4,0,0,0,6,6,2,1.280,296,932860
16,6,0,0,0,5,7,1,1.380,327,1004228
11,0,0,0,0,9,5,2,1.764,295,951708
6,5,0,0,0,4,5,1,0.951,327,914396
6,4,0,0,0,3,4,2,0.765,296,897644
19,7,0,0,0,7,8,1,1.782,327,1021292
3,2,0,0,0,4,4,3,0.806,263,868552
12,11,0,0,0,12,7,2,2.519,295,1044420
15,6,0,0,0,6,6,2,1.515,296,998612
3,1,0,0,0,3,4,2,0.619,296,853856
3,2,0,0,0,2,3,1,0.482,327,848972
14,8,0,0,0,5,6,2,1.377,296,994988
5,4,0,0,0,3,4,1,0.742,327,890456
16,7,0,0,0,6,7,2,1.549,296,990360
4,3,0,0,0,4,4,2,0.858,296,881412
6,5,0,0,0,6,11,4,1.278,231,931604
36,26,0,0,0,27,10,3,5.885,262,1437964
8,4,0,0,0,3,5,1,0.814,327,912356
5,4,0,0,0,6,4,3,1.229,264,916696
6,0,0,0,0,9,4,3,1.645,263,927716
4,3,0,0,0,5,8,3,1.019,264,894800
2,2,0,0,0,2,3,2,0.457,296,839940
15,6,0,0,0,6,7,1,1.505,327,980140
11,6,0,0,0,4,5,1,1.094,327,954420
11,0,0,0,0,9,5,2,1.769,294,951708
14,6,0,0,0,5,6,1,1.329,327,982720
3,0,0,0,0,3,4,2,0.595,296,844824
6,7,0,0,0,6,5,2,1.328,296,945976
3,2,0,0,0,4,5,2,0.806,295,870596
5,2,0,0,0,2,4,1,0.530,328,863680
3,3,0,0,0,2,4,1,0.504,328,854380
4,3,0,0,0,2,4,1,0.530,328,863680
1,1,0,0,0,2,3,2,0.408,296,825500
12,8,0,0,0,7,6,2,1.657,295,1011144
7,4,0,0,0,4,4,1,0.952,327,914396
2,2,0,0,0,3,4,2,0.622,296,853856
13,9,0,0,0,9,5,2,2.024,296,1035088
2,1,0,0,0,2,3,1,0.433,328,834528
5,4,0,0,0,4,5,2,0.905,296,899680
18,5,0,0,0,4,9,1,1.236,327,993400
11,0,0,0,0,4,5,2,0.951,296,914404
4,4,0,0,0,3,4,1,0.720,327,881420
16,7,0,0,0,7,6,2,1.712,296,1002628
3,3,0,0,0,3,4,1,0.669,327,868560
8,0,0,0,0,15,5,2,2.655,294,974996
6,0,0,0,0,9,4,3,1.646,263,927716
6,3,0,0,0,4,6,2,0.904,296,899680
8,0,0,0,0,7,4,2,1.368,295,921588
2,2,0,0,0,3,4,2,0.622,295,853856
8,0,0,0,0,7,4,3,1.367,263,916708
10,0,0,0,0,9,5,3,1.745,264,954224
5,4,0,0,0,4,4,2,0.903,296,897644
8,6,0,0,0,5,5,1,1.188,327,945784
16,6,0,0,0,6,6,1,1.528,327,986272
16,5,0,0,0,6,7,1,1.503,327,980140
28,12,0,0,0,9,7,2,2.432,295,1123264
4,3,0,0,0,2,4,1,0.530,327,863680
2,1,0,0,0,4,3,1,0.760,327,855896
4,3,0,0,0,4,4,1,0.763,327,855896
4,1,0,0,0,4,6,3,0.808,264,870596
23,8,0,0,0,9,8,2,2.230,296,1081620
18,9,0,0,0,4,5,1,1.334,326,1031044
6,4,0,0,0,4,4,1,0.927,327,905360
21,5,0,0,0,5,7,1,1.477,327,1033500
4,1,0,0,0,3,4,1,0.645,327,859260
25,9,0,0,0,11,7,2,2.617,296,1105396
10,7,0,0,0,6,5,1,1.428,327,966096
6,4,0,0,0,3,5,1,0.765,327,897644
10,6,0,0,0,6,6,2,1.390,296,955216
3,2,0,0,0,3,4,1,0.644,327,859260
11,6,0,0,0,8,5,1,1.748,327,987992
3,2,0,0,0,2,4,1,0.480,327,848976
5,4,0,0,0,4,5,2,0.904,296,899684
4,2,0,0,0,5,7,3,0.998,263,885764
2,2,0,0,0,3,4,1,0.621,327,853856
5,4,0,0,0,6,4,1,1.232,327,921576
9,0,0,0,0,6,4,2,1.232,295,916712
5,4,0,0,0,4,5,2,0.903,296,899684
10,0,0,0,0,7,5,3,1.414,264,927976
25,7,0,0,0,8,8,1,2.099,327,1085916
4,3,0,0,0,3,5,2,0.693,296,875748
13,0,0,0,0,2,4,1,0.674,327,907476
10,4,0,0,0,5,6,2,1.187,296,945784
8,1,0,0,0,10,5,3,1.887,263,957068
4,3,0,0,0,4,4,2,0.858,296,883456
7,5,0,0,0,6,6,2,1.304,296,943476
4,3,0,0,0,2,4,1,0.531,328,863680
5,0,0,0,0,4,4,3,0.807,264,870612
8,2,0,0,0,9,5,3,1.741,264,951664
10,6,0,0,0,6,7,2,1.391,296,955216
3,3,0,0,0,3,5,2,0.670,296,868560
19,6,0,0,0,5,7,1,1.435,327,994908
17,6,0,0,0,5,6,1,1.389,327,982644
9,5,0,0,0,4,5,1,1.020,327,926448
7,6,0,0,0,8,14,5,1.650,199,969664
8,4,0,0,0,4,5,1,0.978,327,921588
6,3,0,0,0,4,4,1,0.905,327,899680
6,0,0,0,0,5,4,3,0.997,263,881428
5,4,0,0,0,3,4,1,0.742,327,890456
20,12,0,0,0,12,8,2,2.755,295,1137888
7,0,0,0,0,12,5,3,2.159,264,960956
2,2,0,0,0,3,3,1,0.573,327,839408
3,3,0,0,0,3,4,2,0.670,296,868560
13,10,0,0,0,8,5,2,1.876,296,1012216
20,7,0,0,0,5,7,1,1.480,327,1007440
4,3,0,0,0,4,4,2,0.856,295,881412
2,3,0,0,0,3,5,1,0.645,328,859264
4,4,0,0,0,6,6,2,1.203,295,912544
4,0,0,0,0,3,3,2,0.621,295,853860
3,1,0,0,0,3,3,2,0.621,296,853856
15,7,0,0,0,8,7,2,1.851,296,1004664
4,5,0,0,0,5,8,3,1.066,264,907660
2,2,0,0,0,1,3,1,0.294,328,832688
6,5,0,0,0,4,4,1,0.951,327,914396
8,2,0,0,0,2,5,1,0.603,328,885572
6,2,0,0,0,3,4,1,0.718,327,881420
1,1,1,0,0,2,3,2,0.245,328,817988
1,1,0,0,0,3,3,1,0.572,328,839408
4,4,0,0,0,3,4,1,0.719,327,881420
25,15,0,0,0,15,7,2,3.433,296,1214576
7,6,0,0,0,6,5,2,1.325,296,950664
39,15,0,0,0,14,7,2,3.572,295,1259980
6,3,0,0,0,6,7,3,1.230,264,921576
4,2,0,0,0,1,3,1,0.342,328,847124
22,20,0,0,0,21,7,2,4.429,294,1250184
3,2,0,0,0,2,4,1,0.481,328,848976
5,3,0,0,0,3,4,1,0.718,327,881420
8,3,0,0,0,6,5,1,1.279,327,932860
1,1,0,0,0,1,2,1,0.245,328,817972
9,5,0,0,0,5,5,1,1.188,327,945784
9,5,0,0,0,6,5,1,1.350,327,949944
16,7,0,0,0,4,8,1,1.226,327,975192
10,7,0,0,0,9,6,2,1.908,296,996680
4,2,0,0,0,3,4,2,0.669,296,868560
17,6,0,0,0,5,6,1,1.389,327,982648
3,2,0,0,0,3,5,2,0.644,296,859264
10,11,0,0,0,10,5,2,2.153,295,1008552
6,3,0,0,0,6,5,3,1.231,263,916696
10,6,0,0,0,8,7,2,1.724,295,983908
12,9,0,0,0,8,7,2,1.824,295,992200
12,5,0,0,0,4,6,1,1.095,327,956336
4,2,0,0,0,3,4,1,0.670,327,868560
7,0,0,0,0,6,5,3,1.183,263,906880
2,1,0,0,0,2,4,1,0.433,328,834532
24,9,0,0,0,9,8,1,2.270,326,1080268
4,0,0,0,0,5,5,3,0.946,263,872920
5,0,0,0,0,2,3,1,0.482,327,848980
5,4,0,0,0,4,5,1,0.904,327,899684
9,0,0,0,0,6,4,3,1.229,264,916712
14,9,0,0,0,8,6,1,1.893,327,1044516
14,6,0,0,0,6,6,1,1.482,327,974008
29,13,0,0,0,16,7,2,3.632,295,1216620
5,0,0,0,0,2,3,2,0.481,296,848980
13,4,0,0,0,5,8,2,1.248,296,945788
3,3,0,0,0,3,7,2,0.668,296,868560
16,6,0,0,0,9,5,2,2.017,295,1011128
6,4,0,0,0,5,4,2,1.091,296,914388
22,10,0,0,0,12,6,2,2.751,295,1133476
17,0,0,0,0,6,5,1,1.418,327,970572
18,5,0,0,0,8,7,2,1.894,296,1044516
19,7,0,0,0,6,7,1,1.620,326,1011056
21,8,0,0,0,6,7,1,1.708,327,1065428
9,0,0,0,0,6,4,2,1.228,295,916704
8,0,0,0,0,7,4,3,1.367,262,914400
3,3,0,0,0,3,4,2,0.667,296,863684
2,2,0,0,0,3,4,2,0.621,296,853856
22,9,0,0,0,6,8,2,1.747,296,1061396
4,2,0,0,0,4,8,3,0.835,264,877784
2,2,0,0,0,2,3,1,0.457,328,839940
5,4,0,0,0,5,5,2,1.066,295,907660
1,1,0,0,0,1,2,1,0.245,329,817972
17,7,0,0,0,6,7,2,1.592,296,1028356
2,1,0,0,0,3,3,2,0.572,296,834528
4,5,0,0,0,6,4,2,1.232,296,921576
21,8,0,0,0,6,7,1,1.708,327,1065428
5,4,0,0,0,2,4,1,0.578,328,876540
2,3,0,0,0,3,5,2,0.645,296,859260
4,4,0,0,0,4,4,1,0.880,327,892496
20,9,0,0,0,6,7,1,1.713,327,1065428
11,10,0,0,0,10,5,2,2.174,295,1044520
5,3,0,0,0,3,4,1,0.719,327,880100
16,0,0,0,0,7,5,3,1.561,263,980016
11,5,0,0,0,5,6,1,1.237,327,957064
10,7,0,0,0,8,7,2,1.749,295,987992
6,3,0,0,0,3,5,1,0.743,327,890456
19,10,0,0,0,8,6,2,2.018,296,1055904
6,5,0,0,0,4,4,1,0.954,327,914400
6,3,0,0,0,4,5,2,0.904,296,899688
3,3,0,0,0,3,4,2,0.669,296,868560
26,14,0,0,0,22,15,5,4.541,198,1244728
8,0,0,0,0,7,4,3,1.366,263,916708
19,12,0,0,0,12,6,2,2.724,295,1116636
18,10,0,0,0,11,6,2,2.486,295,1063872
15,10,0,0,0,8,7,2,1.919,296,1020820
15,5,0,0,0,6,6,1,1.480,327,974008
12,6,0,0,0,5,6,1,1.269,327,951920
33,16,0,0,0,16,7,2,3.798,295,1257224
12,6,0,0,0,7,6,2,1.612,296,989784
3,4,0,0,0,3,4,2,0.694,296,875748
3,2,0,0,0,3,4,2,0.643,296,859260
4,0,0,0,0,3,3,2,0.620,296,853860
7,0,0,0,0,5,4,2,1.020,296,892500
25,8,0,0,0,7,7,1,1.955,327,1077000
5,3,0,0,0,4,6,2,0.881,296,892496
9,5,0,0,0,5,6,1,1.187,327,944728
3,2,0,0,1,2,6,2,0.481,296,848968
2,1,0,0,0,2,3,1,0.432,328,834532
14,5,0,0,0,8,5,2,1.795,295,1003700
24,11,0,0,0,8,7,2,2.167,295,1101264
4,3,0,0,0,2,4,1,0.531,328,863680
7,3,0,0,0,3,5,1,0.765,327,897644
4,3,0,0,0,3,4,1,0.695,327,875744
4,0,0,0,0,3,3,2,0.621,295,853860
29,15,0,0,0,14,7,2,3.344,295,1199676
10,0,0,0,0,5,4,2,1.091,295,914396
2,2,0,0,0,4,4,2,0.783,296,861304
18,7,0,0,0,6,7,1,1.615,327,1038380
2,3,0,0,0,3,4,2,0.643,296,859264
12,9,0,0,0,10,6,2,2.165,295,1037656
3,2,0,0,0,3,5,2,0.644,296,859260
22,13,0,0,0,12,7,2,2.816,296,1137140
18,13,0,0,0,16,7,2,3.363,295,1129612
7,0,0,0,0,8,4,3,1.507,263,921584
13,6,0,0,0,4,5,1,1.132,327,950600
2,4,0,0,0,3,5,2,0.668,296,868560
33,9,0,0,0,6,8,2,2.001,296,1128908
2,2,0,0,0,1,4,1,0.293,327,832688
12,8,0,0,0,3,5,1,0.993,327,946504
26,13,0,0,0,8,7,1,2.263,327,1127908
12,6,0,0,0,5,7,2,1.276,295,962472
3,2,0,0,0,2,4,1,0.481,328,848976
2,2,0,0,0,2,4,1,0.457,328,839936
4,0,0,0,0,9,4,3,1.599,263,908924
3,0,0,0,0,4,4,1,0.712,327,841464
23,9,0,0,0,14,8,2,3.059,295,1120232
21,7,0,0,0,6,7,2,1.671,296,1022352
3,0,0,0,0,4,4,2,0.760,296,855908
2,1,0,0,0,2,3,2,0.433,296,834528
17,6,0,0,0,5,7,1,1.387,327,982684
11,4,0,0,0,5,5,2,1.208,296,946316
5,3,0,0,0,3,5,1,0.720,327,881420
6,4,0,0,0,5,4,2,1.089,294,914388
11,4,0,0,0,4,5,1,1.048,327,943148
12,6,0,0,0,5,5,1,1.280,327,966960
6,0,0,0,0,5,4,3,0.998,264,885780
18,8,0,0,0,7,6,2,1.799,296,1049792
4,3,0,0,0,6,5,2,1.182,296,906868
5,2,0,0,0,4,4,2,0.858,295,883456
2,1,0,0,0,2,3,1,0.433,328,834528
4,3,0,0,0,8,4,1,1.509,327,927716
1,2,0,0,0,2,3,1,0.433,328,834528
8,0,0,0,0,6,5,2,1.205,295,907668
12,8,0,0,0,9,6,2,1.965,295,994236
3,2,0,0,0,2,3,1,0.482,328,848976
9,6,0,0,0,10,6,2,2.029,295,995172
3,3,0,0,0,3,5,2,0.668,296,868560
7,0,0,0,0,4,4,2,0.858,295,881420
19,10,0,0,0,9,7,2,2.193,296,1068296
2,2,0,0,0,1,3,1,0.293,328,832688
8,6,0,0,0,6,5,2,1.349,296,949944
11,4,0,0,0,5,6,2,1.212,296,951912
2,3,0,0,0,2,3,1,0.481,328,848976
7,0,0,0,0,12,5,3,2.160,264,960956
16,0,0,0,0,15,5,4,2.845,231,1020032
17,9,0,0,0,3,6,1,1.147,327,1012468
5,0,0,0,0,4,4,2,0.807,296,868568
4,2,0,0,0,3,4,1,0.669,327,868560
19,12,0,0,0,11,8,2,2.546,295,1086936
3,3,0,0,0,3,4,1,0.669,327,868560
3,3,0,0,0,3,5,2,0.670,296,868560
23,11,0,0,0,13,8,2,2.956,296,1143272
9,0,0,0,0,6,4,2,1.230,295,916712
18,7,0,0,0,6,7,1,1.612,327,1038380
3,0,0,0,0,2,3,2,0.433,296,834536
23,10,0,0,0,9,7,2,2.274,296,1080268
18,6,0,0,0,6,7,2,1.591,296,1028356
25,14,0,0,0,12,7,2,2.930,295,1199628
23,10,0,0,0,11,7,2,2.615,296,1133476
4,0,0,0,0,4,7,4,0.783,231,861316
17,7,0,0,0,7,8,1,1.752,327,1040420
3,2,0,0,0,2,3,1,0.482,328,848976
4,0,0,0,0,3,3,2,0.619,295,848980
5,4,0,0,0,5,9,3,1.064,263,907668
2,2,0,0,0,2,3,2,0.458,296,839940
36,20,0,0,0,21,8,2,4.755,294,1341420
6,1,0,0,0,8,4,2,1.508,295,923624
16,6,0,0,0,8,6,2,1.853,296,1004664
2,2,0,0,0,2,5,2,0.456,296,839940
10,6,0,0,0,7,5,1,1.556,327,970188
11,6,0,0,0,7,6,2,1.583,296,981868
7,2,0,0,0,3,5,1,0.744,327,890456
3,1,0,0,0,2,4,2,0.457,296,839940
13,5,0,0,0,7,7,2,1.612,296,990440
15,6,0,0,0,8,7,2,1.828,296,996496
7,4,0,0,0,4,5,1,0.955,327,914396
9,5,0,0,0,5,5,2,1.188,296,945784
2,1,0,0,0,2,4,2,0.433,296,834528
26,13,0,0,0,19,8,2,4.032,295,1205584
14,8,0,0,0,9,6,2,2.032,296,1045844
5,5,0,0,0,5,4,2,1.091,296,914388
4,2,0,0,0,5,4,2,0.997,295,883456
3,3,0,0,0,3,4,1,0.669,327,868560
25,11,0,0,0,14,9,1,3.157,326,1145888
11,4,0,0,0,4,7,1,1.049,327,943476
2,1,0,0,0,2,3,1,0.432,328,834528
24,7,0,0,0,8,7,1,2.089,326,1101092
5,2,0,0,0,8,5,2,1.509,295,927712
10,6,0,0,0,7,6,2,1.557,296,970188
29,16,0,0,0,11,7,2,2.892,295,1196904
5,4,0,0,0,4,4,1,0.903,327,899684
2,3,0,0,0,2,4,1,0.481,328,848976
2,1,0,0,0,4,4,1,0.759,327,855896
2,3,0,0,0,3,4,1,0.644,327,859260
2,2,0,0,0,1,3,1,0.293,328,832688
5,4,0,0,0,4,5,1,0.904,327,899684
3,3,0,0,0,4,5,2,0.836,296,877784
8,3,0,0,0,8,5,3,1.602,263,951656
5,4,0,0,0,4,4,1,0.904,328,899688
7,4,0,0,0,4,5,1,0.952,327,914400
11,6,0,0,0,6,6,2,1.417,296,966096
6,5,0,0,0,4,4,1,0.953,327,911688
40,21,0,0,0,17,7,2,4.223,294,1334964
16,12,0,0,0,11,6,2,2.488,296,1065916
2,2,0,0,0,5,5,1,0.828,327,834716
1,2,0,0,0,4,3,1,0.761,327,855896
9,0,0,0,0,4,4,2,0.903,296,899692
2,0,0,0,0,3,3,2,0.573,296,839416
6,0,0,0,0,5,5,2,1.001,295,883476
9,8,0,0,0,6,5,1,1.417,327,966096
1,2,0,0,0,4,3,1,0.760,327,855896
4,3,0,0,0,5,4,3,1.019,264,892492
10,0,0,0,0,9,5,3,1.742,263,955740
6,0,0,0,0,6,4,3,1.159,264,894812
11,10,0,0,0,10,5,2,2.148,294,1011068
2,0,0,0,0,5,3,2,0.901,295,855900
9,2,0,0,0,6,6,2,1.277,296,932860
6,4,0,0,0,6,6,2,1.158,295,899688
5,0,0,0,0,4,4,2,0.807,295,868564
4,0,0,0,0,4,4,2,0.783,296,861312
2,0,0,0,0,3,3,2,0.573,296,839416
2,2,0,0,0,4,4,2,0.783,296,861300
13,10,0,0,0,8,6,2,1.893,295,1044516
5,4,0,0,0,4,5,1,0.903,327,899684
10,3,0,0,0,5,6,2,1.161,296,931740
5,0,0,0,0,2,3,1,0.482,327,848980
19,8,0,0,0,5,7,1,1.498,327,1040688
4,4,0,0,0,3,5,1,0.719,327,881420
4,2,0,0,0,5,4,2,0.996,295,883456
23,7,0,0,0,7,6,2,1.899,295,1082112
5,4,0,0,0,4,5,2,0.903,296,899680
4,3,0,0,0,4,6,2,0.856,295,883460
4,4,0,0,0,4,11,4,0.880,231,892496
9,6,0,0,0,7,5,2,1.534,296,967580
8,3,0,0,0,4,5,1,0.953,327,914396
3,2,0,0,0,3,4,2,0.644,296,859260
14,0,0,0,0,5,6,2,1.188,296,944460
7,5,0,0,0,7,7,2,1.463,296,951664
10,6,0,0,0,4,6,2,1.073,296,950932
22,7,0,0,0,10,7,2,2.357,296,1083536
4,3,0,0,0,4,4,1,0.859,327,883456
18,8,0,0,0,8,8,2,1.948,295,1028484
12,3,0,0,0,5,7,1,1.213,327,951912
4,3,0,0,0,4,5,2,0.857,296,883460
29,10,0,0,0,7,9,2,2.092,296,1115116
20,8,0,0,0,5,7,1,1.517,326,1035204
10,8,0,0,0,4,5,2,1.108,296,944456
1,2,0,0,0,1,3,1,0.269,328,823644
15,6,0,0,0,6,7,2,1.503,296,980140
2,2,0,0,0,1,3,1,0.293,328,832688
4,4,0,0,0,4,6,2,0.880,296,892496
6,4,0,0,0,5,4,2,1.092,296,916696
18,0,0,0,0,13,5,3,2.570,263,1024388
2,1,0,0,0,4,3,2,0.760,296,855896
2,2,0,0,0,3,3,1,0.621,327,853856
7,2,0,0,0,10,6,3,1.882,263,962016
2,2,0,0,0,2,3,2,0.457,296,839940
4,1,0,0,0,2,3,1,0.481,328,848976
10,5,0,0,0,8,6,2,1.693,295,972228
6,6,0,0,0,7,11,4,1.465,231,951656
13,7,0,0,0,7,7,2,1.644,296,984228
5,5,0,0,0,5,4,2,1.090,295,914388
19,8,0,0,0,7,7,2,1.808,296,1026436
2,2,0,0,0,2,4,2,0.458,296,839936
44,27,0,0,0,28,9,2,6.233,294,1485596
11,4,0,0,0,4,6,1,1.051,327,943476
10,5,0,0,0,5,6,2,1.209,296,946316
2,1,0,0,0,2,3,1,0.432,328,834528
26,10,0,0,0,14,8,2,3.153,296,1145884
11,6,0,0,0,6,5,1,1.419,327,970588
6,6,0,0,0,5,7,2,1.140,296,927980
14,6,0,0,0,7,6,1,1.645,327,984228
18,7,0,0,0,6,7,1,1.614,327,1038380
7,0,0,0,0,8,4,2,1.507,295,927716
6,0,0,0,0,5,4,2,0.994,295,883476
12,7,0,0,0,6,6,2,1.472,296,989788
23,11,0,0,0,12,8,2,2.792,296,1131628
9,0,0,0,0,18,5,3,3.180,262,1017932
16,9,0,0,0,4,7,2,1.274,296,985412
23,20,0,0,0,27,7,2,5.366,294,1284944
2,2,0,0,0,3,4,2,0.622,296,853856
6,3,0,0,0,5,5,2,1.065,296,906348
5,5,0,0,0,4,5,1,0.927,327,905556
3,2,0,0,0,4,4,2,0.808,296,870596
3,2,0,0,0,2,3,1,0.480,328,848976
8,4,0,0,0,5,6,2,1.139,296,923500
27,15,0,0,0,15,7,2,3.456,295,1193544
2,3,0,0,0,3,5,2,0.644,296,859260
53,26,0,0,0,38,11,3,8.062,262,1645564
5,0,0,0,0,10,4,2,1.787,295,927708
9,6,0,0,0,4,5,1,1.049,327,943148
7,0,0,0,0,8,4,3,1.510,263,927716
30,16,0,0,0,15,7,2,3.559,295,1230580
15,4,0,0,0,5,7,1,1.294,327,958048
11,6,0,0,0,4,6,1,1.095,327,955476
8,0,0,0,0,3,4,2,0.719,296,881428
11,5,0,0,0,5,7,1,1.237,327,957064
5,0,0,0,0,3,4,2,0.644,296,859268
8,3,0,0,0,5,5,2,1.115,296,922828
16,8,0,0,0,9,6,2,2.060,296,1023332
2,2,0,0,0,3,4,1,0.622,327,853856
14,4,0,0,0,3,6,2,0.957,296,954296
10,4,0,0,0,5,5,2,1.188,296,945784
2,1,0,0,0,3,4,2,0.597,296,844820
21,8,0,0,0,8,6,2,2.022,296,1055904
23,14,0,0,0,22,6,2,4.482,294,1226532
6,0,0,0,0,9,4,3,1.645,263,927716
4,0,0,0,0,5,4,2,0.944,295,870612
12,0,0,0,0,5,5,2,1.138,295,929300
1,2,0,0,0,2,3,1,0.432,328,834528
3,4,0,0,0,2,4,1,0.531,328,863680
6,6,0,0,0,5,6,2,1.141,295,927980
4,4,0,0,0,4,4,2,0.880,296,892496
5,4,0,0,0,2,4,1,0.577,328,876532
5,4,0,0,0,5,7,2,1.066,295,907660
6,6,0,0,0,7,11,4,1.464,231,951656
2,0,0,0,0,3,3,2,0.572,296,839416
1,0,0,0,0,2,2,1,0.385,328,819824
21,20,0,0,0,22,6,3,4.561,262,1231344
3,4,0,0,0,3,4,2,0.694,296,875748
2,1,0,0,0,4,4,2,0.761,295,855896
4,0,0,0,0,2,4,2,0.457,296,839944
11,5,0,0,0,3,6,1,0.908,327,939056
21,0,0,0,0,6,7,2,1.505,295,980144
10,5,0,0,0,4,5,1,1.049,327,943476
9,0,0,0,0,6,4,2,1.231,295,916712
16,4,0,0,0,7,6,1,1.642,327,984228
26,12,0,0,0,12,8,2,2.876,295,1141264
4,0,0,0,0,4,4,2,0.783,296,861312
12,4,0,0,0,5,6,2,1.237,296,955744
2,2,0,0,0,2,4,1,0.457,328,839940
3,1,0,0,0,3,3,2,0.621,296,853856
11,5,0,0,0,9,5,2,1.886,296,987992
12,9,0,0,0,10,7,2,2.155,295,1015740
5,4,0,0,0,4,5,2,0.904,296,899684
5,3,0,0,0,3,4,2,0.719,296,881420
3,3,0,0,0,4,4,2,0.836,295,875748
26,15,0,0,0,14,7,2,3.293,295,1207392
9,3,0,0,0,3,6,2,0.815,296,912356
2,1,0,0,0,4,3,1,0.760,327,855896
25,10,0,0,0,9,7,2,2.333,296,1126816
10,4,0,0,0,5,5,1,1.184,327,942352
11,6,0,0,0,8,5,1,1.748,327,987992
8,0,0,0,0,7,4,3,1.367,263,916708
21,9,0,0,0,8,7,1,2.051,327,1065724
8,0,0,0,0,3,4,1,0.718,327,881424
17,6,0,0,0,8,7,2,1.891,296,1044516
11,6,0,0,0,6,6,2,1.417,296,966096
1,0,0,0,0,2,2,1,0.336,328,803540
17,8,0,0,0,6,7,2,1.619,296,1038380
4,4,0,0,0,4,5,2,0.881,296,892496
8,0,0,0,0,9,5,2,1.695,295,937776
21,11,0,0,0,6,8,1,1.774,326,1059592
23,21,0,0,0,11,8,3,2.875,264,1189984
15,5,0,0,0,5,7,1,1.335,327,986152
3,1,0,0,0,2,3,1,0.456,328,839940
4,0,0,0,0,3,3,2,0.621,296,853860
16,10,0,0,0,10,6,2,2.275,296,1052660
21,0,0,0,0,7,7,2,1.682,295,1018600
16,8,0,0,0,5,7,1,1.423,327,1008624
23,12,0,0,0,11,9,2,2.639,295,1111528
11,0,0,0,0,4,4,2,0.953,295,914404
20,0,0,0,0,9,7,3,1.969,263,996488
3,2,0,0,0,2,3,1,0.482,328,848976
19,8,0,0,0,7,7,2,1.806,296,1026436
5,4,0,0,0,4,5,2,0.904,296,899684
8,3,0,0,0,4,5,1,0.952,327,914396
3,1,0,0,0,2,4,2,0.457,296,839940
8,2,0,0,0,3,5,1,0.764,328,897644
5,0,0,0,0,3,4,2,0.644,296,859268
6,5,0,0,0,4,5,1,0.952,327,914396
18,9,0,0,0,7,7,2,1.808,296,1026436
7,0,0,0,0,4,4,2,0.857,296,883472
4,0,0,0,0,3,3,2,0.622,296,853860
6,2,0,0,0,1,4,1,0.390,328,861832
12,8,0,0,0,9,7,2,1.962,295,999060
9,5,0,0,0,4,5,1,1.023,327,930156
11,6,0,0,0,5,5,1,1.261,327,967692
12,6,0,0,0,6,6,2,1.445,296,977772
14,0,0,0,0,9,6,3,1.838,263,977448
9,4,0,0,0,4,5,1,0.999,327,925664
6,3,0,0,0,3,5,1,0.744,327,890456
17,10,0,0,0,9,6,2,2.130,296,1045472
18,5,0,0,0,5,7,1,1.389,327,982644
4,3,0,0,0,3,4,1,0.694,328,875748
15,0,0,0,0,8,6,2,1.700,295,979112
2,1,0,0,0,4,3,2,0.761,295,855896
6,0,0,0,0,4,6,2,0.835,295,877796
20,9,0,0,0,6,7,1,1.710,327,1065428
19,4,0,0,0,10,7,2,2.199,295,1030524
9,0,0,0,0,4,5,3,0.905,264,899692
7,2,0,0,0,2,4,1,0.484,327,848976
1,1,0,0,0,3,3,2,0.572,296,839408
25,14,0,0,0,10,7,1,2.568,327,1127880
19,11,0,0,0,10,8,3,2.363,264,1071412
14,5,0,0,0,7,6,2,1.622,296,978096
7,3,0,0,0,5,5,1,1.092,327,916696
1,1,0,0,0,2,3,1,0.385,328,819828
16,7,0,0,0,6,8,1,1.553,327,990360
22,12,0,0,0,9,7,2,2.305,295,1105892
2,2,0,0,0,3,4,1,0.621,328,853856
7,3,0,0,0,3,6,2,0.766,296,897644
6,0,0,0,0,6,4,2,1.156,295,894812
11,7,0,0,0,6,6,1,1.445,327,977772
20,14,0,0,0,13,7,2,2.943,294,1118340
10,6,0,0,0,7,6,2,1.555,296,970188
10,7,0,0,0,8,6,2,1.752,295,995912
5,6,0,0,0,4,4,2,0.953,296,914400
11,6,0,0,0,10,7,2,2.070,295,1011932
10,5,0,0,0,2,5,1,0.720,327,918752
5,5,0,0,0,5,4,2,1.090,296,916704
7,0,0,0,0,7,5,2,1.346,295,912556
9,0,0,0,0,4,5,2,0.905,295,899700
10,6,0,0,0,7,6,2,1.552,296,959632
10,5,0,0,0,7,6,2,1.527,296,959304
17,6,0,0,0,5,7,1,1.387,327,982648
11,10,0,0,0,10,5,2,2.156,295,1011068
11,7,0,0,0,9,5,2,1.929,296,1001508
5,0,0,0,0,2,4,2,0.482,296,848980
8,0,0,0,0,7,4,2,1.368,295,916708
2,1,0,0,0,2,4,1,0.433,328,834528
2,2,0,0,0,2,4,1,0.457,328,839936
3,2,0,0,0,3,5,2,0.644,296,859264
22,9,0,0,0,10,8,2,2.392,296,1078760
9,3,0,0,0,6,5,1,1.296,327,931664
4,5,0,0,0,5,4,2,1.065,296,907660
4,3,0,0,0,3,5,2,0.692,296,875748
4,0,0,0,0,3,4,3,0.620,264,853860
15,9,0,0,0,11,7,2,2.384,295,1040340
19,9,0,0,0,7,8,2,1.849,295,1067468
23,8,0,0,0,10,7,2,2.384,296,1078752
2,1,0,0,0,2,3,1,0.385,327,819820
3,3,0,0,0,4,6,2,0.835,295,877784
16,7,0,0,0,11,9,3,2.370,264,1042272
15,11,0,0,0,9,6,1,2.105,326,1033676
5,0,0,0,0,6,4,2,1.139,295,890656
23,9,0,0,0,9,7,2,2.246,296,1074136
10,3,0,0,0,4,6,1,0.998,327,925664
13,7,0,0,0,4,6,2,1.158,296,956732
1,1,0,0,0,1,3,1,0.245,328,817972
2,0,0,0,0,1,2,1,0.245,328,817976
10,0,0,0,0,9,5,3,1.747,263,958116
2,2,0,0,0,4,5,2,0.783,296,861296
2,3,0,0,0,2,4,1,0.481,328,848976
7,5,0,0,0,4,5,1,0.978,327,921584
18,9,0,0,0,11,8,2,2.367,295,1037712
23,7,0,0,0,6,8,1,1.722,327,1055256
20,9,0,0,0,8,8,2,2.022,296,1055904
27,8,0,0,0,9,7,1,2.319,326,1101472
20,8,0,0,0,9,6,2,2.162,296,1058472
18,5,0,0,0,7,7,2,1.714,296,1002628
18,0,0,0,0,19,7,3,3.548,262,1068432
19,7,0,0,0,8,7,2,1.944,296,1028484
7,6,0,0,0,6,6,2,1.327,296,948100
24,9,0,0,0,7,8,1,1.955,327,1077000
28,16,0,0,0,15,9,2,3.532,295,1263396
5,4,0,0,0,4,8,3,0.905,263,899684
24,12,0,0,0,11,9,2,2.673,295,1137140
4,3,0,0,0,4,4,2,0.857,296,883456
6,4,0,0,0,1,4,1,0.439,327,874692
2,2,0,0,0,2,3,2,0.458,296,839940
2,2,0,0,0,2,4,1,0.457,327,839940
5,3,0,0,0,3,4,1,0.719,328,881420
2,2,0,0,0,5,5,1,0.948,327,872904
3,2,0,0,0,2,3,1,0.482,327,848976
7,0,0,0,0,8,4,2,1.509,295,927716
5,2,0,0,0,4,4,1,0.856,327,883456
17,0,0,0,0,6,5,2,1.422,295,980008
8,5,0,0,0,5,7,2,1.159,295,928036
3,3,0,0,0,2,4,2,0.506,296,854384
8,3,0,0,0,4,6,2,0.952,296,914396
4,3,0,0,0,3,5,2,0.694,296,875748
16,0,0,0,0,9,6,2,1.894,295,1000072
3,2,0,0,0,2,3,1,0.482,327,848976
4,5,0,0,0,4,4,2,0.904,296,899684
14,0,0,0,0,13,5,3,2.481,263,1009220
19,6,0,0,0,5,7,1,1.434,327,994908
3,1,0,0,0,2,4,2,0.456,296,839940
1,2,0,0,0,1,3,1,0.268,328,823644
3,2,0,0,0,6,4,1,1.139,327,890648
2,1,0,0,0,3,3,1,0.549,327,830112
33,0,0,0,0,30,6,4,5.672,230,1256988
6,0,0,0,0,9,4,3,1.648,263,927716
19,0,0,0,0,12,5,3,2.430,263,1017988
6,5,0,0,0,6,6,2,1.274,296,927128
13,5,0,0,0,6,7,2,1.437,296,961680
9,0,0,0,0,8,5,2,1.552,295,931600
18,7,0,0,0,5,7,2,1.436,296,994908
3,3,0,0,0,3,6,2,0.669,296,868560
3,2,0,0,0,2,4,1,0.481,328,848976
18,8,0,0,0,6,8,2,1.622,295,1011056
8,0,0,0,0,3,4,1,0.718,327,881424
11,7,0,0,0,5,5,1,1.284,327,975144
7,0,0,0,0,9,5,3,1.671,264,934896
16,6,0,0,0,11,8,1,2.353,327,1061068
12,8,0,0,0,10,6,2,2.129,296,1004996
8,3,0,0,0,2,4,1,0.624,327,892764
10,0,0,0,0,5,5,2,1.092,295,916704
3,3,0,0,0,2,4,1,0.504,327,854384
15,6,0,0,0,5,6,1,1.341,327,970380
8,4,0,0,0,3,5,1,0.813,327,912356
6,3,0,0,0,5,6,2,1.066,296,907132
5,5,0,0,0,5,6,2,1.091,296,916696
3,1,0,0,0,3,4,2,0.620,296,853856
2,3,0,0,0,2,4,1,0.481,328,848972
16,6,0,0,0,6,7,1,1.538,327,1003708
9,4,0,0,0,4,5,1,0.998,327,921912
11,5,0,0,0,6,5,1,1.391,327,955216
2,2,0,0,0,2,4,1,0.456,328,839940
5,5,0,0,0,5,4,2,1.088,295,914388
4,2,0,0,0,3,5,2,0.671,296,868560
4,2,0,0,0,1,3,1,0.342,327,847124
7,5,0,0,0,7,17,6,1.465,166,951656
13,5,0,0,0,7,8,2,1.613,296,993872
7,4,0,0,0,5,5,2,1.114,296,922828
19,9,0,0,0,6,7,1,1.666,327,1022352
7,4,0,0,0,7,5,2,1.435,296,935748
1,1,0,0,0,1,3,1,0.245,328,817972
9,0,0,0,0,6,5,2,1.232,295,921592
8,3,0,0,0,3,5,1,0.788,327,902000
3,0,0,0,0,3,3,2,0.595,296,844824
16,6,0,0,0,5,6,1,1.380,327,1004228
2,2,0,0,0,2,4,1,0.433,328,834540
2,2,0,0,0,2,3,1,0.456,328,839940
40,12,0,0,0,17,9,2,4.016,295,1282480
3,2,0,0,0,2,3,1,0.480,328,848976
4,3,0,0,0,3,4,2,0.692,296,875748
4,0,0,0,0,4,4,2,0.781,296,861312
42,0,0,0,0,21,6,3,4.422,261,1231348
8,5,0,0,0,6,7,2,1.327,295,948088
13,0,0,0,0,11,5,3,2.140,262,981828
6,3,0,0,0,3,5,2,0.741,296,885576
14,9,0,0,0,8,5,1,1.893,327,1044516
2,1,0,0,0,2,3,1,0.433,328,834528
8,3,0,0,0,5,6,1,1.116,327,923884
9,4,0,0,0,16,7,2,2.951,295,1040956
4,2,0,0,0,5,7,3,0.996,264,885768
8,5,0,0,0,6,7,2,1.328,296,950660
9,6,0,0,0,6,7,2,1.373,296,963532
16,10,0,0,0,9,6,2,2.118,296,1057636
22,6,0,0,0,5,7,1,1.514,327,1035200
16,0,0,0,0,15,5,3,2.844,263,1020032
4,4,0,0,0,5,5,2,1.042,295,901988
18,6,0,0,0,9,6,2,2.078,295,1054408
5,4,0,0,0,4,5,2,0.904,296,899688
11,0,0,0,0,10,7,4,1.931,232,974884
25,16,0,0,0,15,9,2,3.444,295,1210212
2,2,0,0,0,2,4,2,0.457,296,839940
3,3,0,0,0,3,6,2,0.669,296,868560
4,2,0,0,0,3,4,2,0.669,296,868560
5,3,0,0,0,3,4,1,0.720,327,881424
3,4,0,0,0,2,5,1,0.529,327,863680
5,3,0,0,0,2,4,1,0.554,328,870868
5,0,0,0,0,6,4,2,1.139,295,890644
9,5,0,0,0,5,5,1,1.182,327,929636
2,1,0,0,0,1,3,1,0.268,328,823644
15,0,0,0,0,8,5,2,1.688,295,959640
2,3,0,0,0,2,4,2,0.482,296,848976
19,6,0,0,0,8,7,1,1.923,327,1023332
23,8,0,0,0,6,7,1,1.741,326,1049780
15,6,0,0,0,10,8,2,2.164,296,1029656
6,5,0,0,0,4,5,1,0.953,327,914396
8,5,0,0,0,4,6,2,0.999,295,923620
14,0,0,0,0,12,5,3,2.326,263,1005916
2,1,0,0,0,2,3,1,0.409,328,825496
7,6,0,0,0,6,7,2,1.319,295,933256
2,5,0,0,0,4,4,1,0.863,327,883456
3,3,0,0,0,3,5,2,0.669,295,868560
2,2,0,0,0,4,5,2,0.782,296,861296
11,7,0,0,0,5,6,1,1.270,327,951920
14,0,0,0,0,12,6,3,2.328,263,1005912
27,10,0,0,0,8,7,2,2.203,296,1096168
4,0,0,0,0,4,5,3,0.783,263,861316
1,1,0,0,0,2,3,2,0.408,296,825496
11,0,0,0,0,20,5,4,3.538,231,1035404
6,5,0,0,0,4,4,1,0.953,327,914396
0,0,0,0,0,1,1,1,0.195,329,801688
1,1,0,0,0,3,3,2,0.573,296,839408
3,2,0,0,0,3,4,1,0.643,327,859260
7,0,0,0,0,6,4,3,1.183,264,902000
13,7,0,0,0,6,6,2,1.481,296,974008
9,3,0,0,0,5,6,1,1.137,327,923496
21,9,0,0,0,7,7,1,1.883,327,1053864
3,2,0,0,0,2,3,1,0.482,328,848976
21,10,0,0,0,8,8,2,2.076,295,1076344
12,7,0,0,0,4,5,1,1.131,327,950600
26,10,0,0,0,11,7,2,2.676,296,1137140
4,2,0,0,0,3,4,1,0.668,327,868560
7,2,0,0,0,2,4,1,0.580,328,876536
2,1,0,0,0,2,3,1,0.433,328,834528
20,6,0,0,0,7,7,2,1.800,296,1049792
2,1,0,0,0,2,3,2,0.432,296,834528
2,1,0,0,0,2,3,2,0.433,296,834528
11,4,0,0,0,7,6,2,1.529,296,959304
6,0,0,0,0,9,4,2,1.649,295,927716
39,13,0,0,0,11,9,2,3.071,295,1285292
7,0,0,0,0,7,4,3,1.345,263,910776
3,0,0,0,0,2,3,1,0.433,328,834536
5,4,0,0,0,5,5,2,1.066,295,906340
4,2,0,0,0,4,5,2,0.837,296,877784
6,0,0,0,0,5,4,2,0.996,296,883476
2,0,0,0,0,5,3,2,0.899,295,855900
22,11,0,0,0,8,7,2,2.107,296,1071572
3,1,0,0,0,2,4,2,0.456,296,839940
2,0,0,0,0,4,3,3,0.737,264,846868
17,5,0,0,0,7,8,3,1.689,264,994452
3,3,0,0,0,3,5,2,0.670,296,868560
18,5,0,0,0,6,6,2,1.551,296,990360
7,0,0,0,0,4,4,2,0.858,296,883472
7,4,0,0,0,8,5,2,1.605,296,956800
3,2,0,0,0,3,4,2,0.644,296,859260
3,2,0,0,0,4,6,2,0.808,296,870596
2,1,0,0,0,2,3,1,0.434,328,834532
5,3,0,0,0,3,4,2,0.718,296,881420
11,4,0,0,0,5,6,2,1.212,296,946316
22,11,0,0,0,7,8,1,1.955,327,1077000
18,0,0,0,0,13,5,3,2.589,263,1049736
18,5,0,0,0,5,7,1,1.389,327,982644
8,2,0,0,0,3,4,2,0.766,296,897648
21,10,0,0,0,15,8,2,3.199,295,1124852
11,4,0,0,0,6,6,2,1.372,296,959372
5,3,0,0,0,3,4,1,0.719,327,881420
10,4,0,0,0,5,6,1,1.188,327,944464
4,3,0,0,0,3,5,1,0.694,327,875748
3,1,0,0,0,3,3,1,0.621,327,853856
2,3,0,0,0,2,3,1,0.482,328,848976
20,7,0,0,0,7,8,1,1.809,327,1026436
9,3,0,0,0,3,4,1,0.814,327,912356
26,13,0,0,0,10,6,2,2.597,296,1179044
10,7,0,0,0,6,5,2,1.417,296,966096
2,2,0,0,0,2,4,2,0.457,296,839936
8,0,0,0,0,7,4,3,1.367,264,914400
7,3,0,0,0,5,4,2,1.089,296,914388
12,8,0,0,0,12,8,2,2.453,295,1028004
18,9,0,0,0,4,5,1,1.316,327,997468
6,5,0,0,0,4,4,2,0.952,296,914396
16,6,0,0,0,5,7,2,1.374,296,990532
23,11,0,0,0,12,7,2,2.779,296,1115616
20,9,0,0,0,9,8,2,2.191,296,1068296
14,9,0,0,0,8,5,1,1.874,327,1008556
15,7,0,0,0,14,8,3,2.827,263,1062256
15,5,0,0,0,4,6,2,1.159,296,957888
5,0,0,0,0,6,4,2,1.138,295,890656
10,5,0,0,0,4,5,2,1.048,296,943148
10,0,0,0,0,5,4,2,1.089,295,914400
9,8,0,0,0,6,5,1,1.409,326,955544
3,3,0,0,0,3,5,2,0.670,296,868560
17,0,0,0,0,14,5,3,2.710,263,1024384
6,4,0,0,0,6,10,4,1.255,231,928764
10,5,0,0,0,7,6,2,1.527,296,959304
4,3,0,0,0,4,4,2,0.859,295,881412
5,3,0,0,0,3,4,1,0.718,327,881420
6,5,0,0,0,4,4,1,0.953,327,914400
2,2,0,0,0,2,3,2,0.457,296,839940
10,7,0,0,0,7,7,2,1.574,295,965764
1,2,0,0,0,4,3,1,0.761,328,855896
10,0,0,0,0,5,4,2,1.091,295,914396
18,8,0,0,0,10,8,2,2.274,295,1052660
4,0,0,0,0,3,3,2,0.621,296,853860
3,2,0,0,0,2,3,1,0.481,328,848972
1,1,0,0,0,1,3,1,0.245,328,817972
6,5,0,0,0,10,7,3,1.930,263,972696
10,2,0,0,0,4,6,2,0.976,296,920528
3,3,0,0,0,4,6,2,0.834,295,877784
5,2,0,0,0,2,4,1,0.528,327,863680
3,3,0,0,0,3,4,2,0.668,295,863684
4,4,0,0,0,4,5,2,0.879,296,892492
5,4,0,0,0,4,4,1,0.904,327,899684
10,5,0,0,0,7,6,2,1.528,296,959304
24,9,0,0,0,9,7,2,2.272,296,1080268
4,3,0,0,0,4,4,1,0.858,327,883456
11,5,0,0,0,5,6,2,1.236,296,955744
3,2,0,0,0,4,5,2,0.807,296,870600
6,3,0,0,2,4,5,1,0.905,327,899684
30,9,0,0,0,12,8,2,2.906,296,1155476
2,1,1,0,0,3,3,1,0.432,328,834524
3,3,0,0,0,6,9,4,1.157,231,899688
10,6,0,0,0,7,6,2,1.557,296,970188
3,4,0,0,0,3,4,2,0.693,295,870868
5,4,0,0,0,4,4,1,0.905,327,899684
6,5,0,0,0,6,6,2,1.278,296,934180
16,5,0,0,0,7,6,2,1.675,296,1003016
9,6,0,0,0,6,7,2,1.369,295,959372
14,0,0,0,0,17,5,3,3.119,262,1026176
6,0,0,0,0,5,4,2,0.998,295,885780
4,6,0,0,0,6,7,2,1.255,295,928764
16,6,0,0,0,5,7,1,1.366,327,976512
19,8,0,0,0,6,7,1,1.645,327,1017200
2,2,0,0,0,4,4,2,0.782,296,859252
4,2,0,0,0,4,4,2,0.834,296,877784
9,0,0,0,0,6,4,3,1.230,264,916712
17,4,0,0,0,8,6,2,1.830,295,996496
4,4,0,0,0,3,4,2,0.720,296,881420
9,3,0,0,0,3,5,1,0.813,327,912356
7,4,0,0,0,2,4,1,0.625,328,892764
23,9,0,0,0,10,7,2,2.414,296,1084896
1,1,0,0,0,3,3,1,0.572,328,839412
22,7,0,0,0,12,7,1,2.670,326,1084892
18,7,0,0,0,10,7,2,2.265,295,1076768
3,2,0,0,0,2,4,1,0.481,328,848976
5,3,0,0,0,5,5,2,1.042,296,901988
4,3,0,0,0,3,6,1,0.694,327,875748
5,5,0,0,0,5,4,2,1.092,296,916696
4,3,0,0,0,4,4,1,0.857,327,883456
14,0,0,0,0,6,6,2,1.355,295,955736
27,13,0,0,0,11,8,2,2.766,295,1152768
8,3,0,0,0,5,5,2,1.115,296,923884
6,4,0,0,0,6,6,2,1.255,295,928764
14,9,0,0,0,8,5,1,1.893,327,1044516
8,6,0,0,0,6,5,2,1.350,296,949944
33,21,0,0,0,17,8,2,4.069,294,1285196
12,7,0,0,0,7,6,2,1.629,296,992064
9,4,0,0,0,4,7,1,1.001,327,926984
15,7,0,0,0,9,5,2,2.028,295,1037660
20,6,0,0,0,7,7,1,1.780,327,1021292
12,7,0,0,0,4,5,1,1.137,327,960884
13,8,0,0,0,6,6,2,1.516,296,998612
7,5,0,0,0,7,5,2,1.464,295,945780
6,5,0,0,0,5,6,2,1.117,296,923892
10,4,0,0,0,5,6,1,1.186,327,944464
8,0,0,0,0,3,4,2,0.717,296,881432
10,6,0,0,0,5,5,1,1.234,327,955744
21,13,0,0,0,13,6,2,2.960,295,1143272
22,10,0,0,0,8,8,2,2.092,296,1079052
25,13,0,0,0,9,6,2,2.392,296,1120136
2,1,0,0,0,2,3,1,0.433,328,834528
7,0,0,0,0,4,4,2,0.857,295,883472
10,6,0,0,0,6,6,1,1.387,327,955216
11,6,0,0,0,8,6,2,1.745,296,987992
10,0,0,0,0,13,7,4,2.396,230,996896
3,2,0,0,0,2,4,1,0.481,328,848976
4,3,0,0,0,4,9,3,0.858,263,883456
3,1,0,0,0,3,3,2,0.622,296,853856
3,3,0,0,0,3,5,2,0.667,296,868560
2,3,0,0,0,2,3,1,0.482,327,848976
8,0,0,0,0,7,4,2,1.371,295,921588
2,1,0,0,0,4,3,1,0.689,327,832152
17,12,0,0,0,15,8,3,3.148,263,1100628
4,2,0,0,0,3,4,2,0.669,296,868564
2,1,0,0,0,2,3,2,0.432,296,834528
5,2,0,0,0,3,4,1,0.695,327,875748
11,4,0,0,0,11,8,3,2.184,264,1003344
11,5,0,0,0,8,6,2,1.726,296,983908
7,3,0,0,0,3,5,1,0.766,327,897644
17,5,0,0,0,6,7,2,1.528,296,986272
15,4,0,0,0,14,6,4,2.751,231,1030520
2,1,0,0,0,1,3,1,0.268,328,823644
1,3,0,0,0,2,4,1,0.457,328,839936
2,2,0,0,0,2,4,2,0.457,296,839936
17,0,0,0,0,18,6,3,3.358,262,1046672
22,12,0,0,0,11,8,2,2.622,295,1105396
1,1,0,0,0,2,3,1,0.408,328,825500
7,0,0,0,0,8,4,3,1.507,263,921584
6,5,0,0,0,4,4,1,0.952,327,914396
4,3,0,0,0,4,6,3,0.858,263,883456
17,7,0,0,0,4,7,1,1.250,327,981324
4,1,0,0,0,2,3,1,0.482,328,848976
5,4,0,0,0,3,4,1,0.741,327,890456
1,1,0,0,0,3,3,2,0.572,296,839408
2,2,0,0,0,2,3,2,0.457,296,839940
3,4,0,0,0,2,4,2,0.530,296,863680
20,6,0,0,0,6,7,2,1.621,296,1011056
16,6,0,0,0,5,6,1,1.365,327,976512
8,6,0,0,0,5,6,1,1.189,327,944464
15,0,0,0,0,4,6,2,1.049,296,943148
9,1,0,0,0,3,4,1,0.765,327,897644
3,2,0,0,0,2,4,1,0.481,328,848976
21,8,0,0,0,11,8,2,2.513,295,1088284
9,0,0,0,0,10,5,3,1.883,263,955736
10,4,0,0,0,3,5,1,0.859,327,917824
8,0,0,0,0,5,5,3,1.042,263,901996
2,2,0,0,0,2,3,1,0.456,328,839940
11,6,0,0,0,8,6,2,1.747,296,987992
7,6,0,0,0,8,11,4,1.650,230,965508
25,8,0,0,0,6,8,2,1.794,296,1064472
22,10,0,0,0,12,6,2,2.752,295,1133476
14,9,0,0,0,8,5,1,1.891,327,1044516
17,5,0,0,0,5,7,2,1.381,296,1004228
8,5,0,0,0,4,6,1,0.997,327,925672
15,5,0,0,0,4,7,2,1.165,296,972564
6,7,0,0,0,4,5,1,0.999,327,926984
8,0,0,0,0,7,4,2,1.367,295,916704
13,4,0,0,0,9,11,5,1.905,198,996680
20,6,0,0,0,7,7,2,1.783,296,1021288
7,4,0,0,0,4,4,1,0.952,327,914396
6,4,0,0,0,5,6,2,1.091,296,916696
10,6,0,0,0,3,5,1,0.900,327,924284
6,0,0,0,0,9,4,2,1.647,295,923628
5,0,0,0,0,10,4,3,1.785,262,927712
8,0,0,0,0,7,4,3,1.369,263,921588
10,4,0,0,0,5,5,1,1.188,327,944464
15,5,0,0,0,6,7,2,1.482,296,974008
13,5,0,0,0,5,7,2,1.284,296,975144
4,4,0,0,0,5,6,2,1.043,296,901992
4,3,0,0,0,4,5,2,0.857,296,882136
5,3,0,0,0,4,4,2,0.880,296,892492
5,0,0,0,0,3,4,1,0.644,327,859268
21,0,0,0,0,42,6,3,7.340,261,1280604
10,7,0,0,0,6,5,1,1.418,327,966096
13,0,0,0,0,18,5,4,3.267,231,1028748
3,3,0,0,0,3,4,2,0.669,296,868560
13,9,0,0,0,9,5,2,2.032,296,1045844
4,2,0,0,0,5,5,2,0.995,295,883456
25,13,0,0,0,13,7,2,3.074,295,1203720
16,9,0,0,0,10,6,2,2.267,296,1076772
12,6,0,0,0,5,7,1,1.272,327,951920
32,0,0,0,0,31,6,4,5.820,231,1263116
19,6,0,0,0,8,7,2,1.923,296,1023336
11,7,0,0,0,4,6,1,1.107,327,944460
3,3,0,0,0,2,4,1,0.504,328,854384
12,6,0,0,0,8,7,2,1.758,295,980140
3,3,0,0,0,3,4,1,0.669,327,868564
3,1,0,0,0,3,3,1,0.620,327,853856
11,7,0,0,0,8,6,2,1.769,296,994108
51,0,0,0,0,76,7,5,13.548,197,1784756
4,3,0,0,0,3,4,2,0.695,296,875744
3,3,0,0,0,3,6,2,0.670,295,868560
17,0,0,0,0,14,5,3,2.705,262,1017988
11,7,0,0,0,9,6,2,1.930,296,1001508
16,6,0,0,0,7,7,2,1.687,296,994452
46,14,0,0,0,18,8,2,4.372,295,1341096
7,4,0,0,0,4,5,1,0.953,327,914396
3,2,0,0,0,2,3,1,0.482,327,848976
3,0,0,0,0,2,3,2,0.432,296,832688
13,6,0,0,0,4,6,2,1.134,296,950600
7,0,0,0,0,6,4,2,1.182,295,902000
12,0,0,0,0,9,6,2,1.791,295,970980
11,6,0,0,0,7,6,1,1.587,327,981868
2,3,0,0,0,2,3,1,0.481,328,848976
21,7,0,0,0,9,7,2,2.160,295,1058476
18,0,0,0,0,9,5,2,1.924,294,984228
28,14,0,0,0,13,7,2,3.148,295,1205352
2,1,0,0,0,2,3,1,0.432,328,834528
4,3,0,0,0,3,4,1,0.694,327,875748
8,4,0,0,0,3,4,1,0.814,327,912356
4,2,0,0,0,4,4,3,0.835,264,875740
11,6,0,0,0,6,6,2,1.418,296,966096
11,0,0,0,0,6,6,2,1.274,295,923496
5,4,0,0,0,6,4,2,1.231,295,916696
16,10,0,0,0,7,7,1,1.781,327,1021292
27,11,0,0,0,12,7,2,2.872,296,1137176
5,2,0,0,0,4,4,2,0.856,296,881412
6,2,0,0,0,7,4,3,1.368,264,921576
12,7,0,0,0,7,7,2,1.631,296,992064
21,0,0,0,0,10,6,3,2.171,264,1045824
8,5,0,0,0,4,5,2,0.996,296,917824
18,9,0,0,0,8,8,2,1.986,295,1071564
4,0,0,0,0,9,4,3,1.599,263,913012
12,7,0,0,0,6,5,2,1.474,296,989784
11,9,0,0,0,8,7,2,1.810,295,1005068
7,3,0,0,0,4,6,1,0.928,327,904040
1,0,0,0,0,4,3,2,0.712,296,841460
29,17,0,0,0,12,9,2,3.074,295,1195060
4,2,0,0,0,3,4,1,0.669,327,868560
4,3,0,0,0,4,7,2,0.858,296,883456
7,4,0,0,0,2,4,1,0.626,327,892764
5,4,0,0,0,2,4,1,0.578,327,876540
4,3,0,0,0,4,4,2,0.857,296,883456
5,4,0,0,0,4,5,2,0.905,296,899684
4,3,0,0,0,4,4,1,0.856,327,882136
3,2,0,0,0,2,3,1,0.482,328,848976
11,8,0,0,0,12,5,3,2.427,263,1011068
3,1,0,0,0,2,5,2,0.456,296,839940
2,3,0,0,0,2,3,1,0.482,328,848976
7,5,0,0,0,7,5,2,1.464,295,944728
25,13,0,0,0,9,8,2,2.395,296,1130480
5,5,0,0,0,5,4,2,1.090,295,914388
5,2,0,0,0,4,4,2,0.858,296,883456
17,5,0,0,0,5,6,1,1.365,327,976512
10,6,0,0,0,6,6,2,1.389,296,955216
2,1,0,0,0,1,3,1,0.268,329,823644
9,5,0,0,0,3,6,1,0.861,327,923632
7,4,0,0,0,5,6,2,1.117,296,923884
5,4,0,0,0,5,6,2,1.067,296,907660
15,6,0,0,0,6,5,2,1.514,296,998612
5,4,0,0,0,3,5,1,0.741,327,890456
8,3,0,0,0,8,7,3,1.605,264,956800
17,9,0,0,0,5,6,2,1.472,296,1031196
19,9,0,0,0,9,7,2,2.161,296,1058476
3,3,0,0,0,4,6,3,0.837,264,877784
30,10,0,0,0,10,7,2,2.604,296,1150004
4,4,0,0,0,5,4,2,1.044,296,899680
16,8,0,0,0,4,7,1,1.261,327,1005340
8,4,0,0,0,3,5,1,0.813,327,912356
18,7,0,0,0,7,7,2,1.774,296,1043656
3,2,0,0,0,3,5,2,0.643,296,859260
2,2,0,0,0,1,3,1,0.293,328,832688
14,5,0,0,0,4,6,1,1.138,327,960888
12,3,0,0,0,4,7,1,1.048,327,943148
13,9,0,0,0,10,7,2,2.175,295,1021868
14,5,0,0,0,8,8,3,1.790,264,1004736
1,2,0,0,0,2,3,2,0.433,296,834528
1,0,0,0,0,2,2,1,0.336,328,803540
10,5,0,0,0,12,5,1,2.349,327,1018060
4,0,0,0,0,4,4,2,0.782,296,859268
3,0,0,0,0,3,4,1,0.596,328,844824
19,0,0,0,0,12,5,3,2.447,263,1044512
6,5,0,0,0,4,5,2,0.953,296,914388
20,6,0,0,0,5,7,1,1.476,327,1033496
6,5,0,0,0,4,4,1,0.952,327,914396
8,1,0,0,0,6,5,3,1.232,263,921576
2,2,0,0,0,1,3,1,0.293,328,832688
5,0,0,0,0,4,6,2,0.808,296,870612
5,2,0,0,0,3,4,1,0.694,327,875744
6,4,0,0,0,5,4,2,1.090,295,914388
9,6,0,0,0,5,5,1,1.210,327,951912
12,8,0,0,0,8,6,2,1.808,295,1005068
8,0,0,0,0,3,5,2,0.718,296,881428
2,0,0,0,0,5,3,2,0.898,295,855900
6,3,0,0,0,3,5,1,0.741,327,890456
10,5,0,0,0,6,5,1,1.371,327,959372
8,0,0,0,0,7,4,2,1.370,295,921588
3,2,0,0,0,2,3,1,0.481,328,848976
17,6,0,0,0,5,6,1,1.390,327,982644
3,3,0,0,0,3,4,1,0.670,327,868560
2,1,0,0,0,1,3,1,0.268,328,823644
10,6,0,0,0,6,5,2,1.389,296,955216
3,2,0,0,0,1,3,1,0.317,328,838088
11,6,0,0,0,6,6,1,1.417,327,966096
8,3,0,0,0,4,4,1,0.953,327,914400
1,0,0,0,0,2,2,1,0.336,327,803540
5,5,0,0,0,5,4,2,1.088,295,914388
19,7,0,0,0,7,8,2,1.797,296,1049792
13,4,0,0,0,6,6,2,1.411,296,955544
3,3,0,0,0,3,4,2,0.684,295,868560
2,2,0,0,0,2,5,2,0.456,296,839940
29,9,0,0,0,21,7,2,4.335,295,1222240
7,0,0,0,0,8,4,3,1.505,263,921584
16,7,0,0,0,6,7,1,1.550,327,990360
14,6,0,0,0,5,6,1,1.329,327,978232
12,0,0,0,0,5,5,2,1.138,296,927980
5,4,0,0,0,4,4,1,0.904,327,899684
5,0,0,0,0,5,4,2,0.976,296,880112
11,0,0,0,0,5,6,2,1.114,296,922840
5,4,0,0,0,6,4,3,1.231,264,916696
1,0,0,0,0,1,2,1,0.220,328,808680
9,0,0,0,0,14,5,3,2.532,263,996900
4,3,0,0,0,3,5,1,0.692,328,875748
5,4,0,0,0,4,5,2,0.903,296,899688
13,7,0,0,0,9,7,2,1.966,295,996824
17,7,0,0,0,8,7,2,1.899,296,1017200
4,3,0,0,0,4,7,3,0.856,263,883456
18,7,0,0,0,6,6,1,1.615,327,1038380
8,5,0,0,0,5,6,2,1.162,296,936220
17,7,0,0,0,6,7,1,1.571,327,998540
4,3,0,0,0,4,4,2,0.858,296,883456
6,3,0,0,0,2,4,1,0.578,327,876540
14,9,0,0,0,8,7,2,1.888,295,1044516
5,4,0,0,0,4,4,1,0.905,327,899684
9,5,0,0,0,17,5,2,3.129,295,1033148
5,3,0,0,0,5,11,4,1.043,231,901988
20,7,0,0,0,11,7,2,2.473,296,1074960
6,0,0,0,0,3,4,2,0.668,295,863688
3,3,0,0,0,2,4,1,0.504,327,854384
25,13,0,0,0,13,7,2,3.063,296,1199628
9,8,0,0,0,2,5,1,0.770,327,936556
17,6,0,0,0,5,7,1,1.389,327,982644
5,4,0,0,0,4,5,2,0.905,296,899684
15,5,0,0,0,6,7,1,1.484,327,974008
12,7,0,0,0,7,6,2,1.629,296,992064
5,4,0,0,0,6,4,2,1.230,295,914388
8,6,0,0,0,7,5,2,1.513,296,963464
13,8,0,0,0,8,9,2,1.826,295,994244
6,3,0,0,0,4,4,1,0.903,327,899688
3,0,0,0,0,2,3,1,0.433,328,834536
22,8,0,0,0,7,7,2,1.881,296,1053864
22,10,0,0,0,10,9,2,2.414,295,1084896
8,3,0,0,0,6,6,2,1.279,296,932860
3,1,0,0,0,2,4,1,0.457,328,839940
19,5,0,0,0,8,7,1,1.898,327,1017200
14,6,0,0,0,5,6,1,1.332,327,986152
22,12,0,0,0,11,9,2,2.627,295,1105396
3,2,0,0,0,2,3,1,0.481,328,848976
15,7,0,0,0,7,7,1,1.687,327,994448
15,7,0,0,0,7,7,2,1.689,296,994452
3,2,0,0,0,4,4,2,0.807,296,870600
4,3,0,0,0,3,5,2,0.694,296,875748
24,11,0,0,0,14,8,2,3.123,295,1138624
13,6,0,0,0,8,7,2,1.795,296,1004736
3,1,0,0,0,3,4,2,0.621,296,853856
18,7,0,0,0,6,8,1,1.615,327,1038380
18,4,0,0,0,5,6,1,1.365,327,976512
4,1,0,0,0,2,3,1,0.482,327,848976
12,6,0,0,0,5,5,1,1.283,327,969348
2,3,0,0,0,3,4,1,0.645,327,859260
17,6,0,0,0,5,6,1,1.389,327,982644
2,0,0,0,0,3,3,1,0.501,327,815400
9,0,0,0,0,6,4,3,1.229,264,921584
21,12,0,0,0,4,7,1,1.459,327,1044828
2,1,0,0,0,2,3,1,0.433,328,834528
12,7,0,0,0,8,6,2,1.791,296,1004736
5,2,0,0,0,2,4,1,0.530,328,863680
9,6,0,0,0,4,5,1,1.049,327,943480
2,3,0,0,0,2,4,2,0.482,296,848976
12,7,0,0,0,4,5,1,0.869,327,883456
16,5,0,0,0,6,6,2,1.504,296,980140
18,6,0,0,0,7,7,2,1.750,296,1040420
5,0,0,0,0,6,4,2,1.139,295,890656
2,2,0,0,0,3,3,1,0.622,327,853856
3,0,0,0,0,8,5,2,1.339,295,874628
6,2,0,0,0,4,6,1,0.880,327,892496
2,2,0,0,0,3,5,2,0.621,296,853856
14,6,0,0,0,6,6,1,1.485,327,974008
4,3,0,0,0,5,7,3,1.018,264,894808
20,7,0,0,0,7,7,2,1.808,296,1026436
8,3,0,0,0,5,5,2,1.115,296,923884
4,0,0,0,0,3,4,2,0.622,296,853860
7,3,0,0,0,3,5,1,0.766,327,897644
2,1,0,0,0,2,3,1,0.409,328,825496
22,12,0,0,0,9,6,1,2.303,326,1105892
2,2,0,0,0,2,3,1,0.456,328,839940
2,2,0,0,0,3,4,1,0.549,327,830116
2,2,0,0,0,3,4,2,0.620,296,848976
19,10,0,0,0,10,6,2,2.343,295,1063880
6,6,0,0,0,6,11,4,1.302,231,943476
8,0,0,0,0,6,5,2,1.200,296,899164
5,3,0,0,0,3,5,1,0.719,327,881424
4,1,0,0,0,2,4,1,0.481,328,848976
17,0,0,0,0,14,5,3,2.709,262,1017988
34,17,0,0,0,12,7,2,3.181,296,1231460
30,0,0,0,0,33,6,4,6.080,229,1256988
7,4,0,0,0,8,5,1,1.596,327,939388
6,3,0,0,0,4,5,1,0.904,327,899684
5,4,0,0,0,6,5,2,1.230,296,921576
15,7,0,0,0,6,6,2,1.529,296,986272
20,8,0,0,0,8,7,2,1.994,295,1045472
4,3,0,0,0,2,4,1,0.530,327,863680
22,9,0,0,0,6,7,2,1.741,296,1049780
2,2,0,0,0,1,3,1,0.293,328,832688
19,8,0,0,0,7,6,1,1.803,327,1026436
14,6,0,0,0,5,6,1,1.334,327,986152
6,0,0,0,0,5,4,2,0.998,296,885784
25,12,0,0,0,7,7,2,2.048,296,1108468
4,4,0,0,0,4,8,2,0.879,296,892496
8,0,0,0,0,7,4,3,1.369,264,921588
8,0,0,0,0,9,5,3,1.693,264,935688
37,10,0,0,0,9,9,2,2.605,296,1187864
6,4,0,0,0,5,4,2,1.092,295,914388
11,6,0,0,0,6,8,2,1.412,296,955544
2,3,0,0,0,3,4,2,0.643,296,859264
10,3,0,0,0,4,6,2,0.999,296,921912
13,0,0,0,0,10,7,5,1.979,197,990768
4,4,0,0,0,4,5,2,0.881,296,892492
13,7,0,0,0,5,5,1,1.329,327,978232
18,6,0,0,0,5,7,1,1.409,327,986736
6,5,0,0,0,7,10,4,1.443,231,945516
2,1,0,0,0,3,3,1,0.596,328,844820
4,3,0,0,0,4,8,3,0.857,263,883460
21,10,0,0,0,4,7,1,1.427,326,1058244
9,2,0,0,0,4,5,2,0.952,296,914400
2,1,0,0,0,4,3,2,0.760,296,855896
3,2,0,0,0,2,3,1,0.481,328,848976
9,0,0,0,0,14,5,3,2.532,262,996896
6,3,0,0,0,4,6,2,0.904,296,899688
11,4,0,0,0,4,5,2,1.047,296,940768
10,0,0,0,0,5,4,2,1.090,295,914400
23,9,0,0,0,11,7,2,2.583,296,1112544
2,2,0,0,0,3,4,1,0.622,328,853856
5,4,0,0,0,6,9,4,1.230,231,921576
3,0,0,0,0,3,3,2,0.595,296,839944
9,3,0,0,0,6,7,2,1.297,295,931664
8,6,0,0,0,5,5,1,1.187,327,944728
6,5,0,0,0,4,5,1,0.952,327,914396
2,3,0,0,0,3,5,2,0.621,296,853856
4,3,0,0,0,2,4,1,0.530,327,863684
3,3,0,0,0,2,4,1,0.505,328,854384
2,2,0,0,0,3,3,1,0.621,327,853856
10,0,0,0,0,5,6,2,1.091,296,916708
2,2,0,0,0,2,4,1,0.456,328,839940
11,5,0,0,0,6,6,1,1.387,327,949416
7,6,0,0,0,4,5,1,0.999,327,921912
18,6,0,0,0,6,7,1,1.575,327,998540
9,5,0,0,0,6,5,2,1.350,296,949944
8,6,0,0,0,8,8,3,1.665,263,961344
4,3,0,0,0,4,5,2,0.858,296,883456
3,4,0,0,0,3,6,2,0.694,296,875748
3,2,0,0,0,3,5,2,0.643,296,859260
20,7,0,0,0,8,7,1,1.987,327,1071564
4,2,0,0,0,3,6,2,0.668,296,868556
5,3,0,0,0,3,6,2,0.719,296,881420
3,0,0,0,0,4,3,2,0.759,296,853860
22,11,0,0,0,8,7,2,2.110,295,1071564
16,5,0,0,0,7,7,2,1.667,296,990360
7,2,0,0,0,6,4,2,1.232,295,921576
2,1,0,0,0,4,3,3,0.760,264,853852
3,2,0,0,0,2,4,1,0.482,328,848976
2,4,0,0,0,5,4,2,0.998,295,883460
5,3,0,0,0,1,4,1,0.389,328,861832
2,3,0,0,0,2,4,1,0.481,328,848976
17,0,0,0,0,30,6,5,5.303,197,1153432
8,5,0,0,0,7,8,2,1.491,295,958844
5,4,0,0,0,6,5,2,1.231,296,921576
5,4,0,0,0,5,4,2,1.065,296,905352
5,4,0,0,0,5,10,3,1.066,263,907660
2,3,0,0,0,3,4,2,0.644,296,859260
5,0,0,0,0,4,4,2,0.807,296,870608
15,7,0,0,0,4,6,1,1.210,327,982764
3,2,0,0,0,4,4,2,0.806,295,868560
8,0,0,0,0,3,4,1,0.719,327,881424
14,0,0,0,0,9,5,2,1.839,295,987472
3,1,0,0,0,3,3,2,0.621,295,853852
5,5,0,0,0,3,5,1,0.765,327,897644
4,4,0,0,0,3,4,2,0.716,296,876544
4,2,0,0,0,3,4,2,0.669,296,868560
6,0,0,0,0,3,4,1,0.669,327,868572
3,3,0,0,0,3,5,2,0.669,296,868560
17,7,0,0,0,7,5,2,1.754,295,1040420
11,0,0,0,0,12,5,4,2.255,231,986156
19,8,0,0,0,7,7,2,1.810,296,1026436
2,2,0,0,0,4,4,2,0.782,295,859252
36,22,0,0,0,21,8,2,4.802,294,1352788
1,2,0,0,0,1,3,1,0.268,328,823644
3,2,0,0,0,3,5,2,0.644,295,859264
14,0,0,0,0,13,5,3,2.481,263,1007176
2,1,0,0,0,2,3,1,0.433,327,834532
35,0,0,0,0,28,6,4,5.396,230,1241552
4,3,0,0,0,4,4,2,0.858,296,883456
6,0,0,0,0,3,4,2,0.669,296,868568
24,12,0,0,0,11,9,2,2.681,295,1137140
7,4,0,0,0,5,6,2,1.115,296,923884
11,7,0,0,0,9,6,2,1.931,296,1007316
18,10,0,0,0,5,7,1,1.507,327,1013564
22,11,0,0,0,10,7,2,2.443,295,1105888
5,0,0,0,0,4,4,2,0.807,295,868568
3,2,0,0,0,4,4,2,0.807,295,868552
24,9,0,0,0,7,8,2,1.957,296,1080432
2,1,0,0,0,2,3,1,0.433,328,834528
17,5,0,0,0,5,7,1,1.362,327,976516
10,8,0,0,0,7,8,3,1.618,264,985952
13,0,0,0,0,18,5,3,3.262,262,1035400
3,4,0,0,0,5,9,3,1.019,263,894800
2,2,0,0,0,2,4,1,0.456,328,839940
19,7,0,0,0,8,7,2,1.945,296,1028480
14,0,0,0,0,7,6,2,1.512,295,960692
6,0,0,0,0,3,4,2,0.668,296,868568
3,4,0,0,0,4,7,3,0.857,264,883456
4,4,0,0,0,6,9,4,1.207,231,912540
18,7,0,0,0,6,7,1,1.611,327,1038380
2,2,0,0,0,2,3,2,0.455,296,838092
7,4,0,0,0,5,7,3,1.113,264,922828
4,4,0,0,0,3,5,1,0.718,327,881420
24,14,0,0,0,11,7,2,2.707,296,1129924
22,10,0,0,0,10,8,2,2.409,295,1084896
16,8,0,0,0,7,5,1,1.734,327,1006988
18,7,0,0,0,8,7,2,1.922,295,1020820
5,0,0,0,0,10,4,3,1.785,263,927708
30,15,0,0,0,13,8,2,3.206,295,1197104
27,17,0,0,0,19,6,2,4.150,294,1240880
22,10,0,0,0,11,6,2,2.582,295,1112544
2,2,0,0,0,3,4,2,0.621,295,853856
4,3,0,0,0,4,4,1,0.857,327,883460
6,0,0,0,0,4,4,2,0.835,295,877800
18,11,0,0,0,9,8,2,2.192,296,1068296
4,0,0,0,0,4,5,4,0.782,231,861316
16,8,0,0,0,3,6,1,1.085,327,971108
5,2,0,0,0,2,4,1,0.529,327,863680
11,4,0,0,0,6,5,1,1.374,327,959372
20,10,0,0,0,8,8,2,2.052,296,1065724
3,2,0,0,0,3,5,2,0.644,296,859260
10,3,0,0,0,10,5,3,1.979,263,981536
6,0,0,0,0,3,4,2,0.669,296,868572
21,6,0,0,0,7,8,2,1.805,296,1026440
10,5,0,0,0,6,6,2,1.374,296,959376
21,6,0,0,0,5,7,2,1.480,296,1007440
21,7,0,0,0,7,7,2,1.848,295,1067468
26,11,0,0,0,13,7,2,3.016,295,1143304
3,2,0,0,0,2,4,1,0.481,328,848976
5,2,0,0,0,4,4,1,0.857,327,883456
3,0,0,0,0,1,3,1,0.268,328,823648
9,5,0,0,0,7,6,2,1.510,295,959376
12,0,0,0,0,8,6,3,1.628,264,953764
8,4,0,0,0,3,4,1,0.813,328,912356
2,1,0,0,0,4,3,2,0.757,296,848968
7,0,0,0,0,6,4,3,1.181,264,906880
13,5,0,0,0,5,5,1,1.270,327,951920
6,0,0,0,0,6,7,6,1.159,166,899688
9,7,0,0,0,6,7,2,1.385,295,949416
15,12,0,0,0,19,9,3,3.762,263,1140572
6,4,0,0,0,4,5,1,0.928,327,905556
11,0,0,0,0,12,5,3,2.255,263,990772
9,7,0,0,0,7,7,2,1.555,296,970188
12,6,0,0,0,4,5,1,1.110,327,950000
5,4,0,0,1,5,12,4,1.065,231,907660
2,3,0,0,0,3,5,2,0.644,296,859260
6,0,0,0,0,5,4,3,0.996,263,883476
11,9,0,0,0,11,5,2,2.289,295,1011064
2,0,0,0,0,2,3,1,0.408,328,825500
14,0,0,0,0,9,5,2,1.824,295,961676
11,5,0,0,0,7,6,2,1.555,295,970188
8,5,0,0,0,6,7,2,1.328,295,950660
20,5,0,0,0,6,6,1,1.614,327,1038380
3,3,0,0,0,4,7,3,0.835,264,877784
10,5,0,0,0,12,5,3,2.343,263,1007176
9,3,0,0,0,3,5,1,0.813,327,912356
13,4,0,0,0,5,7,2,1.246,296,945788
6,7,0,0,0,8,6,2,1.649,295,960696
7,4,0,0,0,4,6,2,0.954,296,914400
2,1,0,0,0,2,3,1,0.433,328,834528
12,4,0,0,0,12,6,2,2.363,295,1018392
13,10,0,0,0,10,6,2,2.199,295,1023388
4,3,0,0,0,3,4,1,0.694,327,875748
10,5,0,0,0,7,7,2,1.527,296,959304
4,0,0,0,0,4,4,3,0.783,263,861316
8,0,0,0,0,7,4,3,1.368,263,916708
20,8,0,0,0,6,7,2,1.667,296,1022352
4,0,0,0,0,5,4,2,0.947,295,870604
5,0,0,0,0,2,3,1,0.482,327,848980
5,0,0,0,0,6,4,2,1.137,296,890656
6,0,0,0,0,5,4,2,0.996,295,883472
10,4,0,0,0,4,5,1,1.027,327,936292
15,11,0,0,0,9,7,2,2.103,296,1031104
9,6,0,0,0,5,6,2,1.210,296,946316
9,0,0,0,0,6,4,2,1.231,295,914404
19,13,0,0,0,11,6,2,2.581,296,1112544
5,0,0,0,0,5,5,2,0.975,296,880108
6,3,0,0,0,3,4,1,0.743,327,890460
8,4,0,0,0,5,6,1,1.139,327,927980
3,1,0,0,0,3,3,2,0.621,296,853856
11,6,0,0,0,7,6,2,1.586,296,981868
3,2,0,0,0,3,4,1,0.644,327,859260
4,2,0,0,0,1,3,1,0.342,327,847124
2,1,0,0,0,4,3,1,0.666,327,826748
5,3,0,0,0,2,5,1,0.554,327,870868
7,5,0,0,0,7,13,5,1.465,198,951656
2,2,0,0,0,3,4,1,0.621,327,853856
9,5,0,0,0,7,5,2,1.512,296,963464
8,0,0,0,0,7,4,2,1.371,295,921588
9,5,0,0,0,5,6,2,1.189,296,945784
2,3,0,0,0,2,4,2,0.481,296,848976
9,0,0,0,0,4,4,2,0.904,296,899700
8,6,0,0,0,5,5,2,1.179,295,928316
6,4,0,0,0,3,5,1,0.767,327,897644
4,4,0,0,0,6,7,3,1.206,263,912540
23,9,0,0,0,6,7,1,1.787,327,1087256
10,5,0,0,0,4,5,1,1.051,327,943148
9,0,0,0,0,6,4,3,1.230,263,914404
6,0,0,0,0,9,4,3,1.647,264,927716
9,7,0,0,0,7,5,2,1.548,296,955548
18,5,0,0,0,6,7,2,1.552,296,990360
8,3,0,0,0,1,5,1,0.462,327,883724
4,3,0,0,0,4,8,3,0.856,264,883460
4,4,0,0,0,4,5,2,0.879,295,892496
8,6,0,0,0,5,5,1,1.185,327,944464
5,2,0,0,0,1,4,1,0.364,328,852528
5,6,0,0,0,4,5,1,0.951,327,914396
14,5,0,0,0,4,5,1,1.140,327,960888
18,7,0,0,0,3,7,1,1.111,327,977236
7,2,0,0,0,6,4,2,1.230,295,916696
4,0,0,0,0,7,4,2,1.278,295,890656
3,0,0,0,2,2,4,1,0.433,328,834528
14,4,0,0,0,5,6,1,1.271,327,951920
6,5,0,0,0,4,4,1,0.953,327,914400
2,2,0,0,0,2,4,2,0.457,296,839936
3,4,0,0,0,4,4,2,0.857,295,881412
21,8,0,0,0,9,7,2,2.190,295,1068296
17,7,0,0,0,10,8,2,2.225,295,1035668
13,7,0,0,0,6,6,1,1.480,327,974008
16,5,0,0,0,5,7,1,1.342,327,970380
8,0,0,0,0,3,4,1,0.718,327,881424
4,3,0,0,0,5,8,3,1.018,264,894800
19,7,0,0,0,9,7,2,2.126,295,1072880
31,16,0,0,0,16,7,2,3.739,295,1242744
10,4,0,0,0,6,7,1,1.356,327,956800
3,2,0,0,0,3,4,1,0.644,327,859260
5,3,0,0,0,7,4,2,1.366,296,921576
12,7,0,0,0,8,5,1,1.782,327,986280
4,3,0,0,0,2,5,1,0.528,327,863680
21,10,0,0,0,12,7,2,2.720,295,1112548
7,2,0,0,0,3,6,1,0.742,327,890456
17,5,0,0,0,6,7,1,1.530,327,986268
3,3,0,0,0,4,5,2,0.835,296,877784
5,4,0,0,0,4,4,1,0.904,327,899684
6,5,0,0,0,6,6,2,1.279,295,934180
2,2,0,0,0,2,4,2,0.457,296,839940
5,1,0,0,0,1,3,1,0.342,328,847124
12,9,0,0,0,12,7,3,2.480,264,1034136
2,2,0,0,0,5,5,1,0.947,327,872904
4,3,0,0,0,4,5,2,0.856,296,883456
2,2,0,0,0,3,4,2,0.621,296,853856
11,2,0,0,0,18,5,3,3.264,263,1035724
12,5,0,0,0,5,5,1,1.259,327,967692
3,2,0,0,0,2,4,1,0.481,328,848976
28,15,0,0,0,12,7,2,3.008,296,1205348
8,8,0,0,0,8,17,6,1.725,166,981828
5,4,0,0,0,3,5,1,0.742,327,890456
9,0,0,0,0,6,4,2,1.230,295,916712
3,3,0,0,0,2,4,1,0.503,328,854384
3,4,0,0,0,4,6,2,0.858,296,883456
4,0,0,0,0,7,4,3,1.276,263,890644
10,5,0,0,0,4,6,1,1.051,327,943476
10,5,0,0,0,6,5,1,1.370,327,959372
6,0,0,0,0,3,5,2,0.669,296,868568
5,2,0,0,0,3,5,1,0.694,327,875752
12,6,0,0,0,7,6,2,1.616,296,981864
5,3,0,0,0,3,4,1,0.719,327,881420
3,3,0,0,0,3,4,1,0.670,327,868560
22,10,0,0,0,14,8,2,3.055,295,1120232
10,0,0,0,0,7,5,3,1.417,264,927972
14,3,0,0,0,6,6,2,1.413,296,955544
10,7,0,0,0,7,6,2,1.587,295,977780
2,0,0,0,0,1,3,1,0.245,328,817976
19,7,0,0,0,7,8,2,1.786,296,1021292
11,8,0,0,0,8,7,2,1.790,295,1000292
18,7,0,0,0,6,7,2,1.610,296,1028944
2,2,0,0,0,3,3,1,0.622,328,853856
12,7,0,0,0,8,7,2,1.797,295,1015228
1,2,0,0,0,2,4,2,0.434,296,834528
2,2,0,0,0,3,5,2,0.621,296,853856
7,0,0,0,0,4,4,2,0.859,295,883472
20,6,0,0,0,5,7,1,1.475,327,1033504
8,4,0,0,0,4,7,2,0.979,296,921588
5,0,0,0,0,2,3,1,0.481,328,848980
8,6,0,0,0,5,5,2,1.187,296,944464
22,6,0,0,0,6,7,2,1.668,296,1022348
6,4,0,0,0,7,5,2,1.415,295,927976
4,2,0,0,0,3,4,1,0.670,327,868560
15,6,0,0,0,7,7,2,1.668,296,990360
4,4,0,0,0,5,10,4,1.044,231,901988
14,7,0,0,0,8,6,2,1.841,295,1018388
2,3,0,0,0,2,4,1,0.481,328,848976
11,8,0,0,0,7,6,2,1.625,296,992064
7,1,0,0,0,1,5,1,0.390,328,861832
7,5,0,0,0,7,5,2,1.468,295,949608
5,4,0,0,0,3,4,1,0.742,327,890456
11,5,0,0,0,5,6,1,1.234,327,955744
28,13,0,0,0,8,7,1,2.295,326,1120692
6,4,0,0,0,4,6,2,0.928,296,905556
14,0,0,0,0,3,6,1,0.862,327,923636
18,5,0,0,0,7,7,2,1.714,296,1002628
11,4,0,0,0,4,5,1,1.049,327,943476
17,7,0,0,0,7,7,2,1.755,296,1040420
2,2,0,0,0,3,4,1,0.620,327,853856
16,7,0,0,0,8,8,2,1.894,295,1044516
4,2,0,0,0,3,4,2,0.669,296,868560
5,4,0,0,0,6,5,2,1.231,296,921576
8,0,0,0,0,7,4,2,1.370,295,921588
5,0,0,0,0,4,4,2,0.808,295,868568
18,7,0,0,0,6,8,1,1.614,327,1038380
9,7,0,0,0,8,7,2,1.727,296,983908
5,3,0,0,0,3,4,1,0.718,327,881420
1,1,0,0,0,1,3,1,0.245,328,817972
3,2,0,0,0,3,4,1,0.645,327,859264
12,5,0,0,0,4,6,1,1.094,327,955476
16,5,0,0,0,5,6,1,1.344,327,970380
3,2,0,0,0,2,3,1,0.386,328,819820
9,6,0,0,0,6,5,2,1.372,296,959372
4,0,0,0,0,3,3,1,0.621,327,853860
6,0,0,0,0,5,4,2,0.996,295,885784
9,0,0,0,0,6,4,3,1.230,264,914400
1,1,0,0,0,1,3,1,0.244,328,817972
8,5,0,0,0,5,5,2,1.162,296,931740
3,2,0,0,0,2,3,1,0.481,328,848976
9,4,0,0,0,7,5,2,1.490,296,954032
2,1,0,0,0,2,3,1,0.361,328,810520
20,13,0,0,0,15,9,2,3.171,295,1147108
16,9,0,0,0,6,5,1,1.598,326,1002420
14,8,0,0,0,8,6,2,1.852,296,1002412
5,4,0,0,0,4,4,1,0.904,327,899684
11,5,0,0,0,6,7,2,1.390,295,955216
2,1,0,0,0,2,3,1,0.433,328,834532
8,2,0,0,0,5,4,2,1.092,296,914388
2,0,0,0,0,3,3,2,0.572,296,839416
19,9,0,0,0,8,8,2,1.995,295,1045472
6,5,0,0,0,4,4,1,0.953,327,914400
2,1,0,0,0,2,3,2,0.434,296,834528
19,8,0,0,0,9,7,2,2.133,296,1047780
4,2,0,0,0,4,4,2,0.836,295,875740
9,5,0,0,0,8,6,2,1.667,295,961344
2,3,0,0,0,2,6,2,0.482,296,848976
3,2,0,0,0,3,5,2,0.644,296,859264
22,11,0,0,0,7,8,1,1.950,326,1077000
15,6,0,0,0,5,7,2,1.352,296,987812
13,5,0,0,0,4,5,1,1.108,327,944460
36,0,0,0,0,29,7,4,5.593,230,1253816
7,0,0,0,0,8,4,2,1.507,296,927716
10,7,0,0,0,8,6,2,1.746,295,987992
3,3,0,0,0,4,5,2,0.809,296,870596
26,18,0,0,0,19,7,2,4.149,295,1238836
22,9,0,0,0,10,8,2,2.412,294,1120688
8,2,0,0,0,4,5,1,0.925,327,905548
1,2,0,0,0,1,3,1,0.268,328,823644
3,4,0,0,0,3,4,1,0.693,327,875748
14,8,0,0,0,9,6,2,2.029,295,1045844
26,11,0,0,0,18,6,2,3.842,295,1205928
26,7,0,0,0,8,7,2,2.112,295,1071564
2,2,0,0,0,2,4,1,0.457,328,839940
3,2,0,0,0,5,7,3,0.976,263,880092
3,1,0,0,0,1,3,1,0.293,328,832688
2,1,0,0,0,2,3,1,0.409,328,825496
2,2,0,0,0,1,4,1,0.293,328,832688
2,1,0,0,0,1,3,1,0.268,328,823644
2,1,0,0,0,4,3,2,0.760,296,855896
19,6,0,0,0,6,7,2,1.618,296,1038380
13,10,0,0,0,8,6,2,1.892,295,1033504
17,0,0,0,0,14,5,2,2.724,294,1055860
2,0,0,0,0,5,3,3,0.900,264,855900
7,5,0,0,0,4,6,2,0.977,296,920532
22,10,0,0,0,8,7,2,2.091,296,1077008
10,7,0,0,0,6,9,2,1.417,295,966096
4,2,0,0,0,2,4,1,0.505,328,854380
9,5,0,0,0,6,6,2,1.353,296,949944
10,7,0,0,0,8,5,2,1.750,296,985948
2,0,0,0,0,3,3,2,0.573,296,839416
3,4,0,0,0,2,4,1,0.529,327,863680
2,3,0,0,0,2,4,1,0.481,328,848976
8,5,0,0,0,4,7,2,0.998,296,921912
27,12,0,0,0,8,7,1,2.263,326,1127912
2,2,0,0,0,3,3,1,0.621,328,853856
9,0,0,0,0,6,4,2,1.232,295,916712
2,2,0,0,0,3,3,2,0.620,295,853856
4,2,0,0,0,3,4,1,0.668,327,868560
2,0,0,0,0,3,3,2,0.572,296,839416
5,3,0,0,0,4,6,2,0.881,296,892492
2,1,0,0,0,3,4,2,0.597,296,844820
7,0,0,0,0,8,4,4,1.505,231,921584
8,4,0,0,0,2,5,1,0.652,328,898436
5,0,0,0,0,4,4,2,0.807,296,870612
9,3,0,0,0,3,4,1,0.815,327,912356
19,6,0,0,0,5,7,2,1.437,296,994908
9,0,0,0,0,6,4,2,1.231,295,914404
4,3,0,0,0,4,4,2,0.855,296,875212
8,7,0,0,0,4,5,1,1.049,327,943148
15,10,0,0,0,10,7,2,2.270,295,1076760
14,9,0,0,0,8,5,2,1.874,295,1008544
7,2,0,0,0,6,4,2,1.233,296,921576
2,0,0,0,0,5,3,3,0.899,264,855900
17,6,0,0,0,6,6,1,1.552,327,990360
20,9,0,0,0,8,7,2,2.022,296,1055904
31,14,0,0,0,16,7,2,3.694,295,1230580
32,15,0,0,0,16,7,2,3.768,295,1300792
17,9,0,0,0,7,8,2,1.782,296,1021292
19,7,0,0,0,4,7,1,1.311,327,1023408
6,0,0,0,0,5,4,2,0.995,295,883472
4,2,0,0,0,5,4,2,0.995,296,885764
14,6,0,0,0,6,5,2,1.488,296,987980
20,6,0,0,0,7,8,1,1.782,326,1021292
19,7,0,0,0,8,7,2,1.948,296,1028484
19,6,0,0,0,4,6,1,1.273,326,985412
5,4,0,0,0,3,5,2,0.742,296,890460
4,4,0,0,0,2,4,1,0.554,327,870864
14,6,0,0,0,7,7,1,1.651,327,1002696
13,9,0,0,0,9,5,2,2.015,296,1008556
2,2,0,0,0,3,3,2,0.621,296,853856
16,6,0,0,0,4,6,1,1.203,327,969124
4,0,0,0,0,7,4,3,1.280,264,890656
19,8,0,0,0,8,7,2,1.981,295,1057640
21,6,0,0,0,7,7,1,1.808,327,1026436
4,1,0,0,0,2,3,1,0.481,328,848976
10,4,0,0,0,5,5,1,1.186,327,944464
5,4,0,0,0,4,4,1,0.903,327,899684
4,0,0,0,0,4,4,2,0.783,296,861312
4,4,0,0,0,3,4,2,0.718,295,876540
2,1,0,0,0,2,3,1,0.434,328,834532
3,2,0,0,0,2,4,1,0.481,328,848976
13,5,0,0,0,5,5,1,1.270,327,951920
4,5,0,0,0,4,4,1,0.904,327,899684
13,10,0,0,0,5,7,1,1.388,327,982648
1,0,0,0,0,4,3,2,0.711,296,841460
11,6,0,0,0,8,5,1,1.747,327,987992
19,9,0,0,0,13,8,2,2.819,295,1104104
30,11,0,0,0,11,8,2,2.797,295,1168968
3,3,0,0,0,3,4,1,0.669,327,868560
10,8,0,0,0,10,6,2,2.092,295,1007632
11,11,0,0,0,11,6,2,2.350,295,1052160
17,6,0,0,0,4,7,1,1.228,327,975192
7,3,0,0,0,5,5,1,1.091,327,916696
40,18,0,0,0,17,12,2,4.162,294,1318484
8,4,0,0,0,5,5,1,1.141,327,927980
7,0,0,0,0,4,4,2,0.858,296,883472
6,4,0,0,0,5,5,2,1.090,296,916696
4,3,0,0,0,5,6,3,1.021,263,892492
6,0,0,0,0,5,4,2,0.996,295,883472
2,3,0,0,0,2,3,2,0.481,296,848976
10,5,0,0,0,7,6,2,1.528,296,959304
10,10,0,0,0,10,20,7,2.128,131,1011864
28,14,0,0,0,13,7,2,3.143,295,1207392
3,2,0,0,0,2,3,1,0.482,328,848972
5,0,0,0,0,4,4,2,0.808,296,870612
4,5,0,0,0,4,4,1,0.905,327,899680
3,2,0,0,0,4,5,2,0.806,296,870596
1,2,0,0,0,2,3,1,0.386,327,819820
5,4,0,0,0,4,4,2,0.904,295,897636
15,6,0,0,0,6,7,2,1.515,296,997568
2,1,0,0,1,2,3,2,0.408,296,825492
12,8,0,0,0,10,7,1,2.128,327,1009612
1,2,0,0,0,3,4,2,0.596,296,844820
3,0,0,0,0,6,4,2,1.083,295,872904
29,16,0,0,0,12,8,2,3.041,295,1182796
6,3,0,0,0,6,4,2,1.230,295,921584
4,4,0,0,0,3,5,2,0.718,296,881420
1,1,0,0,0,1,2,1,0.245,328,817972
9,7,0,0,0,5,5,1,1.232,327,955744
2,1,0,0,0,1,3,1,0.268,328,823644
6,0,0,0,0,3,4,2,0.669,296,868572
5,4,0,0,0,4,5,1,0.904,327,899684
21,6,0,0,0,7,7,2,1.807,296,1026436
2,2,0,0,0,3,3,2,0.621,296,853856
4,2,0,0,0,5,4,2,0.997,296,885764
22,7,0,0,0,7,7,2,1.866,296,1066216
30,16,0,0,0,16,7,2,3.712,295,1225212
3,3,0,0,0,2,4,1,0.505,327,854380
5,3,0,0,0,4,4,2,0.881,296,892496
13,5,0,0,0,4,6,1,1.108,327,944460
8,7,0,0,0,10,6,3,2.030,264,991540
19,8,0,0,0,6,7,2,1.644,296,1017200
23,0,0,0,0,24,6,4,4.468,230,1135952
4,3,0,0,0,2,4,1,0.529,327,863680
20,8,0,0,0,7,7,2,1.846,296,1067468
3,2,0,0,0,2,4,1,0.482,328,848976
27,10,0,0,0,10,8,2,2.539,295,1135096
17,11,0,0,0,11,6,2,2.496,296,1083532
10,7,0,0,0,8,7,2,1.749,295,987992
4,0,0,0,0,5,5,1,0.948,327,872924
7,4,0,0,0,2,4,1,0.625,327,892764
3,3,0,0,0,3,6,2,0.669,296,868560
17,7,0,0,0,8,7,2,1.900,296,1017200
7,0,0,0,0,12,5,3,2.161,263,960956
4,1,0,0,0,3,4,2,0.644,296,859260
7,3,0,0,0,3,5,1,0.764,327,897644
15,0,0,0,0,10,5,2,2.030,295,998484
20,9,0,0,0,7,7,2,1.857,296,1043428
11,5,0,0,0,3,5,1,0.909,327,941432
2,2,0,0,0,3,4,1,0.621,328,853856
6,5,0,0,0,4,5,1,0.953,327,914396
3,2,0,0,0,2,3,1,0.482,328,848976
4,3,0,0,0,3,4,1,0.694,327,875748
2,1,0,0,0,2,3,1,0.386,327,819820
21,8,0,0,0,7,8,2,1.853,296,1043428
5,0,0,0,0,4,4,2,0.806,296,870604
18,7,0,0,0,7,8,2,1.760,295,1015152
2,2,0,0,0,2,4,1,0.457,328,839940
16,9,0,0,0,4,7,2,1.271,296,985412
18,4,0,0,0,6,7,2,1.527,296,986272
11,6,0,0,0,6,5,1,1.417,327,970588
2,1,0,0,0,2,3,1,0.433,328,834528
11,0,0,0,0,8,5,3,1.602,263,949612
18,7,0,0,0,9,7,2,2.084,296,1030792
0,2,0,0,0,1,2,1,0.245,329,817980
15,8,0,0,0,8,5,2,1.873,296,1006500
3,1,0,0,0,2,4,2,0.457,296,839940
19,9,0,0,0,7,7,1,1.847,327,1067468
5,3,0,0,0,6,10,4,1.206,231,912540
30,13,0,0,0,12,8,2,3.009,296,1205348
5,4,0,0,0,3,4,2,0.741,296,890456
2,1,0,0,0,3,4,1,0.572,327,839408
15,7,0,0,0,5,6,1,1.368,327,976512
16,5,0,0,0,6,6,2,1.504,296,980140
2,2,0,0,0,3,4,2,0.621,296,853856
2,2,0,0,0,4,6,2,0.782,296,861300
6,3,0,0,0,4,4,1,0.903,327,899680
11,6,0,0,0,4,6,2,1.096,296,954420
3,1,0,0,0,3,4,1,0.622,328,853856
10,1,0,0,0,20,5,4,3.540,230,1035404
5,0,0,0,0,5,4,2,0.976,296,880112
10,6,0,0,0,8,6,2,1.725,296,983904
14,9,0,0,0,8,5,1,1.873,327,1008544
15,10,0,0,0,10,6,2,2.241,296,1038292
10,5,0,0,0,5,5,1,1.209,327,946316
21,10,0,0,0,11,7,2,2.547,296,1086936
11,6,0,0,0,5,5,1,1.250,327,951588
15,6,0,0,0,4,6,1,1.192,327,984568
5,2,0,0,0,6,5,2,1.041,296,863076
16,5,0,0,0,5,8,2,1.343,296,970380
20,0,0,0,0,11,5,3,2.291,263,1011056
7,7,0,0,0,12,10,4,2.325,230,1007172
2,1,0,0,0,2,3,1,0.433,327,834532
9,3,0,0,0,3,5,1,0.813,327,912356
12,5,0,0,0,4,6,1,1.092,327,955484
8,4,0,0,0,3,5,1,0.814,327,912356
6,0,0,0,0,7,4,2,1.320,295,908924
8,0,0,0,0,5,5,2,1.043,295,902004
3,1,0,0,0,3,3,2,0.620,296,848976
41,26,0,0,0,22,9,2,5.178,294,1420280
27,15,0,0,0,17,8,3,3.815,264,1263388
5,4,0,0,0,4,5,2,0.904,295,897640
8,6,0,0,0,5,6,2,1.186,295,944464
3,0,0,0,2,2,4,1,0.433,328,834528
13,9,0,0,0,9,6,2,2.009,295,1011128
27,14,0,0,0,14,7,2,3.291,295,1209964
13,5,0,0,0,5,5,1,1.272,327,951920
12,5,0,0,0,5,9,2,1.248,295,945788
3,3,0,0,0,4,5,2,0.835,296,877792
21,7,0,0,0,9,7,2,2.161,296,1058476
4,0,0,0,0,4,5,4,0.782,231,861316
7,6,0,0,0,6,5,2,1.327,295,948092
18,9,0,0,0,6,8,2,1.647,296,1017200
3,2,0,0,0,2,4,1,0.481,327,848976
21,8,0,0,0,6,6,1,1.711,326,1065428
21,8,0,0,0,5,7,1,1.531,327,1018724
5,3,0,0,0,4,5,2,0.881,296,892492
4,4,0,0,0,3,4,1,0.718,327,881420
8,9,0,0,0,6,6,2,1.422,296,980024
3,3,0,0,0,5,4,1,0.998,327,885768
3,3,0,0,0,3,4,2,0.669,296,868560
2,2,0,0,0,2,3,2,0.456,296,839940
6,4,0,0,0,5,4,2,1.092,296,914388
3,2,0,0,0,3,4,1,0.643,327,859260
10,7,0,0,0,9,6,2,1.908,296,996680
4,0,0,0,0,7,4,3,1.277,263,890656
4,1,0,0,0,3,4,2,0.643,296,859264
19,9,0,0,0,7,7,2,1.848,295,1067468
4,5,0,0,0,5,8,3,1.068,263,907660
4,0,0,0,0,4,4,2,0.782,295,859268
22,14,0,0,0,13,6,2,2.990,295,1136060
3,2,0,0,0,4,4,1,0.809,327,870596
2,0,0,0,0,3,3,1,0.572,328,839416
9,0,0,0,0,6,4,2,1.231,295,916712
10,0,0,0,0,5,4,2,1.090,296,914400
17,7,0,0,0,5,8,1,1.409,327,986728
10,5,0,0,0,3,5,1,0.887,327,934240
2,1,0,0,0,2,3,1,0.432,328,834532
5,4,0,0,0,6,5,2,1.230,296,921576
5,3,0,0,0,5,5,1,1.043,327,901988
4,0,0,0,0,5,4,3,0.945,264,872920
21,5,0,0,0,8,8,2,1.945,295,1028484
5,3,0,0,0,4,5,2,0.881,296,892496
3,2,0,0,0,6,4,1,1.138,327,890652
11,6,0,0,0,6,6,1,1.422,327,980024
28,15,0,0,0,16,7,2,3.646,295,1215872
3,0,0,0,0,4,4,1,0.761,327,855908
5,2,0,0,0,4,4,1,0.858,327,883456
18,5,0,0,0,5,7,1,1.389,327,982644
2,2,0,0,0,2,4,1,0.457,328,839940
5,0,0,0,0,3,4,1,0.644,327,859268
20,7,0,0,0,8,7,2,1.987,296,1067476
3,0,0,0,0,4,4,2,0.760,296,855908
9,4,0,0,0,5,6,1,1.162,327,936220
14,5,0,0,0,3,6,1,0.970,327,940432
18,8,0,0,0,8,7,1,1.948,327,1028480
12,5,0,0,0,6,6,2,1.425,296,980024
5,0,0,0,0,6,4,3,1.139,263,890656
16,6,0,0,0,9,5,2,2.014,295,1011128
6,0,0,0,0,9,4,4,1.647,231,923628
3,2,0,0,0,2,4,1,0.481,327,848976
14,7,0,0,0,8,6,2,1.828,296,996496
10,7,0,0,0,8,6,2,1.746,296,987992
3,4,0,0,0,3,4,2,0.694,296,875744
18,9,0,0,0,4,5,1,1.334,326,1031188
9,6,0,0,0,7,8,2,1.529,295,953500
2,3,0,0,0,2,6,2,0.480,296,848976
5,4,0,0,0,4,4,1,0.905,327,899684
7,5,0,0,0,11,5,3,2.111,263,983584
2,3,0,0,0,2,4,1,0.482,328,848976
5,5,0,0,0,5,4,2,1.091,296,916704
2,0,0,0,0,3,3,2,0.572,296,839416
4,2,0,0,0,3,4,1,0.669,327,868560
18,10,0,0,0,10,8,2,2.337,295,1072916
5,2,0,0,0,3,4,1,0.693,328,875748
3,4,0,0,0,3,4,1,0.693,327,875748
21,6,0,0,0,5,7,1,1.478,327,1007440
4,2,0,0,0,7,4,3,1.323,263,906868
5,0,0,0,0,5,5,2,0.974,295,880108
3,1,0,0,0,4,5,3,0.782,263,861300
7,0,0,0,0,7,5,3,1.342,263,907676
20,6,0,0,0,5,7,1,1.475,327,1033504
12,0,0,0,0,5,6,3,1.135,264,926396
5,0,0,0,0,4,5,2,0.807,295,870612
3,3,0,0,0,4,6,2,0.834,295,877784
13,3,0,0,0,7,6,1,1.556,327,974672
15,7,0,0,0,5,6,1,1.380,327,1004228
1,2,0,0,0,2,4,2,0.432,296,834532
19,6,0,0,0,6,7,1,1.613,327,1038380
5,5,0,0,0,5,11,4,1.092,231,916696
8,7,0,0,0,4,5,1,1.048,327,943144
21,13,0,0,0,13,6,2,2.957,295,1141228
9,4,0,0,0,6,6,2,1.327,296,950660
6,4,0,0,0,5,4,2,1.091,296,914388
31,15,0,0,0,17,7,2,3.884,295,1246828
2,2,0,0,0,2,4,1,0.457,328,839940
12,7,0,0,0,8,9,3,1.801,264,1015228
3,0,0,0,0,4,3,2,0.758,296,848984
16,6,0,0,0,5,7,1,1.368,327,976512
2,2,0,0,0,2,5,1,0.457,328,839940
22,6,0,0,0,6,7,1,1.666,327,1022352
18,6,0,0,0,7,7,2,1.755,295,1040420
2,1,0,0,0,2,3,2,0.433,296,834532
22,10,0,0,0,12,6,2,2.755,295,1133476
4,3,0,0,0,4,4,1,0.857,327,883456
33,7,0,0,0,9,9,2,2.456,296,1175160
4,5,0,0,0,5,6,2,1.066,296,907660
22,9,0,0,0,11,7,2,2.555,295,1086936
3,3,0,0,0,5,5,3,0.996,263,883460
3,3,0,0,0,2,4,2,0.504,296,854384
10,6,0,0,0,5,5,2,1.235,296,955736
13,9,0,0,0,9,5,2,2.011,296,1011128
6,5,0,0,0,4,4,1,0.951,327,914396
3,3,0,0,0,3,4,1,0.668,328,868564
11,6,0,0,0,7,6,2,1.584,296,981868
8,4,0,0,0,1,5,1,0.486,327,890920
12,10,0,0,0,9,5,2,2.010,294,1008556
8,4,0,0,0,3,4,1,0.814,327,912356
3,1,0,0,0,2,4,1,0.457,328,839940
6,4,0,0,0,5,4,2,1.092,295,914388
4,2,0,0,0,4,6,2,0.835,296,877784
18,8,0,0,0,9,7,2,2.125,296,1072880
14,6,0,0,0,4,8,2,1.163,296,964764
5,4,0,0,0,4,5,1,0.904,327,899684
13,2,0,0,0,3,8,2,0.888,296,934244
2,2,0,0,0,3,3,1,0.527,327,824704
4,0,0,0,0,3,4,2,0.621,296,853860
5,4,0,0,0,6,4,2,1.229,295,914388
23,0,0,0,0,12,6,2,2.546,294,1076772
4,3,0,0,0,3,4,2,0.693,296,875748
17,6,0,0,0,4,7,1,1.228,327,975192
2,1,0,0,0,2,3,2,0.433,296,834528
20,0,0,0,0,11,5,3,2.286,262,1011060
3,3,0,0,0,3,4,2,0.667,296,863680
27,13,0,0,0,10,8,2,2.599,296,1135140
4,3,0,0,0,3,4,1,0.694,328,875748
2,3,0,0,0,2,4,1,0.481,328,848976
4,2,0,0,0,3,5,2,0.669,296,868560
3,2,0,0,0,2,3,1,0.482,328,848976
3,2,0,0,0,3,5,1,0.643,327,859260
4,0,0,0,0,3,3,2,0.621,296,853860
7,6,0,0,0,4,5,1,0.999,327,925664
16,0,0,0,0,9,5,2,1.893,295,995916
30,15,0,0,0,16,7,2,3.695,295,1232624
18,9,0,0,0,15,11,4,3.106,231,1103660
21,0,0,0,0,42,6,5,7.334,198,1280604
9,3,0,0,0,6,7,2,1.302,296,943476
2,2,0,0,0,2,3,1,0.457,328,839940
22,10,0,0,0,9,7,2,2.250,296,1071564
20,7,0,0,0,8,7,2,1.992,296,1071564
20,9,0,0,0,9,7,1,2.189,326,1068296
5,0,0,0,0,3,4,2,0.644,296,859268
9,6,0,0,0,8,7,2,1.693,295,972232
14,9,0,0,0,8,5,1,1.892,327,1044516
5,4,0,0,0,2,4,1,0.578,327,876540
21,8,0,0,0,8,7,2,2.018,295,1055904
8,7,0,0,0,4,6,1,1.050,327,942424
11,6,0,0,0,6,6,1,1.417,327,966096
5,0,0,0,0,5,4,3,0.976,264,877800
5,0,0,0,0,6,4,2,1.139,295,890656
17,5,0,0,0,7,7,1,1.689,327,994452
2,0,0,0,0,1,2,1,0.245,328,817976
9,0,0,0,0,6,5,2,1.230,295,921592
10,5,0,0,0,5,6,2,1.210,296,946316
3,3,0,0,0,3,4,2,0.670,296,868560
5,2,0,0,0,8,4,1,1.510,327,927716
2,1,0,0,0,1,3,1,0.268,328,823644
3,2,0,0,0,3,5,2,0.643,296,859260
5,2,0,0,0,2,4,1,0.529,328,863684
7,0,0,0,0,8,4,3,1.508,264,921584
8,0,0,0,0,5,4,2,1.042,295,902004
5,0,0,0,0,6,4,2,1.136,295,885776
21,13,0,0,0,13,6,2,2.954,295,1141228
2,0,0,0,0,2,3,2,0.408,296,825504
36,0,0,0,0,19,7,3,3.989,262,1222760
11,0,0,0,0,8,5,2,1.604,295,954228
28,8,0,0,0,7,8,2,2.030,296,1101264
3,2,0,0,0,2,3,1,0.481,328,848976
4,3,0,0,0,2,4,1,0.529,328,863680
8,4,0,0,0,3,4,1,0.814,327,912356
15,0,0,0,0,16,5,3,2.984,263,1028748
16,7,0,0,0,6,6,1,1.548,327,988108
10,5,0,0,0,6,7,2,1.372,295,959372
28,12,0,0,0,9,7,1,2.437,326,1123264
4,2,0,0,0,2,4,2,0.505,296,854384
11,2,0,0,0,4,6,2,0.998,296,921912
6,0,0,0,0,5,4,2,0.998,296,885780
3,2,0,0,0,2,3,1,0.481,328,848976
24,13,0,0,0,14,7,2,3.189,295,1163524
6,4,0,0,0,4,5,1,0.927,327,905556
5,4,0,0,0,4,6,2,0.903,296,899684
13,5,0,0,0,7,8,2,1.606,296,985952
2,3,0,0,0,2,3,1,0.481,328,848972
19,7,0,0,0,7,7,1,1.784,327,1021292
13,7,0,0,0,7,5,1,1.651,327,998248
20,0,0,0,0,27,6,4,4.885,231,1147304
14,10,0,0,0,13,10,3,2.717,263,1071260
7,0,0,0,0,8,4,2,1.508,295,923628
13,9,0,0,0,9,6,2,2.031,296,1045844
16,6,0,0,0,5,7,1,1.365,327,976512
8,5,0,0,0,6,6,2,1.327,296,948088
7,0,0,0,0,7,5,3,1.342,264,912552
6,4,0,0,0,5,4,2,1.089,296,916704
17,0,0,0,0,7,6,2,1.581,295,965772
3,2,0,0,0,2,3,2,0.481,296,848976
11,7,0,0,0,5,8,2,1.278,296,962472
6,4,0,0,0,5,5,2,1.090,296,916696
6,5,0,0,0,4,4,1,0.951,327,914396
3,1,0,0,0,3,3,1,0.621,328,853856
5,0,0,0,0,2,3,1,0.482,327,848980
20,11,0,0,0,10,7,2,2.391,295,1078752
9,4,0,0,0,7,5,1,1.488,327,954036
25,10,0,0,0,10,9,2,2.483,295,1103356
23,7,0,0,0,6,7,1,1.725,327,1055256
4,3,0,0,0,4,5,2,0.858,296,883464
7,4,0,0,0,5,5,2,1.115,296,923884
3,3,0,0,0,3,4,1,0.668,328,868560
3,0,0,0,0,4,4,2,0.759,295,853860
3,3,0,0,0,3,5,2,0.668,296,868560
11,6,0,0,0,8,8,2,1.746,295,987992
9,6,0,0,0,6,6,2,1.373,296,960692
4,4,0,0,0,5,11,4,1.041,231,901988
23,11,0,0,0,10,10,2,2.479,295,1131432
5,2,0,0,0,4,5,2,0.856,295,883456
8,6,0,0,0,5,5,2,1.185,295,943144
6,4,0,0,0,5,5,2,1.091,295,916696
1,2,0,0,0,2,3,1,0.433,328,834532
7,4,0,0,0,2,5,1,0.625,327,892764
6,6,0,0,0,5,10,3,1.138,263,927980
10,2,0,0,0,5,5,2,1.140,295,927980
33,0,0,0,0,22,6,4,4.388,231,1206328
10,6,0,0,0,8,7,2,1.717,295,967808
12,6,0,0,0,9,6,2,1.936,295,1016556
20,6,0,0,0,6,7,1,1.619,327,1011060
5,2,0,0,0,4,4,2,0.857,295,881412
19,10,0,0,0,10,6,2,2.359,296,1083536
6,4,0,0,0,5,4,2,1.091,295,914388
5,5,0,0,0,5,8,3,1.091,263,916704
3,4,0,0,0,4,6,3,0.858,263,883456
7,6,0,0,0,6,5,2,1.326,295,948088
5,5,0,0,0,5,4,2,1.090,295,914388
10,7,0,0,0,6,5,1,1.419,327,966096
6,3,0,0,0,4,4,1,0.904,327,899680
17,7,0,0,0,3,6,1,1.085,327,971108
3,3,0,0,0,4,6,3,0.835,264,878040
4,3,0,0,0,4,4,1,0.859,328,883456
33,10,0,0,0,11,9,2,2.834,295,1176668
6,0,0,0,0,3,4,2,0.670,296,868572
10,7,0,0,0,8,6,2,1.747,296,987992
13,8,0,0,0,10,5,2,2.154,294,1011068
5,0,0,0,0,6,4,2,1.139,295,890644
2,2,0,0,0,1,3,1,0.246,328,817972
22,15,0,0,0,15,10,3,3.363,263,1186944
14,5,0,0,0,4,6,1,1.131,327,950600
5,4,0,0,0,4,4,1,0.905,327,899684
3,3,0,0,0,3,4,2,0.669,296,868560
8,5,0,0,0,4,5,1,0.997,327,921912
5,0,0,0,0,3,4,2,0.643,296,859268
6,3,0,0,0,2,4,1,0.579,328,876536
19,5,0,0,0,6,7,1,1.575,327,998540
4,2,0,0,0,3,4,2,0.668,296,868560
3,2,0,0,0,2,3,1,0.458,328,839936
3,3,0,0,0,3,5,2,0.670,296,868560
10,2,0,0,0,6,5,1,1.302,327,943476
7,3,0,0,0,3,4,1,0.765,327,897648
2,1,0,0,0,1,3,1,0.268,328,823644
20,8,0,0,0,7,8,2,1.849,296,1067468
9,7,0,0,0,7,5,2,1.550,296,955548
27,14,0,0,0,14,6,2,3.289,295,1209964
10,9,0,0,0,8,5,1,1.789,327,1004736
4,0,0,0,0,3,3,2,0.620,296,848980
6,5,0,0,0,4,4,1,0.953,327,914396
19,0,0,0,0,28,6,4,5.041,229,1157520
18,6,0,0,0,8,7,2,1.897,296,1014684
8,5,0,0,0,4,6,1,0.999,327,925664
18,8,0,0,0,6,7,1,1.641,327,1045564
11,3,0,0,0,5,5,1,1.188,327,944464
38,12,0,0,0,10,9,2,2.840,295,1208072
16,5,0,0,0,5,7,1,1.341,327,970380
8,0,0,0,0,3,4,1,0.719,327,881424
10,4,0,0,0,2,5,1,0.697,327,913608
28,15,0,0,0,15,8,2,3.489,294,1204296
9,3,0,0,0,7,7,2,1.464,295,950072
6,2,0,0,0,3,5,1,0.720,328,881424
10,0,0,0,0,6,6,2,1.256,296,928780
9,6,0,0,0,7,6,2,1.528,296,959304
18,8,0,0,0,7,6,2,1.783,296,1021292
32,15,0,0,0,14,7,2,3.407,295,1221476
8,0,0,0,0,6,5,2,1.207,295,910776
21,8,0,0,0,10,9,2,2.355,295,1081340
20,4,0,0,0,4,6,1,1.261,327,998492
2,2,0,0,0,2,4,1,0.457,328,839940
3,3,0,0,0,4,5,2,0.834,296,877784
20,0,0,0,0,11,5,3,2.288,263,1011056
7,3,0,0,0,8,5,2,1.581,295,943476
30,0,0,0,0,20,7,3,3.986,263,1158680
5,6,0,0,0,4,4,1,0.951,327,914396
18,8,0,0,0,7,8,2,1.780,296,1021292
22,0,0,0,0,41,6,5,7.225,199,1280604
29,0,0,0,0,18,6,3,3.633,262,1120592
6,5,0,0,0,6,6,2,1.275,295,927128
7,0,0,0,0,0,3,0,0.196,359,826100
5,2,0,0,0,8,4,1,1.510,327,927716
24,15,0,0,0,14,8,2,3.224,295,1160656
4,4,0,0,0,5,5,2,1.041,296,901988
20,10,0,0,0,8,7,2,2.047,296,1065724
8,3,0,0,0,4,5,1,0.953,327,914396
7,3,0,0,0,3,5,1,0.767,327,897644
13,5,0,0,0,5,5,1,1.271,327,951920
9,5,0,0,0,8,6,2,1.668,296,961344
2,2,0,0,0,2,4,1,0.456,328,839940
23,10,0,0,0,9,8,2,2.270,295,1080268
16,5,0,0,0,5,7,1,1.343,327,970380
13,5,0,0,0,5,5,1,1.271,327,951920
16,0,0,0,0,12,7,3,2.357,263,1001636
9,0,0,0,0,14,5,4,2.532,231,996896
9,5,0,0,0,4,5,1,1.019,327,926456
3,2,0,0,0,3,4,1,0.574,327,839412
5,2,0,0,0,4,6,2,0.858,296,883456
2,2,0,0,0,2,4,2,0.456,296,839940
2,2,0,0,0,2,4,2,0.456,296,839940
5,0,0,0,0,3,4,2,0.644,296,859268
3,2,0,0,0,2,3,1,0.482,328,848976
11,6,0,0,0,6,9,2,1.414,295,955544
16,8,0,0,0,6,7,1,1.573,327,998540
2,2,0,0,0,2,4,1,0.457,328,839940
20,0,0,0,0,22,6,3,4.080,262,1107280
4,4,0,0,0,5,8,3,1.043,263,901976
14,9,0,0,0,8,5,1,1.877,327,1008544
13,6,0,0,0,6,7,1,1.475,327,989788
4,3,0,0,0,6,4,1,1.183,327,906868
3,2,0,0,0,4,5,1,0.806,327,870596
2,2,0,0,0,3,6,3,0.621,264,853856
19,7,0,0,0,7,7,2,1.800,296,1049792
4,4,0,0,0,3,4,1,0.719,327,881420
7,0,0,0,0,3,4,1,0.694,327,875760
4,1,0,0,0,3,4,2,0.643,296,859260
9,7,0,0,0,8,5,2,1.723,296,983908
4,3,0,0,0,5,5,2,1.021,296,894808
4,4,0,0,0,5,8,3,1.042,263,901988
9,0,0,0,0,6,4,2,1.232,295,921592
3,1,0,0,0,3,4,2,0.622,296,853856
17,0,0,0,0,14,5,3,2.710,263,1020356
3,3,0,0,0,3,4,2,0.669,296,868560
7,4,0,0,0,8,6,2,1.368,295,877792
11,6,0,0,0,4,5,1,1.096,327,956336
9,5,0,0,0,4,7,1,1.019,327,926456
4,3,0,0,0,6,5,2,1.183,295,906868
2,2,0,0,0,3,4,2,0.621,296,853856
12,6,0,0,0,8,7,2,1.764,295,994108
7,6,0,0,0,6,5,1,1.328,327,950660
20,8,0,0,0,8,6,2,1.996,296,1045472
2,3,0,0,0,3,5,2,0.645,296,859260
9,3,0,0,0,3,6,2,0.814,296,912356
6,5,0,0,0,6,14,5,1.279,198,931604
6,5,0,0,0,4,5,1,0.952,327,914396
11,9,0,0,0,11,5,2,2.305,295,1037656
6,2,0,0,0,3,4,1,0.719,328,881420
6,0,0,0,0,4,5,2,0.836,295,877800
2,1,0,0,0,4,3,1,0.666,327,826748
4,3,0,0,0,6,4,1,1.183,327,906868
9,0,0,0,0,6,4,2,1.230,295,914404
2,1,0,0,0,3,4,2,0.596,296,844820
20,6,0,0,0,9,7,2,2.123,296,1060268
7,0,0,0,0,6,5,3,1.183,263,906880
6,3,0,0,0,4,4,1,0.904,327,899688
7,0,0,0,0,9,5,3,1.672,262,930808
18,6,0,0,0,7,8,2,1.756,296,1040420
19,6,0,0,0,6,7,1,1.613,327,1038380
13,5,0,0,0,5,5,1,1.272,327,951920
3,2,0,0,0,2,4,1,0.481,328,848976
6,4,0,0,0,7,5,3,1.416,264,931604
5,1,0,0,0,5,5,2,0.999,296,885772
2,0,0,0,0,2,3,2,0.408,296,825504
2,2,0,0,0,3,4,2,0.621,296,853856
1,1,0,0,0,1,2,1,0.245,329,817972
3,3,0,0,0,4,5,2,0.836,296,877784
4,0,0,0,0,4,4,2,0.782,296,861312
12,7,0,0,0,5,6,1,1.297,327,958048
6,5,0,0,0,4,6,2,0.953,296,914400
22,10,0,0,0,7,7,1,1.936,326,1074304
12,7,0,0,0,8,9,3,1.789,264,1004736
11,6,0,0,0,8,6,2,1.749,296,987992
2,4,0,0,0,3,5,2,0.670,296,868560
9,3,0,0,0,8,6,2,1.626,296,956084
29,15,0,0,0,15,7,2,3.538,295,1267288
11,5,0,0,0,5,5,2,1.228,295,939744
4,0,0,0,0,3,3,1,0.620,327,853860
6,5,0,0,0,4,4,1,0.953,327,914396
11,5,0,0,0,3,5,1,0.911,327,941428
17,0,0,0,0,14,5,3,2.707,263,1024384
2,1,0,0,0,2,3,2,0.433,296,834528
4,0,0,0,0,3,3,2,0.619,296,848980
4,3,0,0,0,4,4,2,0.856,295,881412
12,7,0,0,0,6,6,2,1.474,296,989788
19,0,0,0,0,12,5,3,2.430,264,1017988
2,2,0,0,0,3,5,2,0.621,296,853856
5,4,0,0,0,3,4,1,0.742,327,890456
2,0,0,0,0,2,3,1,0.408,328,825500
9,5,0,0,0,5,5,2,1.186,296,945784
5,4,0,0,0,2,4,1,0.578,327,876540
28,8,0,0,0,9,10,2,2.362,295,1145884
14,0,0,0,0,7,8,2,1.508,295,947472
7,4,0,0,0,4,5,2,0.953,296,914396
12,6,0,0,0,5,6,1,1.273,327,951920
4,4,0,0,0,5,9,3,1.043,263,901988
4,3,0,0,0,6,4,1,1.181,327,906868
11,4,0,0,0,4,5,1,1.049,327,943148
4,5,0,0,0,5,5,2,1.067,296,907660
7,0,0,0,0,4,4,2,0.859,295,883472
8,5,0,0,0,5,5,1,1.157,327,928040
10,9,0,0,0,8,5,2,1.781,295,986272
3,5,0,0,0,4,6,2,0.880,296,892492
10,7,0,0,0,7,7,2,1.586,296,981868
14,7,0,0,0,9,8,2,1.992,295,1007236
11,0,0,0,0,20,5,3,3.543,262,1035404
2,2,0,0,0,5,4,2,0.946,295,870596
14,5,0,0,0,4,6,1,1.131,327,950600
10,6,0,0,0,5,6,1,1.237,327,955744
36,9,0,0,0,10,9,2,2.749,295,1222780
22,9,0,0,0,5,8,1,1.584,327,1051632
13,9,0,0,0,9,5,1,2.011,326,1011128
22,9,0,0,0,6,7,1,1.740,327,1049780
12,7,0,0,0,7,7,2,1.629,295,992064
3,3,0,0,0,4,5,2,0.835,296,877904
13,10,0,0,0,11,6,2,2.370,295,1042272
6,3,0,0,0,5,5,2,1.065,296,906340
13,10,0,0,0,11,6,2,2.367,296,1042272
19,5,0,0,0,5,7,1,1.410,327,986732
6,4,0,0,0,3,4,1,0.764,328,897644
5,0,0,0,0,2,3,1,0.482,328,848980
21,7,0,0,0,6,7,2,1.670,296,1022352
2,0,0,0,0,1,2,1,0.196,328,801684
24,9,0,0,0,10,6,2,2.441,295,1110504
20,7,0,0,0,8,8,2,1.986,296,1071564
15,10,0,0,0,8,7,1,1.923,327,1020820
6,0,0,0,0,4,4,2,0.835,296,877800
13,5,0,0,0,7,6,2,1.610,296,985952
18,6,0,0,0,6,7,1,1.591,327,1028476
16,7,0,0,0,5,7,1,1.386,327,982644
7,4,0,0,0,4,6,2,0.951,296,914396
2,2,0,0,0,3,4,2,0.622,296,853856
1,1,0,0,0,1,2,1,0.245,328,817972
4,3,0,0,0,3,5,1,0.694,327,875748
27,12,0,0,0,24,12,4,4.849,231,1268392
1,0,0,0,0,2,2,2,0.385,296,819824
4,3,0,0,0,4,4,1,0.858,328,883460
22,6,0,0,0,14,8,3,2.965,264,1095636
32,15,0,0,0,13,8,2,3.244,296,1217256
7,3,0,0,0,3,6,1,0.764,327,897644
12,4,0,0,0,7,5,1,1.550,327,959632
13,7,0,0,0,6,7,2,1.484,296,974008
2,0,0,0,0,3,3,1,0.572,328,839416
16,0,0,0,0,16,6,3,3.008,262,1030528
1,1,0,0,0,3,3,1,0.573,328,839412
1,1,0,0,0,1,2,1,0.245,328,817972
2,2,0,0,0,3,4,2,0.621,295,853856
4,4,0,0,0,3,5,1,0.719,327,881420
20,8,0,0,0,9,7,2,2.160,296,1058476
1,2,0,0,0,2,3,1,0.433,328,834528
12,6,0,0,0,5,5,2,1.278,295,965376
14,6,0,0,0,5,6,2,1.334,296,986152
13,5,0,0,0,5,5,1,1.282,327,975144
12,6,0,0,0,5,6,1,1.272,327,951920
7,3,0,0,0,3,5,1,0.765,327,897644
8,0,0,0,0,7,4,2,1.369,295,921588
1,1,0,0,0,2,4,2,0.408,296,825496
14,7,0,0,0,6,6,1,1.504,327,980140
5,2,0,0,0,6,7,3,1.181,263,906868
2,2,0,0,1,2,3,1,0.457,328,839932
2,2,0,0,0,2,4,2,0.456,296,839940
4,4,0,0,0,4,7,2,0.880,296,892496
8,4,0,0,0,3,5,1,0.813,327,912356
27,12,0,0,0,12,7,2,2.932,296,1199624
5,4,0,0,0,4,5,1,0.904,327,899680
11,0,0,0,0,4,4,1,0.953,327,914404
28,16,0,0,0,13,7,2,3.180,295,1190972
18,0,0,0,0,11,6,3,2.244,263,1003684
20,7,0,0,0,6,7,2,1.658,296,1045700
8,3,0,0,0,4,4,1,0.954,328,914400
5,3,0,0,0,3,4,1,0.718,328,881420
6,4,0,0,0,4,5,2,0.926,296,904040
21,6,0,0,0,8,7,2,1.986,296,1071564
8,6,0,0,0,5,5,1,1.180,327,929624
21,10,0,0,0,6,7,1,1.742,326,1049780
5,4,0,0,0,6,5,2,1.232,296,921576
9,6,0,0,0,4,5,1,1.048,327,943144
9,4,0,0,0,5,6,2,1.154,296,926452
6,3,0,0,0,6,4,3,1.231,264,916704
5,4,0,0,0,6,9,4,1.232,231,921576
22,13,0,0,0,13,8,2,2.984,295,1157528
6,4,0,0,0,5,4,2,1.090,296,914396
8,4,0,0,0,4,5,1,0.977,327,921584
24,18,0,0,0,21,6,3,4.427,262,1231344
4,5,0,0,0,5,11,4,1.065,231,907660
4,0,0,0,0,1,3,1,0.293,328,832688
2,3,0,0,0,3,5,2,0.644,296,859264
14,9,0,0,0,8,6,2,1.878,296,1006500
5,2,0,0,0,6,5,2,1.182,296,906868
21,8,0,0,0,6,8,2,1.699,296,1045812
9,0,0,0,0,6,4,2,1.231,295,914404
3,2,0,0,0,7,4,3,1.297,263,894808
5,5,0,0,0,5,4,2,1.090,296,914388
3,2,0,0,0,3,4,1,0.645,327,859260
6,3,0,0,0,6,4,1,1.042,327,855892
6,3,0,0,0,2,4,1,0.578,327,876532
13,6,0,0,0,6,7,2,1.474,296,989788
11,7,0,0,0,7,6,2,1.611,296,985952
8,3,0,0,0,5,6,1,1.115,327,923892
3,2,0,0,0,6,4,1,1.137,327,890652
18,7,0,0,0,7,8,2,1.758,296,1015152
5,3,0,0,0,4,6,2,0.881,296,892496
16,6,0,0,0,6,7,1,1.526,327,986268
9,0,0,0,0,8,5,2,1.555,295,934896
3,1,0,0,0,2,3,1,0.456,328,839940
9,5,0,0,0,6,6,2,1.350,296,955744
7,0,0,0,0,6,4,2,1.182,295,906876
5,3,0,0,0,3,4,2,0.719,296,876540
13,0,0,0,0,7,5,2,1.492,295,957780
2,2,0,0,0,2,4,1,0.457,328,839940
21,10,0,0,0,7,8,1,1.911,326,1063680
3,2,0,0,0,3,5,1,0.644,328,859264
31,0,0,0,0,32,6,4,5.946,229,1250852
13,5,0,0,0,5,5,1,1.283,327,975144
6,0,0,0,0,9,4,3,1.648,262,923628
8,5,0,0,0,5,5,1,1.157,327,928036
9,0,0,0,0,5,6,2,1.059,295,895864
7,0,0,0,0,8,4,2,1.507,295,921584
10,0,0,0,0,10,5,3,1.901,264,953760
21,8,0,0,0,8,7,1,2.020,327,1055904
3,2,0,0,0,1,3,1,0.317,327,838088
7,4,0,0,0,6,5,1,1.278,327,932860
4,4,0,0,0,4,5,2,0.882,296,892496
26,14,0,0,0,15,7,2,3.427,295,1214576
3,2,0,0,0,4,4,2,0.807,296,870596
15,9,0,0,0,11,11,4,2.404,231,1080856
14,0,0,0,0,13,5,3,2.483,263,1009220
2,4,0,0,0,3,4,2,0.670,296,868560
13,5,0,0,0,5,5,1,1.278,327,966960
3,2,0,0,0,4,5,2,0.806,296,870600
11,6,0,0,0,2,5,1,0.769,327,935432
21,8,0,0,0,9,7,2,2.192,296,1068296
4,3,0,0,0,3,4,2,0.694,296,875748
4,3,0,0,0,3,5,1,0.692,327,875748
2,2,0,0,0,2,3,2,0.457,296,839940
16,5,0,0,0,5,7,1,1.344,327,970380
3,2,0,0,0,2,3,2,0.481,296,848972
11,0,0,0,0,4,6,2,0.953,296,914404
13,5,0,0,0,8,7,2,1.767,295,993856
14,5,0,0,0,6,6,2,1.469,295,981868
16,5,0,0,0,7,7,2,1.676,296,1004336
6,4,0,0,0,5,15,5,1.065,198,907668
16,12,0,0,0,11,7,2,2.486,295,1063872
4,4,0,0,0,3,4,1,0.718,328,881420
4,0,0,0,0,3,4,2,0.621,296,853860
9,0,0,0,0,8,5,3,1.554,263,935688
10,5,0,0,0,6,7,2,1.371,295,959372
2,0,0,0,0,5,3,2,0.900,296,855900
3,1,0,0,0,3,3,1,0.621,327,853856
22,10,0,0,0,6,7,1,1.775,326,1059592
14,5,0,0,0,4,6,1,1.132,327,950600
5,3,0,0,0,4,11,4,0.881,231,892496
21,9,0,0,0,5,7,1,1.570,327,1060548
12,0,0,0,0,16,6,3,2.919,262,1011504
4,0,0,0,0,1,3,1,0.293,328,832692
4,5,0,0,0,3,5,2,0.742,296,890460
2,3,0,0,0,2,3,1,0.481,328,848976
14,5,0,0,0,6,7,1,1.474,327,989788
3,2,0,0,0,2,3,1,0.481,328,848976
3,3,0,0,0,3,4,2,0.670,296,868560
4,0,0,0,0,3,3,2,0.620,296,848980
29,16,0,0,0,14,7,2,3.394,295,1263400
13,7,0,0,0,8,6,2,1.818,296,1009840
14,8,0,0,0,8,8,2,1.850,295,1002412
1,2,0,0,0,2,3,1,0.432,328,834528
35,17,0,0,0,13,7,1,3.374,326,1247992
3,2,0,0,0,4,5,2,0.807,296,870596
2,3,0,0,0,2,3,2,0.480,296,847128
6,0,0,0,0,3,4,2,0.669,296,868572
13,10,0,0,0,8,5,2,1.890,296,1044516
4,2,0,0,0,3,4,1,0.668,327,868560
10,5,0,0,0,6,6,2,1.373,296,959372
2,1,0,0,0,3,3,2,0.595,296,844820
4,3,0,0,0,2,4,1,0.530,327,863680
3,2,0,0,0,3,5,2,0.643,295,859260
3,2,0,0,0,3,4,1,0.644,327,859260
3,2,0,0,0,2,4,1,0.483,327,848972
9,5,0,0,0,4,5,1,1.019,327,926452
3,5,0,0,0,4,7,2,0.879,295,892496
2,3,0,0,0,2,3,1,0.481,327,848976
6,5,0,0,0,4,4,1,0.953,327,914400
5,4,0,0,0,3,4,2,0.743,296,890460
1,2,0,0,0,2,3,1,0.433,328,834528
2,1,0,0,0,1,3,1,0.269,328,823644
11,0,0,0,0,8,5,2,1.603,295,952176
31,9,0,0,0,6,8,1,1.951,326,1112184
9,7,0,0,0,7,5,2,1.547,296,955548
16,8,0,0,0,7,6,2,1.753,296,1038376
5,4,0,0,0,5,4,2,1.065,296,905548
14,7,0,0,0,3,6,1,1.020,327,952644
21,7,0,0,0,6,7,1,1.680,327,1043984
12,5,0,0,0,4,6,1,1.097,327,956336
34,0,0,0,0,29,6,4,5.528,230,1243144
15,6,0,0,0,6,7,2,1.506,296,980140
20,6,0,0,0,6,7,1,1.619,326,1011056
5,4,0,0,0,4,5,1,0.905,327,899684
16,6,0,0,0,9,5,2,2.013,295,1014536
32,21,0,0,0,20,14,4,4.529,231,1318148
23,16,0,0,0,14,8,2,3.226,295,1154524
6,4,0,0,0,3,4,1,0.765,327,897644
9,4,0,0,0,4,5,1,0.998,327,921912
26,10,0,0,0,11,7,2,2.675,296,1137140
14,0,0,0,0,17,5,3,3.121,262,1024132
18,6,0,0,0,6,7,2,1.575,296,998540
8,8,0,0,0,8,14,5,1.721,198,981828
23,7,0,0,0,8,8,2,2.055,296,1073648
21,10,0,0,0,9,7,1,2.229,326,1081620
7,0,0,0,0,11,5,4,1.997,231,950924
8,3,0,0,0,5,6,2,1.115,296,923884
3,2,0,0,0,2,4,1,0.481,328,848976
23,9,0,0,0,7,7,1,1.934,326,1074304
3,2,0,0,0,2,3,1,0.482,328,848972
6,4,0,0,0,5,5,2,1.091,296,916696
13,9,0,0,0,9,5,2,2.011,296,1011128
18,6,0,0,0,5,7,1,1.412,327,986732
4,4,0,0,0,3,4,2,0.718,296,881420
1,3,0,0,0,2,4,1,0.457,328,839940
8,0,0,0,0,7,4,3,1.370,263,917732
4,3,0,0,0,4,4,1,0.857,327,883460
7,3,0,0,0,3,4,1,0.765,327,897648
5,6,0,0,0,4,4,1,0.952,327,914396
5,4,0,0,0,6,5,2,1.231,296,916696
16,6,0,0,0,6,7,1,1.528,327,986272
3,2,0,0,0,3,4,1,0.622,328,853856
9,0,0,0,0,10,5,2,1.883,295,955736
2,1,0,0,0,2,3,2,0.433,296,834528
3,4,0,0,0,3,4,1,0.694,328,875748
12,7,0,0,0,4,5,1,1.146,327,960888
13,9,0,0,0,10,6,2,2.173,295,1017252
21,6,0,0,0,6,7,2,1.661,296,1045704
31,15,0,0,0,11,6,2,2.906,296,1184840
2,2,0,0,0,3,5,2,0.621,296,853856
13,9,0,0,0,11,7,2,2.338,295,1028004
3,1,0,0,0,2,3,1,0.456,328,839940
12,6,0,0,0,5,6,1,1.282,327,975144
14,5,0,0,0,8,9,2,1.783,295,986272
12,4,0,0,0,8,9,4,1.724,231,983908
2,2,0,0,0,1,3,1,0.293,328,832688
12,0,0,0,0,5,5,2,1.138,295,927980
4,0,0,0,0,3,3,1,0.620,328,853860
7,5,0,0,0,5,5,2,1.092,296,916704
5,0,0,0,0,3,4,2,0.643,296,859268
3,2,0,0,0,2,4,1,0.457,328,839940
14,4,0,0,0,3,8,1,0.954,327,951392
10,0,0,0,0,5,4,2,1.092,295,916712
45,0,0,0,0,34,8,6,6.627,164,1385232
4,3,0,0,0,2,4,1,0.530,328,863684
16,8,0,0,0,9,6,2,2.059,295,1023332
2,2,0,0,0,3,4,2,0.622,296,853856
29,13,0,0,0,13,7,2,3.146,295,1207396
5,6,0,0,0,4,4,2,0.953,296,914396
4,4,0,0,0,4,5,2,0.879,296,892496
11,6,0,0,0,8,6,2,1.751,295,995912
10,9,0,0,0,8,8,2,1.789,295,999984
4,1,0,0,0,4,4,2,0.808,295,868552
7,5,0,0,0,5,6,2,1.139,296,923500
14,0,0,0,0,9,5,2,1.828,295,961676
2,1,0,0,0,2,3,2,0.433,296,834532
21,9,0,0,0,7,8,1,1.881,326,1053864
11,6,0,0,0,6,7,2,1.418,295,966096
27,11,0,0,0,11,7,2,2.711,295,1129924
12,6,0,0,0,7,7,2,1.607,295,985952
6,3,0,0,0,5,5,2,1.067,296,907660
21,9,0,0,0,7,6,1,1.878,327,1055244
8,4,0,0,0,3,5,1,0.814,327,912356
5,2,0,0,0,4,4,2,0.857,295,881412
4,3,0,0,0,4,5,2,0.857,295,881412
18,8,0,0,0,7,7,1,1.782,327,1021292
13,7,0,0,0,6,8,2,1.484,295,974008
4,4,0,0,0,4,8,3,0.881,264,892492
3,3,0,0,0,3,5,2,0.669,296,868560
22,8,0,0,0,8,8,2,2.054,295,1065724
2,2,0,0,0,3,3,2,0.621,296,848976
3,3,0,0,0,3,4,2,0.669,296,868560
1,1,0,0,0,2,3,1,0.407,328,825496
6,5,0,0,0,4,5,2,0.953,296,914400
3,2,0,0,0,3,4,2,0.643,296,854380
19,7,0,0,0,5,7,1,1.475,327,1033504
8,0,0,0,0,5,4,2,1.042,295,899696
14,8,0,0,0,7,7,2,1.688,296,990364
4,3,0,0,0,2,4,1,0.529,328,863680
8,5,0,0,0,4,5,1,0.997,327,921912
17,11,0,0,0,11,6,2,2.495,295,1085576
10,4,0,0,0,5,5,1,1.187,327,944728
2,2,0,0,0,2,5,2,0.457,296,839940
13,10,0,0,0,11,7,2,2.366,295,1042272
2,1,0,0,0,2,3,1,0.433,328,834528
8,4,0,0,0,5,6,2,1.140,296,927980
21,0,0,0,0,42,6,5,7.349,198,1280604
5,3,0,0,0,4,4,1,0.881,327,892496
19,10,0,0,0,8,7,2,2.017,296,1055904
20,6,0,0,0,6,7,1,1.624,327,1011056
10,3,0,0,0,6,6,2,1.326,295,949604
7,0,0,0,0,7,5,3,1.345,263,912556
24,8,0,0,0,5,7,1,1.617,327,1075188
13,5,0,0,0,6,6,2,1.437,296,961680
4,4,0,0,0,3,4,1,0.719,327,881420
6,4,0,0,0,5,4,2,1.091,296,914388
3,3,0,0,0,2,4,1,0.505,328,854384
2,2,0,0,0,3,3,2,0.620,295,848976
1,1,0,0,0,1,2,1,0.197,328,801680
9,5,0,0,0,5,6,2,1.187,296,942352
19,5,0,0,0,8,7,2,1.896,296,1017200
4,1,0,0,0,2,3,1,0.480,328,848976
16,6,0,0,0,6,7,1,1.528,327,986268
1,0,0,0,0,2,2,1,0.336,328,803540
24,10,0,0,0,12,8,2,2.783,295,1115616
2,2,0,0,0,2,3,1,0.457,328,839940
9,0,0,0,0,8,5,2,1.556,295,931600
7,6,0,0,0,5,6,2,1.164,296,938600
5,4,0,0,0,3,4,1,0.743,327,890460
15,6,0,0,0,4,6,1,1.195,327,984572
3,4,0,0,0,4,4,2,0.857,295,881412
12,4,0,0,0,5,5,1,1.227,327,939748
5,2,0,0,0,5,5,2,1.020,295,894808
15,6,0,0,0,6,6,2,1.508,296,980140
2,1,0,0,0,4,3,1,0.760,328,855896
29,10,0,0,0,9,9,2,2.425,296,1137716
8,3,0,0,0,4,5,1,0.953,327,914396
10,0,0,0,0,6,5,2,1.256,295,928776
4,3,0,0,0,3,4,1,0.693,327,875740
2,0,0,0,0,4,4,3,0.736,264,844824
7,4,0,0,0,3,5,1,0.788,327,903320
3,2,0,0,0,4,4,1,0.808,328,870596
20,6,0,0,0,7,7,1,1.780,327,1021292
7,4,0,0,0,4,5,1,0.952,327,914396
6,3,0,0,0,5,5,2,1.066,296,907660
10,0,0,0,0,6,7,2,1.255,295,927716
9,4,0,0,0,7,7,2,1.492,295,960164
8,8,0,0,0,8,15,5,1.722,198,981828
14,6,0,0,0,3,6,1,0.995,327,946500
6,6,0,0,0,7,11,4,1.465,231,951652
18,7,0,0,0,5,7,1,1.438,327,994908
3,2,0,0,0,3,4,1,0.643,327,859260
11,7,0,0,0,4,6,2,1.112,296,950000
12,4,0,0,0,6,6,2,1.394,296,963172
20,7,0,0,0,8,8,2,1.984,296,1071564
5,0,0,0,0,4,4,2,0.807,296,870604
1,1,0,0,0,2,3,1,0.409,328,825496
4,3,0,0,0,4,4,2,0.858,296,883456
7,4,0,0,0,4,4,1,0.954,327,914400
2,2,0,0,0,2,4,1,0.457,328,839940
2,2,0,0,0,1,3,1,0.293,328,832688
24,13,0,0,0,13,8,2,3.015,295,1141264
4,3,0,0,0,4,6,2,0.857,296,883456
4,2,0,0,0,5,4,2,0.997,295,883456
5,4,0,0,0,5,4,2,1.064,295,905352
3,0,0,0,0,3,4,2,0.596,295,844824
13,0,0,0,0,10,5,3,1.968,263,964248
3,2,0,0,0,2,3,1,0.481,328,848976
11,4,0,0,0,6,6,2,1.370,296,956244
4,1,0,0,0,3,4,2,0.643,296,859260
2,3,0,0,0,3,5,2,0.644,296,859260
8,2,0,0,0,5,5,1,1.093,327,916696
16,0,0,0,0,15,5,3,2.847,262,1020032
23,7,0,0,0,10,7,1,2.372,327,1089664
5,0,0,0,0,2,3,1,0.482,328,848980
22,10,0,0,0,10,7,2,2.411,295,1084896
3,2,0,0,0,2,3,1,0.481,328,848976
8,5,0,0,0,5,7,2,1.163,296,938596
5,5,0,0,0,5,5,2,1.091,296,916696
11,4,0,0,0,7,9,3,1.529,263,959304
29,9,0,0,0,10,9,2,2.557,296,1142228
2,2,0,0,0,2,3,1,0.457,328,839940
10,4,0,0,0,5,5,1,1.188,327,944464
15,6,0,0,0,6,7,2,1.515,296,993896
16,6,0,0,0,9,5,2,2.031,295,1045844
1,0,0,0,0,0,1,0,0.050,361,780364
1,3,0,0,0,2,3,1,0.456,328,839940
6,3,0,0,0,6,5,2,1.228,295,914388
21,0,0,0,0,10,5,2,2.165,295,1035068
1,1,0,0,0,2,3,1,0.408,328,825496
6,3,0,0,0,9,7,3,1.720,263,950932
10,4,0,0,0,5,8,2,1.188,295,945784
15,0,0,0,0,18,6,3,3.319,262,1041008
8,6,0,0,0,7,10,3,1.514,263,965576
2,2,0,0,0,5,4,1,0.945,327,872904
26,11,0,0,0,10,7,2,2.538,296,1135096
12,3,0,0,0,5,6,1,1.213,327,951912
26,10,0,0,0,13,8,2,2.991,295,1136060
16,8,0,0,0,4,7,1,1.249,327,981324
4,4,0,0,0,5,4,2,1.042,295,899680
6,5,0,0,0,4,4,1,0.952,327,914396
7,0,0,0,0,4,4,2,0.857,296,881428
18,8,0,0,0,5,7,1,1.476,327,1033504
11,0,0,0,0,6,5,2,1.276,295,926396
18,4,0,0,0,5,7,1,1.367,327,976512
3,4,0,0,0,5,8,2,1.020,296,894800
22,10,0,0,0,10,9,2,2.412,295,1084896
4,0,0,0,0,3,4,3,0.621,263,853860
5,3,0,0,0,3,5,2,0.719,296,881424
2,2,0,0,0,2,4,1,0.457,328,839940
16,0,0,0,0,15,5,3,2.845,263,1020032
18,6,0,0,0,7,7,1,1.755,327,1040420
10,5,0,0,0,4,5,1,1.048,327,943148
26,14,0,0,0,10,7,2,2.605,296,1150004
15,6,0,0,0,6,7,1,1.504,327,980140
2,3,0,0,0,3,5,2,0.643,296,859264
2,2,0,0,0,2,3,1,0.456,328,839940
5,2,0,0,0,2,4,1,0.529,328,863680
2,3,0,0,0,3,5,2,0.643,296,859264
16,6,0,0,0,7,7,1,1.686,327,994452
4,3,0,0,0,2,4,1,0.529,327,863680
33,20,0,0,0,22,11,3,4.858,263,1336180
19,0,0,0,0,7,7,2,1.621,296,978100
43,13,0,0,0,11,9,2,3.171,296,1314316
4,0,0,0,0,3,3,2,0.620,296,848980
6,5,0,0,0,6,5,2,1.277,296,927128
2,2,0,0,0,2,4,1,0.457,328,839940
3,4,0,0,0,3,5,2,0.693,296,875748
7,4,0,0,0,5,5,1,1.116,327,923884
6,7,0,0,0,4,10,3,0.998,263,926388
11,0,0,0,0,9,5,2,1.760,295,944364
19,9,0,0,0,6,7,2,1.669,296,1022352
3,2,0,0,0,2,3,1,0.481,328,848976
6,5,0,0,0,4,4,1,0.951,327,911692
13,9,0,0,0,9,5,1,2.014,326,1011128
22,0,0,0,0,41,6,4,7.216,230,1292004
1,1,0,0,0,2,3,1,0.408,328,825500
2,2,0,0,0,3,4,1,0.622,327,853856
11,8,0,0,0,8,6,2,1.791,295,1002692
11,0,0,0,0,20,5,4,3.563,230,1068992
12,7,0,0,0,4,5,1,1.139,327,965372
6,3,0,0,0,4,5,2,0.904,296,899680
2,2,0,0,0,2,3,1,0.456,328,839940
5,2,0,0,0,4,4,1,0.857,327,883456
13,9,0,0,0,9,6,2,2.013,295,1008556
2,2,0,0,0,2,3,2,0.456,296,839940
29,0,0,0,0,34,6,5,6.232,198,1256984
5,2,0,0,0,4,4,2,0.857,296,883460
20,13,0,0,0,14,6,2,3.087,294,1120388
2,2,0,0,0,3,3,1,0.573,327,839412
20,3,0,0,0,6,10,2,1.561,295,1012252
3,2,0,0,0,2,4,1,0.481,328,848976
4,4,0,0,0,3,6,1,0.718,327,881420
14,5,0,0,0,8,7,1,1.779,327,986272
7,0,0,0,0,2,4,1,0.529,327,863688
4,4,0,0,0,5,8,3,1.020,263,894800
10,0,0,0,0,4,5,2,0.927,296,905564
3,2,0,0,0,2,4,1,0.481,328,848976
22,8,0,0,0,6,7,1,1.717,327,1039344
13,6,0,0,0,4,5,1,1.144,327,967764
10,4,0,0,0,4,5,2,1.021,296,930152
4,3,0,0,0,4,4,1,0.857,327,883456
5,4,0,0,0,4,4,1,0.904,327,899684
13,5,0,0,0,5,6,1,1.272,327,951920
20,8,0,0,0,9,6,2,2.162,296,1058472
7,0,0,0,0,6,4,3,1.184,264,902000
10,5,0,0,0,6,6,2,1.374,296,959372
2,1,0,0,0,3,4,2,0.596,296,844820
6,5,0,0,0,4,4,1,0.952,327,914400
5,0,0,0,0,4,4,2,0.807,296,870612
3,2,0,0,0,4,5,2,0.807,296,870596
10,7,0,0,0,8,7,2,1.752,295,995912
9,0,0,0,0,6,4,2,1.230,295,914404
29,16,0,0,0,14,7,2,3.399,295,1262080
16,7,0,0,0,8,6,2,1.893,296,1044516
3,0,0,0,0,3,3,1,0.597,328,844824
7,0,0,0,0,8,4,3,1.506,264,923628
4,1,0,0,0,3,4,2,0.644,296,859264
4,5,0,0,0,3,4,1,0.742,327,890456
46,16,0,0,0,18,12,3,4.427,264,1362600
2,2,0,0,0,3,5,1,0.620,328,853856
16,7,0,0,0,9,6,2,2.036,295,1017200
3,1,0,0,0,2,3,1,0.457,328,839940
5,7,0,0,0,7,13,4,1.464,231,951656
10,4,0,0,0,5,6,2,1.185,296,942352
34,15,0,0,0,14,8,2,3.463,295,1236084
13,5,0,0,0,6,6,2,1.440,296,961680
22,8,0,0,0,7,7,2,1.883,296,1053864
12,5,0,0,0,8,8,2,1.749,295,987992
12,5,0,0,0,6,7,2,1.425,296,980024
14,6,0,0,0,5,6,1,1.332,327,982720
8,4,0,0,0,5,6,2,1.139,295,925340
3,1,0,0,0,2,3,1,0.456,328,839940
4,3,0,0,0,4,4,1,0.857,327,883460
16,7,0,0,0,8,7,2,1.894,296,1044516
17,7,0,0,0,5,6,1,1.408,327,986728
6,3,0,0,0,8,5,2,1.552,295,931600
2,2,0,0,0,1,3,1,0.293,328,832688
11,7,0,0,0,7,6,2,1.610,296,985952
2,0,0,0,0,1,2,1,0.245,328,817976
18,6,0,0,0,6,7,1,1.573,327,998540
1,2,0,0,0,1,4,1,0.269,328,823644
23,7,0,0,0,10,8,1,2.373,327,1086232
1,2,0,0,0,1,3,1,0.269,328,823644
2,3,0,0,0,3,4,2,0.644,296,859260
13,6,0,0,0,5,6,2,1.296,296,958048
3,3,0,0,0,3,4,2,0.668,296,868560
8,3,0,0,0,6,6,2,1.277,296,927128
12,8,0,0,0,7,6,2,1.651,296,1002696
4,2,0,0,0,1,3,1,0.342,328,847124
14,8,0,0,0,9,6,2,2.011,296,1008556
3,2,0,0,0,2,3,1,0.481,328,848976
2,2,0,0,0,2,4,2,0.456,296,839940
7,3,0,0,0,7,5,2,1.420,295,936220
2,1,0,0,0,1,3,1,0.268,328,823644
19,8,0,0,0,10,7,2,2.300,296,1063084
12,7,0,0,0,7,7,2,1.629,295,992064
5,0,0,0,0,5,4,2,0.974,295,877800
4,1,0,0,0,2,3,1,0.480,328,848976
5,4,0,0,0,6,5,2,1.230,296,921576
2,2,0,0,0,3,4,1,0.622,327,853856
6,6,0,0,0,6,15,5,1.304,198,943480
10,4,0,0,0,5,5,2,1.190,296,945784
28,11,0,0,0,13,9,2,3.082,295,1173624
2,3,0,0,0,2,5,1,0.481,328,848976
4,3,0,0,0,4,4,2,0.856,296,883456
7,6,0,0,0,2,4,1,0.673,327,907472
12,6,0,0,0,7,8,2,1.606,296,985952
18,6,0,0,0,7,8,2,1.755,296,1040420
14,9,0,0,0,8,5,1,1.873,327,1008544
17,9,0,0,0,7,7,1,1.785,327,1021296
5,4,0,0,0,4,5,2,0.903,296,899688
1,2,0,0,0,2,4,2,0.434,296,834528
3,3,0,0,0,3,4,2,0.668,296,868560
3,3,0,0,0,4,5,2,0.835,296,877784
8,7,0,0,0,7,6,2,1.529,296,955216
13,5,0,0,0,5,5,1,1.271,327,951920
10,0,0,0,0,5,4,2,1.090,295,914396
3,0,0,0,0,4,4,1,0.666,327,826752
2,0,0,0,0,3,3,2,0.573,296,839416
1,0,0,0,0,2,2,1,0.385,328,819824
8,7,0,0,0,6,6,2,1.372,296,960692
5,5,0,0,0,4,4,1,0.923,327,894216
1,2,0,0,0,1,3,1,0.269,328,823644
22,8,0,0,0,8,8,2,2.054,295,1065724
13,5,0,0,0,4,6,1,1.108,327,944460
27,0,0,0,0,20,6,4,3.915,230,1125212
18,7,0,0,0,6,7,2,1.612,296,1038380
12,6,0,0,0,6,7,1,1.437,327,961680
4,4,0,0,0,3,5,2,0.719,296,881420
7,7,0,0,0,9,5,2,1.841,295,986156
13,0,0,0,0,6,5,2,1.327,296,948088
3,0,0,0,0,4,3,2,0.759,295,853860
11,5,0,0,0,8,7,2,1.725,295,983908
11,0,0,0,0,8,5,2,1.604,295,952176
9,8,0,0,0,6,5,2,1.416,296,966096
6,0,0,0,0,5,4,3,0.996,263,881428
10,5,0,0,0,4,5,1,1.048,327,943148
7,3,0,0,0,2,4,1,0.603,327,885576
21,9,0,0,0,10,7,2,2.366,295,1086232
5,3,0,0,0,5,5,2,1.044,296,901996
2,2,0,0,0,2,4,2,0.457,296,839940
23,12,0,0,0,11,8,2,2.645,295,1111528
9,0,0,0,0,6,4,2,1.232,295,914404
6,7,0,0,0,6,9,3,1.327,263,949616
6,5,0,0,0,5,5,2,1.116,296,923884
19,6,0,0,0,7,7,1,1.760,327,1015152
12,9,0,0,0,12,7,2,2.479,295,1030048
7,4,0,0,0,4,5,2,0.951,296,914396
3,0,0,0,0,5,4,3,0.923,264,861300
5,3,0,0,0,3,4,1,0.719,327,881420
42,14,0,0,0,15,9,2,3.825,295,1354996
12,5,0,0,0,4,6,1,1.095,327,955476
5,6,0,0,0,4,4,1,0.953,327,914396
23,20,0,0,0,20,6,3,4.293,263,1237476
18,7,0,0,0,9,7,2,2.085,296,1030792
23,8,0,0,0,7,8,1,1.916,326,1063680
12,7,0,0,0,6,5,1,1.470,327,981868
3,4,0,0,0,4,7,3,0.858,264,883456
14,4,0,0,0,5,6,1,1.273,327,951920
19,6,0,0,0,7,7,2,1.762,296,1015152
8,4,0,0,0,4,5,1,0.977,327,921584
8,5,0,0,0,5,7,2,1.157,295,928036
16,9,0,0,0,9,7,2,2.085,296,1030792
6,5,0,0,0,4,5,1,0.952,327,914396
19,6,0,0,0,7,7,2,1.762,296,1015156
21,10,0,0,0,9,7,2,2.228,295,1081620
13,9,0,0,0,9,6,2,2.013,296,1008556
2,2,0,0,0,3,3,2,0.622,296,853852
12,5,0,0,0,10,6,1,2.061,327,993464
11,0,0,0,0,12,5,3,2.251,263,990772
8,4,0,0,0,3,5,1,0.814,327,912356
4,2,0,0,0,2,4,1,0.506,328,854380
19,0,0,0,0,12,5,3,2.448,263,1044512
7,6,0,0,0,4,5,1,0.996,327,921912
17,6,0,0,0,5,7,2,1.395,296,996620
15,8,0,0,0,5,7,1,1.387,327,982644
6,4,0,0,0,3,4,1,0.764,327,897648
12,8,0,0,0,11,5,2,2.288,296,1021188
11,0,0,0,0,4,4,1,0.952,327,914404
21,7,0,0,0,6,7,1,1.669,327,1022352
25,8,0,0,0,10,9,2,2.449,295,1110504
24,11,0,0,0,10,8,2,2.478,295,1103356
8,3,0,0,0,3,5,1,0.788,327,902000
8,2,0,0,0,2,5,1,0.604,327,885572
4,5,0,0,0,5,6,2,1.068,295,907660
16,7,0,0,0,9,7,2,2.038,296,1020528
13,5,0,0,0,5,5,1,1.271,327,951920
6,3,0,0,0,4,5,1,0.905,327,899684
6,3,0,0,0,4,5,2,0.903,296,897644
7,4,0,0,0,4,6,2,0.952,296,914396
1,2,0,0,0,2,3,1,0.433,328,834528
5,5,0,0,0,5,5,2,1.089,295,914388
15,4,0,0,0,5,7,1,1.298,327,958048
2,4,0,0,0,3,4,2,0.668,295,863680
38,10,0,0,0,11,9,1,2.982,326,1255948
8,7,0,0,0,8,6,2,1.695,296,972232
3,4,0,0,0,4,4,2,0.856,296,882136
5,2,0,0,0,3,4,1,0.694,327,875744
18,2,0,0,0,7,7,1,1.657,327,1011144
11,4,0,0,0,6,7,2,1.372,295,959372
4,4,0,0,0,3,5,1,0.718,327,881420
19,7,0,0,0,6,7,2,1.622,296,1011056
3,3,0,0,0,3,4,1,0.670,327,868560
25,12,0,0,0,11,7,2,2.705,295,1151392
16,0,0,0,0,11,6,3,2.202,263,1001496
15,7,0,0,0,10,8,2,2.182,295,1029924
3,2,0,0,0,3,7,2,0.643,296,859264
3,1,0,0,0,3,4,2,0.621,295,853856
14,6,0,0,0,6,7,1,1.491,327,987976
22,8,0,0,0,9,7,1,2.215,327,1078660
20,7,0,0,0,9,7,2,2.135,296,1047780
17,7,0,0,0,6,8,2,1.573,295,998540
19,7,0,0,0,5,6,1,1.474,327,1033504
5,4,0,0,0,4,4,1,0.904,327,899684
2,3,0,0,0,2,3,2,0.481,296,848976
20,10,0,0,0,9,7,2,2.233,295,1101100
24,10,0,0,0,7,7,2,1.971,296,1069528
3,0,0,0,0,3,4,2,0.597,296,844824
18,14,0,0,0,14,10,3,3.063,263,1123692
2,3,0,0,0,3,4,1,0.645,328,859264
10,4,0,0,0,6,6,1,1.348,327,949944
6,5,0,0,0,6,6,2,1.275,295,927128
1,1,0,0,0,3,3,1,0.572,328,839408
12,7,0,0,0,6,6,2,1.469,296,981868
2,0,0,0,0,5,3,2,0.900,295,855900
13,5,0,0,0,5,5,1,1.276,327,966960
2,2,0,0,0,3,3,2,0.620,296,853856
4,0,0,0,0,2,4,2,0.456,296,839944
2,2,0,0,0,2,4,2,0.458,296,839936
8,0,0,0,0,7,4,2,1.368,295,921588
28,12,0,0,0,17,10,3,3.736,263,1204288
9,8,0,0,0,8,7,2,1.752,295,999012
2,4,0,0,0,2,4,1,0.505,328,854380
8,0,0,0,0,3,4,1,0.718,327,881424
16,9,0,0,0,6,6,1,1.595,327,1002420
21,0,0,0,0,9,6,2,1.989,295,1007240
18,0,0,0,0,8,6,3,1.760,264,980144
21,10,0,0,0,9,8,2,2.234,296,1081620
4,3,0,0,0,5,11,5,1.018,198,894808
21,0,0,0,0,10,5,2,2.168,294,1044504
14,5,0,0,0,8,8,2,1.792,295,1004736
4,4,0,0,0,3,4,1,0.719,327,881420
9,0,0,0,0,6,4,2,1.232,295,921592
11,6,0,0,0,6,5,2,1.413,295,955544
20,10,0,0,0,8,9,2,2.052,296,1065724
11,6,0,0,0,7,5,1,1.584,327,981868
6,5,0,0,0,4,4,1,0.953,327,914396
17,10,0,0,0,8,6,2,1.994,296,1067476
6,4,0,0,0,5,6,2,1.093,296,916696
19,9,0,0,0,7,6,2,1.846,295,1065424
14,6,0,0,0,6,7,2,1.484,296,974008
5,4,0,0,0,6,5,2,1.231,295,921576
1,1,0,0,0,3,3,1,0.526,327,824704
20,8,0,0,0,8,7,2,1.992,296,1045472
3,3,0,0,0,3,4,1,0.669,327,868560
15,8,0,0,0,8,7,2,1.891,295,1044516
34,21,0,0,0,19,9,2,4.406,295,1309084
5,4,0,0,0,2,4,1,0.579,327,876536
17,0,0,0,0,14,5,3,2.707,262,1024384
9,0,0,0,0,8,5,3,1.555,264,931600
46,14,0,0,0,11,10,2,3.269,296,1343652
6,0,0,0,0,3,4,1,0.669,327,868572
10,7,0,0,0,8,8,3,1.745,264,987992
5,0,0,0,0,4,4,2,0.808,296,870612
3,4,0,0,0,3,4,1,0.697,327,875748
3,1,0,0,0,3,3,2,0.620,296,848976
3,3,0,0,0,2,4,1,0.504,327,854384
22,14,0,0,0,15,9,2,3.346,295,1208932
4,3,0,0,0,3,4,1,0.694,327,875748
1,2,0,0,0,3,3,1,0.478,327,808404
3,4,0,0,0,4,4,2,0.857,296,881412
7,0,0,0,0,8,4,3,1.508,263,921584
9,3,0,0,0,3,4,1,0.814,327,912356
7,0,0,0,0,8,4,2,1.509,295,927716
10,5,0,0,0,5,6,1,1.210,327,946316
8,4,0,0,0,6,6,2,1.294,296,928036
13,5,0,0,0,5,5,1,1.269,327,951920
3,3,0,0,0,4,4,2,0.834,295,875740
5,4,0,0,0,6,8,3,1.232,263,921576
3,2,0,0,1,2,4,1,0.482,327,848968
25,12,0,0,0,10,7,2,2.546,295,1135096
18,6,0,0,0,7,7,2,1.754,296,1040420
18,0,0,0,0,13,5,4,2.564,230,1017992
11,6,0,0,0,9,6,2,1.906,295,996680
7,0,0,0,0,8,5,2,1.508,295,927716
7,0,0,0,0,4,4,2,0.857,296,883472
17,6,0,0,0,6,7,1,1.549,327,990360
4,3,0,0,0,5,7,2,1.018,295,894800
6,5,0,0,0,4,5,1,0.954,327,914400
6,5,0,0,0,4,5,2,0.953,296,914400
2,2,0,0,0,3,4,2,0.620,295,853856
5,4,0,0,0,6,4,2,1.231,296,921584
4,4,0,0,0,4,5,2,0.879,295,890448
11,6,0,0,0,6,5,2,1.417,296,966096
2,0,0,0,0,3,3,2,0.572,296,839416
6,0,0,0,0,5,4,2,0.996,295,883472
2,1,0,0,0,2,3,1,0.433,328,834528
17,12,0,0,0,10,6,2,2.369,295,1106308
3,3,0,0,0,3,5,2,0.669,296,868560
30,11,0,0,0,11,8,2,2.815,295,1187348
11,5,0,0,0,5,5,2,1.236,296,957056
23,13,0,0,0,14,10,2,3.149,295,1145888
8,4,0,0,0,3,5,1,0.814,327,912356
13,5,0,0,0,5,7,2,1.272,296,951920
4,2,0,0,0,3,5,2,0.668,296,868560
6,2,0,0,0,3,4,1,0.719,327,881420
5,0,0,0,0,4,4,2,0.807,295,868572
4,3,0,0,0,2,4,1,0.530,327,863680
2,2,0,0,0,2,4,2,0.457,296,839936
18,7,0,0,0,6,7,1,1.608,327,1028944
5,4,0,0,0,4,4,1,0.904,327,899684
4,1,0,0,0,2,3,1,0.482,328,848976
3,0,0,0,0,5,4,2,0.921,295,861300
22,12,0,0,0,14,8,2,3.120,296,1159836
8,5,0,0,0,5,6,1,1.159,327,928040
14,11,0,0,0,8,8,2,1.920,295,1020820
3,2,0,0,0,3,7,3,0.643,263,859264
18,9,0,0,0,7,7,2,1.807,296,1026436
3,2,0,0,0,2,3,2,0.482,296,848976
3,2,0,0,0,3,4,1,0.643,327,859264
3,3,0,0,0,4,7,2,0.836,295,877784
11,6,0,0,0,13,6,2,2.541,295,1015740
8,5,0,0,0,4,5,1,0.996,327,921912
13,9,0,0,0,9,5,2,2.010,295,1011128
9,5,0,0,0,5,5,2,1.188,296,945784
9,4,0,0,0,5,5,1,1.159,327,928036
26,11,0,0,0,9,7,2,2.375,296,1118576
9,5,0,0,0,5,5,1,1.189,327,945784
19,7,0,0,0,6,7,2,1.618,296,1011072
16,5,0,0,0,7,8,1,1.669,327,990360
21,9,0,0,0,7,7,2,1.883,296,1053864
1,2,0,0,0,1,3,1,0.268,328,823644
12,8,0,0,0,5,7,1,1.334,327,988000
5,0,0,0,0,10,4,3,1.783,263,927708
3,2,0,0,0,2,3,1,0.482,327,848976
2,0,0,0,0,3,3,2,0.572,296,839416
4,1,0,0,0,2,3,1,0.481,328,848976
2,1,0,0,0,2,3,1,0.432,328,834528
4,4,0,0,0,3,4,1,0.720,327,881420
4,0,0,0,0,3,3,2,0.621,296,853860
14,8,0,0,0,9,7,2,2.015,295,1011128
7,0,0,0,0,7,5,3,1.345,264,912556
13,5,0,0,0,5,6,1,1.273,327,951920
6,4,0,0,0,4,4,1,0.922,327,894216
16,10,0,0,0,10,7,2,2.269,296,1052660
10,0,0,0,0,5,4,2,1.091,295,914396
4,5,0,0,0,5,6,2,1.065,295,907660
9,5,0,0,0,6,5,2,1.354,296,956800
16,5,0,0,0,4,6,1,1.193,327,981140
7,2,0,0,0,6,4,2,1.231,295,916696
26,15,0,0,0,15,9,2,3.444,295,1210208
3,3,0,0,0,2,4,1,0.504,328,854384
4,2,0,0,0,2,4,1,0.504,328,854384
19,6,0,0,0,6,7,1,1.617,327,1038380
29,12,0,0,0,12,10,2,2.951,295,1163180
5,4,0,0,0,6,11,4,1.231,230,921576
3,3,0,0,0,3,4,1,0.668,327,868560
6,5,0,0,0,4,4,1,0.953,327,914400
2,2,0,0,0,3,3,1,0.621,328,853856
19,9,0,0,0,9,6,2,2.160,295,1055904
1,2,0,0,0,2,3,1,0.433,328,834528
5,3,0,0,0,3,4,1,0.718,327,881420
5,4,0,0,0,5,10,4,1.066,231,907660
5,5,0,0,0,3,5,1,0.767,327,897644
17,5,0,0,0,5,7,1,1.363,327,976512
11,0,0,0,0,20,5,3,3.540,262,1035404
10,0,0,0,0,5,4,2,1.090,295,914236
2,2,0,0,0,3,4,2,0.620,296,848976
13,5,0,0,0,13,5,3,2.571,263,1020032
8,2,0,0,0,5,4,2,1.091,295,914388
3,3,0,0,0,2,7,2,0.504,295,854384
7,0,0,0,0,4,6,2,0.858,295,883472
12,4,0,0,0,6,6,1,1.398,327,972572
14,12,0,0,0,13,7,3,2.760,262,1072524
13,0,0,0,0,16,5,3,2.937,262,1019048
6,4,0,0,0,5,5,2,1.092,296,916704
15,0,0,0,0,10,5,2,2.032,295,998484
3,3,0,0,0,3,4,2,0.670,296,868560
17,7,0,0,0,4,7,1,1.251,327,981324
6,4,0,0,0,5,4,2,1.091,295,914388
2,2,0,0,0,3,4,2,0.622,296,853856
2,4,0,0,0,3,5,2,0.670,296,868560
8,4,0,0,0,4,5,1,0.976,327,921584
16,7,0,0,0,4,7,1,1.228,327,975192
11,0,0,0,0,6,5,2,1.276,295,932860
6,5,0,0,0,4,5,2,0.951,296,907472
31,0,0,0,0,32,6,4,5.955,230,1263116
2,1,0,0,0,3,3,2,0.595,296,844820
5,4,0,0,0,4,5,1,0.905,327,899680
5,4,0,0,0,6,4,1,1.230,327,921576
2,1,0,0,0,3,4,2,0.596,296,844820
4,4,0,0,0,4,5,2,0.880,296,892492
4,4,0,0,0,3,4,1,0.720,327,881420
6,5,0,0,0,6,6,2,1.279,295,932860
2,1,0,0,0,0,2,0,0.099,360,796924
2,1,0,0,0,1,3,1,0.268,328,823644
4,0,0,0,0,4,4,2,0.783,296,861308
4,2,0,0,0,4,4,2,0.836,296,875748
18,0,0,0,0,11,8,3,2.242,263,1005724
4,3,0,0,0,4,8,3,0.857,263,883456
18,0,0,0,0,13,5,4,2.585,230,1044516
3,3,0,0,0,3,4,2,0.670,296,868560
4,5,0,0,0,6,6,2,1.231,295,921576
2,2,0,0,0,1,4,1,0.294,328,832688
11,5,0,0,0,7,6,2,1.548,296,955548
20,10,0,0,0,7,8,2,1.882,296,1053864
9,1,0,0,0,5,4,2,1.091,295,914388
6,5,0,0,0,4,4,1,0.953,327,914400
3,3,0,0,0,4,6,2,0.836,296,877784
3,0,0,0,0,2,3,2,0.434,296,834536
31,14,0,0,0,7,8,2,2.249,295,1162336
11,8,0,0,0,9,6,2,1.950,296,1007636
11,6,0,0,0,6,7,2,1.328,296,950668
2,1,0,0,0,1,3,1,0.268,328,823644
4,4,0,0,0,4,6,2,0.880,296,892496
3,2,0,0,0,4,5,2,0.808,296,870596
27,15,0,0,0,10,7,2,2.659,296,1166924
7,4,0,0,0,5,6,2,1.115,296,923884
18,8,0,0,0,9,7,2,2.126,295,1072876
1,0,0,0,0,2,2,2,0.385,296,819824
6,5,0,0,0,4,5,1,0.953,327,914396
13,5,0,0,0,4,6,1,1.108,327,944460
8,5,0,0,0,5,5,2,1.157,296,928036
8,0,0,0,0,7,4,2,1.368,295,921588
6,5,0,0,0,4,5,1,0.951,327,914396
8,4,0,0,0,3,5,1,0.814,327,912356
2,3,0,0,0,3,5,2,0.645,296,859260
5,2,0,0,0,4,4,2,0.855,296,876536
3,2,0,0,0,4,5,2,0.808,296,870596
10,6,0,0,0,5,6,2,1.235,296,955744
7,0,0,0,0,8,4,3,1.508,263,923628
3,3,0,0,0,3,4,2,0.668,296,863684
23,8,0,0,0,8,8,2,2.077,296,1074148
4,2,0,0,0,4,4,2,0.837,296,877784
10,6,0,0,0,7,6,2,1.556,296,970188
3,1,0,0,0,4,4,2,0.783,296,861296
10,5,0,0,0,4,5,1,1.047,327,943144
20,0,0,0,0,11,5,3,2.291,263,1011056
4,2,0,0,0,4,4,1,0.837,327,877784
7,5,0,0,0,3,5,2,0.813,296,912356
9,7,0,0,0,7,5,2,1.556,295,974672
2,2,0,0,0,2,4,1,0.457,327,839940
1,0,0,0,0,2,2,2,0.385,296,819824
6,0,0,0,0,9,4,2,1.649,295,927716
3,4,0,0,0,3,7,2,0.694,296,875752
11,10,0,0,0,10,5,2,2.153,295,1011132
1,1,0,0,0,2,3,2,0.408,296,825500
2,2,0,0,0,2,5,2,0.456,296,839940
5,4,0,0,0,6,5,2,1.230,295,921576
3,2,0,0,0,3,5,2,0.643,296,859260
6,6,0,0,0,5,6,2,1.141,295,929300
2,2,0,0,0,1,3,1,0.293,328,832688
5,4,0,0,0,6,5,2,1.231,296,921576
3,2,0,0,0,2,3,1,0.482,328,848976
5,4,0,0,0,4,6,2,0.905,296,899688
1,1,0,0,0,5,3,2,0.899,295,855892
17,6,0,0,0,5,7,1,1.391,327,982644
21,7,0,0,0,7,7,2,1.847,296,1067468
5,4,0,0,0,5,5,2,1.067,296,907660
2,1,0,0,0,1,3,1,0.268,328,823644
4,1,0,0,0,4,5,2,0.807,296,870600
18,6,0,0,0,6,7,1,1.572,327,998540
9,1,0,0,0,8,11,5,1.582,198,949620
13,8,0,0,0,9,8,2,1.989,295,1004984
11,0,0,0,0,4,6,2,0.953,296,914404
15,5,0,0,0,5,6,1,1.332,327,986156
14,5,0,0,0,6,6,2,1.473,296,989788
3,3,0,0,0,4,5,2,0.836,296,877784
10,3,0,0,0,4,6,1,1.000,327,926984
17,12,0,0,0,18,6,3,3.632,262,1120588
4,3,0,0,0,2,4,1,0.529,328,863680
6,5,0,0,0,4,5,1,0.953,327,914396
26,8,0,0,0,9,9,2,2.315,295,1131180
11,5,0,0,0,3,5,1,0.909,327,936676
6,5,0,0,0,4,4,1,0.952,327,914396
1,0,0,0,0,2,2,1,0.385,328,819824
3,3,0,0,0,4,7,3,0.837,263,877784
28,14,0,0,0,13,6,2,3.148,295,1207396
16,0,0,0,0,10,6,2,2.042,295,987328
18,6,0,0,0,5,7,1,1.413,327,986736
4,1,0,0,0,2,3,1,0.481,328,848976
16,5,0,0,0,5,6,2,1.349,295,980928
11,0,0,0,0,4,5,1,0.951,327,914404
4,3,0,0,0,3,5,2,0.694,296,875748
5,4,0,0,0,5,11,4,1.066,231,907660
14,9,0,0,0,9,7,2,2.037,295,1017256
7,0,0,0,0,4,4,2,0.858,296,883472
23,12,0,0,0,11,9,2,2.642,295,1111528
12,9,0,0,0,7,5,2,1.672,296,1003016
20,0,0,0,0,11,5,3,2.292,264,1013396
5,4,0,0,0,4,4,2,0.904,296,897636
3,2,0,0,0,2,3,1,0.481,328,848976
5,0,0,0,0,2,3,1,0.482,327,848980
20,8,0,0,0,8,7,2,1.996,296,1045472
5,0,0,0,0,6,4,2,1.140,295,890656
8,3,0,0,0,4,5,1,0.953,327,914396
23,12,0,0,0,8,8,2,2.161,296,1103312
22,11,0,0,0,10,8,2,2.443,295,1110504
15,8,0,0,0,8,6,1,1.877,327,1008544
5,4,0,0,0,6,4,1,1.232,327,921576
6,6,0,0,0,5,6,2,1.140,295,927980
3,2,0,0,0,3,4,1,0.644,328,859260
29,5,0,0,0,7,8,1,1.991,326,1111388
7,6,0,0,0,4,5,1,0.996,327,921912
7,4,0,0,0,4,6,2,0.953,295,914400
2,0,0,0,0,3,3,2,0.572,296,839416
11,6,0,0,0,6,5,1,1.418,327,966096
7,6,0,0,0,5,5,2,1.163,296,938596
14,4,0,0,0,5,5,1,1.273,327,951920
5,0,0,0,0,4,4,2,0.809,296,870612
3,1,0,0,1,2,6,2,0.457,296,839932
8,4,0,0,0,5,5,2,1.140,295,926992
14,9,0,0,0,11,7,2,2.363,295,1042272
13,6,0,0,0,4,5,1,1.134,327,950600
5,4,0,0,0,2,4,1,0.578,327,876536
4,1,0,0,0,4,4,2,0.808,296,870596
3,4,0,0,0,3,5,2,0.692,296,875748
10,4,0,0,0,5,5,2,1.188,296,945784
25,8,0,0,0,8,7,2,2.109,295,1071572
11,8,0,0,0,8,5,2,1.779,296,984228
5,4,0,0,0,5,11,4,1.067,231,907660
7,3,0,0,0,5,4,2,1.089,296,914388
8,4,0,0,0,3,5,1,0.814,327,912356
9,8,0,0,0,10,6,3,2.066,263,999988
13,4,0,0,0,6,6,1,1.414,327,955544
5,4,0,0,0,3,5,1,0.741,327,890460
10,6,0,0,0,15,5,3,2.846,263,1024444
2,1,0,0,0,1,3,1,0.268,328,823644
13,5,0,0,0,5,5,1,1.283,327,951920
5,0,0,0,0,6,4,3,1.137,263,885776
27,9,0,0,0,8,8,2,2.189,295,1110516
6,3,0,0,0,8,6,2,1.557,296,932852
4,3,0,0,0,4,4,1,0.858,327,883456
5,4,0,0,0,4,5,2,0.904,295,899684
33,13,0,0,0,11,7,2,2.907,295,1184840
2,2,0,0,0,2,3,1,0.456,328,839940
31,16,0,0,0,14,7,2,3.419,295,1225956
24,13,0,0,0,22,13,5,4.476,198,1234248
21,10,0,0,0,8,7,2,2.073,296,1076344
7,4,0,0,0,4,4,1,0.952,327,914396
7,2,0,0,0,3,6,1,0.741,327,890460
5,3,0,0,0,3,4,1,0.722,327,881420
13,9,0,0,0,9,5,2,2.014,296,1011128
3,3,0,0,0,2,5,2,0.505,296,854380
18,5,0,0,0,6,7,1,1.550,327,990360
3,2,0,0,0,2,3,1,0.481,328,848976
5,0,0,0,0,10,4,3,1.785,263,927708
11,6,0,0,0,1,7,1,0.605,327,927524
26,9,0,0,0,10,7,2,2.480,295,1103352
21,6,0,0,0,8,7,1,1.986,327,1071564
26,13,0,0,0,11,7,2,2.735,295,1137184
12,5,0,0,0,2,7,1,0.769,327,935500
5,4,0,0,0,4,4,1,0.904,327,899684
5,3,0,0,0,3,4,1,0.718,327,881420
12,6,0,0,0,5,6,1,1.272,327,951920
3,2,0,0,0,2,4,1,0.481,328,848976
8,0,0,0,0,7,4,3,1.369,264,921588
4,2,0,0,0,5,4,2,0.996,295,883460
4,0,0,0,0,3,3,2,0.620,295,848980
13,8,0,0,0,6,6,2,1.507,296,980140
22,7,0,0,0,6,8,1,1.709,327,1065428
17,5,0,0,0,5,7,1,1.366,327,976512
9,6,0,0,0,6,5,1,1.371,327,960692
28,15,0,0,0,18,7,2,3.965,295,1236712
2,2,0,0,0,4,4,2,0.784,296,861300
4,3,0,0,0,3,6,2,0.694,296,875740
4,0,0,0,0,4,4,2,0.782,296,861312
17,6,0,0,0,6,6,2,1.557,296,990360
26,9,0,0,0,9,7,2,2.337,296,1126816
31,11,0,0,0,12,7,2,2.977,295,1179604
4,0,0,0,0,4,4,2,0.783,295,859264
35,15,0,0,0,13,7,2,3.327,295,1233508
19,6,0,0,0,7,7,2,1.781,296,1047616
8,0,0,0,0,7,4,2,1.369,295,921588
1,0,0,0,0,2,2,1,0.336,328,803540
11,6,0,0,0,6,5,2,1.416,296,966096
6,5,0,0,0,4,5,1,0.952,327,914396
4,0,0,0,0,4,4,2,0.782,295,861312
9,5,0,0,0,4,6,2,1.022,296,930152
19,7,0,0,0,8,7,2,1.949,295,1028480
4,2,0,0,0,3,5,2,0.668,296,868560
5,4,0,0,0,4,6,2,0.905,296,899680
17,8,0,0,0,5,7,1,1.435,327,994908
8,0,0,0,0,7,4,3,1.369,264,921588
19,6,0,0,0,6,7,1,1.613,327,1038216
7,0,0,0,0,4,4,2,0.857,296,883468
15,9,0,0,0,9,6,2,2.062,295,1025640
7,7,0,0,0,8,17,6,1.651,166,969660
2,1,0,0,0,1,3,1,0.268,328,823644
7,4,0,0,0,6,6,2,1.276,295,927128
14,9,0,0,0,8,5,2,1.873,296,1008544
8,7,0,0,0,7,19,6,1.531,166,966168
29,10,0,0,0,5,8,1,1.771,326,1100748
13,8,0,0,0,9,9,3,1.991,263,1004984
8,0,0,0,0,5,6,2,1.044,295,901996
21,8,0,0,0,5,9,2,1.529,296,1018732
2,3,0,0,0,2,3,2,0.481,296,848976
4,0,0,0,0,3,4,2,0.620,296,853860
13,0,0,0,0,14,5,3,2.621,262,1002556
4,2,0,0,0,3,5,2,0.670,296,868560
3,0,0,0,0,4,3,2,0.759,295,853860
2,2,0,0,0,2,3,1,0.457,328,839940
15,10,0,0,0,10,7,2,2.270,295,1076768
7,2,0,0,0,6,5,2,1.232,296,921576
9,0,0,0,0,8,5,3,1.555,263,935688
3,3,0,0,0,2,4,1,0.482,327,848968
13,9,0,0,0,10,6,2,2.177,295,1021868
2,2,0,0,0,3,3,2,0.621,296,848976
21,9,0,0,0,9,8,2,2.214,295,1078660
5,0,0,0,0,6,4,2,1.137,295,890644
20,8,0,0,0,6,7,1,1.664,327,1022352
17,6,0,0,0,6,7,1,1.562,327,1012252
11,8,0,0,0,6,6,2,1.471,296,986160
15,0,0,0,0,16,5,3,2.981,262,1024132
14,0,0,0,0,9,5,3,1.836,262,977452
18,6,0,0,0,7,7,1,1.753,327,1040420
3,0,0,0,0,1,3,1,0.269,328,823648
10,5,0,0,0,8,5,1,1.701,327,986160
10,5,0,0,0,4,6,1,1.052,327,943476
25,9,0,0,0,7,8,1,1.970,327,1069528
3,2,0,0,0,4,4,1,0.807,327,870596
5,4,0,0,0,4,4,1,0.903,327,899684
11,7,0,0,0,7,7,2,1.609,295,985952
2,2,0,0,0,2,4,2,0.457,296,839940
2,1,0,0,0,4,4,2,0.760,296,855896
3,1,0,0,0,4,5,2,0.784,296,861296
21,7,0,0,0,5,7,2,1.518,296,1035204
2,1,0,0,0,2,3,2,0.433,296,834528
29,11,0,0,0,10,10,2,2.604,295,1151152
5,0,0,0,0,4,4,2,0.806,296,870608
14,9,0,0,0,8,5,1,1.876,327,1008544
3,4,0,0,0,4,4,2,0.858,296,881412
20,10,0,0,0,11,7,2,2.523,295,1078760
3,4,0,0,0,3,4,1,0.694,327,875748
4,0,0,0,0,3,3,2,0.620,296,848980
1,0,0,0,0,2,2,1,0.385,328,819824
14,8,0,0,0,9,5,2,2.015,295,1011128
4,4,0,0,0,4,11,4,0.881,231,892492
4,4,0,0,0,8,16,8,1.531,101,934900
2,1,0,0,0,4,4,1,0.759,328,855896
7,2,0,0,0,6,5,2,1.231,295,921576
20,6,0,0,0,9,8,2,2.126,295,1072880
3,2,0,0,0,2,4,2,0.481,296,848976
10,7,0,0,0,6,7,2,1.421,296,972972
5,0,0,0,0,4,4,3,0.806,264,868564
7,0,0,0,0,7,4,3,1.346,263,912556
44,16,0,0,0,15,8,2,3.925,295,1384020
23,10,0,0,0,13,7,2,2.920,296,1117660
9,6,0,0,0,6,6,2,1.374,296,963528
16,9,0,0,0,12,8,2,2.572,295,1065132
5,3,0,0,0,3,4,1,0.718,327,881420
17,7,0,0,0,8,7,2,1.899,296,1017200
7,3,0,0,0,8,5,3,1.581,264,943476
5,0,0,0,0,6,4,3,1.136,264,885776
21,14,0,0,0,12,6,2,2.800,295,1112208
4,0,0,0,0,3,3,2,0.622,296,853860
18,0,0,0,0,13,5,3,2.571,263,1024388
9,6,0,0,0,4,5,1,1.048,327,943480
6,5,0,0,0,6,5,2,1.275,296,927128
16,10,0,0,0,7,6,1,1.784,326,1021292
22,10,0,0,0,8,7,2,2.087,296,1077008
17,7,0,0,0,7,7,2,1.752,296,1040420
6,4,0,0,0,5,4,2,1.092,295,916696
33,9,0,0,0,9,10,2,2.515,295,1189604
17,5,0,0,0,5,7,1,1.363,327,976512
7,0,0,0,0,8,4,3,1.507,263,921584
22,8,0,0,0,6,7,2,1.717,296,1039344
1,0,0,0,0,2,2,1,0.385,328,819824
13,5,0,0,0,5,7,1,1.273,327,951920
13,6,0,0,0,4,6,1,1.134,327,950600
9,6,0,0,0,8,6,2,1.693,295,970592
17,6,0,0,0,4,7,1,1.227,327,975192
16,6,0,0,0,7,8,1,1.688,327,994452
9,0,0,0,0,6,4,3,1.230,264,916712
14,0,0,0,0,7,5,3,1.512,264,958644
2,2,0,0,0,3,3,2,0.620,296,848976
10,5,0,0,0,5,5,1,1.210,327,946316
10,5,0,0,0,4,5,1,1.049,327,943148
12,5,0,0,1,4,5,1,1.094,327,955488
28,18,0,0,0,15,7,2,3.555,295,1230580
5,4,0,0,0,4,4,1,0.904,327,899684
2,1,0,0,0,2,3,2,0.432,296,834528
4,0,0,0,0,3,3,1,0.621,327,853860
24,13,0,0,0,13,7,2,3.008,296,1143308
5,5,0,0,0,5,4,2,1.091,296,914388
3,2,0,0,0,4,4,2,0.808,296,870596
55,25,0,0,0,33,16,5,7.308,198,1649396
28,16,0,0,0,13,9,2,3.180,295,1190972
3,2,0,0,0,4,4,2,0.807,296,868552
8,4,0,0,0,3,5,1,0.814,327,912356
2,2,0,0,0,3,3,2,0.622,296,853856
11,0,0,0,0,8,5,2,1.605,295,956800
2,1,0,0,0,2,3,1,0.433,328,834528
5,3,0,0,0,4,4,1,0.880,327,892492
14,9,0,0,0,8,5,1,1.886,327,1035080
9,7,0,0,0,7,5,2,1.552,296,966096
23,9,0,0,0,5,8,1,1.602,327,1046148
22,6,0,0,0,5,7,1,1.507,327,1013564
9,0,0,0,0,4,4,2,0.905,296,899692
10,4,0,0,0,3,6,1,0.860,327,917824
8,3,0,0,0,4,5,1,0.952,327,914396
6,4,0,0,0,5,4,2,1.090,296,914388
17,7,0,0,0,6,7,1,1.577,327,998540
3,2,0,0,0,2,4,2,0.481,296,848976
21,8,0,0,0,9,7,2,2.191,296,1068296
1,2,0,0,0,2,4,2,0.433,296,834532
8,4,0,0,0,5,6,2,1.140,295,923500
2,1,0,0,0,3,4,2,0.596,296,844820
17,7,0,0,0,4,7,2,1.248,296,981324
13,4,0,0,0,5,6,1,1.248,327,945788
12,5,0,0,0,6,7,2,1.410,296,955544
6,0,0,0,0,7,4,3,1.322,263,906880
5,4,0,0,0,4,4,1,0.903,327,899684
12,10,0,0,0,10,6,2,2.148,294,1011068
7,0,0,0,0,4,4,2,0.857,296,881428
21,11,0,0,0,9,6,2,2.246,295,1071564
25,10,0,0,0,11,7,2,2.645,295,1111528
14,0,0,0,0,11,5,2,2.171,295,999664
12,7,0,0,0,5,6,2,1.296,296,958048
34,8,0,0,0,9,8,2,2.490,296,1144736
17,6,0,0,0,9,8,2,2.036,295,1019504
14,4,0,0,0,5,7,2,1.271,296,951920
20,6,0,0,0,7,7,1,1.779,327,1021292
3,3,0,0,0,4,7,3,0.835,264,877784
14,6,0,0,0,5,5,1,1.334,327,986152
3,2,0,0,0,5,5,3,0.973,264,877784
18,0,0,0,0,11,6,2,2.241,295,1003476
4,3,0,0,0,5,8,3,1.020,264,894808
8,6,0,0,0,1,5,1,0.534,327,905624
11,6,0,0,0,4,6,1,1.094,327,954420
5,3,0,0,0,4,11,4,0.880,231,892492
18,8,0,0,0,10,8,2,2.274,295,1052664
3,2,0,0,0,2,3,1,0.458,327,839940
3,3,0,0,0,2,4,1,0.504,328,854380
17,6,0,0,0,5,7,1,1.388,327,982644
21,9,0,0,0,7,8,2,1.884,296,1053864
16,5,0,0,0,6,7,2,1.519,296,1009104
8,5,0,0,0,3,5,1,0.837,327,918488
3,0,0,0,0,3,3,2,0.597,296,844824
3,1,0,0,0,5,5,3,0.946,264,872904
14,6,0,0,0,6,7,2,1.490,296,987976
4,3,0,0,0,3,5,2,0.694,296,875740
5,6,0,0,0,5,9,3,1.115,263,923884
20,9,0,0,0,8,8,2,2.019,296,1055904
8,0,0,0,0,7,4,3,1.367,263,921588
4,3,0,0,0,4,4,2,0.857,296,883456
4,3,0,0,0,4,4,1,0.858,327,883456
5,4,0,0,0,8,5,2,1.557,295,934896
4,3,0,0,0,4,4,1,0.857,327,883456
9,7,0,0,0,5,5,1,1.233,327,955744
33,14,0,0,0,12,7,1,3.120,326,1257984
6,4,0,0,0,5,4,2,1.091,296,914388
18,5,0,0,0,7,7,2,1.713,296,1002624
4,2,0,0,0,3,4,2,0.669,296,868560
24,10,0,0,0,10,7,2,2.474,295,1131432
2,1,0,0,0,2,3,1,0.433,328,834528
1,1,0,0,0,2,3,1,0.386,328,819820
11,3,0,0,0,3,5,1,0.860,327,923628
4,4,0,0,0,2,4,1,0.554,327,870864
4,2,0,0,0,3,4,2,0.670,296,868564
21,7,0,0,0,8,7,2,2.002,296,1061392
17,6,0,0,0,5,7,1,1.390,327,982644
8,4,0,0,0,7,5,1,1.467,327,952712
18,9,0,0,0,8,7,2,1.986,296,1071564
5,4,0,0,0,4,6,2,0.904,296,899688
21,9,0,0,0,5,8,1,1.566,327,1047876
10,4,0,0,0,8,7,3,1.666,264,961344
9,0,0,0,0,6,4,2,1.228,295,916704
5,1,0,0,0,1,3,1,0.342,328,847124
10,4,0,0,0,3,6,2,0.859,296,917824
8,4,0,0,0,3,5,1,0.815,327,912356
2,3,0,0,0,2,4,1,0.482,328,848976
2,1,0,0,0,2,4,2,0.433,296,834532
44,23,0,0,0,17,8,2,4.373,295,1381172
4,2,0,0,0,4,4,2,0.835,296,877784
21,8,0,0,0,9,7,2,2.194,296,1068296
9,0,0,0,0,4,5,2,0.905,296,899692
3,3,0,0,0,3,4,2,0.669,296,868560
7,5,0,0,0,2,5,1,0.648,327,897840
4,3,0,0,0,4,8,3,0.858,263,883456
7,2,0,0,0,2,4,1,0.579,327,876536
3,0,0,0,0,2,3,2,0.433,296,834536
5,5,0,0,0,5,4,2,1.093,296,916696
15,5,0,0,0,5,6,1,1.334,327,986152
6,5,0,0,0,4,5,1,0.954,327,914400
23,8,0,0,0,6,7,1,1.744,327,1049780
3,1,0,0,0,2,3,1,0.457,327,839940
20,8,0,0,0,7,7,1,1.847,327,1067468
2,2,0,0,0,3,3,2,0.620,296,853856
24,9,0,0,0,7,8,2,1.956,296,1077000
9,4,0,0,0,5,5,1,1.156,327,928036
21,13,0,0,0,13,6,2,2.961,295,1141228
14,5,0,0,0,6,6,1,1.473,327,989788
11,6,0,0,0,5,7,1,1.249,327,951588
11,0,0,0,0,10,5,2,1.931,295,969408
3,2,0,0,0,2,3,1,0.481,328,848976
5,2,0,0,0,2,4,1,0.530,328,863680
20,0,0,0,0,6,6,2,1.480,295,974008
4,3,0,0,0,4,6,2,0.856,296,883456
8,5,0,0,0,7,7,2,1.491,296,958844
11,5,0,0,0,5,6,1,1.237,327,957064
11,6,0,0,0,6,6,2,1.418,296,966096
10,7,0,0,0,9,9,3,1.898,264,982712
3,2,0,0,0,2,3,1,0.482,328,848976
2,2,0,0,0,3,3,2,0.622,295,853856
2,3,0,0,0,2,3,1,0.481,328,848976
13,7,0,0,0,5,7,2,1.333,296,986152
3,3,0,0,0,4,5,2,0.836,296,877784
3,2,0,0,0,2,6,2,0.481,295,848976
16,5,0,0,0,7,6,1,1.668,327,990360
7,3,0,0,0,7,5,1,1.418,327,934900
5,5,0,0,0,6,15,6,1.254,166,928764
5,0,0,0,0,4,4,2,0.807,296,870608
1,2,0,0,0,3,3,1,0.595,328,844820
15,12,0,0,0,14,7,2,2.942,295,1083528
16,6,0,0,0,6,6,1,1.529,327,986268
1,0,0,0,0,2,2,2,0.385,296,819824
9,6,0,0,0,6,7,2,1.372,295,960692
5,4,0,0,0,6,5,2,1.231,295,921576
4,3,0,0,0,4,4,2,0.857,295,881412
9,6,0,0,0,7,6,2,1.528,295,953500
13,5,0,0,0,6,6,2,1.439,296,961680
17,7,0,0,0,8,7,2,1.898,296,1017200
1,2,0,0,0,3,3,1,0.596,328,844820
24,16,0,0,0,13,6,2,3.090,295,1160652
21,7,0,0,0,7,6,2,1.847,296,1067468
6,0,0,0,0,5,4,2,0.997,296,885784
31,10,0,0,0,7,9,2,2.143,296,1133004
10,7,0,0,0,9,5,2,1.904,296,996424
15,12,0,0,0,14,8,2,2.941,295,1085836
2,2,0,0,0,2,3,1,0.456,328,839940
3,2,0,0,0,2,4,2,0.482,296,848976
5,4,0,0,0,5,7,3,1.068,264,907660
4,1,0,0,0,2,3,1,0.482,328,848976
3,3,0,0,0,2,4,1,0.504,327,854384
6,7,0,0,0,6,5,2,1.329,295,950664
19,7,0,0,0,7,7,1,1.781,327,1021292
29,13,0,0,0,15,7,2,3.451,295,1198160
2,2,0,0,0,3,3,2,0.620,296,853856
20,8,0,0,0,7,10,2,1.849,295,1067468
9,4,0,0,0,4,5,1,0.997,327,921912
8,0,0,0,0,7,4,2,1.369,295,921588
10,7,0,0,0,6,5,1,1.417,327,966096
5,5,0,0,0,3,4,1,0.765,327,897648
7,0,0,0,0,10,5,3,1.833,264,940312
8,6,0,0,0,5,5,1,1.186,327,945784
4,0,0,0,0,5,4,3,0.946,264,870612
2,2,0,0,0,3,6,2,0.622,296,853856
8,2,0,0,0,5,4,2,1.091,295,914388
19,6,0,0,0,5,7,1,1.432,327,994908
3,0,0,0,0,2,3,1,0.433,328,834536
21,16,0,0,0,26,6,4,5.113,230,1231336
3,2,0,0,0,2,4,1,0.482,327,848976
5,3,0,0,0,4,5,2,0.880,295,892496
5,3,0,0,0,9,5,2,1.694,295,934896
8,4,0,0,0,3,5,1,0.814,327,912356
7,0,0,0,0,3,4,2,0.691,295,870876
11,10,0,0,0,10,5,2,2.166,295,1042272
2,2,0,0,0,2,4,1,0.457,328,839940
6,5,0,0,0,4,4,1,0.952,327,914396
13,8,0,0,0,6,5,1,1.507,327,985940
3,3,0,0,0,7,4,1,1.321,327,908912
5,2,0,0,0,2,5,1,0.529,328,863680
16,7,0,0,0,6,7,2,1.552,296,990360
2,2,0,0,0,3,5,2,0.621,296,853856
21,10,0,0,0,7,7,1,1.912,327,1063680
5,0,0,0,0,5,4,2,0.976,295,877804
27,10,0,0,0,10,8,2,2.529,295,1115620
3,2,0,0,0,4,4,1,0.809,327,870596
4,4,0,0,0,4,5,2,0.881,296,892492
10,5,0,0,0,6,5,1,1.374,327,959372
39,11,0,0,0,9,8,2,2.701,296,1247972
19,7,0,0,0,6,7,1,1.622,327,1011056
10,6,0,0,0,3,5,1,0.909,327,939052
2,2,0,0,0,4,4,1,0.782,327,861296
8,7,0,0,0,7,7,2,1.529,295,959304
12,5,0,0,0,6,5,2,1.415,296,962468
3,2,0,0,0,2,3,1,0.482,328,848972
8,5,0,0,0,4,7,2,1.000,295,921912
14,5,0,0,0,6,7,1,1.474,327,989788
7,0,0,0,0,4,4,2,0.857,295,881424
18,10,0,0,0,10,8,2,2.329,295,1072916
5,5,0,0,0,4,4,1,0.928,327,904040
2,0,0,0,0,3,3,1,0.572,328,839416
6,0,0,0,0,5,4,2,0.996,295,883472
19,7,0,0,0,7,7,1,1.785,327,1021292
10,4,0,0,0,3,5,1,0.859,327,917824
12,6,0,0,0,5,6,1,1.271,327,951920
2,1,0,0,0,2,4,2,0.433,296,834532
6,4,0,0,0,5,6,2,1.091,295,916696
6,3,0,0,0,7,5,1,1.393,327,930816
16,8,0,0,0,8,7,2,1.902,296,1017200
10,5,0,0,0,3,6,1,0.883,327,930548
6,3,0,0,0,6,4,3,1.230,264,916696
15,6,0,0,0,6,6,1,1.505,327,980140
5,0,0,0,0,4,4,2,0.807,296,870612
3,4,0,0,0,4,4,2,0.858,296,883456
4,0,0,0,0,2,4,2,0.457,296,839944
4,3,0,0,0,3,4,1,0.694,327,875748
11,0,0,0,0,6,5,2,1.277,295,931608
7,4,0,0,0,2,5,1,0.626,327,892764
4,4,0,0,0,3,6,2,0.719,296,881420
3,0,0,0,0,4,3,2,0.761,296,855908
7,0,0,0,0,4,4,2,0.858,296,883472
21,7,0,0,0,8,7,2,1.992,296,1045472
8,0,0,0,0,7,4,3,1.367,264,921588
6,0,0,0,0,9,4,3,1.647,263,923628
3,2,0,0,0,2,4,2,0.482,296,848976
7,4,0,0,0,2,4,1,0.626,327,892764
9,4,0,0,0,3,6,1,0.838,327,919544
3,2,0,0,0,2,4,1,0.481,327,848976
4,3,0,0,0,3,4,2,0.694,296,875748
3,1,0,0,0,3,4,1,0.621,327,853856
2,3,0,0,0,2,3,1,0.481,327,848972
13,0,0,0,0,18,5,4,3.266,231,1028748
11,6,0,0,0,4,6,1,1.094,327,954420
4,0,0,0,0,3,3,2,0.621,296,853860
1,2,0,0,0,2,3,1,0.432,328,834528
23,9,0,0,0,11,7,2,2.587,296,1112544
19,6,0,0,0,7,7,1,1.761,327,1015148
13,0,0,0,0,20,6,3,3.594,263,1054064
2,0,0,0,0,2,3,1,0.408,328,825504
21,5,0,0,0,8,7,1,1.943,326,1028480
3,2,0,0,0,4,4,2,0.807,296,870600
3,3,0,0,0,2,4,1,0.505,328,854380
5,0,0,0,0,3,4,2,0.644,296,859268
18,6,0,0,0,7,6,2,1.753,296,1040420
4,4,0,0,0,4,7,2,0.879,295,892496
9,5,0,0,0,4,7,2,1.019,296,926456
3,0,0,0,0,3,3,2,0.596,296,844824
27,15,0,0,0,11,7,2,2.814,296,1154532
8,6,0,0,0,6,5,2,1.352,296,950864
6,5,0,0,0,8,6,2,1.605,295,956800
13,7,0,0,0,5,6,1,1.333,327,986152
29,7,0,0,0,11,7,2,2.679,296,1137140
1,2,0,0,0,2,3,1,0.433,328,834528
17,6,0,0,0,6,8,2,1.549,296,990360
9,6,0,0,0,6,7,2,1.372,295,959380
6,7,0,0,0,6,6,2,1.329,295,949604
10,5,0,0,0,4,5,1,1.050,327,943480
4,0,0,0,0,5,4,2,0.947,295,872912
6,0,0,0,0,5,4,2,0.996,295,883476
9,6,0,0,0,6,5,1,1.375,327,959372
4,2,0,0,0,3,5,2,0.669,296,868564
2,2,0,0,0,3,4,1,0.621,328,853856
5,2,0,0,0,3,4,1,0.694,328,875748
22,9,0,0,0,6,7,1,1.739,327,1049780
7,5,0,0,0,3,4,1,0.815,327,912356
2,2,0,0,0,3,3,1,0.621,327,853856
5,5,0,0,0,5,4,2,1.092,296,916696
4,3,0,0,0,3,4,1,0.645,328,859264
2,2,0,0,0,2,4,1,0.457,328,839936
17,0,0,0,0,8,6,2,1.751,295,995912
5,3,0,0,0,3,4,1,0.718,327,881424
16,0,0,0,0,3,6,1,0.908,327,936688
4,3,0,0,0,3,5,2,0.693,296,875748
3,3,0,0,0,5,4,2,0.999,295,885764
9,5,0,0,0,6,6,2,1.353,296,949940
10,8,0,0,0,9,5,2,1.927,296,1007316
5,0,0,0,0,4,4,2,0.807,296,870608
7,0,0,0,0,3,5,2,0.694,296,875760
6,5,0,0,0,4,4,1,0.952,327,914396
11,7,0,0,0,8,6,2,1.768,296,992064
3,3,0,0,0,3,6,2,0.669,296,868560
4,6,0,0,0,3,7,2,0.765,296,897648
4,3,0,0,0,3,4,1,0.693,327,875748
20,7,0,0,0,5,7,1,1.479,327,1007440
2,2,0,0,0,1,3,1,0.293,328,832688
3,4,0,0,0,3,5,2,0.693,296,875740
3,4,0,0,0,3,5,1,0.694,327,875748
13,7,0,0,0,7,5,2,1.654,296,997992
4,3,0,0,0,4,5,2,0.859,296,883460
10,0,0,0,0,8,5,2,1.582,295,943472
4,2,0,0,0,5,5,1,0.998,327,885768
3,4,0,0,0,4,8,3,0.859,264,883456
6,4,0,0,0,5,4,2,1.090,296,914388
5,4,0,0,0,6,5,2,1.232,296,921576
15,0,0,0,0,4,6,2,1.049,296,940772
11,5,0,0,0,4,6,2,1.076,296,949612
13,6,0,0,0,8,6,2,1.785,296,986272
18,0,0,0,0,7,6,2,1.611,295,993868
10,0,0,0,0,21,5,4,3.679,230,1035404
14,11,0,0,0,10,6,2,2.258,295,1054516
22,9,0,0,0,6,7,2,1.740,296,1049780
13,9,0,0,0,9,6,2,2.034,295,1045844
10,5,0,0,0,6,7,2,1.371,296,959372
19,6,0,0,0,4,7,2,1.270,296,985412
5,4,0,0,0,3,6,2,0.742,296,890456
4,0,0,0,0,5,4,2,0.947,295,872920
9,4,0,0,0,3,5,1,0.838,327,919544
2,3,0,0,0,2,4,1,0.481,328,848976
11,8,0,0,0,6,7,2,1.469,295,981868
8,6,0,0,0,3,5,1,0.861,327,924952
5,5,0,0,0,5,4,2,1.090,295,914388
4,2,0,0,0,5,4,2,0.997,296,883456
2,1,0,0,0,2,3,1,0.432,328,834532
4,0,0,0,0,4,4,2,0.782,296,861316
8,4,0,0,0,5,6,1,1.093,327,916696
4,2,0,0,0,2,4,1,0.504,328,854384
3,2,0,0,0,3,5,2,0.643,296,859260
18,5,0,0,0,6,7,2,1.550,296,990360
5,4,0,0,0,6,4,2,1.232,296,921584
11,6,0,0,0,7,6,2,1.584,296,981868
10,8,0,0,0,9,12,4,1.930,231,1002564
21,8,0,0,0,7,7,1,1.858,327,1043428
21,7,0,0,0,9,7,2,2.161,296,1058472
6,4,0,0,0,5,4,2,1.090,296,914388
11,4,0,0,0,6,7,2,1.371,296,959372
7,4,0,0,0,4,4,1,0.954,327,914396
5,2,0,0,0,4,5,2,0.858,296,883456
4,0,0,0,0,3,4,2,0.622,296,853860
10,11,0,0,0,10,5,2,2.153,295,1015740
9,4,0,0,0,7,5,1,1.488,327,954036
4,3,0,0,0,4,5,2,0.859,296,883464
16,7,0,0,0,6,6,2,1.568,296,1021688
8,0,0,0,0,3,4,1,0.718,327,881424
14,8,0,0,0,8,6,2,1.852,295,998532
4,0,0,0,0,4,4,2,0.783,296,861316
4,5,0,0,0,2,5,1,0.578,327,876540
6,2,0,0,0,4,5,1,0.880,327,892496
19,0,0,0,0,12,5,3,2.442,263,1035076
19,8,0,0,0,8,7,1,1.989,327,1071564
10,0,0,0,0,9,5,2,1.745,295,951652
17,9,0,0,0,9,6,2,2.124,296,1072880
1,2,0,0,0,2,3,1,0.432,328,834532
3,0,0,0,0,3,4,2,0.597,295,844824
16,6,0,0,0,5,7,1,1.366,327,976512
19,7,0,0,0,4,6,1,1.293,327,993584
10,0,0,0,0,14,5,3,2.559,262,995148
15,11,0,0,0,9,6,1,2.104,327,1033676
12,0,0,0,0,5,5,2,1.139,295,927980
3,2,0,0,0,2,3,2,0.482,296,848972
5,4,0,0,0,3,4,1,0.742,327,890456
9,5,0,0,0,5,6,2,1.187,296,944464
5,3,0,0,0,4,5,1,0.880,327,892492
5,3,0,0,0,3,4,1,0.720,327,881420
2,0,0,0,0,3,3,2,0.572,296,839416
28,15,0,0,0,16,7,2,3.677,295,1267284
5,4,0,0,0,4,4,2,0.905,296,899684
5,5,0,0,0,5,4,2,1.091,296,914388
5,4,0,0,0,4,4,1,0.903,327,899684
19,7,0,0,0,7,7,1,1.784,327,1026824
14,9,0,0,0,8,6,2,1.874,296,1006500
14,8,0,0,0,3,7,1,1.053,327,980484
17,9,0,0,0,8,8,2,1.944,296,1028480
5,4,0,0,0,5,5,2,1.066,296,907660
7,4,0,0,0,4,4,1,0.952,327,914396
6,5,0,0,0,4,4,1,0.952,327,914396
19,6,0,0,0,5,7,1,1.432,327,994916
13,7,0,0,0,12,7,2,2.452,295,1024896
5,4,0,0,0,4,4,1,0.905,327,899684
9,5,0,0,0,8,6,2,1.667,296,961348
10,6,0,0,0,8,6,2,1.715,296,967808
5,1,0,0,0,4,4,2,0.835,296,877784
10,0,0,0,0,5,5,2,1.093,296,916712
30,8,0,0,0,25,6,4,4.979,230,1237472
2,1,0,0,0,2,3,2,0.433,296,834528
11,6,0,0,0,7,5,1,1.587,327,981868
2,2,0,0,0,3,5,2,0.454,295,796268
4,3,0,0,0,2,5,1,0.529,327,863680
13,8,0,0,0,10,7,2,2.172,295,1049732
19,9,0,0,0,7,7,1,1.844,326,1055588
2,2,0,0,0,2,4,1,0.457,328,839940
7,5,0,0,0,6,6,2,1.298,295,931664
6,4,0,0,0,5,4,2,1.092,296,916696
18,8,0,0,0,7,8,2,1.786,296,1021292
8,0,0,0,0,9,5,3,1.697,263,937732
14,11,0,0,0,11,7,2,2.408,296,1053552
5,4,0,0,0,4,5,1,0.903,327,899680
26,10,0,0,0,10,8,2,2.503,295,1109484
6,5,0,0,0,4,4,1,0.952,327,914396
11,5,0,0,0,5,6,1,1.233,327,955744
6,4,0,0,0,5,4,2,1.091,296,914388
5,4,0,0,0,4,6,2,0.905,295,899684
4,2,0,0,0,4,4,1,0.836,327,877784
8,2,0,0,0,3,5,2,0.765,296,897644
4,1,0,0,0,3,4,1,0.643,327,859260
13,10,0,0,0,8,5,2,1.875,296,1008544
2,2,0,0,0,3,4,1,0.621,327,853856
6,4,0,0,0,5,4,2,1.089,296,916704
4,1,0,0,0,2,3,1,0.482,328,848976
5,1,0,0,0,3,4,1,0.668,328,868560
19,7,0,0,0,9,7,2,2.125,296,1072880
10,5,0,0,0,6,6,2,1.371,296,959372
8,5,0,0,0,4,6,1,0.999,327,926984
6,0,0,0,0,6,5,2,1.159,295,899692
24,11,0,0,0,8,7,2,2.162,296,1103308
19,5,0,0,0,3,7,1,1.103,327,999876
4,3,0,0,0,4,4,1,0.808,327,870596
1,2,0,0,0,1,3,1,0.268,328,823644
16,0,0,0,0,15,5,4,2.844,231,1017988
11,0,0,0,0,11,5,3,2.085,263,970780
23,11,0,0,0,11,7,2,2.618,295,1105396
4,0,0,0,0,4,4,2,0.782,295,861312
4,0,0,0,0,3,3,2,0.621,296,853860
6,2,0,0,0,5,5,2,1.043,295,899680
18,6,0,0,0,7,8,2,1.749,296,1033028
6,0,0,0,0,8,4,2,1.484,295,914600
21,8,0,0,0,5,7,2,1.526,296,1018724
3,3,0,0,0,3,5,2,0.670,296,868560
5,0,0,0,0,4,4,2,0.808,295,868564
6,0,0,0,0,3,4,2,0.667,296,863692
10,8,0,0,0,8,6,2,1.767,296,994108
7,0,0,0,0,5,4,2,1.019,295,894812
14,9,0,0,0,8,6,1,1.875,326,1008544
7,4,0,0,0,4,7,2,0.952,295,914396
19,12,0,0,0,10,12,3,2.398,263,1095924
13,8,0,0,0,7,5,2,1.671,296,1003016
13,8,0,0,0,4,5,1,1.189,327,976652
4,3,0,0,0,4,4,2,0.858,295,881412
13,7,0,0,0,5,6,1,1.327,327,978232
5,5,0,0,0,5,4,2,1.089,295,914388
3,2,0,0,0,3,4,1,0.643,327,859260
6,0,0,0,0,9,4,3,1.647,263,923628
5,0,0,0,0,2,4,2,0.482,296,848980
25,10,0,0,0,10,6,2,2.480,295,1108988
20,7,0,0,0,9,7,2,2.131,295,1047780
13,8,0,0,0,8,6,2,1.823,296,994244
24,11,0,0,0,11,9,2,2.643,295,1111528
17,8,0,0,0,6,6,1,1.597,326,1005828
22,10,0,0,0,5,8,1,1.599,327,1046148
17,6,0,0,0,6,6,1,1.552,327,990368
27,17,0,0,0,15,10,3,3.538,264,1267288
1,1,0,0,0,2,3,2,0.409,296,825496
8,3,0,0,0,4,4,1,0.953,328,914400
5,5,0,0,0,5,11,4,1.092,231,916696
4,4,0,0,0,6,8,3,1.206,264,912544
20,10,0,0,0,11,7,3,2.525,263,1075352
4,4,0,0,0,5,9,4,1.042,231,901996
5,3,0,0,0,3,4,1,0.719,327,881420
6,0,0,0,0,5,4,2,0.997,296,885784
3,3,0,0,0,3,5,2,0.670,296,868560
20,5,0,0,0,7,8,2,1.780,296,1047616
17,9,0,0,0,8,6,2,1.959,296,1052492
2,2,0,0,0,2,4,2,0.457,296,839940
24,8,0,0,0,9,8,2,2.269,296,1116788
21,8,0,0,0,8,8,1,2.018,326,1055904
16,6,0,0,0,6,7,2,1.530,296,986268
2,3,0,0,0,2,4,1,0.482,328,848976
26,11,0,0,0,12,8,2,2.850,295,1134016
2,2,0,0,0,1,3,1,0.293,329,832688
5,4,0,0,0,6,4,2,1.232,295,921576
5,4,0,0,0,5,4,1,1.064,327,906340
5,0,0,0,0,10,5,3,1.783,263,927708
10,0,0,0,0,9,5,3,1.743,264,951652
2,2,0,0,0,2,3,1,0.456,328,839940
13,8,0,0,0,7,6,1,1.664,327,990360
14,10,0,0,0,14,8,3,2.884,264,1067432
4,0,0,0,0,2,4,2,0.457,296,839944
5,4,0,0,0,3,5,1,0.741,327,890460
3,1,0,0,0,3,3,2,0.621,296,848976
5,5,0,0,0,5,4,2,1.092,296,916696
22,8,0,0,0,7,7,2,1.882,296,1053864
5,4,0,0,0,2,4,1,0.578,328,876540
15,5,0,0,0,5,6,1,1.332,327,986156
3,0,0,0,0,4,3,2,0.759,296,848984
2,3,0,0,0,2,4,1,0.481,328,848976
6,0,0,0,0,5,4,2,0.997,295,883464
3,2,0,0,0,6,4,1,1.139,327,890652
3,2,0,0,0,2,5,2,0.482,296,848976
7,4,0,0,0,4,5,1,0.952,327,914396
14,7,0,0,0,10,6,2,2.151,296,1011124
25,14,0,0,0,14,9,3,3.230,264,1163228
27,13,0,0,0,13,8,2,3.092,295,1160652
31,15,0,0,0,15,7,2,3.557,295,1230580
4,2,0,0,0,4,5,2,0.837,296,877784
2,1,0,0,0,2,4,2,0.433,296,834528
4,3,0,0,0,8,4,2,1.511,295,923628
6,5,0,0,0,6,5,1,1.277,327,927128
6,4,0,0,0,5,4,2,1.091,296,914388
18,7,0,0,0,7,7,2,1.761,296,1015152
5,2,0,0,0,4,4,2,0.858,296,883456
3,3,0,0,0,2,4,1,0.504,328,854384
4,2,0,0,0,5,4,2,0.995,295,883456
2,0,0,0,0,1,2,1,0.245,328,817976
26,11,0,0,0,11,9,2,2.701,296,1151392
5,4,0,0,0,4,4,1,0.903,327,899684
6,0,0,0,0,9,4,3,1.649,263,927716
18,5,0,0,0,15,7,2,3.035,295,1088280
9,1,0,0,0,3,5,1,0.766,327,897644
6,3,0,0,0,3,5,1,0.743,327,890456
21,11,0,0,0,6,8,2,1.774,296,1059592
7,2,0,0,0,6,4,2,1.231,295,921576
12,5,0,0,0,4,6,1,1.095,327,955476
12,0,0,0,0,7,7,2,1.464,295,950064
2,0,0,0,0,3,3,3,0.572,264,839420
10,5,0,0,0,5,7,2,1.213,296,951912
2,2,0,0,0,2,3,2,0.456,296,839940
7,4,0,0,0,4,4,1,0.953,327,914396
4,0,0,0,0,3,4,2,0.621,296,853860
21,10,0,0,0,6,7,1,1.743,327,1049780
30,18,0,0,0,19,10,3,4.262,262,1277744
4,3,0,0,0,4,4,2,0.857,296,882136
10,5,0,0,0,7,6,2,1.528,296,959304
2,1,0,0,0,1,4,1,0.268,328,823644
6,2,0,0,0,3,4,1,0.720,327,881420
7,3,0,0,0,4,7,2,0.927,296,905556
21,7,0,0,0,9,7,1,2.159,327,1058476
4,3,0,0,0,3,4,2,0.696,296,875748
5,3,0,0,0,4,6,2,0.881,296,892492
17,6,0,0,0,6,7,1,1.549,327,990360
4,4,0,0,0,3,4,1,0.720,327,881420
31,24,0,0,0,24,7,2,5.222,294,1360780
17,6,0,0,0,7,7,2,1.713,296,1002628
2,1,0,0,0,2,3,2,0.432,296,834528
6,4,0,0,0,4,5,1,0.927,327,905556
3,1,0,0,0,4,4,2,0.782,296,859252
22,8,0,0,0,9,8,2,2.213,295,1078660
6,4,0,0,0,5,4,2,1.092,296,916696
4,0,0,0,0,11,4,3,1.926,262,927708
3,3,0,0,0,3,4,2,0.669,296,868560
8,7,0,0,0,7,21,7,1.533,133,966168
10,5,0,0,0,5,5,1,1.211,327,946316
9,0,0,0,0,6,4,3,1.231,263,914652
5,3,0,0,0,5,4,2,1.045,296,899688
9,0,0,0,0,6,6,2,1.231,295,921588
12,7,0,0,0,8,5,1,1.782,327,986272
21,11,0,0,0,8,8,2,2.090,295,1077008
9,6,0,0,0,8,6,1,1.696,327,972232
18,6,0,0,0,6,7,1,1.575,327,998540
17,7,0,0,0,4,7,1,1.251,327,981324
9,3,0,0,0,3,4,1,0.814,327,912356
6,3,0,0,0,4,4,1,0.904,327,899680
17,9,0,0,0,5,6,1,1.476,327,1033504
13,5,0,0,0,5,7,1,1.271,327,951920
15,11,0,0,0,9,6,1,2.106,327,1033676
21,8,0,0,0,5,7,1,1.526,327,1018724
5,6,0,0,0,6,6,2,1.277,296,927128
5,3,0,0,0,4,6,1,0.880,327,892492
5,0,0,0,0,0,3,0,0.147,360,811364
3,3,0,0,0,2,5,2,0.504,296,854384
15,7,0,0,0,9,6,2,2.031,296,1045844
6,5,0,0,0,4,4,1,0.952,327,914396
20,6,0,0,0,5,6,1,1.473,327,1033500
21,8,0,0,0,11,7,1,2.512,327,1088284
2,3,0,0,0,2,3,1,0.482,328,848976
19,7,0,0,0,7,8,1,1.784,327,1021292
8,3,0,0,0,4,5,1,0.952,327,914400
2,2,0,0,0,3,4,2,0.620,296,853856
19,7,0,0,0,7,7,1,1.783,327,1021292
41,17,0,0,0,14,9,2,3.683,295,1300780
4,0,0,0,0,3,3,2,0.620,296,853860
6,3,0,0,0,4,4,1,0.903,327,899680
5,3,0,0,0,3,4,1,0.718,327,881424
13,6,0,0,0,7,7,2,1.629,296,988708
19,6,0,0,0,7,8,1,1.762,327,1015152
20,6,0,0,0,8,7,2,1.947,296,1028480
33,11,0,0,0,8,8,2,2.379,296,1159632
2,2,0,0,0,2,3,2,0.455,296,838092
5,4,0,0,0,6,4,1,1.230,327,921576
15,4,0,0,0,5,7,1,1.297,327,958048
13,0,0,0,0,10,5,2,1.976,295,983580
9,6,0,0,0,7,5,2,1.529,296,959304
18,5,0,0,0,7,7,1,1.712,327,1002628
8,4,0,0,0,5,6,1,1.139,327,923500
6,5,0,0,0,6,5,2,1.277,296,927128
19,6,0,0,0,6,6,1,1.614,327,1038380
3,3,0,0,0,2,7,2,0.504,296,854384
10,7,0,0,0,8,7,2,1.748,295,987992
14,6,0,0,0,5,5,2,1.330,296,982720
6,0,0,0,0,5,4,2,0.996,295,885780
8,0,0,0,0,7,4,2,1.369,295,921588
6,4,0,0,0,3,4,2,0.765,296,897644
2,0,0,0,0,3,3,2,0.573,296,839416
9,7,0,0,0,7,5,2,1.552,296,970184
14,5,0,0,0,5,6,1,1.296,327,958048
14,6,0,0,0,13,8,3,2.616,263,1036180
3,3,0,0,0,3,5,2,0.668,296,868560
3,3,0,0,0,3,5,2,0.667,296,868560
3,6,0,0,0,4,4,2,0.905,296,899680
13,10,0,0,0,8,5,2,1.883,296,1008544
23,12,0,0,0,13,9,2,2.979,295,1157528
1,1,0,0,0,3,3,1,0.571,328,839408
3,2,0,0,0,3,4,1,0.643,328,859260
17,7,0,0,0,6,7,1,1.574,326,998540
2,0,0,0,0,2,3,2,0.408,296,825504
4,3,0,0,0,4,4,1,0.857,327,883456
2,2,0,0,0,2,4,1,0.456,328,839940
16,7,0,0,0,8,5,2,1.896,295,1044516
4,4,0,0,0,3,4,1,0.719,327,881420
5,2,0,0,0,4,5,2,0.857,296,883456
12,9,0,0,0,8,6,2,1.825,295,988112
5,4,0,0,0,6,5,2,1.232,296,921576
9,6,0,0,0,5,5,2,1.213,296,951912
4,0,0,0,0,3,3,1,0.621,327,853860
2,0,0,0,0,3,3,2,0.572,296,839416
18,6,0,0,0,7,7,1,1.755,326,1040420
2,2,0,0,0,2,5,2,0.457,296,839940
16,7,0,0,0,8,7,1,1.892,327,1044516
21,20,0,0,0,22,6,3,4.565,262,1231344
2,2,0,0,0,1,3,1,0.294,328,832688
7,0,0,0,0,8,4,4,1.507,231,921584
15,8,0,0,0,9,7,2,2.037,296,1017256
17,0,0,0,0,10,5,2,2.071,295,1007216
2,3,0,0,0,3,4,1,0.643,327,859260
2,2,0,0,0,4,5,1,0.713,327,841444
13,9,0,0,0,9,5,2,2.011,296,1008556
10,2,0,0,0,3,5,1,0.813,327,912356
25,8,0,0,0,6,8,1,1.797,327,1070224
2,1,0,0,0,3,3,2,0.596,296,844820
3,4,0,0,0,2,4,1,0.528,327,863680
7,0,0,0,0,6,5,2,1.183,295,906880
10,4,0,0,0,6,5,1,1.354,327,955744
24,11,0,0,0,8,8,1,2.162,326,1103308
3,0,0,0,0,4,3,2,0.760,296,855908
19,7,0,0,0,8,6,2,1.947,296,1028480
5,4,0,0,0,3,5,2,0.743,296,890460
9,6,0,0,0,4,5,1,1.049,327,943480
5,5,0,0,0,5,14,5,1.091,198,916696
6,3,0,0,0,2,4,1,0.577,327,876532
16,6,0,0,0,6,7,1,1.526,327,986268
7,3,0,0,0,3,5,1,0.764,327,897644
21,9,0,0,0,10,7,2,2.372,295,1086232
12,7,0,0,0,6,5,1,1.467,327,981868
11,0,0,0,0,4,4,1,0.954,327,914404
14,4,0,0,0,6,7,2,1.447,296,977772
3,2,0,0,0,4,4,2,0.808,295,870596
14,5,0,0,0,3,7,1,0.978,327,954124
10,4,0,0,0,4,5,1,1.020,327,926456
11,8,0,0,0,8,6,2,1.792,296,1004736
5,3,0,0,0,3,4,1,0.718,327,881420
2,1,0,0,0,3,3,2,0.596,296,844820
23,11,0,0,0,14,9,2,3.118,294,1159836
2,1,0,0,0,2,3,2,0.433,296,834528
4,4,0,0,0,3,4,1,0.720,327,881420
20,6,0,0,0,5,7,1,1.478,327,1033500
6,4,0,0,0,5,4,2,1.092,296,914388
7,2,0,0,0,6,5,3,1.227,263,916696
6,5,0,0,0,2,4,1,0.625,327,892764
16,10,0,0,0,6,9,2,1.621,296,1011056
15,6,0,0,0,7,7,2,1.680,295,1018592
21,7,0,0,0,5,7,1,1.507,327,1013564
7,7,0,0,0,4,5,1,1.026,327,936288
16,5,0,0,0,7,6,2,1.670,296,990360
4,0,0,0,0,4,4,2,0.784,295,859272
8,0,0,0,0,7,4,3,1.369,264,923632
16,8,0,0,0,11,7,2,2.378,295,1038292
27,15,0,0,0,13,7,2,3.155,295,1207396
3,2,0,0,0,4,4,2,0.807,296,870596
2,3,0,0,0,2,3,1,0.481,327,848972
10,6,0,0,0,8,6,2,1.725,296,981860
8,3,0,0,0,4,4,1,0.954,327,914400
29,15,0,0,0,11,7,2,2.867,295,1199216
18,11,0,0,0,10,6,2,2.367,296,1106308
7,0,0,0,0,8,4,3,1.508,263,921584
13,0,0,0,0,7,6,2,1.490,295,958844
24,8,0,0,0,12,8,2,2.753,295,1137888
7,2,0,0,0,4,4,2,0.904,295,897640
4,4,0,0,0,3,4,2,0.718,296,881420
17,6,0,0,0,5,7,1,1.390,327,982648
6,5,0,0,0,4,4,1,0.953,327,914396
10,7,0,0,0,8,7,2,1.748,295,987992
11,0,0,0,0,8,5,3,1.603,264,952184
8,4,0,0,0,4,7,2,0.976,296,921588
5,0,0,0,0,5,4,3,0.974,263,877800
23,0,0,0,0,8,6,2,1.891,295,1044512
3,2,0,0,0,3,4,2,0.646,295,859260
20,9,0,0,0,6,7,1,1.710,327,1065428
14,0,0,0,0,7,6,3,1.512,264,964776
15,2,0,0,0,14,5,3,2.707,264,1024444
24,10,0,0,0,7,7,2,1.970,296,1069528
14,0,0,0,0,17,5,3,3.137,263,1059956
18,0,0,0,0,13,5,3,2.593,263,1053816
6,5,0,0,0,4,4,1,0.953,327,914396
2,3,0,0,0,1,4,1,0.317,328,838088
28,10,0,0,0,9,9,2,2.395,295,1120136
18,5,0,0,0,7,8,2,1.713,295,1002628
3,4,0,0,0,4,4,2,0.858,296,883456
1,2,0,0,0,2,3,1,0.433,328,834532
1,2,0,0,0,2,3,2,0.433,296,834528
1,2,0,0,0,3,3,1,0.596,328,844820
5,2,0,0,0,2,4,1,0.529,328,863680
31,12,0,0,0,14,8,2,3.319,295,1193540
6,0,0,0,0,11,5,3,1.970,262,940308
2,2,0,0,0,2,3,1,0.457,328,839940
27,9,0,0,0,9,7,2,2.342,296,1098736
5,3,0,0,0,4,9,3,0.879,263,892496
2,1,0,0,0,1,4,1,0.268,328,823644
8,4,0,0,0,4,5,2,0.978,296,921588
6,6,0,0,0,5,5,2,1.141,295,927980
13,6,0,0,0,4,6,1,1.131,327,950600
4,0,0,0,0,5,4,2,0.944,295,870612
20,8,0,0,0,9,8,2,2.161,296,1058472
5,6,0,0,0,6,5,2,1.276,296,925668
13,7,0,0,0,5,6,2,1.322,296,964352
16,5,0,0,0,6,6,1,1.505,327,980140
16,0,0,0,0,11,6,2,2.203,295,993456
4,1,0,0,0,4,5,2,0.808,295,870596
20,8,0,0,0,6,7,1,1.670,327,1022352
4,4,0,0,0,3,6,2,0.719,296,881424
8,4,0,0,0,2,5,1,0.649,327,898440
1,1,0,0,0,1,3,1,0.245,328,817972
5,0,0,0,0,6,4,3,1.135,264,885780
3,0,0,0,0,4,4,1,0.760,327,855904
13,0,0,0,0,18,6,3,3.283,262,1068992
7,6,0,0,0,5,5,2,1.164,296,938596
3,3,0,0,0,3,5,2,0.670,296,868560
3,3,0,0,0,3,4,1,0.669,328,868560
23,11,0,0,0,11,8,2,2.620,295,1105396
8,4,0,0,0,6,7,2,1.297,296,931664
23,9,0,0,0,13,9,2,2.899,295,1111528
9,4,0,0,0,7,7,3,1.489,264,954036
26,0,0,0,0,9,6,2,2.126,295,1072876
3,1,0,0,0,3,5,2,0.621,296,853856
7,6,0,0,0,8,11,4,1.652,231,969664
3,0,0,0,0,4,4,1,0.664,327,826752
3,2,0,0,0,4,4,2,0.808,296,870596
22,10,0,0,0,9,8,2,2.244,295,1074136
9,0,0,0,0,6,5,2,1.232,295,921592
6,5,0,0,0,4,4,1,0.950,327,911688
11,5,0,0,0,3,5,1,0.908,327,939052
19,7,0,0,0,5,7,1,1.477,327,1033504
2,2,0,0,0,3,4,2,0.621,296,853856
6,5,0,0,0,4,4,1,0.953,327,914396
17,7,0,0,0,5,7,1,1.414,327,986728
24,12,0,0,0,6,7,2,1.856,296,1084124
20,0,0,0,0,9,6,2,1.968,295,999060
25,11,0,0,0,13,10,2,2.993,295,1136060
13,10,0,0,0,9,6,2,2.037,296,1014684
20,8,0,0,0,7,7,2,1.850,296,1067468
9,4,0,0,0,6,5,2,1.329,296,948088
5,5,0,0,0,6,9,3,1.254,263,928776
12,5,0,0,0,4,6,1,1.096,327,954420
8,3,0,0,0,4,5,1,0.951,327,914396
13,0,0,0,0,10,5,3,1.966,264,964248
9,4,0,0,0,3,6,1,0.838,327,919544
9,6,0,0,0,7,5,2,1.525,296,959304
5,4,0,0,0,2,5,1,0.578,327,876540
7,0,0,0,0,4,4,2,0.858,296,883472
17,6,0,0,0,7,7,1,1.728,327,1032764
3,4,0,0,0,4,7,2,0.858,296,883456
16,8,0,0,0,5,7,2,1.412,296,986732
12,8,0,0,0,7,5,2,1.651,296,998608
10,0,0,0,0,5,4,2,1.092,296,916712
5,2,0,0,0,3,4,2,0.694,296,875748
25,12,0,0,0,12,8,2,2.849,295,1134016
9,6,0,0,0,8,5,1,1.693,327,972232
7,2,0,0,0,6,4,2,1.231,295,921576
22,0,0,0,0,25,6,4,4.602,230,1137996
13,8,0,0,0,8,6,1,1.826,327,994244
17,0,0,0,0,14,6,3,2.725,264,1059948
9,4,0,0,0,3,5,1,0.837,327,919544
35,0,0,0,0,28,6,4,5.403,230,1250852
22,12,0,0,0,11,6,2,2.620,296,1105396
8,5,0,0,0,4,5,1,0.998,327,921912
14,7,0,0,0,4,5,1,1.187,327,976652
7,4,0,0,0,4,5,1,0.953,327,914396
17,0,0,0,0,14,5,4,2.704,231,1020356
18,7,0,0,0,5,7,1,1.450,327,1025048
2,3,0,0,0,3,4,2,0.644,295,859260
6,5,0,0,0,6,5,2,1.278,296,932860
7,4,0,0,0,4,4,1,0.953,327,914396
19,9,0,0,0,8,7,1,1.995,327,1045472
7,0,0,0,0,6,4,2,1.181,295,899692
4,2,0,0,0,2,4,1,0.504,327,854380
10,3,0,0,0,10,6,2,1.969,296,979420
7,6,0,0,0,4,5,1,0.997,327,921912
24,8,0,0,0,7,9,2,1.945,296,1097008
10,5,0,0,0,6,5,2,1.375,296,959372
6,4,0,0,0,2,5,1,0.602,327,885580
10,2,0,0,0,5,6,2,1.139,296,926660
26,10,0,0,0,8,9,2,2.187,295,1110516
13,10,0,0,0,9,11,3,2.034,263,1017256
8,6,0,0,0,6,5,2,1.353,296,956800
21,9,0,0,0,7,7,1,1.880,327,1053864
17,6,0,0,0,5,7,1,1.390,327,982644
23,0,0,0,0,10,7,3,2.199,263,1030520
18,8,0,0,0,8,7,2,1.947,296,1028480
3,3,0,0,0,3,4,1,0.669,327,868560
8,0,0,0,0,7,4,3,1.369,264,921588
2,1,0,0,0,3,3,1,0.596,328,844820
22,0,0,0,0,19,6,4,3.639,231,1094124
6,3,0,0,0,4,6,2,0.905,296,899688
6,2,0,0,0,3,6,1,0.718,327,881420
8,5,0,0,0,4,5,1,0.997,327,921912
12,0,0,0,0,5,5,2,1.138,296,927980
26,0,0,0,0,21,6,3,4.059,262,1138000
11,6,0,0,0,6,7,1,1.411,327,955544
13,4,0,0,0,6,6,1,1.417,327,966096
4,0,0,0,0,3,4,1,0.621,328,853860
4,4,0,0,0,4,6,2,0.881,296,892496
10,5,0,0,0,5,7,2,1.208,296,946316
2,2,0,0,0,1,3,1,0.293,329,832688
13,5,0,0,0,7,6,1,1.613,327,993872
20,6,0,0,0,7,7,1,1.784,327,1021292
13,5,0,0,0,5,6,2,1.281,296,966960
17,0,0,0,0,14,5,3,2.723,263,1049728
2,1,0,0,0,2,3,1,0.361,328,810520
9,0,0,0,0,7,5,2,1.396,295,930816
4,2,0,0,0,3,5,2,0.669,296,868560
9,5,0,0,0,4,5,1,1.019,327,926452
2,3,0,0,0,2,3,1,0.482,328,848976
7,0,0,0,0,8,8,1,1.509,327,927716
21,8,0,0,0,7,7,2,1.855,296,1043428
14,9,0,0,0,8,6,2,1.872,296,1006500
2,2,0,0,0,3,4,1,0.622,328,853856
9,7,0,0,0,5,5,1,1.232,327,955756
5,3,0,0,0,3,4,1,0.719,327,881420
1,2,0,0,0,0,2,0,0.099,360,796928
9,3,0,0,0,4,5,1,0.975,327,921588
7,0,0,0,0,6,4,2,1.182,295,899692
4,2,0,0,0,3,4,1,0.645,327,859260
13,7,0,0,0,7,7,1,1.646,327,984228
23,14,0,0,0,12,8,2,2.851,295,1134016
22,8,0,0,0,9,7,2,2.216,296,1078660
3,2,0,0,0,2,5,2,0.481,296,848976
1,1,0,0,0,1,2,1,0.245,328,817972
13,6,0,0,0,7,7,2,1.630,296,992064
13,8,0,0,0,9,6,1,1.993,327,1004984
12,6,0,0,0,5,6,2,1.276,296,962472
8,5,0,0,0,2,5,1,0.676,327,907472
3,0,0,0,0,2,3,1,0.433,328,834536
1,1,0,0,0,2,3,2,0.407,296,825496
8,5,0,0,0,6,8,2,1.328,295,950660
10,6,0,0,0,3,5,1,0.907,327,936676
11,6,0,0,0,6,6,2,1.412,296,955544
4,0,0,0,0,3,3,2,0.621,296,853860
28,14,0,0,0,13,7,2,3.148,295,1201264
3,3,0,0,0,2,4,1,0.504,327,854384
16,5,0,0,0,4,7,2,1.191,296,984568
21,11,0,0,0,13,7,2,2.899,296,1109484
25,12,0,0,0,14,7,2,3.214,295,1205040
18,7,0,0,0,5,8,1,1.450,327,1024984
3,3,0,0,0,3,4,2,0.670,296,868560
5,3,0,0,0,5,4,1,1.044,327,901988
14,0,0,0,0,17,5,3,3.126,262,1024132
2,3,0,0,0,3,4,2,0.643,295,854380
22,9,0,0,0,7,7,1,1.911,327,1063680
15,5,0,0,0,5,6,2,1.333,296,986152
2,2,0,0,0,3,4,2,0.621,296,853856
1,2,0,0,0,2,3,1,0.433,328,834532
7,0,0,0,0,6,5,2,1.184,295,906880
2,0,0,0,0,3,3,1,0.573,328,839416
13,7,0,0,0,4,5,2,1.159,296,957888
11,8,0,0,0,8,6,2,1.789,296,1004736
9,0,0,0,0,4,5,2,0.904,296,899696
10,5,0,0,0,7,7,1,1.529,327,959304
4,2,0,0,0,3,6,1,0.668,328,868560
19,9,0,0,0,6,8,1,1.666,327,1022352
19,16,0,0,0,16,6,2,3.491,295,1205044
3,1,0,0,0,2,3,1,0.457,328,839940
2,3,0,0,0,2,4,1,0.482,328,848976
7,0,0,0,0,4,4,2,0.857,295,883472
5,0,0,0,0,6,4,3,1.137,263,890656
2,1,0,0,0,2,3,1,0.433,328,834528
3,0,0,0,0,3,3,1,0.596,328,844824
4,2,0,0,0,3,4,1,0.669,327,868560
5,2,0,0,0,4,4,2,0.857,295,881416
22,12,0,0,0,11,8,2,2.620,295,1105396
46,18,0,0,0,23,8,2,5.264,294,1403600
12,4,0,0,0,7,7,2,1.555,295,970188
15,10,0,0,0,8,6,1,1.932,327,1044972
1,0,0,0,0,1,2,1,0.220,328,808680
3,2,0,0,0,3,4,2,0.645,296,859260
7,5,0,0,0,8,6,2,1.627,295,956088
13,6,0,0,0,6,6,2,1.472,296,986160
23,10,0,0,0,12,7,2,2.757,296,1109484
11,6,0,0,0,5,5,1,1.249,327,951588
14,7,0,0,0,2,5,1,0.855,327,942884
3,0,0,0,0,3,3,2,0.595,295,844824
3,3,0,0,0,4,5,1,0.836,327,877792
8,3,0,0,0,12,5,1,1.981,326,907876
20,8,0,0,0,8,7,2,1.995,296,1045472
13,9,0,0,0,9,6,2,2.016,295,1008552
6,0,0,0,0,5,4,2,0.997,296,883476
7,4,0,0,0,4,5,1,0.953,327,914396
3,2,0,0,0,3,5,2,0.643,296,859260
3,1,0,0,0,1,3,1,0.293,328,832688
15,7,0,0,0,6,6,1,1.527,327,986272
2,2,0,0,0,1,4,1,0.293,328,832688
38,11,0,0,0,11,11,2,2.978,295,1218248
4,3,0,0,0,4,4,2,0.857,296,883456
19,11,0,0,0,12,7,2,2.685,296,1091020
20,0,0,0,0,6,6,2,1.492,295,991440
2,1,0,0,0,3,3,1,0.476,327,808400
17,0,0,0,0,14,9,4,2.711,230,1028740
5,6,0,0,0,4,4,2,0.952,296,914396
17,5,0,0,0,4,6,1,1.206,327,969124
3,1,0,0,0,2,4,2,0.457,296,839940
1,0,0,0,0,3,3,2,0.547,296,830116
25,11,0,0,0,10,7,2,2.503,296,1109484
5,5,0,0,0,5,5,2,1.090,296,916704
4,2,0,0,0,3,4,1,0.668,328,868560
3,3,0,0,0,2,4,1,0.505,328,854380
5,0,0,0,0,3,4,2,0.645,296,859268
14,0,0,0,0,9,5,2,1.823,294,955544
9,2,0,0,0,12,5,3,2.256,263,990760
3,2,0,0,0,3,4,1,0.644,327,859264
6,4,0,0,0,5,4,2,1.090,296,914388
6,5,0,0,0,4,4,1,0.952,327,914396
6,0,0,0,0,3,4,2,0.669,296,868568
23,0,0,0,0,8,7,3,1.890,263,1044512
7,3,0,0,0,7,6,2,1.415,295,931216
4,2,0,0,0,3,4,2,0.669,296,868560
2,3,0,0,0,2,5,2,0.482,296,848976
13,3,0,0,0,7,6,2,1.561,296,982064
3,4,0,0,0,3,4,2,0.693,296,875748
3,2,0,0,0,2,3,1,0.482,328,848976
11,8,0,0,0,8,5,1,1.792,327,1004736
5,4,0,0,0,3,4,1,0.742,328,890456
4,3,0,0,0,3,5,2,0.694,296,875748
23,8,0,0,0,8,7,2,2.074,296,1076344
3,2,0,0,0,2,5,2,0.480,296,848976
3,2,0,0,0,2,4,1,0.481,328,848972
15,0,0,0,0,8,7,2,1.689,295,961684
2,1,0,0,0,4,3,2,0.758,296,848968
8,3,0,0,0,6,6,2,1.278,296,932856
14,8,0,0,0,8,6,2,1.851,295,1004664
19,10,0,0,0,6,7,1,1.712,327,1065428
4,0,0,0,0,5,5,1,0.947,327,872924
2,2,0,0,0,2,3,1,0.457,328,839940
5,4,0,0,0,2,5,1,0.578,327,876536
11,0,0,0,0,20,5,3,3.540,262,1035404
5,4,0,0,0,6,4,2,1.231,295,916696
5,3,0,0,0,5,12,4,1.043,231,901988
3,2,0,0,0,4,4,2,0.808,296,870596
6,3,0,0,0,4,5,1,0.904,327,899684
14,10,0,0,0,8,9,2,1.895,295,1017200
8,5,0,0,0,5,6,2,1.156,295,926452
4,2,0,0,0,4,5,2,0.836,296,877784
6,0,0,0,0,9,4,3,1.650,263,923628
14,6,0,0,0,9,7,2,1.963,296,996808
8,6,0,0,0,5,5,2,1.189,296,945784
15,11,0,0,0,11,6,2,2.435,295,1050560
8,4,0,0,0,5,5,2,1.140,296,927980
19,7,0,0,0,6,7,1,1.636,327,1045564
4,2,0,0,0,4,7,3,0.834,263,877784
20,7,0,0,0,7,7,2,1.809,296,1026436
5,3,0,0,0,3,5,2,0.719,296,881420
4,3,0,0,0,4,4,2,0.857,296,881412
18,8,0,0,0,6,6,1,1.623,327,1011056
3,0,0,0,0,6,5,3,1.085,263,877796
16,6,0,0,0,5,7,1,1.368,327,976512
25,9,0,0,0,9,7,2,2.307,295,1105892
23,9,0,0,0,11,9,2,2.583,295,1112544
31,9,0,0,0,8,8,2,2.290,296,1135144
4,2,0,0,0,4,4,3,0.835,264,875740
4,2,0,0,0,3,4,2,0.668,296,863680
3,3,0,0,0,3,4,1,0.670,327,868560
11,7,0,0,0,7,6,2,1.608,295,981864
3,3,0,0,0,2,5,2,0.504,296,854384
8,6,0,0,0,6,7,2,1.353,295,956812
10,6,0,0,0,5,7,1,1.232,327,957064
22,8,0,0,0,5,7,1,1.567,327,1060548
6,4,0,0,0,1,4,1,0.438,327,874692
15,7,0,0,0,5,6,1,1.367,327,976512
2,1,0,0,0,1,3,1,0.269,328,823644
14,10,0,0,0,10,6,2,2.229,295,1035612
19,8,0,0,0,8,6,2,1.986,296,1067476
4,3,0,0,0,2,4,1,0.531,327,863680
2,1,0,0,0,2,3,1,0.433,328,834528
4,3,0,0,0,3,5,2,0.695,296,875744
29,15,0,0,0,15,7,2,3.540,295,1267288
7,4,0,0,0,5,5,1,1.117,327,923884
10,7,0,0,0,7,6,2,1.586,296,981868
15,7,0,0,0,9,5,2,2.013,295,1008556
2,3,0,0,0,2,3,1,0.482,328,848976
5,4,0,0,0,2,4,1,0.579,328,876532
25,9,0,0,0,10,6,2,2.476,296,1131432
54,22,0,0,0,21,10,2,5.284,295,1559048
15,11,0,0,0,9,7,2,2.125,296,1071560
4,2,0,0,0,2,4,1,0.504,328,854384
1,2,0,0,0,3,3,1,0.595,328,844824
5,5,0,0,0,5,8,3,1.092,263,916696
28,15,0,0,0,12,7,2,3.010,295,1201260
2,1,0,0,0,3,3,2,0.596,296,844820
2,2,0,0,0,3,4,2,0.621,296,853856
2,2,0,0,0,2,3,2,0.456,296,838092
17,0,0,0,0,14,5,3,2.727,263,1053816
10,3,0,0,0,4,5,1,0.999,327,925664
23,9,0,0,0,12,8,2,2.753,295,1137888
12,4,0,0,0,5,6,2,1.237,296,957064
33,16,0,0,0,12,9,2,3.131,295,1221344
5,4,0,0,0,4,6,2,0.904,296,899688
14,9,0,0,0,10,6,2,2.198,295,1023392
5,4,0,0,0,4,5,2,0.903,296,899684
19,7,0,0,0,8,7,2,1.943,296,1028480
2,2,0,0,0,2,4,2,0.456,296,839940
23,5,0,0,0,7,7,1,1.851,326,1067468
3,3,0,0,0,3,5,2,0.669,296,868560
5,4,0,0,0,4,5,2,0.903,296,899680
4,4,0,0,0,5,8,3,1.043,263,901988
7,0,0,0,0,8,4,3,1.505,263,921584
13,3,0,0,0,15,7,1,2.868,326,1064896
10,3,0,0,0,7,9,3,1.489,263,954032
12,9,0,0,0,8,5,1,1.828,327,996496
5,3,0,0,0,3,5,1,0.718,327,881420
6,3,0,0,0,4,5,1,0.904,328,899688
6,3,0,0,0,2,5,1,0.578,328,876536
7,0,0,0,0,6,4,2,1.182,295,899692
2,3,0,0,0,3,4,1,0.643,327,859260
13,0,0,0,0,18,5,3,3.266,262,1033364
8,0,0,0,0,7,4,2,1.369,295,921588
17,5,0,0,0,5,7,1,1.364,327,976512
2,1,0,0,0,2,4,2,0.433,296,834528
14,6,0,0,0,5,7,1,1.334,327,986152
4,0,0,0,0,4,4,2,0.782,295,859268
9,3,0,0,0,5,6,2,1.140,296,927980
18,6,0,0,0,5,6,1,1.410,327,986728
18,5,0,0,0,5,6,1,1.390,327,982644
11,0,0,0,0,5,6,2,1.114,296,923896
6,0,0,0,0,9,4,3,1.649,263,927716
20,0,0,0,0,27,6,3,4.906,262,1178160
20,9,0,0,0,5,7,1,1.527,327,1018720
23,7,0,0,0,9,7,2,2.216,296,1078660
20,7,0,0,0,7,7,2,1.806,296,1026436
8,0,0,0,0,8,5,2,1.535,295,928772
7,6,0,0,0,6,5,2,1.323,296,940768
10,3,0,0,0,4,6,1,1.000,327,926984
15,0,0,0,0,10,6,3,2.033,264,998484
4,3,0,0,0,4,4,1,0.857,327,883456
6,4,0,0,0,6,6,2,1.256,295,928764
22,12,0,0,0,9,7,2,2.305,295,1103320
8,5,0,0,0,6,5,1,1.326,327,950672
23,9,0,0,0,10,8,2,2.412,295,1084900
14,7,0,0,0,2,5,1,0.868,327,965904
1,3,0,0,0,1,3,1,0.293,328,832688
2,2,0,0,0,2,4,1,0.457,328,839940
16,10,0,0,0,12,8,2,2.613,295,1079048
21,8,0,0,0,9,7,2,2.191,296,1068296
1,1,0,0,0,3,3,1,0.573,328,839412
3,3,0,0,0,3,4,1,0.684,327,868560
11,6,0,0,0,8,6,2,1.748,296,987992
8,0,0,0,0,5,5,3,1.042,264,899696
6,3,0,0,0,8,7,3,1.557,263,937732
13,8,0,0,0,9,6,2,1.988,296,1004988
3,2,0,0,0,3,4,2,0.644,296,859264
11,5,0,0,0,11,8,3,2.206,263,1013968
7,6,0,0,0,4,6,2,0.998,296,921912
19,7,0,0,0,8,7,2,1.946,296,1028480
9,0,0,0,0,6,4,2,1.233,295,916712
11,4,0,0,0,5,6,2,1.210,295,946316
3,3,0,0,0,3,4,2,0.667,295,863684
14,8,0,0,0,9,6,2,2.012,295,1008556
12,7,0,0,0,8,5,1,1.782,327,992064
3,3,0,0,0,2,4,1,0.505,328,854384
24,8,0,0,0,9,7,2,2.257,295,1091320
9,0,0,0,0,6,4,2,1.234,295,921592
3,3,0,0,0,2,4,1,0.504,328,854384
12,7,0,0,0,9,7,2,1.953,295,1007636
26,11,0,0,0,8,7,1,2.201,327,1096164
13,5,0,0,0,8,7,2,1.763,295,990428
11,10,0,0,0,10,5,2,2.150,295,1011068
1,3,0,0,0,1,3,1,0.294,329,832688
5,5,0,0,0,5,4,2,1.092,295,914388
16,4,0,0,0,5,6,1,1.335,327,986152
4,3,0,0,0,4,4,1,0.858,327,883456
3,2,0,0,0,3,4,1,0.643,327,859260
16,6,0,0,0,5,6,1,1.374,327,990532
2,0,0,0,0,1,2,1,0.245,328,817976
29,15,0,0,0,15,7,2,3.511,295,1216108
3,1,0,0,0,2,4,1,0.457,328,839940
3,2,0,0,0,2,3,1,0.481,328,848976
20,6,0,0,0,9,7,2,2.125,295,1072880
10,6,0,0,0,9,6,1,1.889,327,990300
5,4,0,0,0,4,5,1,0.904,327,899684
10,4,0,0,0,5,5,1,1.187,327,944464
3,4,0,0,0,2,4,1,0.528,328,863684
1,1,0,0,0,1,3,1,0.245,328,817972
6,0,0,0,0,9,4,2,1.648,295,927716
2,1,0,0,0,1,3,1,0.268,328,823644
5,4,0,0,0,4,6,1,0.904,327,899688
5,3,0,0,0,3,4,1,0.718,328,881420
22,8,0,0,0,9,7,2,2.215,295,1078660
5,3,0,0,0,1,4,1,0.389,327,861832
4,1,0,0,0,2,3,1,0.481,327,848976
3,2,0,0,0,4,5,2,0.807,296,870600
6,6,0,0,0,9,10,4,1.791,231,970984
22,8,0,0,0,9,7,2,2.213,295,1078660
38,13,0,0,0,12,8,2,3.211,296,1287340
16,5,0,0,0,6,8,2,1.511,296,993896
13,0,0,0,0,10,5,2,1.976,294,983580
13,10,0,0,0,8,5,2,1.875,296,1008544
20,7,0,0,0,7,7,2,1.806,296,1026436
3,4,0,0,0,4,6,2,0.857,296,883460
2,1,0,0,0,1,3,1,0.268,328,823644
10,0,0,0,0,21,5,4,3.686,230,1035404
9,5,0,0,0,8,9,3,1.667,263,961348
11,0,0,0,0,2,6,1,0.626,327,892772
5,0,0,0,0,3,4,2,0.643,296,859268
4,5,0,0,0,4,4,2,0.904,296,899680
5,4,0,0,0,3,7,2,0.742,296,890460
4,2,0,0,0,3,4,1,0.670,327,868560
3,3,0,0,0,2,5,2,0.504,296,854384
9,3,0,0,0,3,5,1,0.814,327,912356
3,2,0,0,0,4,5,3,0.807,264,870596
29,12,0,0,0,6,8,1,2.001,326,1153072
4,3,0,0,0,4,4,1,0.858,327,883456
8,4,0,0,0,5,6,2,1.138,296,927980
16,9,0,0,0,10,6,2,2.249,296,1038292
25,9,0,0,0,8,7,2,2.129,296,1077696
8,4,0,0,0,5,5,1,1.140,327,927980
4,3,0,0,0,2,4,1,0.528,327,863680
12,9,0,0,0,9,6,2,1.990,295,1004984
25,7,0,0,0,7,7,2,1.936,296,1068564
3,2,0,0,0,2,3,1,0.482,328,848976
10,4,0,0,0,5,5,1,1.186,327,942352
17,5,0,0,0,7,8,2,1.688,296,994452
27,13,0,0,0,12,7,2,2.950,296,1177704
11,9,0,0,0,10,6,2,2.130,295,1004996
28,11,0,0,0,12,8,2,2.934,295,1199632
10,7,0,0,0,5,6,1,1.250,327,951588
2,1,0,0,0,3,4,2,0.595,296,844820
7,0,0,0,0,8,4,4,1.505,231,921584
9,5,0,0,0,5,6,1,1.188,327,945784
9,3,0,0,0,3,5,1,0.813,327,912356
6,0,0,0,0,3,5,2,0.668,296,868568
18,5,0,0,0,5,7,1,1.392,327,982648
17,8,0,0,0,6,9,2,1.612,296,1038380
6,5,0,0,0,4,5,2,0.953,296,914396
6,0,0,0,0,9,4,3,1.648,264,927716
5,4,0,0,0,3,4,1,0.742,327,890456
22,9,0,0,0,6,8,2,1.742,296,1049780
11,5,0,0,0,9,6,1,1.885,327,990300
5,3,0,0,0,2,4,1,0.555,328,870864
3,3,0,0,0,4,4,2,0.835,296,877784
10,2,0,0,0,6,7,2,1.295,295,931664
9,7,0,0,0,7,5,2,1.556,296,966100
7,0,0,0,0,4,5,2,0.858,295,883472
21,0,0,0,0,10,5,2,2.167,295,1042256
8,5,0,0,0,5,5,1,1.157,327,928036
6,3,0,0,0,6,5,1,1.231,327,921576
3,3,0,0,0,2,4,1,0.504,327,854384
11,6,0,0,0,9,9,3,1.903,264,996680
21,9,0,0,0,6,7,1,1.714,326,1039340
3,3,0,0,0,2,5,1,0.505,327,854384
4,3,0,0,0,4,5,2,0.857,296,883460
7,0,0,0,0,8,4,3,1.507,264,921584
18,6,0,0,0,8,7,2,1.918,296,1051708
9,6,0,0,0,5,7,2,1.210,295,946316
25,13,0,0,0,13,7,2,3.075,295,1203716
11,10,0,0,0,10,5,2,2.153,294,1011068
7,0,0,0,0,4,4,2,0.857,295,881428
8,0,0,0,0,11,5,3,2.020,263,957064
6,0,0,0,0,5,4,2,0.995,296,885780
2,3,0,0,0,4,5,2,0.807,296,870596
6,0,0,0,0,6,4,2,1.158,295,899692
2,2,0,0,0,2,4,1,0.457,328,839940
5,4,0,0,0,4,5,1,0.903,327,899684
7,4,0,0,0,4,7,2,0.952,295,914400
17,9,0,0,0,7,6,2,1.779,296,1021292
11,6,0,0,0,5,7,1,1.249,327,945784
3,0,0,0,0,4,4,1,0.761,328,855904
8,0,0,0,0,3,4,1,0.718,327,881424
6,5,0,0,0,4,4,1,0.952,328,914396
5,2,0,0,0,4,4,2,0.857,296,881412
9,8,0,0,0,6,7,2,1.417,295,966096
14,0,0,0,0,4,7,2,1.028,296,936292
10,6,0,0,0,11,5,3,2.204,263,1002556
19,7,0,0,0,6,8,1,1.623,327,1011056
8,6,0,0,0,3,5,1,0.862,327,923632
22,5,0,0,0,6,8,1,1.659,327,1045700
11,5,0,0,0,5,7,1,1.233,327,955736
23,9,0,0,0,13,7,2,2.896,295,1111528
8,4,0,0,0,3,5,1,0.813,327,912356
4,1,0,0,0,3,4,2,0.644,296,859260
9,3,0,0,0,6,6,2,1.298,296,931664
4,4,0,0,0,4,5,2,0.881,296,892492
7,3,0,0,0,3,5,1,0.766,327,897644
7,4,0,0,0,5,5,1,1.115,327,923884
17,9,0,0,0,9,6,2,2.125,296,1071560
3,2,0,0,0,2,4,1,0.481,328,848972
4,4,0,0,0,4,5,1,0.882,327,892492
5,4,0,0,0,2,4,1,0.579,327,876536
8,4,0,0,0,5,6,2,1.140,296,927980
2,1,0,0,0,1,3,1,0.268,328,823644
2,1,0,0,0,2,3,1,0.433,328,834528
13,5,0,0,0,8,6,2,1.761,296,980140
8,0,0,0,0,7,4,2,1.370,295,921588
4,2,0,0,0,2,4,1,0.504,328,854384
3,4,0,0,0,4,4,2,0.858,295,881412
11,6,0,0,0,7,6,2,1.583,296,981868
3,4,0,0,0,3,5,2,0.693,296,875748
2,1,0,0,0,2,3,2,0.432,296,832684
45,12,0,0,0,9,9,1,2.841,326,1242572
2,3,0,0,0,3,4,2,0.644,296,859260
3,1,0,0,0,1,4,1,0.293,328,832688
13,9,0,0,0,8,7,2,1.851,296,1004664
5,5,0,0,0,5,6,2,1.091,295,916696
1,2,0,0,0,3,4,2,0.596,296,844820
3,1,0,0,0,2,3,1,0.457,328,839940
16,9,0,0,0,12,7,2,2.586,294,1080840
1,2,0,0,0,2,3,1,0.433,328,834532
2,5,0,0,0,4,4,1,0.857,327,883456
2,2,0,0,1,3,4,1,0.621,327,853896
17,11,0,0,0,11,6,2,2.495,296,1085576
13,4,0,0,0,4,5,1,1.093,327,954420
4,3,0,0,0,2,4,1,0.528,327,863680
2,2,0,0,0,1,3,1,0.293,328,832688
7,0,0,0,0,4,4,2,0.859,296,883468
3,3,0,0,0,3,4,2,0.670,296,868560
21,8,0,0,0,6,8,1,1.710,327,1065428
4,1,0,0,0,4,4,2,0.808,296,870596
35,16,0,0,0,14,7,2,3.511,295,1250560
7,6,0,0,0,7,14,5,1.490,198,951716
5,3,0,0,0,4,5,2,0.880,296,892496
19,7,0,0,0,6,7,2,1.621,296,1011056
2,1,0,0,0,4,3,1,0.760,327,855896
8,5,0,0,0,9,5,1,1.805,327,963980
5,4,0,0,0,4,4,1,0.903,327,899684
3,2,0,0,0,4,4,2,0.808,295,868552
26,11,0,0,0,12,8,2,2.844,295,1134016
12,8,0,0,0,9,7,2,1.962,296,996808
21,7,0,0,0,8,7,2,1.992,296,1045472
8,5,0,0,0,7,5,2,1.489,295,954032
3,1,0,0,0,2,3,1,0.457,328,839940
3,4,0,0,0,2,4,1,0.529,328,863680
8,4,0,0,0,3,4,1,0.814,327,912356
8,0,0,0,0,6,4,2,1.205,295,907676
10,5,0,0,0,4,6,1,1.047,327,943148
27,9,0,0,0,10,7,1,2.498,326,1109484
5,2,0,0,0,4,5,2,0.857,296,883456
5,3,0,0,0,3,5,2,0.719,296,881420
15,6,0,0,0,6,7,2,1.505,296,980140
6,0,0,0,0,3,5,2,0.668,296,868568
6,5,0,0,0,4,4,1,0.951,327,914396
5,4,0,0,0,4,6,2,0.903,295,899680
19,10,0,0,0,9,7,2,2.190,296,1068296
3,2,0,0,0,4,5,2,0.807,296,870596
3,3,0,0,0,3,4,2,0.681,296,863684
3,2,0,0,0,2,3,1,0.480,328,848976
6,5,0,0,0,4,4,2,0.952,296,914396
15,6,0,0,0,6,6,2,1.519,296,1009104
18,6,0,0,0,6,7,1,1.571,327,998540
11,7,0,0,0,7,6,2,1.608,296,985952
8,5,0,0,0,4,5,2,1.000,296,925664
16,5,0,0,0,6,7,2,1.503,296,980140
6,5,0,0,0,4,5,1,0.952,327,914396
7,6,0,0,0,6,5,2,1.324,295,940768
7,6,0,0,0,6,6,2,1.325,296,950672
6,4,0,0,0,5,4,2,1.091,296,916704
2,2,0,0,0,3,4,2,0.621,296,853856
29,0,0,0,0,34,6,4,6.237,230,1263116
7,4,0,0,0,4,4,2,0.953,295,914392
3,1,0,0,0,3,3,1,0.621,328,853856
2,3,0,0,0,2,3,2,0.481,296,848976
5,3,0,0,0,4,4,1,0.880,327,892496
6,0,0,0,0,5,4,2,0.999,295,885780
8,7,0,0,0,8,5,1,1.693,327,972232
14,5,0,0,0,5,5,1,1.299,327,958048
5,0,0,0,0,4,4,2,0.809,296,870612
3,3,0,0,0,3,6,2,0.669,296,868560
8,7,0,0,0,6,5,1,1.373,327,959372
10,6,0,0,0,7,5,2,1.554,296,970188
24,13,0,0,0,13,7,2,3.019,296,1143304
2,3,0,0,0,2,4,1,0.482,328,848976
3,2,0,0,0,3,5,1,0.644,327,859264
28,13,0,0,0,15,7,2,3.443,295,1205596
21,9,0,0,0,10,9,2,2.374,295,1086232
15,4,0,0,0,5,6,1,1.305,327,974148
13,0,0,0,0,18,5,3,3.265,263,1035408
2,2,0,0,0,2,3,1,0.457,328,839940
4,3,0,0,0,4,4,2,0.857,296,881416
11,10,0,0,0,10,5,2,2.153,295,1011124
3,2,0,0,0,2,5,2,0.481,296,848976
7,0,0,0,0,6,4,3,1.181,264,899692
17,6,0,0,0,6,7,2,1.569,296,1021688
3,2,0,0,0,2,4,1,0.482,328,848976
6,3,0,0,0,4,5,2,0.904,296,899688
3,0,0,0,0,2,3,2,0.433,296,834536
2,1,0,0,0,2,3,2,0.432,296,832684
3,2,0,0,0,2,4,2,0.481,296,848976
5,0,0,0,0,4,4,2,0.807,295,870608
32,15,0,0,0,14,7,2,3.417,295,1225956
5,3,0,0,0,4,5,1,0.881,327,892496
25,0,0,0,0,38,6,5,6.788,198,1272424
4,6,0,0,0,7,5,2,1.415,295,932856
11,4,0,0,0,4,5,1,1.050,327,943480
11,10,0,0,0,10,5,2,2.148,294,1013376
2,1,0,0,0,3,4,2,0.596,296,844820
12,7,0,0,0,10,7,2,2.102,295,996808
11,4,0,0,0,5,6,1,1.213,327,951912
10,6,0,0,0,7,5,1,1.554,327,970184
3,0,0,0,1,1,3,1,0.245,328,817976
5,5,0,0,0,5,8,2,1.092,295,916696
2,0,0,0,0,5,3,2,0.900,295,855900
5,4,0,0,0,6,6,2,1.227,295,914388
2,1,0,0,0,3,3,1,0.596,328,844824
15,0,0,0,0,16,5,4,2.980,231,1024132
21,12,0,0,0,9,7,2,2.267,296,1080268
10,7,0,0,0,6,6,2,1.417,296,966096
19,8,0,0,0,5,7,1,1.481,327,1007432
16,10,0,0,0,9,7,2,2.124,296,1072880
7,6,0,0,0,4,5,2,0.998,295,921912
6,3,0,0,0,6,4,2,1.230,295,916696
28,9,0,0,0,10,7,2,2.539,296,1135096
7,4,0,0,0,4,6,2,0.954,296,914400
3,2,0,0,0,2,4,2,0.482,296,848976
4,2,0,0,0,3,5,1,0.669,327,868560
10,7,0,0,0,14,5,2,2.710,295,1023912
14,5,0,0,0,6,8,2,1.476,296,992888
22,7,0,0,0,7,7,2,1.855,296,1043428
8,0,0,0,0,7,4,2,1.369,295,921588
24,6,0,0,0,7,7,2,1.895,296,1082112
23,8,0,0,0,7,7,1,1.926,327,1089300
13,7,0,0,0,7,8,2,1.653,296,1002696
10,6,0,0,0,6,7,2,1.390,296,949416
2,3,0,0,0,3,4,1,0.643,327,859260
8,5,0,0,0,4,6,1,1.000,327,925664
11,8,0,0,0,7,6,2,1.629,296,992064
12,6,0,0,0,3,6,1,0.957,327,950332
10,0,0,0,0,10,5,2,1.906,295,953756
6,3,0,0,0,5,5,2,1.066,296,907132
16,5,0,0,0,6,8,2,1.514,296,993896
2,3,0,0,0,2,4,1,0.481,328,848976
3,2,0,0,0,2,5,2,0.482,296,848976
6,4,0,0,0,5,4,2,1.091,296,914388
19,6,0,0,0,5,7,1,1.433,327,994908
2,1,0,0,0,2,3,1,0.433,328,834532
2,1,0,0,0,2,3,2,0.433,296,834528
4,4,0,0,0,3,4,1,0.719,327,881420
15,4,0,0,0,6,8,2,1.472,296,989788
6,3,0,0,0,4,4,2,0.905,296,899684
14,10,0,0,0,10,8,2,2.231,295,1052816
3,1,0,0,0,3,3,1,0.620,327,853856
2,1,0,0,0,2,4,1,0.433,328,834528
20,7,0,0,0,5,7,1,1.480,327,1007440
19,9,0,0,0,7,7,2,1.849,296,1065424
5,4,0,0,0,5,5,2,1.066,296,905548
26,12,0,0,0,12,8,2,2.873,295,1137176
5,0,0,0,0,4,4,2,0.806,295,868564
5,2,0,0,0,5,7,3,1.019,263,894800
4,3,0,0,0,4,7,2,0.858,296,883460
4,1,0,0,0,4,8,4,0.807,231,870600
17,10,0,0,0,5,7,1,1.480,327,1007432
22,8,0,0,0,7,7,1,1.884,327,1053864
16,7,0,0,0,7,7,2,1.714,296,1002628
18,8,0,0,0,7,7,2,1.783,296,1021292
9,0,0,0,0,10,5,3,1.881,263,955736
11,8,0,0,0,14,6,2,2.753,295,1036180
4,2,0,0,0,3,4,2,0.669,296,868560
3,3,0,0,0,3,4,2,0.669,296,868560
5,0,0,0,0,5,4,3,0.977,264,877804
2,3,0,0,0,3,5,1,0.644,327,859260
6,4,0,0,0,5,4,2,1.092,295,916696
19,9,0,0,0,6,8,2,1.683,296,1046360
11,4,0,0,0,7,7,2,1.526,296,959304
34,25,0,0,0,25,9,3,5.477,263,1401884
2,2,0,0,0,2,3,2,0.456,296,839940
3,2,0,0,0,2,3,1,0.482,327,848976
8,7,0,0,0,7,6,2,1.529,296,959304
7,6,0,0,0,4,5,1,1.001,327,926984
6,5,0,0,0,8,6,2,1.604,295,956800
9,0,0,0,0,13,5,3,2.366,263,975400
3,3,0,0,0,2,4,1,0.505,328,854384
22,10,0,0,0,8,7,2,2.090,295,1079052
22,9,0,0,0,8,7,1,2.073,326,1076344
5,5,0,0,0,6,15,6,1.255,166,928764
4,2,0,0,0,2,4,1,0.505,328,854380
14,8,0,0,0,7,6,2,1.689,295,994452
12,0,0,0,0,19,5,4,3.401,231,1035404
7,3,0,0,0,5,6,2,1.091,295,916704
8,0,0,0,0,3,4,1,0.718,327,881424
3,2,0,0,0,4,4,2,0.808,296,870604
2,0,0,0,0,3,3,2,0.573,295,839416
5,6,0,0,0,4,4,2,0.953,296,914396
12,6,0,0,0,6,5,2,1.446,296,977772
4,4,0,0,0,5,7,3,1.044,264,901988
3,3,0,0,0,4,9,4,0.837,231,877784
24,14,0,0,0,13,7,2,3.067,295,1199632
6,3,0,0,0,2,4,1,0.578,328,876532
22,9,0,0,0,6,7,1,1.744,326,1049780
3,2,0,0,0,4,4,2,0.808,295,868560
29,16,0,0,0,14,7,2,3.392,295,1263400
4,0,0,0,0,5,5,2,0.945,295,872920
9,6,0,0,0,4,7,1,1.051,327,943480
5,4,0,0,0,6,4,2,1.232,295,921576
6,0,0,0,0,8,4,2,1.482,295,912556
1,3,0,0,0,1,3,1,0.293,329,832688
12,8,0,0,0,5,6,1,1.333,327,986152
7,0,0,0,0,8,4,2,1.510,295,927716
7,4,0,0,0,4,5,1,0.954,327,914400
15,7,0,0,0,7,6,2,1.703,296,1023740
7,2,0,0,0,6,5,2,1.232,295,921576
13,8,0,0,0,9,6,2,1.993,296,1004984
5,3,0,0,0,3,4,1,0.718,328,881420
3,2,0,0,0,4,4,3,0.807,264,868552
13,6,0,0,0,3,6,1,0.972,327,940432
4,1,0,0,0,3,4,2,0.643,296,859260
19,10,0,0,0,7,7,2,1.857,295,1042272
7,0,0,0,0,13,5,3,2.321,264,962992
6,0,0,0,0,5,5,2,0.997,296,885780
7,3,0,0,0,6,6,1,1.256,327,928764
1,2,0,0,0,2,3,1,0.433,328,834528
3,2,0,0,0,4,5,2,0.807,296,870596
4,2,0,0,0,3,4,1,0.670,328,868560
6,5,0,0,0,6,6,2,1.274,296,927128
5,0,0,0,0,4,4,2,0.808,296,870608
3,3,0,0,0,3,4,2,0.669,296,868560
10,5,0,0,0,5,6,1,1.210,327,946316
6,0,0,0,0,9,4,3,1.648,263,927716
8,3,0,0,0,4,5,1,0.952,327,914396
16,3,0,0,0,4,6,1,1.134,327,950600
17,6,0,0,0,7,7,2,1.715,296,1002628
10,5,0,0,0,9,11,4,1.865,231,986476
14,7,0,0,0,8,6,2,1.824,295,994244
2,1,0,0,0,1,3,1,0.268,328,823644
8,4,0,0,0,5,5,1,1.140,327,927980
13,10,0,0,0,8,5,2,1.894,296,1044516
4,0,0,0,0,3,3,2,0.622,296,853860
3,4,0,0,0,2,4,2,0.530,296,863684
2,1,0,0,0,2,4,2,0.433,296,834528
3,2,0,0,0,4,5,3,0.807,264,870596
5,2,0,0,0,3,4,1,0.694,327,875744
3,4,0,0,0,5,5,3,1.021,263,894808
4,0,0,0,0,3,4,2,0.622,296,853860
5,4,0,0,0,6,5,2,1.231,296,921576
11,7,0,0,0,5,5,1,1.277,327,962472
12,9,0,0,0,10,5,1,2.157,327,1015740
6,0,0,0,0,9,4,3,1.647,263,927716
7,4,0,0,0,4,4,1,0.952,328,914388
4,3,0,0,0,3,4,1,0.694,328,875748
4,3,0,0,0,4,4,2,0.857,295,881412
11,6,0,0,0,10,5,1,2.070,327,1011928
6,6,0,0,0,5,12,4,1.139,230,927980
2,0,0,0,0,3,3,2,0.571,296,839416
2,3,0,0,0,2,3,1,0.481,327,848976
2,2,0,0,0,2,4,2,0.456,296,839940
14,0,0,0,0,17,5,3,3.144,262,1061008
2,2,0,0,0,2,5,2,0.456,296,839940
16,6,0,0,0,6,6,1,1.528,327,986272
14,9,0,0,0,8,5,1,1.875,327,1012216
14,0,0,0,0,5,5,2,1.188,295,944724
17,6,0,0,0,6,8,2,1.549,296,990360
1,1,0,0,0,1,2,1,0.245,328,817972
5,3,0,0,0,4,6,2,0.880,296,892496
15,6,0,0,0,4,6,1,1.194,327,984572
23,10,0,0,0,11,8,2,2.615,295,1133476
1,2,0,0,0,4,3,1,0.761,327,855896
11,0,0,0,0,6,5,2,1.279,295,932860
14,8,0,0,0,7,7,2,1.691,296,994452
2,4,0,0,0,3,5,2,0.669,296,868560
13,5,0,0,0,9,6,2,1.938,295,1016556
1,2,0,0,0,1,3,1,0.269,328,823644
6,3,0,0,0,4,4,1,0.905,327,899680
1,1,0,0,0,1,2,1,0.221,328,808680
4,1,0,0,0,2,3,1,0.482,328,848976
17,6,0,0,0,7,7,2,1.717,296,1002628
13,6,0,0,0,8,6,2,1.783,296,986272
17,8,0,0,0,7,8,2,1.759,296,1015148
2,2,0,0,0,2,4,1,0.456,328,839940
8,2,0,0,0,5,4,2,1.089,296,914396
5,0,0,0,0,5,4,2,0.975,295,877800
3,3,0,0,0,2,6,2,0.504,296,854384
6,5,0,0,0,4,5,1,0.954,327,914400
20,7,0,0,0,7,7,1,1.807,327,1026436
15,5,0,0,0,4,5,1,1.160,327,956732
2,2,0,0,0,1,3,1,0.293,328,832688
25,7,0,0,0,9,8,2,2.254,295,1091308
14,11,0,0,0,10,7,2,2.242,295,1033676
11,4,0,0,0,5,5,1,1.209,327,946316
18,6,0,0,0,7,6,1,1.734,327,1006500
4,2,0,0,0,2,4,1,0.505,328,854380
4,2,0,0,0,2,4,1,0.503,327,854380
6,3,0,0,0,3,5,1,0.741,328,890460
13,9,0,0,0,9,6,2,2.014,296,1011128
4,3,0,0,0,4,4,1,0.859,327,883456
4,3,0,0,0,4,4,1,0.859,327,883456
6,5,0,0,0,4,4,1,0.951,327,914396
28,9,0,0,0,11,7,2,2.702,296,1144264
9,0,0,0,0,6,5,3,1.232,263,921592
12,7,0,0,0,5,6,1,1.299,327,958048
17,7,0,0,0,10,9,2,2.226,295,1035668
16,5,0,0,0,7,7,1,1.664,327,990360
15,9,0,0,0,7,5,1,1.734,327,1006500
1,2,0,0,0,1,3,1,0.269,329,823644
30,10,0,0,0,10,9,2,2.608,295,1151152
3,2,0,0,0,2,4,2,0.481,296,848976
13,9,0,0,0,9,6,2,2.013,296,1008556
4,3,0,0,0,3,5,2,0.694,296,875740
4,0,0,0,0,2,3,2,0.456,295,839944
21,5,0,0,0,7,7,1,1.797,327,1042928
15,5,0,0,0,5,5,1,1.334,327,988000
3,2,0,0,0,3,4,2,0.643,296,854380
15,0,0,0,0,16,5,3,2.988,262,1026176
3,4,0,0,0,3,5,2,0.694,296,875744
16,11,0,0,0,12,7,2,2.624,295,1070004
17,6,0,0,0,6,7,1,1.550,327,990360
13,10,0,0,0,9,6,2,2.040,295,1017200
6,5,0,0,0,6,6,2,1.277,296,930288
4,2,0,0,0,4,4,2,0.835,296,875740
19,7,0,0,0,6,8,2,1.620,296,1011056
10,4,0,0,0,2,5,1,0.700,327,914660
7,6,0,0,0,7,12,4,1.486,231,951716
2,2,0,0,0,3,4,2,0.620,296,853856
7,4,0,0,0,2,5,1,0.625,327,892764
4,5,0,0,0,4,5,2,0.905,296,899684
5,3,0,0,0,3,5,2,0.719,296,881420
2,3,0,0,0,2,5,1,0.481,328,849104
6,0,0,0,0,5,4,2,0.996,295,883472
3,0,0,0,0,3,3,2,0.595,296,839944
8,5,0,0,0,6,6,2,1.324,295,948088
2,3,0,0,0,1,4,1,0.316,327,838088
3,2,0,0,0,2,3,1,0.482,328,848976
18,6,0,0,0,7,7,2,1.754,296,1040420
22,11,0,0,0,9,9,2,2.268,296,1080268
7,3,0,0,0,5,6,2,1.092,296,916704
8,4,0,0,0,3,5,1,0.814,327,912356
9,4,0,0,0,9,5,2,1.803,296,963660
6,5,0,0,0,4,5,1,0.952,327,914396
4,4,0,0,0,3,5,1,0.719,327,881420
2,2,0,0,0,3,4,1,0.622,327,853856
6,5,0,0,0,4,5,2,0.952,296,914396
4,3,0,0,0,4,5,2,0.857,296,883456
6,3,0,0,0,5,5,1,1.065,327,906340
7,6,0,0,0,5,16,5,1.163,198,938596
6,4,0,0,0,1,4,1,0.438,327,874692
29,9,0,0,0,7,8,2,2.088,296,1140476
8,3,0,0,0,4,5,1,0.952,327,914400
10,10,0,0,0,11,5,3,2.291,263,1010804
25,0,0,0,0,14,7,5,2.899,197,1063876
14,0,0,0,0,9,5,3,1.826,262,961676
11,6,0,0,0,4,5,1,1.093,327,955476
7,4,0,0,0,4,4,1,0.952,327,911692
12,6,0,0,0,5,6,1,1.271,327,951916
6,5,0,0,0,2,4,1,0.625,327,892764
6,7,0,0,0,7,13,5,1.488,197,951720
9,0,0,0,0,16,6,3,2.866,262,1006900
4,3,0,0,0,4,4,2,0.857,296,881416
22,10,0,0,0,12,8,2,2.751,295,1137888
8,2,0,0,0,5,5,2,1.093,296,916696
18,8,0,0,0,6,6,2,1.618,296,1007448
1,1,0,0,0,0,2,0,0.074,360,789688
4,2,0,0,0,3,4,1,0.668,328,868560
3,2,0,0,0,2,3,1,0.482,328,848976
3,0,0,0,0,4,3,1,0.665,327,826752
7,0,0,0,0,6,5,2,1.182,295,906876
8,4,0,0,0,3,5,1,0.815,327,912356
11,7,0,0,0,9,6,2,1.928,296,1007316
4,2,0,0,0,3,4,2,0.668,296,868560
19,10,0,0,0,7,7,2,1.853,296,1043428
17,8,0,0,0,5,6,1,1.434,327,994908
2,1,0,0,0,4,4,1,0.665,327,826748
5,0,0,0,0,3,4,2,0.644,296,859268
9,7,0,0,0,7,5,2,1.548,296,955544
4,2,0,0,0,3,5,2,0.670,296,868560
31,14,0,0,0,16,7,2,3.693,295,1232624
4,3,0,0,0,2,7,2,0.529,296,863680
11,3,0,0,0,5,5,1,1.187,327,944728
6,2,0,0,0,3,5,1,0.719,327,881420
17,5,0,0,0,7,6,2,1.686,296,994452
17,7,0,0,0,6,8,2,1.573,296,998540
25,11,0,0,0,10,7,2,2.502,296,1109484
3,2,0,0,0,2,3,1,0.482,328,848976
3,3,0,0,0,3,6,2,0.669,296,868560
5,5,0,0,0,3,4,1,0.764,327,897644
21,8,0,0,0,6,8,1,1.710,327,1065428
28,13,0,0,0,11,8,2,2.803,296,1173620
2,0,0,0,0,3,3,2,0.573,296,839416
3,2,0,0,0,2,4,1,0.481,328,848976
23,7,0,0,0,6,8,2,1.713,296,1039344
18,7,0,0,0,7,9,2,1.758,296,1015152
4,3,0,0,0,5,7,3,1.020,264,894808
2,2,0,0,0,3,4,2,0.621,296,853856
4,3,0,0,0,4,4,2,0.857,296,883456
5,4,0,0,0,4,5,2,0.904,296,899680
18,13,0,0,0,8,7,2,2.063,296,1054644
17,6,0,0,0,6,8,1,1.567,327,1021688
20,6,0,0,0,11,8,2,2.454,295,1095496
4,3,0,0,0,4,8,2,0.858,296,883456
6,4,0,0,0,5,4,2,1.090,296,916696
4,4,0,0,0,3,4,1,0.719,327,881420
16,0,0,0,0,15,5,3,2.861,263,1059948
12,6,0,0,0,5,7,2,1.270,296,951920
13,5,0,0,0,5,6,1,1.274,327,951920
3,2,0,0,0,2,3,1,0.482,327,848972
3,2,0,0,0,3,5,2,0.618,296,853860
5,0,0,0,0,6,4,2,1.138,295,890656
6,0,0,0,0,5,4,2,0.995,295,883472
8,7,0,0,0,8,5,1,1.694,327,972232
21,8,0,0,0,10,7,3,2.368,264,1102416
17,5,0,0,0,5,7,1,1.364,327,976512
2,2,0,0,0,3,4,1,0.620,327,853856
16,8,0,0,0,5,6,1,1.411,327,986728
6,4,0,0,0,5,6,2,1.091,296,916696
10,0,0,0,0,9,5,3,1.744,264,955740
10,6,0,0,0,5,6,2,1.235,296,957064
4,3,0,0,0,3,6,2,0.694,296,875748
3,2,0,0,0,3,4,2,0.644,296,859264
13,5,0,0,0,5,5,1,1.271,327,951920
17,4,0,0,0,4,8,2,1.192,296,981140
12,0,0,0,0,3,5,1,0.814,327,912356
7,4,0,0,0,3,5,1,0.788,327,901996
20,0,0,0,0,27,6,4,4.889,231,1147304
2,2,0,0,0,3,3,1,0.620,328,853856
1,1,0,0,0,2,3,1,0.408,328,825496
25,10,0,0,0,15,7,2,3.290,295,1150504
19,6,0,0,0,6,6,1,1.611,327,1038380
8,4,0,0,0,4,5,2,0.978,296,921588
3,3,0,0,0,2,4,1,0.504,327,854384
7,6,0,0,0,4,5,1,0.996,327,921912
9,6,0,0,0,6,6,1,1.377,327,963528
16,3,0,0,0,4,6,2,1.140,296,965372
3,2,0,0,0,3,4,1,0.643,327,859260
20,10,0,0,0,8,8,1,2.049,326,1065720
3,1,0,0,0,2,4,1,0.456,328,839940
12,7,0,0,0,8,7,2,1.783,295,986272
3,1,0,0,0,2,3,1,0.457,328,839940
13,6,0,0,0,4,5,1,1.146,327,972836
4,4,0,0,0,4,5,1,0.881,327,892492
15,8,0,0,0,8,5,1,1.874,327,1008544
21,12,0,0,0,8,6,2,2.117,296,1088744
11,8,0,0,0,11,5,3,2.265,264,1007244
4,3,0,0,0,2,4,1,0.529,328,863684
15,6,0,0,0,6,7,2,1.514,296,993896
3,1,0,0,0,1,3,1,0.293,328,832688
17,6,0,0,0,7,7,2,1.713,296,1002628
4,3,0,0,0,4,4,1,0.857,328,883456
2,1,0,0,0,3,4,2,0.595,296,844820
15,0,0,0,0,16,5,3,2.983,262,1026176
7,4,0,0,0,6,6,2,1.276,295,927128
30,14,0,0,0,17,7,2,3.833,295,1236712
13,0,0,0,0,18,5,3,3.267,263,1035408
14,7,0,0,0,6,7,2,1.504,296,980140
2,2,0,0,0,2,3,2,0.456,296,839940
28,0,0,0,0,35,7,5,6.359,197,1268332
7,0,0,0,0,4,5,2,0.858,296,883472
49,27,0,0,0,14,10,2,4.087,295,1406724
16,7,0,0,0,5,7,1,1.391,327,982648
8,4,0,0,0,4,6,2,0.977,296,921588
4,3,0,0,0,8,4,1,1.508,327,927716
4,4,0,0,0,3,4,1,0.719,327,881420
6,0,0,0,0,9,4,3,1.646,263,927716
5,0,0,0,0,6,4,2,1.139,295,890644
18,0,0,0,0,13,5,3,2.571,262,1013376
9,0,0,0,0,7,5,3,1.395,263,928772
6,0,0,0,0,3,4,2,0.668,296,868568
2,1,0,0,0,2,3,2,0.433,296,834532
6,1,0,0,0,8,4,3,1.506,264,923628
6,3,0,0,0,3,4,1,0.742,327,890456
5,0,0,0,0,3,4,2,0.643,296,859268
18,9,0,0,0,9,7,2,2.143,295,1063960
5,5,0,0,0,7,8,3,1.417,264,935692
3,2,0,0,0,3,5,2,0.643,296,859260
8,6,0,0,0,7,5,2,1.512,296,963464
12,1,0,0,0,14,24,12,2.618,0,1017932
5,4,0,0,0,4,4,1,0.905,327,899680
10,0,0,0,0,5,4,2,1.089,295,914400
2,3,0,0,0,2,4,1,0.481,328,848976
2,1,0,0,0,2,3,1,0.432,328,834528
6,0,0,0,0,6,6,3,1.159,264,899692
22,8,0,0,0,7,7,2,1.887,296,1065480
9,6,0,0,0,6,6,1,1.372,327,963528
3,1,0,0,0,4,4,2,0.784,296,861296
11,6,0,0,0,8,6,2,1.749,296,987992
6,4,0,0,0,4,5,1,0.921,327,894216
10,4,0,0,0,6,6,2,1.350,296,949944
7,5,0,0,0,5,7,2,1.140,296,927980
7,5,0,0,0,5,6,2,1.139,295,921916
2,2,0,0,0,3,4,1,0.620,328,853856
2,1,0,0,0,3,3,2,0.596,296,844820
3,2,0,0,0,2,4,1,0.481,328,848976
19,7,0,0,0,8,7,2,1.944,296,1028480
5,0,0,0,0,2,4,1,0.481,327,848980
6,0,0,0,0,9,4,3,1.649,264,927716
9,0,0,0,0,4,4,2,0.904,296,899692
17,7,0,0,0,7,8,2,1.753,296,1040420
1,2,0,0,0,3,3,1,0.595,328,844820
3,2,0,0,0,3,4,1,0.644,328,859260
23,14,0,0,0,14,6,2,3.211,295,1205040
18,6,0,0,0,6,8,2,1.574,296,998540
2,1,0,0,0,2,3,1,0.433,328,834528
3,0,0,0,0,4,3,3,0.761,264,855908
7,6,0,0,0,4,5,2,1.000,296,925664
19,8,0,0,0,7,8,1,1.808,327,1026436
7,3,0,0,0,4,5,1,0.927,327,904040
4,2,0,0,0,3,6,2,0.669,296,868560
10,4,0,0,0,4,7,2,1.027,296,936292
18,6,0,0,0,6,8,2,1.572,296,998540
9,3,0,0,0,4,5,1,0.977,327,921588
2,0,0,0,0,3,3,1,0.572,328,839416
3,3,0,0,0,4,4,2,0.834,296,875740
6,4,0,0,0,5,4,2,1.091,295,916696
34,19,0,0,0,16,8,2,3.878,295,1273636
5,0,0,0,0,4,4,2,0.807,296,870608
10,0,0,0,0,9,5,3,1.744,264,954224
7,4,0,0,0,8,5,1,1.606,327,956800
1,0,0,0,0,1,2,1,0.220,328,808680
3,1,0,0,0,3,4,2,0.621,296,853856
9,0,0,0,0,6,4,3,1.232,263,914404
20,10,0,0,0,10,8,2,2.371,295,1086232
4,2,0,0,0,4,6,2,0.835,295,877784
17,7,0,0,0,8,7,2,1.900,296,1017200
24,10,0,0,0,7,7,2,1.970,296,1069528
5,5,0,0,0,5,4,2,1.092,295,914388
16,9,0,0,0,9,7,2,2.084,296,1030792
5,0,0,0,0,4,4,2,0.807,295,870612
4,4,0,0,0,3,4,2,0.720,296,881420
13,5,0,0,0,5,5,1,1.269,327,951920
10,5,0,0,0,6,6,2,1.373,296,959372
22,5,0,0,0,9,7,2,2.135,296,1047780
35,26,0,0,0,34,7,3,6.968,261,1453816
20,8,0,0,0,8,7,2,1.996,296,1045472
17,6,0,0,0,5,6,1,1.388,327,982644
5,4,0,0,0,4,4,1,0.904,327,899680
10,4,0,0,0,9,5,1,1.747,327,956804
3,0,0,0,0,4,4,3,0.761,264,855908
28,14,0,0,0,11,6,2,2.838,295,1212232
7,2,0,0,0,4,5,1,0.903,327,899688
5,5,0,0,0,5,4,2,1.089,296,914388
13,9,0,0,0,9,6,2,2.028,296,1037660
18,0,0,0,0,7,6,2,1.613,295,993868
8,0,0,0,0,7,4,2,1.370,295,921588
22,0,0,0,0,25,6,4,4.613,230,1137996
4,3,0,0,0,3,4,1,0.694,327,875748
17,0,0,0,0,11,7,3,2.225,263,1001632
12,9,0,0,0,10,7,2,2.173,295,1049732
1,1,0,0,0,2,3,2,0.407,296,823648
7,0,0,0,0,4,4,2,0.858,295,883472
9,5,0,0,0,5,5,1,1.188,327,945784
16,0,0,0,0,16,11,5,3.005,198,1026176
30,10,0,0,0,9,8,2,2.464,296,1175160
24,10,0,0,0,12,8,2,2.779,295,1115616
4,3,0,0,0,4,4,1,0.858,327,883460
22,8,0,0,0,7,7,2,1.881,296,1053864
3,0,0,0,0,2,3,1,0.432,328,834536
13,5,0,0,0,5,5,1,1.270,327,951920
3,3,0,0,0,4,5,2,0.836,296,877784
2,1,0,0,0,2,3,2,0.433,296,834528
10,6,0,0,0,5,7,1,1.235,327,957064
2,1,0,0,0,3,3,2,0.595,296,839940
4,4,0,0,0,3,5,1,0.719,327,881420
6,0,0,0,0,5,4,2,0.996,295,883472
16,6,0,0,0,7,7,2,1.704,296,1021696
13,4,0,0,0,18,6,1,3.360,326,1061836
20,8,0,0,0,7,7,1,1.846,327,1067468
2,2,0,0,0,3,3,2,0.622,296,853856
4,1,0,0,0,3,4,2,0.644,296,859260
20,11,0,0,0,5,8,1,1.575,327,1035712
31,7,0,0,0,8,9,2,2.233,296,1117164
9,4,0,0,0,5,5,2,1.162,296,938596
1,2,0,0,0,2,3,1,0.433,328,834528
17,11,0,0,0,11,6,2,2.493,296,1083536
10,6,0,0,0,8,6,2,1.718,295,967808
20,6,0,0,0,6,6,1,1.623,327,1011056
11,7,0,0,0,6,6,2,1.444,296,977772
14,5,0,0,0,6,6,1,1.472,327,981868
3,3,0,0,0,3,4,2,0.669,296,868560
24,10,0,0,0,11,8,2,2.619,295,1105396
12,0,0,0,0,5,5,2,1.139,295,927980
7,0,0,0,0,6,5,2,1.183,295,906880
13,5,0,0,0,5,5,1,1.269,327,951920
8,3,0,0,0,4,5,1,0.952,327,914400
6,5,0,0,0,6,5,2,1.277,296,927128
5,4,0,0,0,4,4,1,0.903,327,899684
17,12,0,0,0,15,13,5,3.157,198,1115992
6,3,0,0,0,3,6,2,0.741,296,890456
15,4,0,0,0,7,7,1,1.579,327,966920
11,5,0,0,0,5,6,2,1.234,296,955744
3,1,0,0,0,2,4,1,0.456,327,839940
1,1,0,0,0,1,2,1,0.221,329,808680
6,7,0,0,0,6,5,2,1.324,296,942416
8,1,0,0,0,6,4,2,1.229,295,916696
11,6,0,0,0,5,6,1,1.250,327,951588
7,0,0,0,0,4,4,2,0.859,295,883468
11,8,0,0,0,6,7,1,1.468,327,981868
12,6,0,0,0,8,7,2,1.768,295,994108
17,6,0,0,0,6,7,1,1.550,327,990360
11,5,0,0,0,6,6,1,1.388,327,955216
24,9,0,0,0,5,8,1,1.638,326,1063896
8,3,0,0,0,4,6,2,0.953,296,914396
4,5,0,0,0,4,9,3,0.904,263,899680
3,2,0,0,0,3,5,2,0.643,296,859264
8,4,0,0,0,4,5,1,0.979,327,921588
8,5,0,0,0,4,6,1,1.000,327,925672
4,2,0,0,0,2,4,1,0.506,328,854380
9,0,0,0,0,6,4,2,1.230,295,914404
20,5,0,0,0,8,7,2,1.923,296,1023332
13,8,0,0,0,10,7,2,2.171,295,1045840
46,14,0,0,0,14,11,2,3.723,295,1307068
4,3,0,0,0,3,6,2,0.693,296,875748
4,4,0,0,0,5,6,2,1.043,295,901988
3,3,0,0,0,3,4,2,0.669,296,868564
14,0,0,0,0,17,5,3,3.123,262,1026176
2,2,0,0,0,3,4,1,0.620,327,853856
31,17,0,0,0,22,8,3,4.732,263,1289764
13,9,0,0,0,9,5,2,2.012,296,1011128
11,5,0,0,0,7,6,2,1.553,296,970184
8,6,0,0,0,5,7,2,1.186,296,945784
22,0,0,0,0,41,6,4,7.206,229,1280604
6,5,0,0,0,4,4,1,0.952,327,914396
5,0,0,0,0,6,4,2,1.137,296,890656
3,2,0,0,0,3,4,1,0.644,327,859260
5,4,0,0,0,6,4,1,1.231,327,921576
9,4,0,0,0,3,6,1,0.839,327,919544
5,4,0,0,0,5,4,2,1.066,296,905352
6,3,0,0,0,4,5,1,0.903,327,899684
2,1,0,0,0,2,3,2,0.433,296,834528
10,3,0,0,0,8,6,2,1.650,296,965508
5,4,0,0,0,6,5,2,1.229,295,916696
8,4,0,0,0,4,5,1,0.977,327,921584
17,3,0,0,0,8,7,1,1.806,327,992408
9,0,0,0,0,6,5,2,1.231,295,921592
9,4,0,0,0,8,5,2,1.650,296,965508
13,6,0,0,0,5,5,1,1.306,327,974148
18,0,0,0,0,13,5,3,2.588,263,1049728
3,4,0,0,0,2,4,1,0.529,327,863680
19,4,0,0,0,6,7,2,1.553,296,990360
13,6,0,0,0,6,7,1,1.473,327,989788
9,5,0,0,0,5,8,2,1.187,295,944728
3,3,0,0,0,4,5,2,0.835,296,877784
9,7,0,0,0,7,5,2,1.553,296,970184
4,0,0,0,0,1,3,1,0.294,328,832692
19,5,0,0,0,11,8,3,2.401,264,1080856
16,10,0,0,0,14,8,2,2.923,295,1086780
10,6,0,0,0,8,7,2,1.726,295,983908
2,3,0,0,0,2,4,2,0.481,296,848976
2,1,0,0,0,4,4,2,0.761,296,855896
16,8,0,0,0,5,7,1,1.408,327,986728
12,5,0,0,0,6,6,1,1.422,327,980020
6,0,0,0,0,3,4,2,0.668,296,868572
3,3,0,0,0,4,7,3,0.836,264,877784
15,6,0,0,0,7,7,2,1.664,295,990360
11,4,0,0,0,4,5,1,1.047,327,943148
4,2,0,0,0,3,4,2,0.668,295,863684
17,6,0,0,0,7,9,2,1.711,296,1002628
1,2,0,0,0,2,3,1,0.433,328,834528
2,2,0,0,0,2,3,1,0.433,328,834540
16,0,0,0,0,6,7,2,1.388,296,949416
9,0,0,0,0,12,5,3,2.203,263,974876
6,0,0,0,0,4,4,2,0.834,296,877800
13,0,0,0,0,7,6,2,1.493,295,957788
14,7,0,0,0,10,5,2,2.149,294,1011068
14,6,0,0,0,5,7,2,1.334,296,988000
5,4,0,0,0,3,4,1,0.742,327,890456
5,5,0,0,0,4,5,2,0.928,296,905360
21,7,0,0,0,5,8,1,1.518,327,1035204
27,13,0,0,0,13,7,2,3.089,296,1160652
2,1,0,0,0,2,3,2,0.432,296,832684
21,20,0,0,0,22,6,3,4.553,262,1231344
7,4,0,0,0,6,5,2,1.276,296,929300
8,5,0,0,0,8,7,2,1.651,295,965508
4,3,0,0,0,6,9,4,1.181,231,906868
9,5,0,0,0,7,6,1,1.511,327,964784
45,12,0,0,0,10,9,2,3.043,296,1310228
6,4,0,0,0,5,4,2,1.092,296,916696
2,2,0,0,0,2,3,1,0.457,328,839940
2,2,0,0,0,2,5,1,0.457,328,839940
4,3,0,0,0,4,5,2,0.857,296,883456
7,5,0,0,0,5,6,2,1.140,296,927980
13,8,0,0,0,6,5,1,1.514,327,998612
10,5,0,0,0,8,5,2,1.692,295,972228
6,3,0,0,0,3,5,1,0.742,327,890460
1,2,0,0,0,2,3,1,0.409,328,825496
7,0,0,0,0,8,4,3,1.506,264,916704
5,3,0,0,0,5,4,2,1.042,295,899680
2,2,0,0,0,3,4,2,0.621,296,853856
6,6,0,0,0,7,14,5,1.465,198,951656
11,6,0,0,0,4,5,1,1.096,327,954420
6,4,0,0,0,3,5,1,0.765,327,897644
27,14,0,0,0,12,7,2,2.945,296,1158612
6,2,0,0,0,7,4,3,1.368,263,921576
6,5,0,0,0,4,5,1,0.952,327,914396
24,11,0,0,0,20,10,3,4.122,262,1228420
26,15,0,0,0,12,7,2,2.946,295,1158612
15,9,0,0,0,8,7,2,1.897,295,1017200
2,3,0,0,0,3,4,2,0.645,296,859264
15,10,0,0,0,10,6,2,2.265,296,1072920
6,6,0,0,0,7,17,5,1.465,199,951664
21,9,0,0,0,10,7,2,2.373,296,1086232
5,0,0,0,0,6,4,3,1.137,263,885776
3,4,0,0,0,5,7,3,1.019,263,894808
1,1,0,0,0,1,2,1,0.196,328,801684
1,1,0,0,0,3,3,1,0.573,328,839412
18,10,0,0,0,12,8,2,2.648,295,1092384
17,6,0,0,0,6,6,1,1.551,327,990360
3,2,0,0,0,3,5,2,0.644,296,859260
26,8,0,0,0,12,8,2,2.717,296,1116636
1,2,0,0,0,3,4,2,0.596,296,844820
11,6,0,0,0,6,6,2,1.411,295,955544
9,4,0,0,0,5,6,2,1.165,296,938596
3,1,0,0,0,3,3,2,0.620,296,848976
6,0,0,0,0,6,5,3,1.158,263,894812
28,16,0,0,0,16,12,3,3.660,263,1226484
15,0,0,0,0,16,5,4,2.984,230,1024132
13,9,0,0,0,9,5,2,2.015,296,1008556
2,2,0,0,0,3,4,1,0.620,327,853856
4,1,0,0,0,2,3,1,0.480,328,848976
2,3,0,0,0,2,4,1,0.481,328,848976
7,0,0,0,0,6,5,3,1.182,264,901996
4,3,0,0,0,3,7,1,0.693,327,875740
24,0,0,0,0,13,7,3,2.718,263,1069216
14,6,0,0,0,5,6,1,1.333,327,986152
1,0,0,0,0,2,2,1,0.385,328,819824
26,0,0,0,0,14,7,3,2.924,263,1094408
5,3,0,0,0,3,4,1,0.719,327,881420
26,9,0,0,0,8,8,1,2.165,327,1103312
15,3,0,0,0,8,7,2,1.760,296,980140
4,3,0,0,0,4,4,1,0.858,327,883456
19,5,0,0,0,6,8,1,1.572,327,998540
14,4,0,0,0,5,8,1,1.271,327,951916
13,10,0,0,0,10,8,2,2.200,295,1028008
10,8,0,0,0,6,6,2,1.445,296,977772
6,2,0,0,0,4,5,2,0.881,296,892496
13,6,0,0,0,7,6,1,1.628,327,992064
7,4,0,0,0,5,5,1,1.115,327,922828
8,0,0,0,0,4,5,2,0.881,296,892508
5,3,0,0,0,3,4,1,0.720,328,881424
12,6,0,0,0,4,5,1,1.108,327,944456
14,0,0,0,0,5,6,2,1.185,296,942348
4,2,0,0,0,2,4,1,0.505,328,854380
4,3,0,0,0,4,4,2,0.856,295,881412
5,2,0,0,0,2,4,1,0.529,327,863680
6,3,0,0,0,4,5,1,0.905,327,899688
6,5,0,0,0,12,5,2,2.245,295,972236
19,0,0,0,0,12,5,4,2.429,231,1013372
3,2,0,0,0,3,4,2,0.644,296,859260
4,3,0,0,0,3,5,2,0.693,296,875748
22,0,0,0,0,41,6,4,7.193,230,1292004
2,3,0,0,0,2,4,1,0.481,328,848976
20,8,0,0,0,6,7,2,1.667,296,1022352
25,8,0,0,0,6,8,2,1.810,296,1094972
8,4,0,0,0,2,5,1,0.650,327,897840
19,6,0,0,0,5,8,1,1.433,327,994908
8,0,0,0,0,7,4,2,1.371,295,921584
18,5,0,0,0,5,6,1,1.389,327,982644
18,8,0,0,0,7,7,2,1.788,296,1021292
10,7,0,0,0,6,5,1,1.414,327,955544
8,5,0,0,0,4,7,2,0.996,296,921912
9,5,0,0,0,7,7,2,1.511,296,965576
14,5,0,0,0,4,5,1,1.134,328,950600
3,0,0,0,0,3,3,2,0.596,296,844824
5,0,0,0,0,3,4,2,0.644,296,859268
6,7,0,0,0,6,5,2,1.326,295,944724
3,2,0,0,0,4,4,2,0.807,296,870604
2,2,0,0,0,2,4,1,0.456,328,839940
17,6,0,0,0,5,7,1,1.392,327,982644
7,5,0,0,0,6,5,2,1.303,295,938596
8,4,0,0,0,4,5,1,0.977,327,921584
10,7,0,0,0,6,6,2,1.410,296,955544
2,2,0,0,0,2,4,2,0.457,296,839940
8,0,0,0,0,7,4,2,1.369,295,921588
12,5,0,0,0,4,5,1,1.095,327,955476
2,2,0,0,0,3,3,2,0.622,296,853852
8,3,0,0,0,4,5,1,0.952,327,914396
6,3,0,0,0,4,4,2,0.905,296,897640
4,3,0,0,0,4,4,1,0.858,327,883456
22,5,0,0,0,7,8,2,1.823,296,1050448
8,3,0,0,0,5,5,2,1.116,296,923884
21,0,0,0,0,11,7,2,2.318,295,1026432
4,4,0,0,0,5,7,3,1.042,264,901996
11,6,0,0,0,5,6,1,1.246,327,945788
6,0,0,0,0,5,4,2,0.997,295,883472
22,8,0,0,0,11,7,2,2.528,295,1080808
17,12,0,0,0,11,7,2,2.507,295,1078072
17,5,0,0,0,9,6,2,2.013,295,1011128
20,6,0,0,0,6,8,1,1.624,327,1016592
7,4,0,0,0,6,5,2,1.280,296,932860
5,4,0,0,0,6,5,1,1.044,327,863080
2,2,0,0,0,3,4,2,0.622,296,853856
3,3,0,0,0,3,4,2,0.669,296,868560
5,0,0,0,0,10,4,4,1.787,231,927708
7,5,0,0,0,4,6,2,0.976,296,921588
11,4,0,0,0,2,6,1,0.722,327,920072
10,0,0,0,0,6,5,3,1.255,264,923892
3,0,0,0,0,3,4,2,0.596,296,844824
2,3,0,0,0,2,3,1,0.481,328,848976
17,0,0,0,0,14,5,3,2.708,263,1024384
6,3,0,0,0,3,4,1,0.743,328,890456
17,0,0,0,0,14,5,2,2.731,294,1055860
7,6,0,0,0,7,11,4,1.485,231,951716
17,4,0,0,0,6,6,2,1.506,296,980140
3,4,0,0,0,2,4,1,0.528,328,863680
22,11,0,0,0,8,7,1,2.111,326,1071572
4,3,0,0,0,3,4,2,0.694,296,875748
1,1,0,0,0,1,2,1,0.245,328,817972
23,11,0,0,0,10,7,2,2.480,296,1131432
9,9,0,0,0,10,17,6,2.082,166,1000744
12,7,0,0,0,6,6,1,1.466,327,981868
9,0,0,0,0,6,4,2,1.231,295,921592
19,5,0,0,0,5,6,1,1.408,327,986728
17,5,0,0,0,6,7,1,1.527,327,986272
13,10,0,0,0,9,6,2,2.039,295,1017200
4,0,0,0,0,4,4,2,0.784,295,859272
68,24,0,0,0,25,8,2,6.250,294,1595408
6,0,0,0,0,7,4,3,1.320,263,902000
15,5,0,0,0,5,6,1,1.333,327,986152
6,6,0,0,0,6,6,2,1.302,295,943476
11,6,0,0,0,6,5,1,1.419,327,966096
6,5,0,0,0,4,6,2,0.955,296,914400
4,0,0,0,0,7,4,2,1.278,295,890656
17,7,0,0,0,8,8,2,1.900,295,1017200
3,4,0,0,0,2,4,1,0.530,328,863680
1,1,0,0,0,3,3,1,0.501,327,815404
5,6,0,0,0,4,4,2,0.952,296,914396
12,6,0,0,0,5,5,1,1.284,327,975144
11,4,0,0,0,6,6,1,1.373,327,959380
4,3,0,0,0,5,7,3,1.021,263,894800
16,0,0,0,0,31,6,5,5.447,199,1157516
5,4,0,0,0,4,4,1,0.903,327,899684
10,4,0,0,0,4,7,2,1.019,296,926452
2,1,0,0,0,4,3,2,0.759,296,855896
3,2,0,0,0,4,6,3,0.806,264,870596
20,11,0,0,0,11,8,2,2.552,295,1086936
21,10,0,0,0,10,7,2,2.392,296,1078752
14,7,0,0,0,5,7,2,1.343,296,970380
18,8,0,0,0,6,7,1,1.621,327,1011056
7,5,0,0,0,5,6,2,1.141,295,927980
9,6,0,0,0,4,6,1,1.049,327,943476
27,12,0,0,0,12,7,2,2.929,296,1199628
4,3,0,0,0,3,4,2,0.694,296,875748
3,2,0,0,0,3,4,1,0.643,327,859260
5,3,0,0,0,2,5,1,0.554,328,870864
5,3,0,0,0,4,4,2,0.881,296,892492
1,2,0,0,0,1,3,1,0.268,329,823644
3,3,0,0,0,3,6,2,0.669,296,868560
16,0,0,0,0,11,5,3,2.200,263,993456
2,3,0,0,0,2,3,1,0.482,328,848976
13,6,0,0,0,5,6,1,1.295,327,958048
19,6,0,0,0,10,7,2,2.262,296,1076768
5,3,0,0,0,3,4,1,0.719,327,881424
17,0,0,0,0,8,6,2,1.754,295,995912
19,0,0,0,0,12,5,2,2.427,295,1011064
36,10,0,0,0,7,10,1,2.277,326,1198832
15,4,0,0,0,5,7,2,1.295,296,958048
6,5,0,0,0,4,4,1,0.953,327,914396
28,15,0,0,0,16,7,2,3.645,295,1215872
5,3,0,0,0,3,4,1,0.719,327,881420
2,2,0,0,0,3,4,2,0.620,296,853856
8,3,0,0,0,5,5,2,1.114,296,923884
2,3,0,0,0,2,4,1,0.482,328,848976
5,0,0,0,0,2,3,1,0.482,328,848980
3,1,0,0,0,2,5,2,0.458,296,839936
10,4,0,0,0,6,7,2,1.353,295,955744
16,5,0,0,0,7,6,2,1.670,296,990360
22,10,0,0,0,8,7,2,2.090,296,1079052
7,0,0,0,0,4,4,2,0.857,296,883472
12,7,0,0,0,5,6,1,1.309,327,974148
16,7,0,0,0,5,7,1,1.390,327,982644
20,6,0,0,0,9,7,2,2.122,296,1072880
7,6,0,0,0,4,5,1,0.998,327,921912
3,3,0,0,0,3,4,2,0.669,296,868560
4,2,0,0,0,3,4,1,0.669,328,868560
4,5,0,0,0,4,10,3,0.902,263,899684
2,1,0,0,0,2,3,1,0.432,328,834528
16,7,0,0,0,5,7,1,1.394,327,982644
6,5,0,0,0,4,5,1,0.953,327,914396
13,9,0,0,0,9,6,2,2.016,295,1011128
3,3,0,0,0,2,5,2,0.505,296,854384
16,5,0,0,0,4,7,1,1.193,327,984572
3,3,0,0,0,4,6,2,0.836,296,877784
21,7,0,0,0,9,7,2,2.159,296,1058476
5,4,0,0,0,5,4,2,1.065,296,905548
22,10,0,0,0,13,6,2,2.903,295,1124128
18,6,0,0,0,5,6,1,1.421,327,1008624
2,4,0,0,0,3,4,2,0.669,296,868560
26,9,0,0,0,9,9,1,2.342,326,1126816
5,0,0,0,0,4,4,2,0.808,296,870612
7,6,0,0,0,4,5,1,1.000,327,926984
6,3,0,0,0,2,4,1,0.579,327,876532
17,5,0,0,0,7,7,2,1.707,296,1023740
3,4,0,0,0,2,4,1,0.530,327,863680
23,6,0,0,0,11,7,2,2.509,295,1088284
7,4,0,0,0,4,5,1,0.952,327,914400
3,3,0,0,0,4,4,2,0.836,296,877784
9,4,0,0,0,4,6,1,0.998,327,925664
9,7,0,0,0,7,5,2,1.549,295,959632
5,6,0,0,0,6,12,4,1.278,231,931608
3,1,0,0,0,3,4,2,0.621,296,853856
3,3,0,0,0,3,5,2,0.670,295,868560
11,5,0,0,0,5,5,1,1.234,327,957056
13,8,0,0,0,6,6,1,1.516,327,998612
23,12,0,0,0,10,7,2,2.482,296,1098740
10,6,0,0,0,6,6,2,1.392,296,955216
4,3,0,0,0,8,4,1,1.509,327,927716
7,7,0,0,0,8,5,2,1.670,295,968208
10,4,0,0,0,3,6,1,0.858,327,917824
19,11,0,0,0,7,8,1,1.881,327,1053864
7,6,0,0,0,2,5,1,0.674,327,907472
5,4,0,0,0,4,4,1,0.903,327,899684
3,3,0,0,0,3,4,2,0.669,296,868560
2,1,0,0,0,3,3,2,0.594,296,839940
6,0,0,0,0,5,4,2,0.996,295,885772
15,7,0,0,0,6,6,2,1.526,296,986268
14,0,0,0,0,17,5,3,3.144,263,1064904
4,3,0,0,0,4,7,2,0.858,295,882136
3,2,0,0,0,4,4,1,0.807,327,870596
11,8,0,0,0,12,7,2,2.435,295,1021872
5,0,0,0,0,4,5,3,0.809,263,870612
3,3,0,0,0,3,5,2,0.668,296,868560
9,6,0,0,0,4,6,1,1.047,327,943148
6,0,0,0,0,5,5,2,0.996,295,885780
9,4,0,0,0,10,6,2,1.970,295,968864
3,3,0,0,0,3,5,1,0.669,327,868560
4,0,0,0,0,4,4,3,0.781,264,859268
7,2,0,0,0,8,7,3,1.559,263,939000
29,15,0,0,0,14,7,2,3.348,296,1199676
2,2,0,0,0,3,3,2,0.620,295,848976
32,15,0,0,0,15,10,3,3.571,264,1223168
10,5,0,0,0,4,6,2,1.050,296,942424
17,0,0,0,0,14,5,3,2.712,262,1019232
4,3,0,0,0,2,5,1,0.529,327,863680
15,8,0,0,0,9,6,2,2.036,295,1017256
7,4,0,0,0,4,4,1,0.954,327,914400
1,2,0,0,0,4,3,1,0.761,328,855896
19,5,0,0,0,6,7,2,1.576,296,998540
6,2,0,0,0,7,5,3,1.370,263,921576
8,5,0,0,0,6,6,2,1.328,296,948088
5,0,0,0,0,6,4,2,1.138,295,890656
3,0,0,0,0,4,4,2,0.760,295,855908
6,0,0,0,0,6,4,2,1.158,295,892504
10,4,0,0,0,5,5,1,1.188,327,945784
6,1,0,0,0,2,4,1,0.530,328,863680
8,4,0,0,0,6,5,2,1.295,296,931664
7,6,0,0,0,4,5,1,0.996,327,921912
9,0,0,0,0,6,4,2,1.232,295,921592
4,2,0,0,0,4,9,4,0.835,231,877784
5,4,0,0,0,6,5,2,1.228,296,914388
3,2,0,0,0,3,6,2,0.644,296,859260
4,2,0,0,0,5,4,2,0.975,296,880096
2,2,0,0,0,2,4,1,0.456,328,839940
4,3,0,0,0,4,4,2,0.857,296,883456
9,0,0,0,0,6,4,2,1.232,295,914404
7,4,0,0,0,4,5,1,0.953,327,914396
13,9,0,0,0,10,7,2,2.195,295,1056920
5,4,0,0,0,5,5,2,1.065,296,906340
3,2,0,0,0,4,4,2,0.807,296,870600
23,8,0,0,0,5,7,1,1.575,327,1035712
16,6,0,0,0,7,7,2,1.685,296,994452
4,0,0,0,0,7,4,2,1.277,295,890660
3,1,0,0,0,3,3,2,0.621,296,853856
10,5,0,0,0,4,6,2,1.047,296,943144
15,6,0,0,0,6,6,1,1.508,327,980140
2,0,0,0,0,3,3,2,0.573,296,839416
1,2,0,0,0,2,3,2,0.433,296,834528
3,3,0,0,0,3,4,2,0.685,296,868560
19,7,0,0,0,7,7,1,1.782,327,1021292
10,4,0,0,0,4,6,1,1.024,327,936288
2,2,0,0,0,1,3,1,0.293,328,832688
3,0,0,0,0,4,4,2,0.759,295,855908
2,4,0,0,0,3,4,2,0.670,296,868560
7,2,0,0,0,4,5,1,0.904,327,899684
4,2,0,0,0,4,5,2,0.836,296,877784
4,3,0,0,0,4,4,1,0.857,327,883456
7,4,0,0,0,5,6,2,1.117,295,923884
7,0,0,0,0,6,4,3,1.182,264,902000
12,0,0,0,0,10,5,2,1.942,295,962732
21,20,0,0,0,22,6,3,4.565,262,1231344
6,6,0,0,0,5,10,3,1.140,263,927980
5,0,0,0,0,3,4,2,0.644,296,859268
6,3,0,0,0,4,6,2,0.906,296,899684
6,5,0,0,0,6,5,2,1.279,296,930288
3,0,0,0,0,2,3,2,0.434,296,834536
3,0,0,0,0,2,3,2,0.433,296,834536
24,12,0,0,0,11,9,2,2.676,295,1137140
3,1,0,0,0,2,4,1,0.457,328,839940
7,4,0,0,0,4,4,1,0.953,327,914400
12,3,0,0,0,6,10,4,1.372,231,959372
3,2,0,0,0,2,7,2,0.481,296,848972
5,4,0,0,0,3,5,1,0.741,327,890456
19,0,0,0,0,7,7,2,1.621,295,978096
2,2,0,0,0,2,5,1,0.457,328,839940
4,0,0,0,0,5,5,3,0.946,264,872920
1,3,0,0,0,2,3,2,0.456,296,838092
19,8,0,0,0,5,7,1,1.482,327,1007432
5,3,0,0,0,3,4,1,0.719,327,881420
15,0,0,0,0,16,5,3,2.983,262,1024132
3,1,0,0,0,3,3,2,0.620,296,848976
19,0,0,0,0,14,6,3,2.767,263,1060336
11,7,0,0,0,6,5,2,1.445,296,974144
1,1,1,0,0,2,3,1,0.259,328,817984
26,9,0,0,0,10,7,2,2.489,295,1115956
21,7,0,0,0,7,7,2,1.841,296,1055588
3,3,0,0,0,3,4,1,0.669,328,868560
2,1,0,0,0,2,4,2,0.433,296,834528
9,10,0,0,0,8,5,2,1.791,295,997944
3,2,0,0,0,3,4,2,0.644,296,859264
11,0,0,0,0,12,5,3,2.254,263,990772
6,3,0,0,0,4,5,2,0.904,296,899688
3,2,0,0,0,3,4,2,0.644,296,859260
8,4,0,0,0,6,5,1,1.298,327,931664
9,5,0,0,0,5,6,2,1.187,296,943476
11,6,0,0,0,6,7,1,1.418,327,966096
8,4,0,0,0,5,5,1,1.141,327,927980
18,11,0,0,0,10,6,2,2.353,296,1076724
18,0,0,0,0,13,5,3,2.565,262,1013376
6,5,0,0,0,5,5,1,1.108,327,908860
20,8,0,0,0,9,11,3,2.159,263,1058476
35,24,0,0,0,36,7,4,7.263,229,1453488
11,5,0,0,0,4,6,1,1.072,327,949612
14,5,0,0,0,4,6,1,1.133,327,950600
13,6,0,0,0,5,7,1,1.297,327,958048
12,5,0,0,0,4,5,1,1.095,327,955476
3,2,0,0,0,2,3,1,0.481,328,848976
5,5,0,0,0,6,8,3,1.256,263,928764
5,1,0,0,0,4,4,2,0.835,296,875748
2,1,0,0,0,4,4,1,0.664,327,826748
0,2,0,0,0,1,2,1,0.245,328,817980
11,6,0,0,0,6,5,1,1.412,327,955544
2,3,0,0,0,2,4,1,0.482,328,848976
4,3,0,0,0,4,4,1,0.857,327,883456
2,3,0,0,0,2,3,1,0.482,328,848976
17,7,0,0,0,6,7,2,1.577,296,998540
16,8,0,0,0,7,7,1,1.732,327,1006500
4,0,0,0,0,3,4,2,0.621,296,853860
6,4,0,0,0,6,5,2,1.257,295,928776
6,5,0,0,0,5,13,4,1.117,230,923884
2,2,0,0,0,1,3,1,0.293,328,832688
11,5,0,0,0,7,5,2,1.561,296,977060
6,2,0,0,0,3,4,2,0.717,296,876540
4,4,0,0,0,4,8,3,0.882,263,892492
12,5,0,0,0,5,6,1,1.259,327,967692
2,1,0,0,0,3,3,2,0.594,296,839940
3,3,0,0,0,3,4,2,0.669,296,868560
12,6,0,0,0,5,5,1,1.272,327,951920
5,0,0,0,0,2,3,1,0.481,328,848980
1,2,0,0,0,2,5,2,0.433,296,834528
6,3,0,0,0,4,6,2,0.904,295,899684
15,7,0,0,0,5,7,2,1.371,296,990532
16,7,0,0,0,5,7,1,1.388,327,982644
25,13,0,0,0,12,8,2,2.870,295,1141264
11,4,0,0,0,5,6,2,1.220,296,953232
11,8,0,0,0,8,7,2,1.792,295,1004736
7,0,0,0,0,4,4,2,0.859,296,883472
2,1,0,0,0,1,3,1,0.268,329,823644
4,0,0,0,0,3,3,2,0.620,296,853860
13,6,0,0,0,6,5,1,1.474,327,992888
5,5,0,0,0,5,4,2,1.089,296,914388
10,5,0,0,0,4,5,1,1.050,327,942420
16,11,0,0,0,12,6,1,2.624,326,1070008
16,6,0,0,0,5,6,1,1.372,327,990532
6,5,0,0,0,4,4,1,0.952,327,914396
2,0,0,0,0,3,3,2,0.572,296,839416
7,0,0,0,0,8,4,3,1.502,263,914396
15,5,0,0,0,5,6,1,1.335,327,986152
1,3,0,0,0,3,4,2,0.620,296,853856
17,11,0,0,0,11,6,2,2.506,296,1106308
14,0,0,0,0,17,5,3,3.122,262,1026176
23,9,0,0,0,5,8,1,1.601,327,1046148
3,3,0,0,0,2,4,1,0.505,328,854384
15,4,0,0,0,6,6,1,1.472,327,989788
10,6,0,0,0,5,5,2,1.236,296,955744
13,6,0,0,0,5,7,1,1.300,327,966344
5,3,0,0,0,5,5,1,0.998,327,885764
3,4,0,0,0,4,6,2,0.856,295,883456
3,2,0,0,0,3,4,2,0.644,296,859260
11,0,0,0,0,20,5,4,3.538,231,1035404
2,0,0,0,0,3,3,2,0.572,296,839416
6,0,0,0,0,1,3,1,0.342,327,847136
15,8,0,0,0,11,7,2,2.368,295,1042272
2,1,0,0,0,2,3,1,0.433,328,834532
13,8,0,0,0,10,7,2,2.167,295,1042272
6,5,0,0,0,4,4,1,0.952,327,914396
5,3,0,0,0,3,4,2,0.717,296,876544
4,3,0,0,0,2,4,1,0.529,327,863680
7,3,0,0,0,3,4,1,0.764,328,897644
13,9,0,0,0,9,6,2,2.015,295,1008556
24,16,0,0,0,14,8,2,3.240,295,1164740
3,3,0,0,0,3,6,2,0.668,296,868560
5,4,0,0,0,2,4,1,0.578,328,876532
3,3,0,0,0,4,5,2,0.835,296,877784
15,6,0,0,0,6,7,1,1.507,327,980140
10,7,0,0,0,7,6,2,1.579,296,965764
3,4,0,0,0,3,6,2,0.694,295,875744
5,0,0,0,0,4,4,2,0.808,296,870604
3,0,0,0,0,3,3,2,0.597,296,844824
6,6,0,0,0,6,5,2,1.297,296,931664
4,3,0,0,0,2,4,1,0.530,327,863680
15,5,0,0,0,6,7,2,1.492,296,991440
8,4,0,0,0,5,5,1,1.142,327,929300
5,0,0,0,0,2,3,1,0.481,327,848980
6,1,0,0,0,4,4,2,0.857,295,881416
6,0,0,0,0,4,4,2,0.834,296,877792
6,0,0,0,0,9,4,3,1.648,263,927716
4,2,0,0,0,5,4,2,0.995,296,885768
11,0,0,0,0,6,6,3,1.278,264,934180
27,9,0,0,0,11,8,2,2.679,295,1137140
15,7,0,0,0,5,6,2,1.368,296,976512
2,2,0,0,0,3,4,2,0.621,296,853856
5,0,0,0,0,2,3,2,0.481,296,848980
24,9,0,0,0,9,7,2,2.267,295,1080268
15,7,0,0,0,7,6,2,1.704,296,1023740
23,12,0,0,0,10,8,2,2.506,295,1149776
13,8,0,0,0,10,5,1,2.158,327,1015740
2,3,0,0,0,3,4,2,0.644,295,859260
15,7,0,0,0,5,6,1,1.367,327,976512
4,2,0,0,0,4,4,1,0.835,327,877784
9,6,0,0,0,6,5,1,1.373,327,959372
23,12,0,0,0,9,7,2,2.337,296,1126816
12,0,0,0,0,5,6,2,1.136,295,923496
11,5,0,0,0,5,5,1,1.236,327,955744
6,5,0,0,0,4,4,1,0.952,327,914396
2,2,0,0,0,3,5,2,0.620,296,853856
8,4,0,0,0,5,7,2,1.140,296,927980
22,0,0,0,0,41,6,4,7.214,229,1280604
11,6,0,0,0,6,6,2,1.415,296,966096
15,9,0,0,0,9,7,2,2.060,296,1023388
13,8,0,0,0,8,6,2,1.830,296,994452
2,2,0,0,0,3,4,2,0.621,295,853856
4,2,0,0,0,3,4,1,0.669,328,868560
23,19,0,0,0,17,7,2,3.781,294,1212676
6,5,0,0,0,3,5,1,0.788,327,903316
22,11,0,0,0,5,8,1,1.631,327,1055964
4,1,0,0,0,2,3,2,0.481,296,848976
12,9,0,0,0,8,5,2,1.825,296,994244
1,0,0,0,0,2,2,1,0.385,328,819824
4,4,0,0,0,4,5,2,0.881,296,892496
18,5,0,0,0,7,7,1,1.714,327,1002628
24,7,0,0,0,9,8,2,2.233,295,1088484
6,5,0,0,0,6,11,4,1.277,231,931604
7,4,0,0,0,4,4,1,0.953,327,914396
2,1,0,0,0,2,3,2,0.433,296,834528
10,8,0,0,0,9,6,2,1.924,295,980144
1,1,0,0,0,1,3,1,0.244,328,817972
2,1,0,0,1,2,3,1,0.434,328,834532
5,0,0,0,0,2,3,2,0.481,296,848980
5,2,0,0,0,4,4,1,0.859,327,883460
5,6,0,0,0,4,5,2,0.951,296,914400
28,8,0,0,0,10,9,2,2.516,295,1124348
14,0,0,0,0,9,5,2,1.834,295,977448
21,21,0,0,0,21,6,3,4.422,263,1231344
7,5,0,0,0,4,5,1,0.977,327,921584
22,10,0,0,0,12,6,2,2.753,296,1133476
3,3,0,0,0,2,4,1,0.504,328,854384
16,0,0,0,0,17,6,4,3.167,231,1038700
3,0,0,0,0,4,4,2,0.758,295,855908
32,10,0,0,0,8,8,2,2.324,295,1142808
10,6,0,0,0,5,7,2,1.236,296,957064
4,3,0,0,0,3,4,1,0.693,327,875748
15,4,0,0,0,7,8,1,1.625,327,978096
4,4,0,0,0,4,6,2,0.880,296,892496
4,4,0,0,0,4,7,2,0.880,296,892496
24,9,0,0,0,7,8,1,1.958,326,1077000
14,8,0,0,0,9,5,2,2.029,295,1045844
22,14,0,0,0,17,6,2,3.657,295,1175612
17,7,0,0,0,7,8,2,1.755,296,1040420
7,0,0,0,0,8,4,3,1.508,263,923628
12,6,0,0,0,7,6,2,1.610,296,985952
17,0,0,0,0,10,5,3,2.063,263,993856
4,4,0,0,0,3,5,1,0.720,327,881420
6,3,0,0,0,5,4,2,1.066,296,905352
3,3,0,0,0,4,5,2,0.835,295,875740
22,14,0,0,0,13,6,2,2.985,295,1136060
42,23,0,0,0,22,9,2,5.145,294,1409904
4,0,0,0,0,5,4,2,0.945,295,870868
3,0,0,0,0,4,3,2,0.762,295,855904
3,3,0,0,0,3,4,2,0.669,296,868560
23,8,0,0,0,7,8,2,1.916,296,1071608
12,7,0,0,0,4,5,1,1.132,327,950600
10,4,0,0,0,5,5,1,1.186,327,944464
9,5,0,0,0,5,6,2,1.188,296,945784
3,4,0,0,0,4,6,2,0.858,295,883456
12,6,0,0,0,7,6,1,1.611,327,985952
8,3,0,0,0,4,5,1,0.952,327,914396
6,3,0,0,0,4,4,1,0.905,328,899688
25,11,0,0,0,10,8,2,2.507,296,1109484
6,8,0,0,0,5,5,2,1.187,296,944728
4,3,0,0,0,8,4,1,1.511,327,927716
6,5,0,0,0,6,16,6,1.279,165,931604
26,6,0,0,0,6,7,1,1.773,327,1059592
16,5,0,0,0,6,7,1,1.507,327,980140
6,0,0,0,0,4,4,2,0.837,296,877796
8,5,0,0,0,5,5,1,1.162,327,936220
12,3,0,0,0,4,6,2,1.041,295,927160
3,3,0,0,0,3,4,2,0.670,296,868560
11,3,0,0,0,5,7,2,1.189,296,944464
6,4,0,0,0,3,5,2,0.764,295,897644
12,5,0,0,0,6,6,2,1.419,296,966096
7,4,0,0,0,4,4,2,0.950,296,911688
10,6,0,0,0,3,5,1,0.910,327,941428
5,4,0,0,0,4,4,2,0.904,296,899684
20,6,0,0,0,6,7,1,1.624,327,1011056
13,9,0,0,0,9,5,2,2.015,295,1008556
19,7,0,0,0,6,7,1,1.622,327,1011056
19,8,0,0,0,7,7,2,1.807,296,1026436
22,8,0,0,0,8,7,2,2.051,296,1065724
6,5,0,0,0,6,17,6,1.278,166,931608
5,2,0,0,0,5,4,2,1.018,295,892492
16,6,0,0,0,6,8,2,1.529,296,986268
14,7,0,0,0,8,6,1,1.828,327,996496
28,13,0,0,0,20,8,2,4.253,295,1242844
1,1,0,0,0,1,3,1,0.245,328,817972
4,2,0,0,0,2,4,1,0.505,328,854380
2,3,0,0,0,2,4,1,0.481,328,848976
3,0,0,0,0,4,4,1,0.761,328,855904
6,4,0,0,0,6,5,2,1.255,295,928764
7,0,0,0,0,1,4,1,0.364,328,852544
4,4,0,0,0,5,4,2,1.043,295,899680
10,5,0,0,0,8,7,2,1.695,296,972228
9,0,0,0,0,5,5,2,1.065,296,905556
7,0,0,0,0,8,4,3,1.505,264,921584
12,0,0,0,0,3,4,1,0.813,327,912356
2,2,0,0,0,1,3,1,0.293,328,832688
4,4,0,0,0,4,5,2,0.881,296,892496
5,5,0,0,0,6,5,2,1.253,295,923884
6,6,0,0,0,5,5,2,1.139,296,926992
12,6,0,0,0,8,8,2,1.769,295,994108
7,6,0,0,0,4,5,1,1.000,327,925664
9,4,0,0,0,5,7,2,1.158,296,928036
4,3,0,0,0,5,7,3,1.019,264,894800
9,0,0,0,0,4,5,2,0.903,295,899700
3,3,0,0,0,3,6,2,0.668,296,868560
9,7,0,0,0,7,5,2,1.550,296,959636
9,0,0,0,0,18,5,3,3.172,262,1017932
3,3,0,0,0,3,4,1,0.668,327,868560
30,12,0,0,0,13,8,2,3.149,295,1207396
7,4,0,0,0,4,6,2,0.953,296,914396
27,14,0,0,0,10,7,1,2.651,327,1193492
5,0,0,0,0,6,4,2,1.139,295,890656
15,0,0,0,0,7,6,2,1.533,295,967572
6,0,0,0,0,5,4,2,0.998,295,885784
4,5,0,0,0,4,6,2,0.905,295,899684
6,1,0,0,0,4,5,2,0.858,296,883456
18,7,0,0,0,8,7,2,1.922,296,1023336
4,2,0,0,0,2,4,1,0.505,328,854380
4,3,0,0,0,4,7,3,0.858,264,883456
6,7,0,0,0,6,5,2,1.325,295,948088
4,0,0,0,0,2,3,1,0.456,328,839944
11,6,0,0,0,6,5,1,1.417,327,966096
5,0,0,0,0,3,4,2,0.645,296,859268
5,2,0,0,0,2,4,1,0.529,328,863680
3,4,0,0,0,4,5,1,0.856,327,883456
11,8,0,0,0,10,7,2,2.125,295,1033040
2,1,0,0,1,3,4,1,0.597,328,844816
1,0,0,0,0,2,2,1,0.385,328,819824
11,10,0,0,0,10,5,2,2.166,294,1042272
4,3,0,0,0,4,5,2,0.859,296,883464
14,9,0,0,0,8,6,2,1.874,296,1006500
3,3,0,0,0,4,5,1,0.835,327,877784
37,10,0,0,0,10,9,2,2.760,296,1174928
7,5,0,0,0,7,8,3,1.464,263,952712
34,0,0,0,0,11,8,3,2.619,263,1105392
19,9,0,0,0,9,6,2,2.159,295,1058476
2,1,0,0,0,2,3,1,0.433,328,834532
8,5,0,0,0,4,5,1,0.999,327,925664
6,0,0,0,0,4,4,2,0.836,295,875756
6,5,0,0,0,4,4,1,0.951,327,914396
2,3,0,0,0,2,4,1,0.481,327,848976
3,4,0,0,0,3,4,1,0.694,327,875748
13,8,0,0,0,4,6,2,1.181,296,958944
19,5,0,0,0,5,7,1,1.426,327,1016812
14,5,0,0,0,4,6,1,1.133,327,950600
43,40,0,0,0,44,7,4,9.114,229,1685452
22,9,0,0,0,11,7,2,2.556,296,1086936
19,6,0,0,0,6,7,2,1.615,296,1038380
3,2,0,0,0,4,5,1,0.784,327,861296
4,3,0,0,0,4,6,2,0.858,296,883456
4,3,0,0,0,3,5,1,0.694,327,875748
5,4,0,0,0,4,4,2,0.902,295,897640
3,0,0,0,0,4,4,4,0.760,231,855908
5,4,0,0,0,3,5,2,0.742,296,890456
7,0,0,0,0,8,4,2,1.508,295,921576
8,0,0,0,0,5,4,2,1.044,295,902004
0,3,0,0,0,0,2,0,0.100,360,796940
17,6,0,0,0,9,7,1,2.035,327,1019508
17,11,0,0,0,11,6,2,2.503,295,1106304
3,3,0,0,0,3,5,2,0.669,296,868560
2,4,0,0,0,3,5,2,0.669,296,868560
3,4,0,0,0,3,4,2,0.695,296,875740
10,4,0,0,0,4,6,1,1.025,327,936296
1,0,0,0,0,2,2,1,0.336,327,803540
19,7,0,0,0,6,7,1,1.619,327,1011056
4,0,0,0,0,1,3,1,0.293,328,832688
18,9,0,0,0,6,7,1,1.643,327,1017200
6,0,0,0,0,5,4,2,0.996,296,885772
7,2,0,0,0,6,5,2,1.231,295,921576
8,4,0,0,0,7,5,1,1.466,327,952708
7,7,0,0,0,8,14,5,1.671,199,968208
6,0,0,0,0,4,4,1,0.836,327,877800
24,9,0,0,0,8,7,1,2.108,326,1071572
3,1,0,0,0,3,4,2,0.619,296,848976
6,5,0,0,0,4,4,1,0.951,327,914396
12,9,0,0,0,9,8,2,1.988,295,1004984
4,2,0,0,0,3,4,1,0.670,327,868560
5,4,0,0,0,5,5,2,1.065,296,905548
22,10,0,0,0,7,7,1,1.937,327,1072104
10,6,0,0,0,5,6,2,1.234,296,955736
11,5,0,0,0,5,6,2,1.237,296,957064
26,7,0,0,0,6,8,1,1.796,326,1068016
11,6,0,0,0,14,5,3,2.715,263,1017988
20,11,0,0,0,10,7,2,2.392,296,1078752
20,6,0,0,0,6,8,1,1.623,327,1011056
21,13,0,0,0,7,8,1,1.967,326,1069528
5,3,0,0,0,3,4,1,0.719,327,881424
29,9,0,0,0,6,8,1,1.912,326,1104376
1,1,0,0,0,2,3,1,0.408,328,825500
11,7,0,0,0,5,8,2,1.276,295,962472
5,5,0,0,0,5,6,2,1.092,296,916696
12,4,0,0,0,5,6,2,1.236,296,955480
4,2,0,0,0,4,6,3,0.836,264,877784
13,8,0,0,0,7,7,1,1.674,327,1003016
7,1,0,0,0,7,5,2,1.370,295,921576
5,3,0,0,0,3,5,1,0.718,328,881420
2,1,0,0,0,2,3,2,0.432,296,832684
1,1,0,0,0,2,3,2,0.408,296,825500
5,3,0,0,0,5,5,2,1.043,295,899680
2,2,0,0,0,2,4,1,0.457,328,839940
29,12,0,0,0,14,8,2,3.288,295,1209964
5,4,0,0,0,5,9,3,1.067,263,907660
4,2,0,0,0,2,4,1,0.506,327,854380
2,3,0,0,0,2,4,1,0.482,328,848976
2,1,0,0,0,4,4,2,0.760,296,855896
24,10,0,0,0,11,8,2,2.623,295,1105396
11,7,0,0,0,6,5,1,1.447,327,977772
6,5,0,0,0,6,16,6,1.276,166,931608
9,4,0,0,0,5,5,1,1.155,327,928036
2,0,0,0,0,3,3,1,0.572,328,839416
16,6,0,0,0,5,7,1,1.365,327,976512
4,0,0,0,0,3,3,2,0.621,296,853860
9,0,0,0,0,14,5,2,2.531,294,996896
15,6,0,0,0,7,7,2,1.670,296,990360
5,4,0,0,0,4,4,1,0.905,327,899684
5,4,0,0,0,2,4,1,0.578,328,876540
20,11,0,0,0,6,6,2,1.742,296,1049780
5,3,0,0,0,1,4,1,0.389,327,861832
24,14,0,0,0,13,7,2,3.071,296,1203720
61,0,0,0,0,24,8,3,5.364,263,1405980
8,3,0,0,0,5,6,2,1.115,296,923892
17,10,0,0,0,8,6,1,1.986,327,1071564
2,0,0,0,0,5,3,3,0.897,263,855900
9,0,0,0,0,6,4,2,1.232,295,921592
17,9,0,0,0,9,6,2,2.122,296,1071560
21,8,0,0,0,6,7,1,1.711,327,1065428
16,6,0,0,0,6,6,1,1.535,327,986272
6,0,0,0,0,5,4,2,0.995,295,883472
8,0,0,0,0,3,4,2,0.718,296,881432
23,12,0,0,0,8,6,1,2.169,326,1103308
5,3,0,0,0,3,4,1,0.719,327,881420
15,0,0,0,0,4,6,2,1.049,296,943148
43,42,0,0,0,42,7,3,8.828,262,1685456
14,8,0,0,0,9,5,2,2.013,295,1008556
13,6,0,0,0,4,5,1,1.140,327,960888
12,5,0,0,0,5,6,1,1.248,327,945788
2,3,0,0,0,1,3,1,0.317,328,838088
1,2,0,0,0,2,3,1,0.434,328,834528
6,0,0,0,0,9,4,3,1.649,264,927716
2,2,0,0,0,2,5,2,0.456,296,839940
2,2,0,0,0,3,3,1,0.621,328,853856
5,3,0,0,0,3,4,2,0.719,296,881420
3,3,0,0,0,2,4,1,0.504,328,854380
5,4,0,0,0,4,4,1,0.904,327,899684
11,4,0,0,0,7,8,3,1.527,264,959304
5,1,0,0,0,5,4,2,0.995,295,883460
4,3,0,0,0,3,4,2,0.694,296,875748
3,2,0,0,0,4,4,2,0.808,296,868552
2,2,0,0,0,2,3,1,0.457,328,839940
9,5,0,0,0,5,5,1,1.187,327,945784
27,0,0,0,0,36,6,4,6.503,230,1274468
18,7,0,0,0,4,7,1,1.289,327,1014512
22,0,0,0,0,41,6,4,7.224,230,1292004
23,12,0,0,0,8,7,2,2.163,296,1103308
15,0,0,0,0,12,5,2,2.343,294,1007168
15,5,0,0,0,6,7,2,1.484,296,974008
7,0,0,0,0,5,5,2,1.019,295,894812
4,1,0,0,0,10,4,2,1.786,295,927708
9,4,0,0,0,6,6,1,1.325,327,950660
45,0,0,0,0,82,7,5,14.413,197,1784752
2,0,0,0,0,5,3,2,0.900,295,855900
18,4,0,0,0,5,7,1,1.364,327,976512
5,5,0,0,0,5,4,2,1.089,296,914388
2,2,0,0,0,3,3,2,0.621,296,848976
7,6,0,0,0,6,7,2,1.329,295,948088
8,0,0,0,0,7,4,2,1.369,295,916704
4,1,0,0,0,2,3,1,0.481,328,848976
13,0,0,0,0,14,8,4,2.619,230,1017932
3,2,0,0,0,2,4,1,0.481,328,848976
6,3,0,0,0,2,4,1,0.578,327,876532
18,0,0,0,0,13,5,4,2.569,231,1011068
14,6,0,0,0,4,7,1,1.160,327,956728
4,3,0,0,0,4,4,1,0.857,327,883456
22,15,0,0,0,16,8,2,3.506,295,1169888
4,2,0,0,0,3,4,2,0.669,296,868560
6,5,0,0,0,6,6,2,1.277,296,932860
11,6,0,0,0,6,7,2,1.418,295,966096
9,0,0,0,0,6,4,2,1.232,295,914396
7,5,0,0,0,3,5,1,0.814,327,912356
4,3,0,0,0,3,4,1,0.694,328,875748
7,6,0,0,0,7,16,6,1.487,166,951716
3,2,0,0,0,3,4,1,0.643,327,859260
7,5,0,0,0,6,17,6,1.302,164,943476
5,4,0,0,0,2,4,1,0.579,327,876540
5,3,0,0,0,4,6,2,0.881,296,892496
21,7,0,0,0,6,7,2,1.666,296,1022352
1,1,0,0,0,1,2,1,0.220,328,808672
7,4,0,0,0,3,4,1,0.788,327,903316
9,4,0,0,0,2,4,1,0.673,327,907472
15,5,0,0,0,5,6,1,1.331,327,982720
16,6,0,0,0,7,7,1,1.688,327,994452
21,7,0,0,0,6,7,1,1.665,326,1022352
8,4,0,0,0,4,6,1,0.978,327,921588
10,5,0,0,0,5,5,1,1.213,327,951924
28,10,0,0,0,9,7,2,2.395,296,1127908
18,8,0,0,0,11,8,2,2.438,295,1065132
16,6,0,0,0,6,8,2,1.543,296,1016548
3,0,0,0,0,5,4,2,0.920,295,863612
6,4,0,0,0,4,5,2,0.926,296,905556
4,2,0,0,0,1,3,1,0.342,327,847124
19,0,0,0,0,12,6,2,2.446,294,1053812
16,0,0,0,0,11,6,3,2.217,264,1024532
4,0,0,0,0,6,4,3,1.112,264,880104
3,3,0,0,0,4,5,2,0.835,296,877784
22,9,0,0,0,7,7,2,1.915,296,1063680
7,0,0,0,0,8,4,3,1.506,264,921584
15,6,0,0,0,7,6,2,1.670,296,990360
7,0,0,0,0,8,4,3,1.507,262,921584
25,18,0,0,0,19,9,2,4.120,295,1225208
5,0,0,0,0,3,4,2,0.644,296,859268
22,0,0,0,0,25,6,4,4.621,230,1135952
22,0,0,0,0,9,7,2,2.034,295,1045828
10,4,0,0,0,8,5,2,1.666,296,961344
5,0,0,0,0,7,5,3,1.297,263,894812
15,0,0,0,0,16,5,3,3.005,263,1059956
4,3,0,0,0,4,4,1,0.858,327,883456
13,7,0,0,0,7,6,1,1.652,327,1002696
5,5,0,0,0,5,4,2,1.089,296,914388
10,6,0,0,0,8,6,2,1.725,295,983908
13,7,0,0,0,4,6,1,1.166,327,972564
10,7,0,0,0,6,5,1,1.425,327,972972
23,9,0,0,0,9,8,2,2.248,296,1074144
6,4,0,0,0,4,4,1,0.922,327,894216
3,0,0,0,0,3,4,2,0.595,296,844824
9,7,0,0,0,5,5,1,1.234,327,955744
16,5,0,0,0,6,6,1,1.505,327,980140
2,0,0,0,0,2,3,1,0.360,328,810516
10,5,0,0,0,8,5,2,1.696,295,972232
8,5,0,0,0,8,8,3,1.649,263,965508
11,6,0,0,0,6,6,2,1.420,296,970588
20,11,0,0,0,8,7,1,2.091,326,1076344
2,1,0,0,0,4,3,2,0.760,296,855896
23,11,0,0,0,9,7,2,2.318,295,1130124
22,10,0,0,0,17,7,2,3.541,294,1145252
19,10,0,0,0,7,7,1,1.856,326,1043428
11,8,0,0,0,10,6,2,2.103,295,996808
2,3,0,0,0,2,5,2,0.482,296,848976
10,4,0,0,0,7,6,2,1.512,296,963464
5,5,0,0,0,5,8,3,1.091,263,916704
7,1,0,0,0,1,5,1,0.390,328,861832
4,4,0,0,0,3,4,1,0.718,327,881420
9,0,0,0,0,5,5,2,1.067,296,907148
9,0,0,0,0,6,5,3,1.232,262,921592
2,0,0,0,0,3,3,2,0.572,296,839416
4,3,0,0,0,8,4,1,1.508,327,927716
10,6,0,0,0,8,7,2,1.725,296,983908
21,8,0,0,0,8,7,2,2.021,296,1055904
10,4,0,0,0,3,5,1,0.861,327,923628
4,0,0,0,0,7,4,3,1.277,263,890644
7,6,0,0,0,4,5,1,1.001,327,926984
6,2,0,0,0,4,5,2,0.882,296,892492
12,7,0,0,0,4,5,1,1.133,327,950600
5,4,0,0,0,6,4,2,1.230,295,914396
20,9,0,0,0,8,8,2,2.019,296,1055904
20,8,0,0,0,8,8,2,1.994,296,1045472
16,6,0,0,0,6,7,1,1.530,327,986268
2,3,0,0,0,3,5,2,0.643,296,859260
4,0,0,0,0,3,3,2,0.621,296,848980
3,0,0,0,0,2,4,2,0.433,296,834536
12,9,0,0,0,9,7,2,1.994,296,1007236
5,3,0,0,0,5,5,2,1.041,296,899680
2,0,0,0,0,3,3,1,0.501,327,815400
10,5,0,0,0,4,7,2,1.050,296,943144
10,5,0,0,0,7,7,2,1.526,295,959304
6,3,0,0,0,4,4,1,0.903,327,899680
8,3,0,0,0,4,5,1,0.953,328,914400
19,8,0,0,0,6,7,1,1.646,327,1017200
13,7,0,0,0,6,6,2,1.492,296,991440
5,2,0,0,0,3,4,1,0.575,327,839408
3,2,0,0,0,2,3,1,0.482,328,848976
5,0,0,0,0,4,4,2,0.807,296,868564
28,13,0,0,0,10,6,2,2.650,296,1193492
3,4,0,0,0,3,5,2,0.694,296,875748
9,0,0,0,0,4,4,2,0.904,296,899692
10,4,0,0,0,6,7,2,1.351,296,949944
6,3,0,0,0,4,4,1,0.904,327,899680
3,2,0,0,0,2,4,1,0.480,328,848976
8,1,0,0,0,6,4,2,1.231,295,916696
2,2,0,0,0,2,4,1,0.457,328,839940
6,0,0,0,0,7,4,3,1.321,263,902000
8,6,2,0,0,6,7,2,1.006,308,921592
10,6,0,0,0,6,6,2,1.389,296,955216
1,0,0,0,0,2,2,1,0.336,327,803540
7,3,0,0,0,2,5,1,0.601,327,885580
6,5,0,0,0,4,6,2,0.952,295,914396
19,8,0,0,0,9,7,2,2.130,295,1047780
4,2,0,0,0,2,4,1,0.504,327,854384
15,5,0,0,0,7,6,2,1.644,296,984228
14,6,0,0,0,5,7,1,1.334,327,986152
5,0,0,0,0,5,5,1,0.976,327,880112
2,3,0,0,0,3,4,2,0.644,296,859264
2,2,0,0,0,2,3,2,0.456,296,838092
8,0,0,0,0,5,6,2,1.045,295,902004
23,6,0,0,0,8,7,1,2.039,326,1086196
2,2,0,0,0,4,5,2,0.783,296,861304
6,0,0,0,0,4,4,2,0.834,296,877796
21,0,0,0,0,6,7,2,1.505,295,980144
1,0,0,0,0,2,2,1,0.385,328,819824
5,3,0,0,0,4,5,2,0.879,296,892492
10,4,0,0,0,5,6,2,1.188,296,945784
9,3,0,0,0,4,7,2,0.978,296,921584
6,5,0,0,0,6,5,2,1.278,296,927128
9,0,0,0,0,6,4,2,1.231,295,921592
4,2,0,0,0,4,4,2,0.834,296,877784
4,3,0,0,0,2,4,2,0.529,296,863680
3,1,0,0,0,2,3,1,0.457,328,839936
21,5,0,0,0,8,7,2,1.958,296,1052488
24,12,0,0,0,6,7,1,1.855,326,1071572
3,2,0,0,0,2,5,2,0.481,296,848976
4,3,0,0,0,3,5,2,0.692,296,875740
4,2,0,0,0,5,5,2,0.996,295,885768
11,6,0,0,0,7,7,2,1.583,296,981868
8,4,0,0,0,3,4,1,0.814,327,912356
86,33,0,0,5,46,19,7,10.284,133,1941836
76,39,0,0,5,44,17,7,9.922,133,2027500
124,55,0,0,14,59,20,7,13.815,133,2413816
33,21,0,0,6,23,16,7,5.028,133,1341428
84,52,0,0,13,56,20,7,12.404,133,2340388
86,43,0,0,17,53,19,7,11.754,133,2251952
5,8,0,0,1,16,12,7,2.938,133,1005736
36,24,0,0,7,29,15,7,6.162,133,1430516
56,19,0,0,4,35,15,7,7.475,134,1573152
39,30,0,0,7,30,15,7,6.503,133,1489684
79,39,0,0,11,58,19,7,12.337,132,2223784
18,10,0,0,5,19,13,7,3.774,131,1127580
28,9,0,0,2,16,15,7,3.503,131,1163224
21,18,0,0,4,25,14,7,5.005,134,1244292
46,47,0,0,1,45,15,7,9.516,131,1770156
16,12,0,0,2,25,15,7,4.759,132,1179704
134,54,0,0,15,62,18,7,14.503,131,2513612
73,24,0,0,5,48,17,7,10.087,132,1827052
30,19,0,0,4,26,14,7,5.408,132,1326884
21,17,0,0,2,22,15,7,4.502,132,1232628
21,12,0,0,0,20,17,7,4.069,132,1179016
80,27,0,0,5,39,19,7,8.856,132,1812000
9,8,0,0,2,10,12,7,2.060,133,993860
30,18,0,0,6,32,11,7,6.385,133,1370904
26,14,0,0,8,24,16,7,4.875,132,1257220
29,19,0,0,7,28,15,7,5.705,131,1337676
96,49,0,0,7,45,19,7,10.903,132,2293948
36,16,0,0,4,19,17,7,4.339,132,1298264
6,5,0,0,3,12,12,7,2.253,132,981532
35,27,0,0,4,34,14,7,7.005,133,1469408
29,17,0,0,3,23,13,7,4.848,132,1286960
38,15,0,0,9,29,12,7,5.985,132,1369544
35,17,0,0,2,27,15,7,5.638,132,1360780
30,19,0,0,4,38,15,7,7.355,131,1427436
3,3,0,0,0,12,8,7,2.130,133,945528
39,21,0,0,4,34,18,7,6.991,133,1474980
39,16,0,0,1,23,18,7,5.060,132,1327540
20,5,0,0,5,20,16,7,3.870,132,1120768
75,41,0,0,9,49,19,7,10.684,133,1941836
75,37,0,0,9,61,15,7,12.559,134,2025492
39,22,0,0,2,30,15,7,6.325,132,1436468
9,8,0,0,3,20,10,7,3.675,132,1061256
91,38,0,0,9,57,16,7,12.303,133,2088088
105,47,0,0,5,58,16,7,13.001,132,2247848
67,32,0,0,7,47,17,7,9.977,131,1811700
27,9,0,0,4,25,15,7,4.948,132,1242848
25,12,0,0,4,25,11,7,4.964,134,1242180
22,15,0,0,4,21,13,7,4.318,133,1206340
9,5,0,0,1,11,10,7,2.166,133,991536
38,21,0,0,2,32,17,7,6.610,133,1444436
112,45,0,0,8,55,22,7,12.624,133,2239732
21,8,0,0,2,20,12,7,3.961,131,1145972
18,9,0,0,4,17,12,7,3.432,132,1108800
33,18,0,0,4,30,12,7,6.103,133,1377300
83,41,0,0,6,40,18,7,9.529,133,2086820
5,3,0,0,4,10,12,7,1.857,133,945524
85,32,0,0,10,51,19,7,11.171,133,2143796
4,8,0,0,0,15,11,7,2.761,133,1007184
32,16,0,0,4,24,15,7,5.064,133,1306616
4,2,0,0,0,11,10,7,1.972,133,937744
87,38,0,0,5,55,18,7,11.979,134,2252744
72,24,0,0,7,32,17,7,7.478,133,1702132
14,10,0,0,1,16,10,7,3.198,133,1071424
27,18,0,0,2,25,16,7,5.139,133,1286132
38,14,0,0,3,27,14,7,5.642,132,1352800
105,56,0,0,10,63,15,7,14.150,134,2580104
118,44,0,0,10,63,18,7,14.028,133,2331800
103,41,0,0,3,40,24,7,9.985,132,2241028
78,46,0,0,12,43,17,7,9.894,133,1923456
14,4,0,0,7,19,13,7,3.553,132,1065928
16,6,0,0,1,19,13,7,3.640,133,1092752
103,42,0,0,8,48,20,7,11.210,132,2103460
28,17,0,0,0,20,16,7,4.345,133,1263352
4,9,0,0,4,16,10,7,2.935,132,1005728
126,50,0,0,10,59,18,7,13.721,133,2398164
42,19,0,0,3,27,15,7,5.857,134,1421136
4,6,0,0,1,13,9,7,2.388,133,981528
76,39,0,0,8,50,16,7,10.840,133,1954100
30,14,0,0,5,27,14,7,5.444,131,1313424
23,13,0,0,2,24,12,7,4.778,132,1219688
36,19,0,0,8,36,14,7,7.163,133,1451896
71,45,0,0,7,40,19,7,9.324,134,2030828
82,36,0,0,8,55,18,7,11.704,132,2010356
31,17,0,0,3,25,16,7,5.222,133,1316828
41,19,0,0,6,35,16,7,7.134,132,1476492
94,54,0,0,9,57,17,7,12.773,133,2223400
110,60,0,0,17,72,17,7,15.705,134,2455820
35,28,0,0,3,33,14,7,6.870,132,1473496
133,41,0,0,7,62,18,7,14.131,132,2419116
62,43,0,0,6,45,17,7,9.820,133,1832960
52,35,0,0,15,46,21,7,9.545,132,1750344
21,18,0,0,6,31,11,7,5.975,133,1302980
29,19,0,0,5,25,15,7,5.229,132,1316832
47,26,0,0,5,40,12,7,8.240,134,1595356
57,29,0,0,4,38,18,7,8.226,132,1670112
26,10,0,0,1,23,15,7,4.642,133,1279560
31,13,0,0,1,19,16,7,4.157,133,1242740
40,10,0,0,2,31,15,7,6.240,133,1377360
23,15,0,0,2,21,16,7,4.369,132,1271384
119,59,0,0,13,54,18,7,12.963,133,2369348
45,30,0,0,9,24,17,7,5.688,132,1473576
61,17,0,0,4,27,15,7,6.271,133,1581820
82,45,0,0,11,47,19,7,10.714,134,2183428
109,48,0,0,17,48,17,7,11.496,132,2199856
70,28,0,0,5,35,18,7,7.990,133,1711616
7,4,0,0,2,17,10,7,3.053,133,996144
47,26,0,0,3,37,16,7,7.743,132,1567944
106,54,0,0,8,54,20,7,12.515,132,2259996
39,25,0,0,5,35,17,7,7.216,133,1497404
11,6,0,0,1,14,12,7,2.704,133,1015736
8,8,0,0,0,14,11,7,2.679,132,1004668
8,8,0,0,0,12,12,7,2.358,133,991516
111,54,0,0,11,60,17,7,13.614,132,2325660
89,39,0,0,12,54,17,7,11.781,133,2052120
17,11,0,0,2,18,14,7,3.610,131,1114996
64,20,0,0,8,38,17,7,8.188,132,1657104
43,23,0,0,3,28,15,7,6.136,133,1447360
25,18,0,0,3,23,16,7,4.778,132,1259948
95,38,0,0,16,45,19,7,10.569,132,2210716
43,22,0,0,7,27,17,7,5.944,133,1452916
75,36,0,0,5,36,16,7,8.464,133,1792928
102,51,0,0,7,52,20,7,12.130,132,2344068
46,31,0,0,7,37,17,7,7.834,133,1607984
94,43,0,0,7,45,17,7,10.652,132,2245816
79,36,0,0,8,50,19,7,10.854,132,1956144
8,7,0,0,6,20,13,7,3.629,132,1046476
68,35,0,0,9,45,16,7,9.733,133,1816180
78,36,0,0,5,46,17,7,10.155,134,1914104
51,19,0,0,5,32,14,7,6.876,133,1520480
9,6,0,0,1,12,12,7,2.347,132,1004744
27,17,0,0,2,22,16,7,4.644,133,1253816
8,6,0,0,1,15,9,7,2.792,132,1005728
50,25,0,0,7,35,15,7,7.458,133,1563272
28,25,0,0,5,38,16,7,7.433,134,1453724
89,51,0,0,11,74,18,7,15.450,134,2530692
141,54,0,0,13,64,24,7,14.996,133,2565640
68,44,0,0,9,42,17,7,9.552,133,2021260
14,16,0,0,2,28,12,7,5.291,132,1214240
43,22,0,0,6,37,18,7,7.557,132,1513960
31,16,0,0,6,30,13,7,6.011,133,1362728
21,8,0,0,1,19,11,7,3.802,133,1149460
4,0,0,0,2,10,8,7,1.760,134,918684
54,18,0,0,6,35,15,7,7.435,133,1554012
61,20,0,0,6,37,14,7,7.937,134,1623856
10,6,0,0,2,15,11,7,2.848,133,1015744
90,44,0,0,10,47,17,7,10.790,134,2039236
40,23,0,0,4,38,14,7,7.663,132,1512740
1,6,0,0,0,12,9,7,2.157,132,955748
11,15,0,0,0,14,12,7,2.914,132,1082164
36,13,0,0,4,24,14,7,5.081,131,1312740
33,19,0,0,5,26,16,7,5.458,132,1342980
55,18,0,0,6,30,20,7,6.612,132,1512020
87,41,0,0,14,60,17,7,12.754,133,2095024
33,19,0,0,5,24,14,7,5.152,133,1331984
85,41,0,0,7,46,19,7,10.534,133,2156528
18,8,0,0,2,21,12,7,4.064,133,1150468
68,37,0,0,6,56,19,7,11.571,133,1931620
37,11,0,0,5,26,13,7,5.367,133,1314300
47,16,0,0,3,37,15,7,7.520,133,1526568
21,17,0,0,4,22,13,7,4.502,132,1209468
64,27,0,0,10,49,17,7,10.104,133,1782212
41,21,0,0,9,37,15,7,7.472,133,1495820
111,45,0,0,13,52,20,7,12.241,132,2446824
71,26,0,0,7,41,15,7,8.957,133,1756844
64,25,0,0,9,46,19,7,9.606,133,1756348
24,13,0,0,7,34,15,7,6.426,132,1319564
14,7,0,0,4,11,12,7,2.314,133,1017256
90,34,0,0,11,43,20,7,9.978,134,2080640
78,38,0,0,2,34,17,7,8.357,133,1944516
38,18,0,0,4,32,15,7,6.559,132,1439068
118,52,0,0,14,70,18,7,15.330,132,2449700
99,42,0,0,12,55,17,7,12.255,133,2147436
26,16,0,0,3,29,14,7,5.722,132,1313424
39,21,0,0,5,29,15,7,6.168,133,1415812
81,35,0,0,11,53,19,7,11.346,132,1984120
130,60,0,0,14,58,19,7,13.889,133,2492320
138,52,0,0,14,53,20,7,13.070,132,2438360
105,42,0,0,8,52,18,7,11.925,133,2168624
110,38,0,0,9,60,19,7,13.247,132,2229520
13,14,0,0,3,15,14,7,3.103,133,1089860
107,69,0,0,13,66,21,7,14.988,133,2721624
127,50,0,0,11,58,18,7,13.538,132,2384596
31,16,0,0,6,22,16,7,4.712,132,1286960
47,23,0,0,8,46,20,7,9.144,133,1635568
45,19,0,0,8,34,14,7,7.052,133,1505640
27,14,0,0,5,26,14,7,5.237,132,1273668
26,16,0,0,2,19,14,7,4.110,133,1232628
100,47,0,0,9,60,19,7,13.186,132,2222072
20,13,0,0,4,21,14,7,4.224,132,1169356
67,36,0,0,8,50,17,7,10.539,133,1877940
8,6,0,0,2,12,10,7,2.326,133,998732
7,10,0,0,1,12,11,7,2.384,133,1001432
25,11,0,0,8,30,17,7,5.764,130,1269260
95,42,0,0,11,62,18,7,13.309,134,2191124
80,36,0,0,5,39,18,7,9.138,131,1987540
74,26,0,0,6,39,19,7,8.696,132,1755100
40,17,0,0,4,31,15,7,6.417,133,1424384
8,4,0,0,1,11,9,7,2.113,133,981540
20,9,0,0,2,19,12,7,3.816,133,1166772
22,13,0,0,2,34,11,7,6.386,133,1298368
52,30,0,0,8,33,16,7,7.305,133,1593392
21,10,0,0,4,20,11,7,4.011,133,1147288
24,11,0,0,1,26,13,7,5.088,133,1242848
25,17,0,0,3,31,12,7,6.053,133,1325868
110,41,0,0,11,60,21,7,13.342,133,2384944
29,20,0,0,5,24,14,7,5.078,132,1306608
68,33,0,0,8,41,16,7,9.048,133,1781376
122,59,0,0,15,74,19,7,16.250,133,2545904
8,5,0,0,0,12,8,7,2.309,133,994116
93,42,0,0,9,44,22,7,10.395,132,2150476
72,29,0,0,6,33,18,7,7.768,134,1736216
67,37,0,0,6,47,15,7,10.150,134,1978364
82,47,0,0,10,65,17,7,13.678,133,2376520
96,40,0,0,10,48,20,7,11.131,133,2262568
77,34,0,0,8,38,19,7,8.795,133,1828044
37,21,0,0,4,37,15,7,7.389,131,1482628
108,64,0,0,13,70,20,7,15.397,133,2466048
29,17,0,0,2,34,14,7,6.666,133,1386332
39,15,0,0,3,26,15,7,5.536,133,1364768
22,13,0,0,6,25,14,7,4.917,132,1213552
88,43,0,0,8,50,17,7,11.228,132,2061524
15,10,0,0,4,15,12,7,3.065,133,1094420
6,6,0,0,2,14,9,7,2.602,133,1001304
3,5,0,0,3,11,9,7,2.020,132,949612
33,15,0,0,5,27,14,7,5.547,132,1322792
24,11,0,0,3,21,14,7,4.280,133,1222484
34,13,0,0,4,20,17,7,4.398,132,1267528
117,56,0,0,9,69,18,7,15.237,131,2474228
28,16,0,0,2,23,17,7,4.810,132,1279072
41,19,0,0,7,38,15,7,7.610,132,1472152
15,4,0,0,2,14,11,7,2.757,133,1034140
10,15,0,0,1,15,10,7,3.062,132,1073512
27,15,0,0,0,19,16,7,4.113,132,1225964
7,7,0,0,3,12,10,7,2.328,132,1005916
26,17,0,0,4,24,15,7,4.945,131,1269512
39,13,0,0,3,30,14,7,6.116,132,1369552
48,18,0,0,4,35,18,7,7.255,132,1516240
98,47,0,0,10,64,18,7,13.793,132,2247096
57,22,0,0,7,41,15,7,8.547,132,1660092
27,17,0,0,3,28,18,7,5.633,132,1319728
88,38,0,0,14,58,17,7,12.491,133,2275952
52,28,0,0,2,29,17,7,6.609,133,1548808
7,2,0,0,1,17,10,7,3.017,132,1005924
8,13,0,0,3,19,12,7,3.613,132,1084208
81,39,0,0,8,40,20,7,9.413,132,2059584
25,21,0,0,2,28,13,7,5.658,131,1318388
23,17,0,0,2,27,13,7,5.364,131,1277756
6,9,0,0,3,13,13,7,2.495,133,996132
99,44,0,0,12,54,21,7,12.141,133,2171828
11,17,0,0,3,21,13,7,4.103,133,1145972
49,20,0,0,5,36,15,7,7.491,133,1541756
48,27,0,0,7,33,17,7,7.191,133,1561832
4,10,0,0,4,13,9,7,2.483,133,997944
6,7,0,0,1,10,11,7,1.976,132,986152
34,17,0,0,4,23,16,7,4.970,131,1309084
27,14,0,0,2,30,13,7,5.873,133,1317512
35,16,0,0,4,27,17,7,5.594,133,1335268
28,17,0,0,2,31,14,7,6.131,132,1347436
29,25,0,0,2,31,14,7,6.337,132,1395500
47,35,0,0,3,37,17,7,7.943,133,1625636
108,44,0,0,8,67,18,7,14.548,132,2436116
21,14,0,0,2,29,13,7,5.553,132,1255636
14,6,0,0,1,23,13,7,4.232,133,1105016
30,24,0,0,6,32,16,7,6.502,132,1404368
18,11,0,0,4,14,15,7,2.999,133,1112540
42,25,0,0,4,31,18,7,6.645,132,1495884
97,45,0,0,12,50,20,7,11.591,133,2330168
70,31,0,0,7,35,15,7,8.086,132,1726192
19,14,0,0,3,19,14,7,3.923,133,1186928
45,32,0,0,5,32,16,7,7.034,132,1549184
14,9,0,0,1,16,15,7,3.182,131,1065924
16,5,0,0,3,16,12,7,3.126,133,1058736
15,9,0,0,1,19,13,7,3.671,133,1109104
5,3,0,0,3,13,11,7,2.345,133,969668
39,15,0,0,4,26,16,7,5.563,132,1374996
130,57,0,0,7,54,22,7,13.155,132,2426160
97,44,0,0,10,54,16,7,12.077,132,2132348
16,15,0,0,3,24,11,7,4.666,132,1205940
62,25,0,0,6,35,18,7,7.765,134,1646408
6,4,0,0,2,13,10,7,2.388,132,981528
23,13,0,0,4,30,13,7,5.766,132,1261548
38,19,0,0,9,27,12,7,5.764,133,1393452
18,11,0,0,3,17,15,7,3.475,133,1123696
36,32,0,0,3,38,14,7,7.773,133,1527400
36,20,0,0,2,24,14,7,5.259,132,1359820
64,35,0,0,7,37,18,7,8.376,133,1752240
34,20,0,0,3,28,17,7,5.844,133,1367504
43,18,0,0,8,36,16,7,7.306,132,1486500
15,6,0,0,2,17,11,7,3.296,133,1062828
61,39,0,0,4,40,16,7,8.864,133,1760712
11,8,0,0,2,14,11,7,2.753,132,1025644
104,45,0,0,10,60,19,7,13.251,133,2244920
140,46,0,0,11,58,19,7,13.757,132,2456092
52,33,0,0,8,49,15,7,9.983,132,1724856
111,49,0,0,9,58,17,7,13.336,133,2515936
15,13,0,0,1,17,13,7,3.446,133,1101988
95,37,0,0,7,57,19,7,12.356,134,2117048
74,32,0,0,5,36,17,7,8.342,133,1770732
70,33,0,0,3,43,18,7,9.417,132,1822760
32,16,0,0,6,30,12,7,6.011,133,1338892
80,33,0,0,5,39,18,7,9.096,132,2006628
17,14,0,0,3,25,12,7,4.825,132,1206000
9,3,0,0,0,11,9,7,2.115,134,986152
8,12,0,0,4,16,13,7,3.099,133,1046680
83,35,0,0,5,42,19,7,9.682,132,2068880
3,7,0,0,2,10,10,7,1.904,133,944000
9,8,0,0,5,15,11,7,2.869,133,1028008
60,34,0,0,7,45,21,7,9.563,131,1769848
4,5,0,0,0,10,11,7,1.883,133,955748
116,48,0,0,14,56,22,7,12.935,133,2291648
8,8,0,0,3,12,11,7,2.358,132,993568
7,5,0,0,1,13,10,7,2.447,133,991548
12,7,0,0,0,16,12,7,3.077,132,1049040
36,17,0,0,3,19,15,7,4.372,133,1306616
93,49,0,0,10,51,21,7,11.641,132,2128256
12,10,0,0,1,14,11,7,2.816,132,1039760
43,36,0,0,5,33,15,7,7.242,132,1577884
24,15,0,0,3,21,15,7,4.365,133,1224452
23,14,0,0,1,23,15,7,4.645,132,1230584
53,37,0,0,7,43,15,7,9.128,133,1741112
86,44,0,0,17,47,19,7,10.748,133,2020672
41,29,0,0,2,35,15,7,7.358,132,1552364
22,7,0,0,1,21,15,7,4.115,131,1152548
68,27,0,0,8,49,17,7,10.216,132,1813880
29,9,0,0,2,27,14,7,5.320,132,1267644
60,45,0,0,8,45,17,7,9.811,131,1839724
22,11,0,0,1,14,14,7,3.093,132,1143272
88,35,0,0,10,42,18,7,9.738,131,1930836
30,21,0,0,4,24,13,7,5.118,132,1320740
5,4,0,0,1,12,11,7,2.206,132,970980
4,5,0,0,2,16,10,7,2.871,132,1000784
88,39,0,0,3,55,20,7,12.024,133,2263296
35,18,0,0,3,24,16,7,5.175,133,1332852
33,21,0,0,6,24,16,7,5.189,133,1327536
95,40,0,0,6,59,20,7,12.771,132,2157720
92,49,0,0,13,65,19,7,13.986,132,2456964
16,11,0,0,3,26,15,7,4.904,133,1188584
23,10,0,0,4,22,12,7,4.385,132,1201848
20,6,0,0,1,20,11,7,3.889,131,1121128
27,19,0,0,2,26,15,7,5.332,133,1310696
86,31,0,0,7,52,18,7,11.211,133,1969548
8,4,0,0,1,15,9,7,2.763,133,1018056
85,31,0,0,9,44,18,7,9.974,134,2072972
86,41,0,0,5,53,19,7,11.706,132,2246608
12,3,0,0,2,13,11,7,2.500,133,996132
42,26,0,0,8,32,16,7,6.832,129,1511136
79,35,0,0,2,45,16,7,10.057,132,2031588
113,45,0,0,14,56,21,7,12.834,132,2255900
56,26,0,0,5,28,18,7,6.501,132,1557728
56,20,0,0,6,29,17,7,6.524,133,1530408
17,17,0,0,1,26,12,7,5.043,133,1215596
5,4,0,0,2,15,9,7,2.692,132,981828
13,10,0,0,2,13,15,7,2.683,133,1044316
62,24,0,0,3,40,18,7,8.527,133,1688020
24,16,0,0,4,26,12,7,5.214,133,1261548
90,39,0,0,11,44,22,7,10.204,133,1993772
52,25,0,0,4,25,19,7,5.901,132,1506632
45,30,0,0,6,30,16,7,6.658,133,1530804
3,6,0,0,1,11,10,7,2.042,133,953760
29,15,0,0,7,27,14,7,5.462,133,1303664
42,31,0,0,1,38,14,7,7.925,132,1580876
15,13,0,0,5,23,11,7,4.425,132,1144972
30,12,0,0,7,29,14,7,5.734,132,1317516
28,13,0,0,2,26,16,7,5.235,133,1273668
25,13,0,0,1,20,14,7,4.175,133,1206340
73,45,0,0,7,56,16,7,11.877,133,2008304
99,39,0,0,22,56,20,7,12.350,132,2151584
89,43,0,0,8,50,18,7,11.340,132,2235596
65,32,0,0,8,49,19,7,10.254,132,1818888
33,22,0,0,3,41,22,7,7.991,132,1495064
82,38,0,0,10,51,15,7,11.122,134,1987304
33,16,0,0,1,31,13,7,6.239,133,1370904
36,17,0,0,6,33,16,7,6.629,130,1398240
68,24,0,0,9,41,17,7,8.839,133,1713984
77,30,0,0,2,48,20,7,10.383,134,2006992
16,7,0,0,2,18,13,7,3.496,133,1077388
18,9,0,0,3,18,14,7,3.589,132,1114104
27,12,0,0,0,17,13,7,3.729,132,1210208
28,16,0,0,6,33,15,7,6.416,132,1358624
43,18,0,0,2,25,18,7,5.529,133,1410428
22,14,0,0,2,30,14,7,5.765,133,1261544
3,4,0,0,0,13,9,7,2.325,132,960948
48,29,0,0,6,32,14,7,7.043,134,1554928
8,7,0,0,0,11,9,7,2.183,132,992600
35,26,0,0,8,41,12,7,8.112,133,1511916
15,18,0,0,2,23,13,7,4.544,132,1206052
9,10,0,0,2,14,9,7,2.753,133,1021292
35,17,0,0,3,32,14,7,6.455,133,1401636
83,44,0,0,7,46,17,7,10.466,133,1993020
25,12,0,0,2,28,15,7,5.455,133,1267448
66,25,0,0,7,41,15,7,8.813,131,1718808
38,21,0,0,10,31,20,7,6.455,132,1445176
33,17,0,0,5,28,15,7,5.754,130,1342984
15,9,0,0,2,20,12,7,3.850,132,1115996
15,6,0,0,3,29,12,7,5.229,132,1164400
26,12,0,0,4,22,17,7,4.501,132,1230584
107,48,0,0,8,63,17,7,13.899,133,2299028
6,5,0,0,2,10,11,7,1.927,132,965580
18,9,0,0,2,21,14,7,4.084,132,1148972
6,2,0,0,2,10,9,7,1.854,133,938600
42,25,0,0,2,27,14,7,6.010,133,1463628
20,5,0,0,2,15,15,7,3.064,133,1094420
77,28,0,0,6,33,19,7,7.847,131,1730916
3,3,0,0,1,12,8,7,2.137,134,950928
105,48,0,0,9,61,20,7,13.524,133,2276436
20,21,0,0,3,23,12,7,4.726,132,1238152
12,15,0,0,3,19,13,7,3.753,133,1123696
34,14,0,0,2,22,15,7,4.726,133,1280468
105,51,0,0,8,51,20,7,11.950,133,2211068
18,12,0,0,1,17,13,7,3.515,132,1143280
61,30,0,0,7,47,18,7,9.789,132,1774508
12,8,0,0,2,19,10,7,3.601,133,1072060
21,11,0,0,3,22,17,7,4.346,131,1176008
49,38,0,0,3,42,15,7,8.885,133,1722948
84,22,0,0,7,44,19,7,9.741,134,1972244
98,58,0,0,9,64,19,7,14.079,131,2314120
44,30,0,0,7,35,14,7,7.447,133,1559416
99,40,0,0,10,48,15,7,11.036,132,2078936
86,32,0,0,10,46,16,7,10.262,134,1938612
36,25,0,0,8,30,16,7,6.324,132,1426712
49,22,0,0,4,30,15,7,6.585,133,1496720
118,54,0,0,11,68,21,7,15.073,132,2439940
80,41,0,0,8,48,18,7,10.635,132,1969548
68,34,0,0,8,51,18,7,10.691,133,1870396
78,36,0,0,6,42,16,7,9.622,132,2035972
67,34,0,0,6,43,17,7,9.384,133,1797116
94,39,0,0,5,54,18,7,11.881,133,2080980
17,12,0,0,2,19,16,7,3.817,132,1166772
28,15,0,0,1,23,16,7,4.786,133,1261532
72,34,0,0,6,46,18,7,9.973,133,1846160
128,37,0,0,4,65,20,7,14.447,132,2396184
62,27,0,0,10,48,18,7,9.954,133,1767976
83,40,0,0,6,51,15,7,11.274,130,2198852
6,8,0,0,1,16,9,7,2.963,133,1007240
31,14,0,0,5,22,13,7,4.666,133,1267532
7,7,0,0,3,14,10,7,2.640,132,1000748
88,41,0,0,6,51,19,7,11.305,133,2032000
15,10,0,0,3,17,11,7,3.385,133,1090348
91,27,0,0,13,41,17,7,9.429,134,1881184
122,53,0,0,12,68,19,7,15.194,132,2599032
14,6,0,0,2,16,12,7,3.098,131,1053556
39,18,0,0,5,25,16,7,5.438,132,1363412
36,21,0,0,1,32,14,7,6.568,133,1436644
93,37,0,0,13,50,17,7,11.179,132,2037920
81,43,0,0,5,55,16,7,11.872,133,2044408
86,24,0,0,10,54,17,7,11.358,132,1941916
53,30,0,0,7,48,13,7,9.765,133,1733872
37,26,0,0,3,38,16,7,7.665,132,1520720
17,12,0,0,0,24,14,7,4.614,132,1176008
36,21,0,0,5,29,17,7,6.075,132,1392108
45,17,0,0,8,33,20,7,6.852,132,1478324
29,19,0,0,6,26,15,7,5.386,133,1318388
7,3,0,0,4,13,12,7,2.392,132,981528
23,13,0,0,2,31,13,7,5.911,132,1271088
19,6,0,0,4,22,11,7,4.192,132,1133712
41,17,0,0,4,30,18,7,6.287,132,1425220
46,27,0,0,6,35,16,7,7.452,133,1558484
51,32,0,0,7,30,19,7,6.847,132,1573392
68,36,0,0,12,38,16,7,8.653,134,1793208
79,36,0,0,9,48,19,7,10.624,133,2056104
7,5,0,0,1,17,12,7,3.074,133,1014436
52,29,0,0,6,42,16,7,8.743,132,1658404
70,30,0,0,9,37,16,7,8.414,133,1746488
35,26,0,0,2,28,16,7,6.012,133,1430516
88,32,0,0,9,42,20,7,9.751,132,2087612
64,22,0,0,4,33,15,7,7.401,133,1631768
8,14,0,0,1,14,12,7,2.827,132,1053556
56,20,0,0,8,43,18,7,8.783,132,1639940
4,3,0,0,0,10,8,7,1.832,134,940312
117,41,0,0,15,57,19,7,12.950,132,2274568
32,14,0,0,5,29,17,7,5.828,133,1338228
41,29,0,0,10,34,17,7,7.201,132,1524672
26,16,0,0,2,17,18,7,3.817,133,1263400
101,48,0,0,11,58,16,7,12.906,131,2219312
67,32,0,0,9,50,16,7,10.476,133,1845436
6,5,0,0,0,15,10,7,2.737,132,1005920
76,38,0,0,6,40,20,7,9.271,132,2015856
74,41,0,0,6,42,19,7,9.533,132,1888428
134,77,0,0,16,81,17,7,18.046,133,2797656
90,47,0,0,16,62,15,7,13.300,133,2178848
38,20,0,0,8,27,15,7,5.773,131,1390532
27,20,0,0,3,35,14,7,6.809,132,1375688
26,12,0,0,6,21,13,7,4.368,133,1277516
9,5,0,0,3,13,11,7,2.480,133,999988
31,18,0,0,4,27,13,7,5.565,133,1341304
27,10,0,0,3,25,12,7,4.962,133,1244732
17,15,0,0,3,16,13,7,3.395,132,1142796
37,18,0,0,4,27,16,7,5.705,134,1367504
18,6,0,0,1,24,12,7,4.502,132,1159676
51,24,0,0,6,31,17,7,6.828,133,1539336
21,13,0,0,3,21,14,7,4.267,132,1216612
111,55,0,0,8,54,20,7,12.654,132,2297780
32,16,0,0,0,23,17,7,4.900,132,1303672
20,10,0,0,3,19,12,7,3.819,133,1135228
83,31,0,0,6,49,18,7,10.764,132,2064280
27,15,0,0,4,22,15,7,4.592,131,1255168
19,13,0,0,2,21,14,7,4.205,132,1173560
12,3,0,0,3,17,13,7,3.142,133,1030044
48,27,0,0,2,30,14,7,6.661,132,1534892
81,51,0,0,6,49,18,7,11.070,133,2039080
29,17,0,0,2,24,16,7,4.999,133,1286140
8,5,0,0,3,17,9,7,3.100,132,1013900
29,19,0,0,2,21,16,7,4.568,132,1282872
39,11,0,0,1,23,16,7,4.950,133,1321388
87,42,0,0,9,46,19,7,10.493,132,1997532
7,10,0,0,4,17,10,7,3.194,133,1043848
32,11,0,0,5,25,15,7,5.099,132,1286104
56,28,0,0,9,39,15,7,8.346,133,1656352
54,32,0,0,4,42,17,7,8.869,134,1714916
28,13,0,0,3,22,15,7,4.572,133,1248864
80,34,0,0,6,44,20,7,9.824,132,1904004
4,2,0,0,2,12,10,7,2.137,132,945520
90,30,0,0,6,54,19,7,11.585,133,2022616
72,34,0,0,13,51,20,7,10.787,133,1898924
33,22,0,0,2,26,15,7,5.549,133,1367260
15,14,0,0,1,20,14,7,3.952,133,1132656
36,15,0,0,4,28,14,7,5.782,133,1362820
85,38,0,0,10,47,16,7,10.634,132,2148020
8,6,0,0,3,13,9,7,2.483,134,999988
33,20,0,0,5,32,14,7,6.477,132,1405988
3,6,0,0,1,14,9,7,2.533,133,983580
6,7,0,0,1,12,13,7,2.308,132,991540
51,24,0,0,7,33,18,7,7.172,133,1561832
16,9,0,0,1,18,13,7,3.548,133,1112540
116,55,0,0,7,54,20,7,12.805,133,2333832
52,22,0,0,6,31,18,7,6.808,134,1526320
33,16,0,0,6,26,14,7,5.404,134,1336184
83,49,0,0,7,37,23,7,9.154,132,1952124
31,14,0,0,3,22,14,7,4.672,133,1273664
12,10,0,0,3,22,12,7,4.130,132,1118044
108,54,0,0,8,75,20,7,15.981,132,2439544
11,8,0,0,0,10,12,7,2.104,133,994236
5,4,0,0,1,11,12,7,2.040,134,953760
15,9,0,0,3,22,12,7,4.165,132,1130360
115,47,0,0,9,59,18,7,13.383,133,2321068
38,13,0,0,9,34,14,7,6.758,133,1412120
33,20,0,0,4,29,14,7,5.982,132,1369544
80,28,0,0,5,37,17,7,8.571,132,1804672
6,3,0,0,1,17,9,7,3.025,133,998736
34,18,0,0,4,31,14,7,6.284,134,1393484
71,30,0,0,11,39,19,7,8.719,130,1767444
105,52,0,0,8,44,19,7,10.838,134,2169200
48,30,0,0,7,28,16,7,6.398,132,1531340
23,15,0,0,5,19,12,7,4.015,133,1200412
6,6,0,0,1,17,12,7,3.072,132,1003688
30,13,0,0,3,20,14,7,4.298,134,1253284
20,17,0,0,2,19,15,7,4.000,133,1218388
62,25,0,0,3,26,19,7,6.291,133,1569308
26,10,0,0,3,19,12,7,3.973,132,1207972
75,32,0,0,7,38,16,7,8.717,134,1808124
29,11,0,0,4,22,14,7,4.544,133,1231340
22,10,0,0,4,23,13,7,4.527,133,1207984
15,12,0,0,0,15,12,7,3.099,132,1084888
89,34,0,0,13,53,16,7,11.634,132,2209348
59,38,0,0,7,43,14,7,9.299,132,1778456
21,9,0,0,4,15,15,7,3.175,132,1111524
103,42,0,0,6,47,22,7,11.055,133,2105428
14,8,0,0,5,25,12,7,4.608,133,1133696
21,11,0,0,2,22,12,7,4.360,133,1194704
10,10,0,0,2,14,10,7,2.780,132,1030780
10,4,0,0,0,12,10,7,2.325,131,998724
39,29,0,0,5,36,17,7,7.476,134,1551164
28,11,0,0,1,21,13,7,4.362,133,1238300
20,16,0,0,4,15,14,7,3.310,133,1142936
69,29,0,0,7,35,19,7,7.992,132,1703900
21,7,0,0,2,13,13,7,2.806,132,1080800
15,11,0,0,5,21,13,7,4.054,133,1127580
67,29,0,0,6,30,20,7,7.145,134,1656244
33,9,0,0,4,22,14,7,4.588,133,1255172
7,5,0,0,3,16,9,7,2.915,133,1002800
29,14,0,0,3,25,12,7,5.100,132,1279972
85,38,0,0,5,49,16,7,10.857,133,1980496
15,11,0,0,3,22,10,7,4.216,133,1147416
36,18,0,0,4,29,14,7,6.021,132,1391428
10,9,0,0,0,16,13,7,3.074,134,1046464
41,21,0,0,2,34,16,7,7.006,132,1488188
4,2,0,0,2,11,10,7,1.973,134,940312
68,43,0,0,3,46,18,7,10.104,132,1886396
26,17,0,0,5,26,15,7,5.269,133,1286948
74,27,0,0,11,39,18,7,8.716,133,1766744
8,4,0,0,1,12,11,7,2.281,133,984396
24,13,0,0,2,26,14,7,5.114,133,1248880
19,16,0,0,4,22,15,7,4.426,132,1212680
28,9,0,0,3,28,17,7,5.460,132,1269032
41,14,0,0,5,30,17,7,6.201,133,1408028
12,11,0,0,2,15,11,7,3.016,133,1058740
53,20,0,0,7,29,19,7,6.464,132,1514804
43,25,0,0,9,28,16,7,6.182,131,1469408
75,34,0,0,10,40,20,7,9.080,132,1829020
47,23,0,0,9,28,16,7,6.229,132,1490204
106,55,0,0,13,68,19,7,14.798,133,2392892
90,35,0,0,9,47,18,7,10.705,133,2179016
17,11,0,0,6,24,13,7,4.610,132,1182688
12,8,0,0,2,19,11,7,3.602,132,1074576
10,9,0,0,4,14,12,7,2.752,133,1028008
109,40,0,0,10,52,19,7,11.957,133,2190688
57,35,0,0,6,46,17,7,9.669,133,1757100
93,36,0,0,7,44,18,7,10.202,133,1980228
29,16,0,0,7,23,14,7,4.819,133,1279968
9,11,0,0,2,12,11,7,2.451,133,1019508
55,26,0,0,9,43,18,7,8.916,133,1682372
59,33,0,0,3,44,17,7,9.327,132,1760412
11,18,0,0,1,13,14,7,2.821,133,1083732
116,49,0,0,14,65,19,7,14.414,133,2381020
30,13,0,0,0,22,15,7,4.615,133,1261296
105,51,0,0,15,57,18,7,12.954,134,2271320
31,16,0,0,3,28,15,7,5.690,132,1336180
24,15,0,0,4,28,14,7,5.496,133,1282708
31,19,0,0,5,24,14,7,5.093,134,1309076
70,38,0,0,8,42,18,7,9.391,132,1828452
24,15,0,0,3,24,14,7,4.857,133,1246820
125,45,0,0,13,60,20,7,13.771,133,2386428
11,11,0,0,3,13,14,7,2.662,133,1038288
29,19,0,0,3,20,15,7,4.408,133,1279972
28,16,0,0,4,30,17,7,5.923,133,1324520
19,6,0,0,4,16,15,7,3.220,132,1086924
37,24,0,0,5,34,15,7,6.997,133,1476488
20,7,0,0,2,14,13,7,2.938,134,1077392
38,12,0,0,4,27,15,7,5.586,132,1350468
10,13,0,0,0,10,12,7,2.195,132,1017204
4,6,0,0,2,8,10,7,1.581,133,945532
91,37,0,0,8,49,19,7,11.048,133,2027760
111,40,0,0,8,53,22,7,12.174,132,2186540
52,24,0,0,7,32,17,7,7.044,132,1560520
92,57,0,0,11,55,20,7,12.463,131,2198876
6,8,0,0,1,13,9,7,2.486,132,1007180
109,40,0,0,9,51,19,7,11.802,132,2154828
13,4,0,0,1,17,11,7,3.195,133,1048412
6,13,0,0,2,16,11,7,3.075,132,1042596
98,38,0,0,17,52,18,7,11.749,132,2291584
50,25,0,0,4,35,14,7,7.474,132,1573156
87,43,0,0,5,42,19,7,9.894,133,1970272
33,19,0,0,5,37,15,7,7.312,133,1437948
4,8,0,0,0,11,10,7,2.116,133,981536
7,1,0,0,0,10,8,7,1.854,133,943488
87,32,0,0,8,37,17,7,8.916,133,2030816
92,26,0,0,8,41,20,7,9.530,132,2027500
19,12,0,0,0,23,11,7,4.500,134,1194704
5,12,0,0,0,13,12,7,2.553,133,1011860
33,17,0,0,3,30,17,7,6.099,132,1371220
28,22,0,0,6,28,14,7,5.746,132,1361672
5,6,0,0,1,14,10,7,2.589,133,991540
31,22,0,0,3,21,15,7,4.674,134,1302956
19,11,0,0,2,27,11,7,5.112,133,1214256
82,46,0,0,8,44,21,7,10.264,132,2166752
101,48,0,0,14,65,16,7,14.066,132,2274308
26,11,0,0,3,24,12,7,4.794,132,1228552
131,48,0,0,13,67,21,7,15.135,132,2489328
3,5,0,0,0,9,10,7,1.695,134,937732
7,8,0,0,3,14,13,7,2.657,132,999068
10,6,0,0,3,16,11,7,3.008,133,1032560
87,39,0,0,10,45,19,7,10.291,131,1982592
27,17,0,0,4,30,12,7,5.935,133,1320432
30,11,0,0,2,21,14,7,4.406,132,1231340
16,4,0,0,2,14,14,7,2.781,132,1042268
12,9,0,0,2,16,11,7,3.126,132,1059212
75,39,0,0,7,39,20,7,9.043,132,1852564
57,31,0,0,6,36,19,7,7.957,132,1663976
90,50,0,0,9,49,18,7,11.246,133,2101676
12,7,0,0,2,15,9,7,2.920,132,1041804
74,27,0,0,2,37,19,7,8.399,132,1744580
102,41,0,0,12,61,17,7,13.327,132,2203688
8,6,0,0,2,14,13,7,2.638,133,991516
14,3,0,0,4,19,12,7,3.517,132,1057644
32,24,0,0,3,33,12,7,6.712,134,1432552
40,19,0,0,8,36,16,7,7.269,132,1482624
22,9,0,0,3,22,13,7,4.343,132,1192664
81,36,0,0,12,51,19,7,11.166,132,2143796
21,17,0,0,4,32,13,7,6.117,133,1298892
71,41,0,0,6,48,15,7,10.425,133,1905928
22,10,0,0,1,17,15,7,3.543,132,1136064
40,15,0,0,7,36,15,7,7.161,132,1446684
5,12,0,0,1,13,11,7,2.549,133,1013904
90,49,0,0,13,58,19,7,12.691,131,2168208
5,5,0,0,2,13,9,7,2.390,132,983572
36,14,0,0,5,32,16,7,6.397,132,1373640
81,32,0,0,6,47,18,7,10.386,131,2075016
55,28,0,0,9,39,16,7,8.322,132,1636996
113,43,0,0,5,44,18,7,10.844,133,2151232
15,19,0,0,2,20,11,7,4.085,133,1179344
28,17,0,0,5,34,15,7,6.628,132,1377980
127,60,0,0,10,68,18,7,15.428,133,2535684
30,15,0,0,7,33,18,7,6.444,133,1360460
96,43,0,0,8,47,21,7,10.921,133,2060468
43,17,0,0,6,25,16,7,5.515,133,1401952
65,25,0,0,9,33,18,7,7.491,133,1652272
20,19,0,0,2,21,12,7,4.350,132,1202812
52,21,0,0,10,33,17,7,7.095,133,1552724
60,34,0,0,2,43,17,7,9.239,133,1758752
74,34,0,0,6,32,16,7,7.752,133,1743244
109,37,0,0,10,50,18,7,11.674,133,2365316
57,23,0,0,8,44,19,7,9.063,133,1691604
87,42,0,0,13,53,18,7,11.649,133,2065444
79,48,0,0,8,53,20,7,11.593,132,2037916
44,32,0,0,7,36,14,7,7.671,133,1577876
26,13,0,0,1,18,17,7,3.875,134,1204292
60,20,0,0,8,39,19,7,8.235,133,1647132
16,6,0,0,3,23,12,7,4.286,133,1121444
43,23,0,0,5,36,18,7,7.423,132,1528196
16,3,0,0,3,20,13,7,3.738,132,1079244
58,31,0,0,5,48,16,7,9.947,131,1765932
4,5,0,0,2,14,8,7,2.526,132,983580
31,17,0,0,8,27,16,7,5.555,133,1336180
79,24,0,0,8,46,17,7,9.936,133,1843404
16,11,0,0,1,16,15,7,3.259,133,1098360
120,42,0,0,10,51,21,7,12.100,131,2252184
10,4,0,0,1,14,10,7,2.637,132,1000748
19,10,0,0,2,16,12,7,3.315,131,1110424
29,24,0,0,3,32,17,7,6.471,132,1408032
26,19,0,0,5,28,15,7,5.636,132,1318156
7,4,0,0,2,12,9,7,2.250,133,983576
89,43,0,0,3,56,19,7,12.326,132,2300880
25,12,0,0,3,18,14,7,3.840,133,1214576
62,20,0,0,6,29,16,7,6.661,133,1557044
7,10,0,0,1,10,11,7,2.066,133,1002560
53,26,0,0,5,36,13,7,7.725,132,1603372
47,25,0,0,7,45,16,7,9.020,133,1634816
30,13,0,0,4,30,13,7,5.923,133,1327912
25,12,0,0,6,22,13,7,4.507,133,1273428
3,2,0,0,1,13,9,7,2.276,132,950936
8,16,0,0,1,18,12,7,3.516,130,1091912
5,8,0,0,2,13,10,7,2.463,133,1001300
114,53,0,0,10,50,21,7,12.074,133,2261968
30,8,0,0,4,20,15,7,4.182,132,1210424
26,14,0,0,6,25,12,7,5.041,133,1258824
77,42,0,0,8,58,17,7,12.268,131,2049260
20,12,0,0,0,20,14,7,4.051,133,1188992
29,21,0,0,6,32,15,7,6.394,132,1373632
50,24,0,0,6,36,16,7,7.611,132,1579284
8,6,0,0,3,15,11,7,2.797,131,1009816
21,8,0,0,6,21,15,7,4.128,132,1152544
94,39,0,0,7,45,18,7,10.435,133,2017476
18,13,0,0,2,16,13,7,3.360,133,1122700
93,43,0,0,6,51,18,7,11.553,132,2217984
66,40,0,0,6,52,16,7,10.944,132,1894900
114,39,0,0,10,56,19,7,12.665,132,2226536
3,4,0,0,0,12,11,7,2.160,133,955744
101,46,0,0,6,55,20,7,12.368,132,2191112
101,50,0,0,9,45,21,7,10.873,132,2121852
20,10,0,0,4,22,13,7,4.332,134,1178608
41,13,0,0,8,31,15,7,6.333,132,1408028
115,38,0,0,8,57,18,7,12.888,132,2255572
87,47,0,0,11,52,19,7,11.713,131,2282340
22,12,0,0,6,24,14,7,4.740,133,1212472
85,41,0,0,3,40,20,7,9.572,133,2107592
15,13,0,0,3,23,13,7,4.435,132,1152160
9,6,0,0,0,16,10,7,2.983,133,1020040
48,27,0,0,5,26,20,7,6.019,133,1490588
112,54,0,0,6,67,18,7,14.826,133,2396820
15,7,0,0,2,14,12,7,2.824,133,1053556
37,18,0,0,3,27,15,7,5.702,132,1369552
4,12,0,0,6,12,11,7,2.360,132,993568
63,27,0,0,8,37,15,7,8.163,133,1671808
28,17,0,0,3,30,15,7,5.965,133,1336184
6,5,0,0,3,15,10,7,2.743,133,1005924
22,13,0,0,4,23,11,7,4.602,132,1210428
12,11,0,0,2,18,13,7,3.488,132,1083516
23,12,0,0,2,21,13,7,4.278,133,1212264
96,48,0,0,12,51,23,7,11.746,133,2269512
3,7,0,0,1,15,8,7,2.722,133,994116
19,6,0,0,1,25,13,7,4.676,132,1164080
9,7,0,0,2,17,11,7,3.169,132,1032564
91,42,0,0,9,48,20,7,10.921,131,2032948
33,20,0,0,6,24,18,7,5.181,132,1352504
104,38,0,0,9,55,19,7,12.284,131,2165700
60,38,0,0,5,38,18,7,8.515,133,1736408
20,8,0,0,1,26,13,7,4.907,133,1187828
59,30,0,0,2,37,15,7,8.120,132,1677804
43,24,0,0,6,39,14,7,7.941,133,1542828
87,40,0,0,8,55,17,7,12.018,133,2253272
32,13,0,0,6,34,13,7,6.619,134,1373032
87,35,0,0,11,40,18,7,9.483,133,2079628
13,9,0,0,1,18,13,7,3.479,132,1084212
94,48,0,0,10,55,22,7,12.289,131,2172300
29,17,0,0,5,30,13,7,5.989,132,1341304
39,19,0,0,6,36,17,7,7.279,132,1474980
21,16,0,0,4,18,16,7,3.840,132,1209960
66,27,0,0,5,34,20,7,7.724,132,1677948
7,7,0,0,1,15,10,7,2.800,134,1009812
35,17,0,0,3,23,16,7,4.999,134,1328192
5,8,0,0,3,13,9,7,2.465,133,998728
46,12,0,0,3,26,18,7,5.623,132,1402728
20,3,0,0,3,18,13,7,3.498,133,1094116
13,9,0,0,3,16,12,7,3.157,132,1058740
32,16,0,0,3,35,16,7,6.844,133,1387348
96,38,0,0,6,42,18,7,10.083,132,2189900
59,31,0,0,3,33,17,7,7.499,133,1646140
57,25,0,0,10,38,16,7,8.127,132,1657744
91,39,0,0,8,44,20,7,10.198,133,1988864
5,6,0,0,1,11,9,7,2.087,132,968204
81,29,0,0,5,43,16,7,9.572,132,1852564
110,55,0,0,11,54,22,7,12.659,134,2284784
60,24,0,0,8,40,19,7,8.504,132,1676244
80,35,0,0,2,41,19,7,9.478,133,2034904
72,44,0,0,4,36,19,7,8.679,134,1995092
112,60,0,0,14,61,19,7,13.978,133,2385264
36,27,0,0,2,33,15,7,6.867,133,1480948
111,47,0,0,6,59,22,7,13.295,132,2286836
34,11,0,0,6,35,12,7,6.796,133,1386332
35,14,0,0,1,23,13,7,4.934,132,1312024
2,3,0,0,1,9,8,7,1.621,132,912548
5,6,0,0,0,11,11,7,2.088,132,970784
12,9,0,0,2,15,14,7,2.961,132,1051504
17,15,0,0,7,26,13,7,5.016,133,1214236
33,15,0,0,2,20,16,7,4.413,133,1285880
15,12,0,0,1,24,11,7,4.567,132,1160336
15,9,0,0,2,11,13,7,2.382,133,1033680
55,28,0,0,4,32,19,7,7.159,132,1591804
21,12,0,0,2,17,13,7,3.566,132,1151612
40,21,0,0,5,25,17,7,5.527,131,1408384
69,29,0,0,5,40,16,7,8.822,132,1756844
15,7,0,0,2,15,12,7,2.993,132,1061308
127,42,0,0,4,44,20,7,11.137,133,2235528
9,7,0,0,3,15,12,7,2.843,133,1011128
6,3,0,0,1,11,8,7,2.043,133,953760
25,16,0,0,3,20,16,7,4.248,132,1230584
19,12,0,0,3,21,13,7,4.190,132,1178600
31,17,0,0,3,29,15,7,5.876,131,1346380
56,30,0,0,5,37,16,7,8.045,133,1656352
42,13,0,0,4,27,15,7,5.703,133,1367508
36,13,0,0,1,32,15,7,6.382,131,1383432
47,18,0,0,4,27,18,7,5.949,132,1452916
18,16,0,0,3,23,13,7,4.576,133,1206544
35,19,0,0,5,24,17,7,5.186,133,1329592
44,19,0,0,3,25,17,7,5.575,133,1425224
51,22,0,0,4,30,18,7,6.606,132,1518152
69,36,0,0,8,45,20,7,9.798,132,1833068
8,4,0,0,2,12,11,7,2.279,133,979780
27,20,0,0,5,27,17,7,5.520,131,1310672
31,19,0,0,3,27,16,7,5.590,132,1346376
84,30,0,0,5,45,20,7,10.081,132,2033632
48,24,0,0,4,30,19,7,6.590,132,1514804
19,17,0,0,1,18,15,7,3.793,133,1169356
70,26,0,0,4,35,17,7,7.964,133,1710560
72,30,0,0,7,50,18,7,10.520,133,1856388
25,18,0,0,4,26,14,7,5.268,132,1293080
83,36,0,0,9,51,20,7,11.167,132,2154156
29,23,0,0,5,32,13,7,6.442,131,1393456
63,31,0,0,11,45,19,7,9.538,131,1779080
73,27,0,0,0,45,18,7,9.667,132,1814680
30,18,0,0,8,23,12,7,4.894,133,1290088
34,19,0,0,4,26,16,7,5.503,133,1360780
34,19,0,0,3,29,17,7,5.991,132,1367500
68,38,0,0,5,44,18,7,9.690,132,1839724
43,23,0,0,6,40,14,7,8.073,132,1554756
11,9,0,0,1,16,10,7,3.106,133,1053552
47,16,0,0,9,28,16,7,6.053,133,1430340
6,7,0,0,1,17,10,7,3.099,132,1013900
115,54,0,0,13,63,17,7,14.209,133,2393880
2,3,0,0,3,10,11,7,1.783,132,916708
68,29,0,0,4,35,17,7,7.985,133,1698828
3,6,0,0,1,13,9,7,2.360,132,966160
95,47,0,0,7,48,19,7,11.287,133,2304176
38,18,0,0,1,33,14,7,6.702,132,1436632
48,15,0,0,6,31,15,7,6.560,132,1459544
18,19,0,0,2,23,14,7,4.638,133,1207424
22,11,0,0,0,21,11,7,4.230,133,1192664
24,13,0,0,1,17,13,7,3.670,133,1173968
28,21,0,0,7,29,14,7,5.881,133,1338896
49,20,0,0,4,31,16,7,6.698,132,1505004
27,10,0,0,3,23,13,7,4.636,134,1219688
8,10,0,0,0,11,13,7,2.243,133,996496
39,25,0,0,4,36,14,7,7.374,132,1500072
20,19,0,0,5,27,13,7,5.357,133,1267792
32,16,0,0,4,22,14,7,4.719,132,1278424
28,17,0,0,5,30,13,7,5.963,134,1338228
45,24,0,0,2,42,15,7,8.461,133,1582712
90,49,0,0,10,60,20,7,13.094,132,2317224
41,25,0,0,7,35,14,7,7.264,133,1522764
117,47,0,0,12,52,20,7,12.429,133,2511308
38,21,0,0,7,25,15,7,5.468,133,1380332
56,26,0,0,7,25,18,7,6.026,134,1532456
20,16,0,0,5,19,16,7,3.979,132,1209960
87,34,0,0,6,49,17,7,10.923,132,2158240
31,13,0,0,1,21,17,7,4.492,133,1263352
27,23,0,0,4,30,15,7,6.095,133,1368852
76,33,0,0,4,42,17,7,9.473,132,1978380
19,13,0,0,3,25,13,7,4.836,133,1202464
129,53,0,0,11,83,19,7,17.743,133,2659708
24,10,0,0,2,24,16,7,4.744,131,1216556
80,39,0,0,7,40,20,7,9.393,133,2031584
10,5,0,0,2,14,12,7,2.661,132,999064
109,47,0,0,13,55,17,7,12.605,132,2247916
9,5,0,0,2,12,9,7,2.322,134,1001048
14,11,0,0,5,16,13,7,3.219,133,1085828
84,41,0,0,6,38,19,7,9.202,131,2028488
6,5,0,0,2,14,8,7,2.592,133,998728
80,30,0,0,8,61,17,7,12.578,132,2119552
40,22,0,0,8,34,12,7,7.003,133,1479632
65,24,0,0,3,41,20,7,8.785,132,1701860
6,4,0,0,1,13,11,7,2.396,132,996892
29,20,0,0,0,28,16,7,5.724,133,1350464
68,35,0,0,7,46,16,7,9.940,134,1833188
24,11,0,0,4,22,15,7,4.431,133,1204292
4,9,0,0,6,14,11,7,2.620,132,1002560
20,13,0,0,3,24,15,7,4.711,133,1206336
3,5,0,0,3,11,11,7,2.017,133,955744
10,10,0,0,1,20,11,7,3.756,133,1086776
43,17,0,0,3,29,15,7,6.160,133,1426032
13,4,0,0,2,14,11,7,2.710,133,1013372
57,33,0,0,8,43,15,7,9.123,133,1748300
21,8,0,0,1,18,15,7,3.652,133,1145852
19,9,0,0,0,16,14,7,3.307,134,1142176
5,7,0,0,1,9,12,7,1.792,133,968080
16,8,0,0,3,22,14,7,4.167,132,1126900
87,40,0,0,12,60,17,7,12.796,133,2237452
117,55,0,0,7,66,18,7,14.756,133,2427736
44,20,0,0,7,20,17,7,4.785,134,1387308
58,17,0,0,6,34,17,7,7.308,132,1556516
64,39,0,0,6,41,17,7,9.080,132,1802868
7,5,0,0,2,14,10,7,2.601,133,998732
2,8,0,0,0,12,12,7,2.220,132,966168
5,3,0,0,1,10,9,7,1.855,133,945524
17,8,0,0,3,12,14,7,2.567,133,1050556
11,8,0,0,0,20,13,7,3.745,133,1074620
126,54,0,0,11,65,20,7,14.770,132,2473552
70,32,0,0,4,34,21,7,7.960,133,1736412
101,54,0,0,10,63,19,7,14.003,133,2530044
51,34,0,0,7,32,19,7,7.224,132,1608900
25,18,0,0,3,32,11,7,6.234,133,1337080
32,15,0,0,4,26,15,7,5.358,133,1332000
95,31,0,0,12,44,19,7,10.218,132,2148024
88,49,0,0,6,55,18,7,12.309,132,2334252
113,38,0,0,13,55,19,7,12.498,132,2208140
82,53,0,0,8,55,18,7,12.169,133,2113372
50,16,0,0,4,32,16,7,6.771,132,1474196
54,19,0,0,1,27,16,7,6.134,134,1505000
38,26,0,0,2,36,14,7,7.366,134,1505748
54,22,0,0,4,33,15,7,7.176,134,1554928
6,4,0,0,2,12,9,7,2.228,132,970784
22,21,0,0,4,21,13,7,4.448,133,1255176
57,31,0,0,6,34,19,7,7.632,132,1643256
56,27,0,0,5,30,16,7,6.850,133,1590868
20,14,0,0,3,23,13,7,4.569,133,1200416
88,37,0,0,12,49,15,7,11.002,133,2181380
19,13,0,0,0,15,13,7,3.217,133,1118344
12,6,0,0,1,11,10,7,2.244,132,994460
36,24,0,0,2,22,12,7,5.012,132,1359796
16,20,0,0,6,23,13,7,4.613,132,1218816
86,42,0,0,10,48,21,7,10.927,134,2198064
20,16,0,0,2,23,16,7,4.610,132,1212684
23,9,0,0,1,26,11,7,5.014,133,1208104
12,9,0,0,2,20,12,7,3.776,133,1085832
108,51,0,0,13,65,17,7,14.436,132,2580104
25,18,0,0,4,28,13,7,5.583,132,1288864
12,8,0,0,4,20,12,7,3.751,133,1086776
13,7,0,0,0,9,12,7,1.965,133,994444
36,17,0,0,2,26,12,7,5.502,132,1356688
108,48,0,0,8,56,22,7,12.740,133,2226416
12,11,0,0,2,19,9,7,3.662,132,1089864
88,38,0,0,6,59,18,7,12.567,133,2093388
16,15,0,0,2,16,13,7,3.363,133,1122700
47,25,0,0,6,41,14,7,8.405,132,1605580
15,11,0,0,2,15,15,7,3.081,132,1086932
95,38,0,0,4,51,19,7,11.524,131,2266660
21,3,0,0,0,14,12,7,2.878,134,1062820
73,40,0,0,12,42,17,7,9.570,133,1993672
43,23,0,0,6,29,15,7,6.306,133,1458800
100,31,0,0,8,53,22,7,11.774,133,2267716
29,23,0,0,6,29,16,7,5.971,134,1375316
66,38,0,0,8,41,19,7,9.147,133,1803504
90,45,0,0,11,51,18,7,11.490,133,2079356
46,22,0,0,4,33,15,7,6.978,132,1520716
98,46,0,0,11,48,18,7,11.315,133,2314732
24,10,0,0,1,27,12,7,5.215,131,1226504
16,7,0,0,1,18,11,7,3.500,134,1083520
31,24,0,0,9,33,14,7,6.685,132,1430512
81,37,0,0,4,51,17,7,11.087,131,1967504
42,20,0,0,3,28,16,7,6.033,133,1434960
2,4,0,0,1,12,8,7,2.134,132,949608
18,16,0,0,1,24,14,7,4.736,132,1208112
102,50,0,0,14,57,20,7,12.825,131,2241792
38,24,0,0,8,33,15,7,6.854,132,1471284
68,28,0,0,4,34,18,7,7.835,133,1722232
21,17,0,0,3,23,13,7,4.659,132,1226508
5,5,0,0,1,11,9,7,2.068,133,965576
38,17,0,0,7,23,14,7,5.054,133,1333680
14,10,0,0,2,14,12,7,2.882,133,1052020
110,50,0,0,10,56,18,7,12.854,132,2283168
38,17,0,0,2,38,13,7,7.503,131,1470268
3,1,0,0,0,8,9,7,1.435,132,901728
32,16,0,0,4,29,14,7,5.871,132,1350468
24,14,0,0,2,18,15,7,3.863,132,1212252
109,49,0,0,8,57,18,7,13.012,132,2403412
14,7,0,0,2,16,13,7,3.122,132,1056696
56,25,0,0,9,39,16,7,8.278,132,1649612
68,35,0,0,6,49,15,7,10.472,133,2016648
26,22,0,0,6,20,13,7,4.418,132,1273832
93,41,0,0,13,58,20,7,12.581,132,2131288
3,7,0,0,4,13,11,7,2.388,133,981540
131,70,0,0,16,67,18,7,15.604,133,2625948
3,7,0,0,0,12,12,7,2.223,133,968208
49,18,0,0,5,37,14,7,7.618,134,1540944
13,3,0,0,2,11,13,7,2.197,133,993460
39,19,0,0,2,28,17,7,5.943,131,1410428
118,49,0,0,6,60,17,7,13.722,133,2491304
124,63,0,0,7,52,21,7,12.813,132,2408844
28,19,0,0,1,30,18,7,6.012,131,1352512
72,31,0,0,12,42,20,7,9.264,132,1797380
95,36,0,0,7,48,20,7,10.949,133,2162740
26,11,0,0,3,27,15,7,5.285,133,1270616
71,39,0,0,7,44,19,7,9.752,133,1865404
72,25,0,0,11,57,17,7,11.671,133,2063076
18,15,0,0,2,19,12,7,3.912,132,1171944
21,7,0,0,4,22,13,7,4.260,132,1170068
65,21,0,0,8,41,19,7,8.692,132,1682032
7,6,0,0,6,17,12,7,3.105,132,1007248
3,4,0,0,1,12,10,7,2.160,132,957072
37,13,0,0,4,35,16,7,6.889,133,1408032
62,22,0,0,7,34,15,7,7.514,132,1628424
6,11,0,0,2,13,11,7,2.546,132,1007244
10,5,0,0,3,15,10,7,2.825,133,1007240
115,43,0,0,11,64,18,7,14.072,132,2319532
37,15,0,0,3,26,13,7,5.468,133,1329784
58,27,0,0,8,25,17,7,6.094,133,1555684
117,50,0,0,9,65,18,7,14.521,133,2405212
50,25,0,0,4,36,14,7,7.638,133,1578612
110,40,0,0,18,51,16,7,11.817,133,2174072
42,25,0,0,11,43,17,7,8.575,133,1567376
55,28,0,0,6,41,19,7,8.639,132,1670116
51,29,0,0,6,37,16,7,7.915,132,1617936
5,4,0,0,1,10,12,7,1.882,131,955748
21,11,0,0,1,20,16,7,4.063,132,1182312
79,48,0,0,9,49,17,7,10.955,133,1999876
40,19,0,0,5,21,15,7,4.840,131,1359824
20,14,0,0,6,24,12,7,4.732,132,1208112
10,12,0,0,3,15,12,7,2.985,132,1053076
5,3,0,0,1,15,10,7,2.671,133,992824
43,18,0,0,3,31,16,7,6.515,133,1457468
4,8,0,0,2,14,12,7,2.603,131,1005920
36,8,0,0,4,23,14,7,4.807,133,1279076
25,16,0,0,4,20,14,7,4.257,133,1232628
69,36,0,0,9,37,15,7,8.471,133,1758204
20,14,0,0,3,21,16,7,4.263,133,1214568
8,8,0,0,2,14,9,7,2.677,132,1004672
8,11,0,0,1,17,13,7,3.238,132,1057644
32,15,0,0,0,23,15,7,4.857,132,1284556
38,18,0,0,6,28,16,7,5.889,132,1389368
38,14,0,0,5,29,13,7,5.956,134,1370904
83,40,0,0,10,50,17,7,11.036,133,1992952
2,7,0,0,0,12,9,7,2.202,132,965576
6,6,0,0,1,11,10,7,2.116,132,986156
21,17,0,0,7,31,15,7,5.962,134,1308528
63,25,0,0,5,37,17,7,8.092,132,1668404
98,45,0,0,3,60,18,7,13.111,133,2219480
6,2,0,0,4,18,8,7,3.157,132,1005928
10,15,0,0,3,23,13,7,4.368,132,1149456
63,26,0,0,2,38,17,7,8.283,132,1682028
27,13,0,0,7,25,15,7,5.039,132,1276748
101,36,0,0,8,51,20,7,11.505,132,2085780
7,10,0,0,1,14,11,7,2.705,132,1011124
5,11,0,0,2,16,10,7,3.000,131,1019504
11,9,0,0,6,17,12,7,3.268,132,1052608
21,10,0,0,2,17,13,7,3.524,132,1138224
30,27,0,0,4,27,13,7,5.753,132,1385736
3,12,0,0,4,14,12,7,2.659,132,999064
9,6,0,0,0,14,11,7,2.653,132,1001428
28,18,0,0,5,26,16,7,5.340,133,1312020
57,36,0,0,8,47,16,7,9.823,132,1776160
122,45,0,0,9,53,17,7,12.528,133,2295736
5,3,0,0,1,11,10,7,2.022,134,958120
81,46,0,0,10,62,16,7,13.055,132,2131356
98,49,0,0,9,60,19,7,13.197,133,2234040
32,13,0,0,2,28,14,7,5.643,132,1325872
16,10,0,0,1,16,16,7,3.248,133,1094424
3,4,0,0,1,12,11,7,2.157,132,951664
61,26,0,0,11,37,16,7,8.092,133,1670108
13,15,0,0,3,17,17,7,3.456,132,1118716
9,10,0,0,2,12,12,7,2.433,133,1024124
35,22,0,0,6,29,16,7,6.088,132,1400280
8,3,0,0,1,12,11,7,2.252,132,986148
13,4,0,0,1,14,12,7,2.711,132,1021868
16,10,0,0,3,17,11,7,3.398,133,1098360
26,21,0,0,3,26,16,7,5.368,133,1318152
78,35,0,0,6,38,18,7,8.908,133,1967104
10,3,0,0,1,14,10,7,2.620,132,1009224
68,29,0,0,6,42,16,7,9.116,133,1757584
73,50,0,0,7,46,18,7,10.361,133,1961372
28,15,0,0,2,23,12,7,4.801,133,1255860
10,12,0,0,4,16,11,7,3.158,133,1061256
74,39,0,0,8,41,18,7,9.310,133,1856176
24,15,0,0,1,33,15,7,6.320,131,1315648
6,11,0,0,3,15,13,7,2.870,132,1024452
102,40,0,0,11,50,19,7,11.468,132,2109780
77,50,0,0,10,46,17,7,10.474,132,1986884
62,26,0,0,7,43,15,7,9.077,133,1725436
42,19,0,0,2,23,16,7,5.196,134,1385744
102,49,0,0,16,63,18,7,13.926,133,2507160
8,5,0,0,1,16,11,7,2.935,133,1009616
19,11,0,0,7,26,12,7,4.965,132,1217448
87,37,0,0,9,50,18,7,11.034,132,1999080
58,28,0,0,7,40,19,7,8.560,134,1688020
26,15,0,0,8,41,12,7,7.663,133,1384984
46,26,0,0,7,38,16,7,7.881,133,1573156
48,19,0,0,3,24,20,7,5.499,133,1432164
57,36,0,0,4,37,17,7,8.243,133,1712016
51,21,0,0,5,26,19,7,5.960,133,1488156
36,23,0,0,1,28,14,7,5.969,133,1402184
11,9,0,0,2,16,14,7,3.104,133,1054708
25,10,0,0,5,28,13,7,5.397,133,1254548
41,27,0,0,1,28,17,7,6.176,133,1469404
3,5,0,0,2,11,10,7,2.025,133,960956
36,15,0,0,3,29,17,7,5.970,133,1375244
83,43,0,0,5,50,18,7,11.095,133,1994992
37,18,0,0,3,27,13,7,5.707,133,1373640
31,22,0,0,7,24,16,7,5.176,132,1335292
27,19,0,0,5,23,12,7,4.857,133,1278852
54,22,0,0,8,39,16,7,8.133,132,1609188
106,44,0,0,11,63,21,7,13.775,133,2290844
81,45,0,0,11,50,19,7,11.088,133,2007248
41,19,0,0,6,30,14,7,6.299,133,1412548
15,8,0,0,2,15,12,7,3.019,133,1056696
26,9,0,0,6,24,12,7,4.780,133,1277516
15,14,0,0,4,19,14,7,3.800,132,1142840
9,5,0,0,3,16,12,7,2.957,132,1020040
31,12,0,0,6,27,18,7,5.424,133,1293856
47,34,0,0,3,39,17,7,8.255,131,1632156
52,18,0,0,4,32,16,7,6.858,133,1514808
62,27,0,0,10,37,18,7,8.128,134,1692372
46,17,0,0,7,32,16,7,6.708,132,1471204
32,16,0,0,6,21,13,7,4.569,133,1282876
6,14,0,0,5,17,11,7,3.259,132,1053080
27,17,0,0,4,21,13,7,4.497,132,1261308
93,43,0,0,10,52,20,7,11.626,132,2092980
56,27,0,0,0,34,16,7,7.512,134,1610216
7,6,0,0,2,12,11,7,2.304,133,991540
2,7,0,0,0,15,10,7,2.701,133,995144
46,19,0,0,7,30,17,7,6.431,133,1462888
30,22,0,0,5,26,15,7,5.473,132,1335264
59,30,0,0,12,38,16,7,8.293,131,1677940
54,17,0,0,3,36,18,7,7.559,132,1558100
6,6,0,0,1,15,11,7,2.758,133,999984
38,23,0,0,4,32,15,7,6.667,133,1448960
10,9,0,0,3,18,12,7,3.401,132,1055124
56,26,0,0,5,43,19,7,8.950,132,1679364
104,56,0,0,10,50,19,7,11.901,133,2229464
29,13,0,0,3,35,15,7,6.713,132,1358628
65,31,0,0,6,41,16,7,8.974,133,1762052
91,33,0,0,11,36,22,7,8.770,132,1889840
24,11,0,0,1,22,13,7,4.431,131,1210428
50,19,0,0,8,35,16,7,7.327,133,1540100
23,14,0,0,4,19,16,7,3.987,131,1195300
15,19,0,0,5,26,16,7,5.054,132,1236716
46,24,0,0,9,32,20,7,6.877,132,1512764
23,13,0,0,3,22,13,7,4.465,133,1206340
108,36,0,0,14,57,17,7,12.668,133,2196824
51,16,0,0,3,26,19,7,5.837,132,1446540
13,7,0,0,1,22,13,7,4.077,132,1109788
12,17,0,0,2,28,14,7,5.252,132,1212680
27,16,0,0,6,21,13,7,4.455,133,1255168
36,23,0,0,4,35,12,7,7.108,133,1453808
32,17,0,0,5,28,14,7,5.720,132,1346380
73,38,0,0,10,45,20,7,10.040,133,2035964
23,11,0,0,2,23,14,7,4.560,132,1206336
108,38,0,0,7,50,19,7,11.541,133,2127984
56,28,0,0,6,35,18,7,7.675,133,1621548
51,26,0,0,3,39,16,7,8.181,133,1623980
94,36,0,0,6,50,15,7,11.297,134,2227092
105,47,0,0,15,64,21,7,13.954,131,2279076
77,26,0,0,4,49,18,7,10.489,132,2020736
107,51,0,0,16,67,16,7,14.609,133,2347224
33,22,0,0,5,22,15,7,4.892,133,1337324
34,14,0,0,4,22,15,7,4.723,132,1280468
21,11,0,0,6,17,12,7,3.543,132,1134016
52,20,0,0,6,35,15,7,7.439,133,1554232
5,3,0,0,0,15,10,7,2.668,132,983576
14,7,0,0,1,15,10,7,2.962,133,1057636
109,62,0,0,7,63,22,7,14.271,132,2406140
42,16,0,0,7,31,16,7,6.440,131,1436644
26,24,0,0,5,33,16,7,6.567,132,1391440
10,12,0,0,2,13,10,7,2.656,133,1033680
5,6,0,0,1,14,9,7,2.585,132,994112
2,1,0,0,3,11,9,7,1.902,133,912544
33,20,0,0,3,26,14,7,5.511,132,1352800
13,12,0,0,1,15,14,7,3.065,132,1082164
12,9,0,0,3,16,12,7,3.123,133,1058740
35,24,0,0,6,28,14,7,5.961,131,1416032
139,60,0,0,19,74,19,7,16.737,132,2670916
26,14,0,0,5,27,15,7,5.365,132,1279076
26,13,0,0,6,27,19,7,5.359,133,1271304
19,8,0,0,3,15,13,7,3.103,133,1099040
28,14,0,0,1,31,12,7,6.069,133,1338132
16,16,0,0,5,26,13,7,5.013,132,1204016
48,19,0,0,4,33,13,7,6.976,134,1522480
41,14,0,0,3,28,15,7,5.869,132,1387340
90,38,0,0,14,54,16,7,11.911,131,2261252
23,11,0,0,3,20,13,7,4.085,133,1186532
10,1,0,0,1,10,10,7,1.928,131,965580
14,14,0,0,4,24,15,7,4.614,132,1176560
93,57,0,0,9,51,17,7,11.833,133,2165104
67,31,0,0,10,42,19,7,9.140,132,1760712
97,31,0,0,10,59,17,7,12.560,133,2100436
20,13,0,0,5,18,14,7,3.733,133,1152172
16,12,0,0,3,22,12,7,4.266,132,1162352
37,20,0,0,4,27,15,7,5.767,133,1395496
56,36,0,0,3,55,17,7,11.114,133,1843400
73,27,0,0,7,44,17,7,9.513,132,1793988
15,17,0,0,6,26,14,7,5.012,132,1208104
95,49,0,0,15,59,19,7,13.046,131,2335628
17,13,0,0,3,27,12,7,5.119,133,1214256
129,71,0,0,11,70,21,7,16.029,134,2651096
96,57,0,0,8,54,18,7,12.380,131,2224536
30,20,0,0,6,28,15,7,5.747,132,1338896
100,41,0,0,6,56,19,7,12.414,132,2168212
83,34,0,0,9,54,16,7,11.589,132,2132860
7,8,0,0,1,12,11,7,2.346,133,1002564
26,9,0,0,1,14,17,7,3.131,133,1134012
62,29,0,0,7,37,17,7,8.153,133,1680880
101,47,0,0,9,55,20,7,12.477,132,2329500
2,2,0,0,0,9,8,7,1.600,133,913000
6,3,0,0,4,14,10,7,2.529,132,992812
7,4,0,0,1,12,10,7,2.248,132,981532
25,17,0,0,6,25,13,7,5.092,133,1277760
85,44,0,0,11,41,18,7,9.810,133,2137988
92,49,0,0,9,48,18,7,11.101,132,2090688
111,46,0,0,5,57,17,7,12.948,134,2255904
11,8,0,0,2,17,11,7,3.242,132,1053556
20,19,0,0,1,28,14,7,5.502,132,1282708
30,15,0,0,3,27,15,7,5.495,133,1310696
117,62,0,0,11,61,19,7,14.096,133,2432220
9,9,0,0,1,16,13,7,3.056,133,1042320
119,55,0,0,10,55,19,7,12.993,132,2345376
125,58,0,0,15,65,19,7,14.857,133,2492312
20,12,0,0,3,24,12,7,4.690,133,1222480
20,18,0,0,4,31,13,7,5.958,133,1292232
13,16,0,0,1,22,12,7,4.285,132,1152168
32,20,0,0,2,22,15,7,4.822,132,1298864
66,34,0,0,9,41,15,7,9.042,132,1793872
23,15,0,0,5,21,14,7,4.367,132,1271384
64,35,0,0,5,47,16,7,9.963,133,1812008
26,21,0,0,2,24,15,7,5.035,132,1303672
62,24,0,0,5,27,17,7,6.422,133,1569312
70,28,0,0,9,33,18,7,7.696,131,1703936
117,50,0,0,6,56,17,7,13.009,133,2312772
4,8,0,0,2,16,9,7,2.918,131,1000756
45,26,0,0,7,29,14,7,6.402,131,1491156
60,30,0,0,10,37,18,7,8.134,133,1671808
27,22,0,0,1,30,16,7,6.055,132,1360776
5,11,0,0,1,15,12,7,2.845,133,1020036
104,40,0,0,9,38,19,7,9.679,133,2225564
99,45,0,0,9,48,20,7,11.193,132,2103384
23,20,0,0,7,32,10,7,6.256,133,1353392
70,33,0,0,4,43,18,7,9.409,133,1812012
21,12,0,0,5,20,15,7,4.073,133,1169884
58,26,0,0,3,52,13,7,10.444,133,1759848
17,11,0,0,3,25,15,7,4.757,134,1185324
85,40,0,0,10,53,17,7,11.675,132,2218840
36,16,0,0,4,39,13,7,7.590,132,1455984
27,9,0,0,1,21,14,7,4.289,133,1202460
104,53,0,0,16,56,19,7,12.797,132,2254644
20,10,0,0,7,24,12,7,4.631,133,1192664
136,44,0,0,5,64,18,7,14.598,134,2466112
15,14,0,0,4,24,11,7,4.619,133,1175600
123,50,0,0,4,56,20,7,13.119,132,2332060
27,25,0,0,5,38,14,7,7.427,133,1440240
78,41,0,0,10,56,16,7,11.951,133,2153308
134,69,0,0,6,67,18,7,15.613,133,2632012
3,6,0,0,0,11,10,7,2.044,133,951720
11,14,0,0,5,18,11,7,3.542,132,1095784
87,40,0,0,7,41,19,7,9.750,132,2133560
27,11,0,0,4,29,14,7,5.648,133,1282704
23,19,0,0,5,23,15,7,4.759,133,1261308
30,11,0,0,2,16,17,7,3.592,133,1190964
25,14,0,0,4,27,17,7,5.342,133,1259960
29,12,0,0,1,33,13,7,6.357,133,1332236
29,25,0,0,2,23,16,7,5.034,133,1337340
63,33,0,0,6,39,17,7,8.638,132,1743032
27,16,0,0,2,21,16,7,4.463,133,1251076
29,16,0,0,9,31,14,7,6.128,132,1345392
26,19,0,0,4,27,13,7,5.494,133,1315644
12,4,0,0,6,17,11,7,3.174,132,1030516
41,18,0,0,5,27,19,7,5.798,133,1400284
12,9,0,0,6,16,14,7,3.127,132,1056696
114,51,0,0,21,61,21,7,13.939,132,2600872
42,18,0,0,5,30,16,7,6.320,133,1446820
9,8,0,0,1,11,14,7,2.222,133,999592
132,59,0,0,10,69,18,7,15.719,134,2584924
41,21,0,0,3,23,14,7,5.231,132,1380336
92,36,0,0,9,50,22,7,11.240,132,2222928
99,38,0,0,8,48,20,7,11.027,132,2064628
44,18,0,0,5,32,15,7,6.698,132,1462784
24,13,0,0,1,21,14,7,4.325,132,1216556
7,6,0,0,2,11,10,7,2.142,132,984404
29,18,0,0,2,22,17,7,4.711,132,1289004
74,36,0,0,8,38,18,7,8.774,133,1820804
125,67,0,0,12,74,18,7,16.670,133,2914296
131,54,0,0,10,56,22,7,13.454,132,2426152
5,11,0,0,2,18,10,7,3.335,133,1035672
28,9,0,0,6,18,14,7,3.843,132,1214576
116,42,0,0,8,58,23,7,13.130,133,2295432
103,38,0,0,9,50,18,7,11.471,132,2108076
6,4,0,0,1,17,9,7,3.037,132,1009228
16,14,0,0,4,19,14,7,3.820,133,1139844
83,29,0,0,13,50,18,7,10.875,133,2101908
5,3,0,0,3,14,10,7,2.498,133,970772
12,5,0,0,4,19,11,7,3.525,132,1059684
105,47,0,0,7,44,19,7,10.838,133,2337880
106,45,0,0,16,59,19,7,13.285,133,2483944
54,34,0,0,6,40,13,7,8.590,132,1689548
47,23,0,0,6,39,18,7,8.006,131,1570364
3,4,0,0,1,11,10,7,1.998,133,949612
28,20,0,0,3,23,15,7,4.897,132,1303672
8,6,0,0,6,17,10,7,3.128,132,1017992
19,13,0,0,5,19,13,7,3.864,133,1152168
14,14,0,0,2,19,13,7,3.776,132,1129620
60,20,0,0,9,39,15,7,8.221,132,1625808
27,13,0,0,1,24,12,7,4.874,131,1255176
98,51,0,0,16,61,19,7,13.548,132,2473724
32,15,0,0,3,25,14,7,5.204,133,1310700
2,9,0,0,1,15,9,7,2.739,132,1001308
1,6,0,0,1,9,12,7,1.670,132,928776
18,11,0,0,2,21,13,7,4.124,134,1156224
94,36,0,0,11,49,18,7,11.030,131,2022904
12,5,0,0,1,19,11,7,3.523,132,1062260
97,49,0,0,10,56,16,7,12.527,132,2197252
24,16,0,0,5,22,17,7,4.535,132,1231340
29,25,0,0,3,31,16,7,6.340,133,1412116
90,40,0,0,10,54,16,7,11.948,133,2266656
18,11,0,0,2,20,11,7,3.964,133,1145972
52,32,0,0,8,38,15,7,8.180,131,1657104
13,9,0,0,2,17,13,7,3.323,133,1074628
125,37,0,0,13,65,18,7,14.423,132,2496976
54,23,0,0,6,42,18,7,8.636,133,1637900
41,15,0,0,4,26,15,7,5.556,132,1363420
97,39,0,0,12,52,17,7,11.753,132,2291584
37,24,0,0,11,34,16,7,6.995,132,1476492
18,9,0,0,4,18,11,7,3.590,132,1115316
115,54,0,0,9,51,20,7,12.279,133,2295732
100,40,0,0,9,49,19,7,11.281,131,2101672
88,33,0,0,8,55,16,7,11.905,133,2204200
86,31,0,0,9,47,19,7,10.525,132,2114500
5,3,0,0,1,14,9,7,2.501,133,970772
18,8,0,0,3,20,13,7,3.893,132,1124852
68,23,0,0,5,48,15,7,9.955,132,1783172
30,17,0,0,1,30,16,7,6.009,132,1356600
51,30,0,0,4,25,16,7,5.991,133,1527072
27,20,0,0,4,31,14,7,6.152,133,1338892
48,23,0,0,1,36,14,7,7.549,132,1545108
79,31,0,0,4,51,16,7,10.897,131,1955780
100,51,0,0,7,66,18,7,14.261,132,2300944
15,11,0,0,3,11,13,7,2.433,133,1050552
121,60,0,0,13,68,16,7,15.252,132,2509836
50,31,0,0,8,38,18,7,8.101,133,1636072
30,18,0,0,0,28,14,7,5.719,133,1347432
4,5,0,0,2,10,9,7,1.884,133,951660
24,16,0,0,3,28,17,7,5.516,132,1291036
49,19,0,0,5,30,16,7,6.503,131,1484072
18,20,0,0,3,25,16,7,4.975,132,1246836
20,14,0,0,2,32,13,7,6.042,132,1275392
29,21,0,0,2,23,14,7,4.936,133,1310700
81,34,0,0,11,46,19,7,10.196,133,1911184
5,3,0,0,0,11,8,7,2.020,133,951660
34,14,0,0,4,27,15,7,5.547,132,1328204
1,5,0,0,1,12,8,7,2.133,133,945520
23,17,0,0,2,29,13,7,5.680,133,1302388
20,8,0,0,3,17,15,7,3.454,131,1114104
98,51,0,0,8,60,21,7,13.227,132,2223028
8,3,0,0,1,13,10,7,2.420,133,986476
41,17,0,0,9,29,14,7,6.107,133,1409904
29,15,0,0,3,23,13,7,4.817,133,1279076
86,37,0,0,8,53,19,7,11.493,132,2007248
3,6,0,0,2,14,10,7,2.532,132,992812
50,20,0,0,6,41,17,7,8.326,133,1590888
30,13,0,0,5,33,13,7,6.402,132,1351516
37,22,0,0,6,47,15,7,9.048,132,1574216
36,20,0,0,6,35,15,7,7.022,132,1446684
53,22,0,0,5,30,15,7,6.670,133,1528760
11,9,0,0,0,18,10,7,3.445,131,1067384
6,4,0,0,4,18,9,7,3.195,133,1000748
40,23,0,0,5,33,16,7,6.871,132,1475540
42,26,0,0,6,36,15,7,7.473,132,1538056
77,30,0,0,6,45,19,7,9.918,131,2014592
81,38,0,0,7,52,15,7,11.338,132,2117508
87,38,0,0,6,41,19,7,9.599,133,1937500
97,38,0,0,12,50,20,7,11.295,133,2078932
15,11,0,0,2,24,13,7,4.546,132,1162352
65,32,0,0,8,34,16,7,7.834,132,1696220
17,8,0,0,5,22,12,7,4.192,132,1133704
7,6,0,0,3,13,10,7,2.462,133,1001300
41,20,0,0,7,32,13,7,6.662,132,1455104
7,9,0,0,1,12,13,7,2.366,133,1012256
85,38,0,0,7,34,19,7,8.432,132,1851680
85,27,0,0,7,48,18,7,10.533,131,2081148
97,40,0,0,13,63,19,7,13.585,132,2406920
72,39,0,0,7,47,16,7,10.372,133,2064460
94,32,0,0,7,46,20,7,10.444,132,1984668
43,19,0,0,2,23,17,7,5.218,134,1387396
13,6,0,0,3,14,14,7,2.753,133,1028008
96,39,0,0,6,43,19,7,10.261,133,2206312
22,20,0,0,3,31,14,7,6.061,133,1332000
34,10,0,0,6,32,14,7,6.264,133,1351520
27,18,0,0,2,25,13,7,5.143,133,1286132
62,37,0,0,8,44,21,7,9.509,131,1802920
29,15,0,0,5,29,13,7,5.772,133,1325868
33,16,0,0,3,22,15,7,4.763,132,1302352
7,9,0,0,3,18,9,7,3.328,133,1043848
76,41,0,0,9,46,16,7,10.263,132,1912260
21,12,0,0,2,19,14,7,3.921,132,1182324
32,15,0,0,5,28,13,7,5.684,131,1342312
10,16,0,0,3,20,11,7,3.888,133,1121128
109,35,0,0,20,58,17,7,12.833,132,2197256
103,39,0,0,10,43,22,7,10.325,133,2062584
21,9,0,0,5,22,14,7,4.336,133,1195108
94,46,0,0,10,59,18,7,12.929,132,2311096
109,49,0,0,5,57,17,7,12.970,132,2280704
5,1,0,0,1,10,9,7,1.808,133,936228
13,13,0,0,0,23,14,7,4.375,133,1145972
14,7,0,0,3,14,16,7,2.799,133,1038292
97,40,0,0,10,55,20,7,12.287,133,2340384
66,34,0,0,8,49,20,7,10.329,132,1836204
18,11,0,0,1,23,14,7,4.470,133,1171952
84,37,0,0,9,51,21,7,11.244,132,2172876
77,32,0,0,13,38,18,7,8.819,132,1944352
61,21,0,0,5,32,16,7,7.171,133,1592540
126,45,0,0,6,54,19,7,12.793,133,2313384
101,34,0,0,10,50,20,7,11.295,133,2062512
26,17,0,0,6,27,14,7,5.417,133,1293848
60,31,0,0,6,46,16,7,9.667,134,1764616
116,62,0,0,9,69,22,7,15.429,133,2498888
6,2,0,0,2,11,9,7,2.022,133,957064
37,15,0,0,3,30,16,7,6.125,131,1373632
35,20,0,0,4,34,13,7,6.845,133,1432540
45,23,0,0,6,32,14,7,6.811,133,1493940
14,15,0,0,5,16,11,7,3.312,133,1108120
24,17,0,0,4,20,14,7,4.246,132,1228548
75,35,0,0,10,46,18,7,10.076,132,1885876
10,8,0,0,1,10,10,7,2.081,133,991516
21,13,0,0,3,17,16,7,3.628,133,1208928
7,10,0,0,1,21,12,7,3.854,131,1067440
100,41,0,0,12,57,16,7,12.584,132,2170080
41,19,0,0,6,20,16,7,4.709,133,1355728
7,1,0,0,1,12,10,7,2.184,133,953760
6,1,0,0,1,11,9,7,1.996,133,949612
17,18,0,0,5,20,12,7,4.117,133,1199796
35,19,0,0,4,24,14,7,5.193,132,1335260
106,38,0,0,14,56,19,7,12.611,133,2392616
60,31,0,0,5,29,17,7,6.876,132,1632096
23,20,0,0,4,20,15,7,4.291,133,1246828
15,10,0,0,3,18,14,7,3.542,132,1093740
25,14,0,0,2,28,13,7,5.510,132,1286796
53,29,0,0,6,37,16,7,7.978,132,1677692
18,7,0,0,2,15,13,7,3.060,131,1076032
28,13,0,0,2,25,12,7,5.064,133,1263708
33,19,0,0,4,23,16,7,4.990,132,1326876
61,27,0,0,4,42,17,7,8.928,132,1746044
66,30,0,0,2,51,19,7,10.602,132,1964068
70,40,0,0,7,46,19,7,10.067,133,1890224
76,44,0,0,6,55,17,7,11.839,132,2146644
15,13,0,0,1,20,12,7,3.944,133,1149460
109,40,0,0,10,54,18,7,12.300,132,2205632
10,9,0,0,1,20,11,7,3.736,133,1079248
23,13,0,0,2,28,14,7,5.419,133,1262900
63,28,0,0,7,35,18,7,7.835,132,1662056
123,58,0,0,6,56,22,7,13.367,133,2406124
21,20,0,0,3,21,14,7,4.394,133,1225212
30,17,0,0,3,23,17,7,4.873,132,1274336
7,14,0,0,2,16,10,7,3.122,133,1048196
126,48,0,0,7,73,18,7,15.930,132,2499984
92,37,0,0,5,53,22,7,11.613,133,2048140
57,29,0,0,4,33,17,7,7.390,131,1616600
92,33,0,0,8,45,18,7,10.350,132,2154156
36,19,0,0,5,32,17,7,6.518,132,1422164
43,25,0,0,8,32,16,7,6.848,132,1516344
12,9,0,0,3,13,13,7,2.641,131,1035616
45,24,0,0,4,22,17,7,5.222,132,1424452
51,23,0,0,5,36,15,7,7.613,133,1589508
25,12,0,0,7,26,15,7,5.130,133,1254552
4,5,0,0,0,13,8,7,2.367,133,975388
3,9,0,0,1,15,10,7,2.759,132,1007172
72,27,0,0,13,60,17,7,12.057,132,1921488
34,20,0,0,3,31,16,7,6.335,131,1399588
10,12,0,0,1,12,9,7,2.500,133,1028480
119,39,0,0,11,45,18,7,11.102,134,2303900
24,11,0,0,4,20,14,7,4.122,133,1214572
13,8,0,0,5,19,9,7,3.612,133,1077592
21,13,0,0,5,28,13,7,5.365,132,1244736
88,47,0,0,11,56,17,7,12.373,131,2261976
78,38,0,0,12,48,18,7,10.629,133,2104284
44,24,0,0,5,34,15,7,7.143,132,1498796
35,20,0,0,3,25,16,7,5.387,134,1359748
60,34,0,0,2,35,18,7,7.925,133,1697352
17,17,0,0,1,20,12,7,4.080,133,1186532
57,18,0,0,4,24,17,7,5.676,133,1483336
115,53,0,0,16,70,20,7,15.320,134,2449700
29,16,0,0,2,27,16,7,5.496,132,1312016
44,28,0,0,6,32,18,7,6.921,133,1537316
32,20,0,0,4,25,15,7,5.303,132,1338272
71,27,0,0,9,47,16,7,9.957,133,1818876
26,8,0,0,3,25,13,7,4.919,133,1279548
20,11,0,0,4,19,15,7,3.844,132,1150504
35,12,0,0,4,29,16,7,5.845,133,1351524
22,14,0,0,4,28,12,7,5.420,133,1261768
18,13,0,0,4,19,14,7,3.847,133,1158268
35,25,0,0,4,28,17,7,6.004,133,1424384
67,30,0,0,6,39,16,7,8.664,132,1730276
37,19,0,0,4,32,16,7,6.552,131,1420296
79,37,0,0,5,34,17,7,8.262,132,1808464
6,4,0,0,0,15,9,7,2.730,132,998724
90,42,0,0,9,67,19,7,14.075,131,2319272
99,40,0,0,11,49,15,7,11.243,132,2092628
52,34,0,0,5,44,18,7,9.220,132,1707988
93,33,0,0,8,40,21,7,9.459,133,1931244
7,11,0,0,1,17,12,7,3.217,132,1040552
53,38,0,0,4,44,15,7,9.322,132,1743032
49,24,0,0,8,45,14,7,9.048,132,1649916
73,30,0,0,3,44,20,7,9.665,133,1944352
9,5,0,0,3,11,12,7,2.164,131,985944
65,43,0,0,8,49,19,7,10.522,133,1894572
21,11,0,0,2,15,15,7,3.217,132,1114260
83,24,0,0,6,37,20,7,8.548,132,1778620
26,10,0,0,1,17,14,7,3.643,131,1160660
43,20,0,0,3,29,18,7,6.224,133,1452916
108,52,0,0,6,51,17,7,12.056,132,2235404
59,26,0,0,6,28,18,7,6.570,133,1569308
47,16,0,0,3,27,17,7,5.911,132,1441008
12,2,0,0,1,11,13,7,2.168,133,991536
111,45,0,0,7,61,17,7,13.599,132,2307080
90,40,0,0,5,38,16,7,9.330,133,2116100
4,6,0,0,1,15,7,7,2.720,133,991544
60,35,0,0,7,45,16,7,9.546,133,1773576
36,13,0,0,2,18,14,7,4.116,134,1273656
31,13,0,0,2,24,15,7,4.960,132,1287420
96,37,0,0,10,57,17,7,12.419,132,2119504
41,20,0,0,5,28,15,7,6.025,131,1430516
36,18,0,0,0,29,14,7,6.015,133,1391428
18,17,0,0,5,22,15,7,4.423,132,1200208
16,14,0,0,3,20,11,7,3.983,133,1156224
66,20,0,0,7,44,16,7,9.214,133,1707896
7,9,0,0,0,16,11,7,3.009,132,1024388
1,2,0,0,1,9,8,7,1.574,133,901724
97,36,0,0,1,42,19,7,9.944,134,1991396
100,42,0,0,16,61,18,7,13.313,132,2344068
60,28,0,0,8,40,16,7,8.573,132,1689328
57,25,0,0,5,36,17,7,7.789,133,1618664
87,31,0,0,4,62,16,7,12.945,133,2264992
30,17,0,0,6,24,16,7,5.029,131,1307300
90,43,0,0,6,54,17,7,11.968,134,2220304
55,31,0,0,6,43,18,7,9.036,134,1718860
20,20,0,0,2,29,15,7,5.683,132,1293088
20,17,0,0,3,20,13,7,4.143,133,1202460
30,15,0,0,7,25,15,7,5.142,132,1284556
93,48,0,0,12,59,15,7,12.902,134,2184984
27,7,0,0,2,18,15,7,3.777,132,1179736
79,33,0,0,7,39,17,7,9.047,133,1967108
13,10,0,0,4,20,12,7,3.821,132,1093740
33,16,0,0,1,25,16,7,5.231,132,1309084
39,16,0,0,2,24,15,7,5.233,132,1351480
37,21,0,0,7,31,12,7,6.437,132,1426424
14,10,0,0,0,16,13,7,3.198,134,1078080
64,35,0,0,4,37,17,7,8.378,132,1736412
32,15,0,0,6,29,15,7,5.839,133,1347436
26,9,0,0,5,18,15,7,3.788,132,1163216
85,40,0,0,3,59,18,7,12.646,133,2284120
85,41,0,0,11,50,18,7,11.210,132,2198064
39,23,0,0,3,32,14,7,6.718,133,1465676
32,20,0,0,4,26,15,7,5.467,132,1349116
15,9,0,0,0,13,13,7,2.708,133,1052604
33,18,0,0,4,23,17,7,4.960,132,1309084
70,32,0,0,6,46,16,7,9.870,132,1827464
89,45,0,0,13,53,18,7,11.852,134,2225184
83,31,0,0,8,42,20,7,9.600,133,2050348
12,3,0,0,2,14,11,7,2.659,132,1005724
58,29,0,0,5,45,17,7,9.359,134,1730084
47,30,0,0,5,38,18,7,7.997,132,1607236
68,33,0,0,5,49,15,7,10.366,132,1845848
13,12,0,0,2,16,12,7,3.216,133,1081484
29,17,0,0,6,20,17,7,4.362,132,1253824
12,2,0,0,2,11,12,7,2.168,133,994108
26,20,0,0,5,24,15,7,5.009,132,1289768
24,10,0,0,4,27,15,7,5.227,133,1238756
28,10,0,0,2,18,16,7,3.863,132,1216348
91,54,0,0,6,42,20,7,10.316,132,2199604
33,14,0,0,5,20,17,7,4.401,133,1265324
101,50,0,0,10,49,20,7,11.514,132,2165540
10,11,0,0,2,13,12,7,2.645,132,1046364
50,28,0,0,6,38,16,7,8.037,132,1618688
17,20,0,0,3,27,12,7,5.282,133,1244292
35,30,0,0,2,25,18,7,5.607,133,1407600
126,63,0,0,19,75,18,7,16.576,134,2603916
4,4,0,0,0,12,8,7,2.183,132,953760
42,24,0,0,8,33,15,7,6.932,133,1497396
18,9,0,0,2,14,11,7,2.934,133,1070468
6,7,0,0,3,14,9,7,2.620,132,999988
60,32,0,0,5,34,19,7,7.719,131,1671728
70,31,0,0,5,37,19,7,8.383,132,1754804
98,45,0,0,3,49,17,7,11.447,133,2324948
76,38,0,0,4,43,17,7,9.680,132,1888588
13,13,0,0,2,20,12,7,3.900,132,1123700
83,42,0,0,6,43,17,7,9.922,133,1935380
98,49,0,0,13,55,21,7,12.497,132,2409296
34,27,0,0,4,28,17,7,6.015,132,1420296
16,10,0,0,2,21,14,7,4.052,132,1133712
95,39,0,0,13,63,19,7,13.373,134,2183624
74,29,0,0,8,52,18,7,10.934,132,2019260
50,35,0,0,5,44,14,7,9.169,132,1707584
39,19,0,0,8,39,14,7,7.721,133,1490980
105,42,0,0,9,56,18,7,12.572,133,2199508
10,7,0,0,1,15,13,7,2.867,133,1026436
63,25,0,0,6,48,15,7,9.895,132,1746884
14,7,0,0,1,15,13,7,2.960,132,1059680
84,38,0,0,2,45,18,7,10.189,133,1950444
43,20,0,0,4,30,16,7,6.393,132,1455096
88,44,0,0,14,55,20,7,12.098,132,2220300
23,16,0,0,0,20,13,7,4.193,132,1214724
48,30,0,0,7,39,17,7,8.191,133,1624068
33,22,0,0,5,27,14,7,5.697,132,1359792
59,24,0,0,6,42,15,7,8.806,133,1677104
27,7,0,0,2,13,14,7,2.952,134,1137084
43,20,0,0,6,32,15,7,6.715,132,1472860
42,16,0,0,3,25,14,7,5.454,132,1387348
7,6,0,0,0,12,9,7,2.306,133,994116
124,64,0,0,10,76,16,7,16.732,133,2619760
65,28,0,0,12,49,19,7,10.161,132,1796752
25,15,0,0,3,29,14,7,5.683,133,1298304
5,6,0,0,0,16,8,7,2.893,132,1007184
75,36,0,0,7,48,16,7,10.414,134,1900636
28,13,0,0,6,22,16,7,4.564,134,1253216
82,49,0,0,6,53,19,7,11.690,134,2065088
81,40,0,0,9,44,19,7,10.023,132,1941844
5,8,0,0,2,17,9,7,3.101,132,1013900
64,33,0,0,7,33,18,7,7.692,133,1697760
33,12,0,0,2,26,11,7,5.316,132,1313428
59,42,0,0,5,35,16,7,8.088,132,1732324
33,13,0,0,11,32,15,7,6.312,133,1349104
90,46,0,0,8,58,17,7,12.741,130,2344808
32,23,0,0,2,29,16,7,6.026,133,1389368
26,12,0,0,2,26,13,7,5.151,133,1266524
61,35,0,0,6,39,18,7,8.612,133,1740984
40,22,0,0,4,31,13,7,6.518,134,1457136
10,10,0,0,3,14,11,7,2.780,132,1041792
8,6,0,0,0,12,12,7,2.327,132,1001304
75,43,0,0,9,45,17,7,10.190,132,2045352
15,10,0,0,4,21,13,7,4.027,132,1130356
110,49,0,0,10,54,18,7,12.532,133,2273572
66,37,0,0,8,46,18,7,9.919,133,1839316
90,44,0,0,11,49,19,7,11.126,132,2054880
48,28,0,0,2,30,15,7,6.692,131,1539332
64,26,0,0,4,38,21,7,8.332,132,1712348
42,24,0,0,9,35,14,7,7.263,133,1520720
49,28,0,0,7,32,16,7,7.023,133,1554928
35,21,0,0,2,27,13,7,5.735,133,1385300
56,33,0,0,9,35,21,7,7.808,132,1670108
69,37,0,0,3,47,19,7,10.147,133,1863840
100,38,0,0,10,65,18,7,13.794,134,2219480
89,55,0,0,9,53,21,7,11.998,132,2159776
10,6,0,0,2,14,12,7,2.681,133,1009608
74,30,0,0,6,40,16,7,8.958,133,1799696
93,42,0,0,9,49,17,7,11.236,133,2266660
87,51,0,0,3,53,19,7,11.962,132,2240484
31,17,0,0,3,19,14,7,4.251,133,1267524
109,46,0,0,12,58,20,7,13.076,132,2259268
74,29,0,0,9,29,18,7,7.171,132,1718076
55,27,0,0,5,33,17,7,7.305,132,1591808
37,14,0,0,4,27,17,7,5.616,133,1338892
131,53,0,0,7,53,21,7,12.919,133,2394204
4,3,0,0,2,13,9,7,2.315,133,951712
81,40,0,0,8,47,21,7,10.581,132,2149924
13,15,0,0,4,25,13,7,4.759,133,1182452
44,20,0,0,8,22,17,7,5.110,131,1399084
51,22,0,0,3,30,17,7,6.626,132,1512020
29,8,0,0,2,17,15,7,3.667,132,1166788
34,18,0,0,5,25,15,7,5.322,132,1350468
12,10,0,0,1,19,12,7,3.632,132,1083520
21,11,0,0,1,17,13,7,3.541,133,1145296
62,25,0,0,2,38,16,7,8.272,133,1718336
9,5,0,0,2,14,14,7,2.644,132,1014296
32,26,0,0,1,27,14,7,5.779,133,1401952
45,18,0,0,7,32,15,7,6.709,132,1461068
62,37,0,0,6,34,19,7,7.867,133,1712508
32,14,0,0,6,21,14,7,4.529,133,1273664
88,31,0,0,5,41,17,7,9.460,133,1907260
7,2,0,0,0,10,11,7,1.878,133,955748
11,11,0,0,2,17,12,7,3.325,133,1081288
3,2,0,0,0,9,8,7,1.620,132,914592
89,32,0,0,12,47,18,7,10.596,132,2145844
27,12,0,0,3,21,14,7,4.365,133,1238300
24,18,0,0,5,22,16,7,4.587,132,1257216
34,19,0,0,6,22,16,7,4.860,131,1332084
24,9,0,0,4,22,16,7,4.396,132,1222760
5,2,0,0,2,17,9,7,2.978,130,995160
34,14,0,0,8,23,15,7,4.892,131,1298264
7,9,0,0,1,18,11,7,3.334,132,1042280
3,7,0,0,1,17,10,7,3.037,132,1009228
10,5,0,0,2,13,10,7,2.500,133,993560
89,36,0,0,8,50,17,7,11.137,132,2144332
3,8,0,0,3,14,9,7,2.585,131,1000772
38,18,0,0,3,30,17,7,6.208,132,1394148
38,28,0,0,3,26,15,7,5.797,132,1439552
44,25,0,0,3,27,20,7,6.042,132,1476380
65,35,0,0,10,54,16,7,11.243,133,2052856
28,13,0,0,5,27,14,7,5.373,132,1286092
111,50,0,0,11,55,18,7,12.713,133,2272948
25,9,0,0,6,24,13,7,4.743,132,1210428
46,21,0,0,4,34,17,7,7.123,132,1516240
27,22,0,0,9,31,16,7,6.243,131,1368860
33,21,0,0,3,28,15,7,5.845,131,1373636
108,45,0,0,10,66,17,7,14.350,133,2303108
3,9,0,0,2,11,11,7,2.113,133,977452
6,4,0,0,2,14,10,7,2.560,132,984408
52,18,0,0,2,35,13,7,7.344,133,1522624
33,17,0,0,5,26,15,7,5.426,133,1337676
39,22,0,0,5,27,14,7,5.859,132,1414164
32,20,0,0,5,29,16,7,5.967,133,1375316
23,13,0,0,6,27,15,7,5.264,134,1262264
91,52,0,0,7,56,18,7,12.545,131,2304968
81,38,0,0,6,45,18,7,10.227,132,2094268
30,15,0,0,2,29,14,7,5.797,132,1310672
58,25,0,0,9,33,15,7,7.345,133,1614600
42,23,0,0,12,43,15,7,8.568,133,1570760
8,15,0,0,0,19,13,7,3.652,132,1096476
58,37,0,0,3,55,16,7,11.222,133,1858272
26,9,0,0,0,23,15,7,4.597,132,1216560
29,11,0,0,5,25,16,7,5.033,132,1267440
53,26,0,0,7,41,14,7,8.549,132,1660092
3,4,0,0,1,14,9,7,2.482,132,970980
12,8,0,0,1,16,12,7,3.100,133,1046680
15,9,0,0,3,19,12,7,3.675,133,1105016
93,28,0,0,8,52,18,7,11.302,133,2003236
56,25,0,0,8,32,17,7,7.148,133,1584736
54,34,0,0,5,39,18,7,8.422,133,1677940
62,34,0,0,17,47,16,7,9.919,132,1798840
43,18,0,0,4,22,14,7,5.037,132,1371920
32,25,0,0,6,32,14,7,6.590,133,1432560
18,9,0,0,3,26,12,7,4.897,132,1188584
103,48,0,0,5,53,19,7,12.197,133,2186644
11,8,0,0,1,14,12,7,2.753,132,1023392
81,37,0,0,5,49,19,7,10.786,132,2088824
30,25,0,0,4,27,14,7,5.707,133,1359788
6,2,0,0,1,13,10,7,2.346,132,974880
6,8,0,0,0,10,13,7,1.999,133,972068
74,40,0,0,14,49,19,7,10.687,132,1914304
29,27,0,0,4,27,18,7,5.733,133,1387344
15,11,0,0,2,16,12,7,3.245,133,1094424
12,10,0,0,2,15,12,7,2.986,133,1058736
45,25,0,0,9,27,16,7,6.052,133,1471056
12,5,0,0,0,11,10,7,2.231,133,1012256
14,11,0,0,5,18,11,7,3.536,133,1091904
7,5,0,0,2,12,12,7,2.278,133,981852
14,5,0,0,1,15,11,7,2.925,132,1048404
22,15,0,0,1,17,13,7,3.664,133,1186524
8,7,0,0,3,20,11,7,3.626,132,1040340
107,47,0,0,15,51,19,7,11.923,134,2204480
19,17,0,0,3,22,13,7,4.460,133,1210428
9,8,0,0,3,14,11,7,2.707,133,1011124
17,11,0,0,2,19,13,7,3.786,132,1122696
49,32,0,0,2,33,15,7,7.279,133,1581744
31,18,0,0,1,38,17,7,7.359,132,1418076
29,19,0,0,7,34,15,7,6.665,132,1375688
7,7,0,0,4,17,12,7,3.121,132,1024452
98,47,0,0,6,59,18,7,13.163,132,2421896
6,8,0,0,3,11,11,7,2.170,132,991536
5,5,0,0,2,12,10,7,2.224,133,970784
16,24,0,0,1,24,12,7,4.861,133,1234064
97,38,0,0,8,55,18,7,12.279,133,2306224
34,22,0,0,4,34,14,7,6.855,132,1430476
93,43,0,0,10,49,18,7,11.172,133,2066556
4,6,0,0,3,13,9,7,2.393,132,983572
8,7,0,0,3,15,12,7,2.825,132,1007240
23,18,0,0,4,23,15,7,4.720,133,1240196
44,10,0,0,5,30,17,7,6.178,133,1399592
85,48,0,0,7,62,18,7,13.271,133,2286492
15,21,0,0,4,28,13,7,5.411,132,1249504
43,28,0,0,6,25,15,7,5.756,134,1467368
9,12,0,0,4,15,11,7,2.961,133,1047000
27,17,0,0,2,25,15,7,5.131,131,1293084
39,23,0,0,3,28,15,7,6.027,133,1418676
25,17,0,0,3,16,16,7,3.624,133,1199680
28,10,0,0,5,27,15,7,5.327,134,1272660
4,6,0,0,5,16,9,7,2.881,132,1007968
110,51,0,0,11,51,21,7,12.073,133,2226424
9,6,0,0,1,15,10,7,2.815,132,1004668
14,10,0,0,2,18,13,7,3.523,133,1100256
36,7,0,0,3,19,13,7,4.119,132,1225212
56,23,0,0,4,41,14,7,8.531,132,1655740
10,7,0,0,2,16,11,7,3.038,132,1030516
33,17,0,0,8,26,15,7,5.439,132,1341304
5,2,0,0,1,12,11,7,2.160,132,960964
4,2,0,0,1,14,7,7,2.458,133,951720
29,19,0,0,5,32,17,7,6.386,132,1377300
73,27,0,0,4,39,16,7,8.774,133,1887040
31,20,0,0,2,24,14,7,5.134,131,1323676
37,21,0,0,4,30,14,7,6.268,132,1418252
97,44,0,0,5,47,17,7,10.951,133,2079656
77,39,0,0,12,44,20,7,9.998,131,2075012
25,17,0,0,5,20,16,7,4.258,133,1225212
22,13,0,0,1,18,13,7,3.782,132,1160656
101,46,0,0,7,58,20,7,12.909,133,2217268
113,47,0,0,8,55,20,7,12.685,132,2272520
77,32,0,0,5,38,18,7,8.806,133,1942308
54,22,0,0,9,38,16,7,7.979,133,1601852
67,35,0,0,7,39,17,7,8.786,132,1783524
9,1,0,0,3,17,9,7,3.037,132,1013316
34,20,0,0,6,21,15,7,4.712,132,1320740
116,56,0,0,9,73,23,7,15.882,132,2483780
109,42,0,0,13,58,18,7,12.944,132,2227124
17,13,0,0,3,19,15,7,3.816,132,1132656
76,29,0,0,7,39,19,7,8.820,132,1804312
77,29,0,0,10,51,17,7,10.770,132,1892528
21,15,0,0,2,19,13,7,3.976,133,1209956
50,12,0,0,10,31,16,7,6.528,132,1466176
32,24,0,0,5,29,13,7,6.060,134,1408028
30,15,0,0,4,17,13,7,3.843,132,1218552
56,36,0,0,6,38,18,7,8.359,132,1707992
14,11,0,0,2,21,13,7,4.029,132,1128316
44,23,0,0,5,21,13,7,5.023,133,1408944
104,57,0,0,15,74,19,7,15.880,132,2566084
125,54,0,0,11,59,21,7,13.784,132,2426080
6,9,0,0,2,11,11,7,2.182,132,996684
12,9,0,0,1,16,10,7,3.125,133,1048200
51,31,0,0,7,42,19,7,8.756,132,1680328
99,34,0,0,15,63,20,7,13.324,132,2143348
38,9,0,0,2,25,15,7,5.197,132,1310700
29,15,0,0,1,23,15,7,4.804,132,1273664
28,19,0,0,0,20,15,7,4.391,132,1267528
71,36,0,0,8,50,17,7,10.665,132,1888440
9,4,0,0,5,13,12,7,2.465,134,1001300
8,3,0,0,0,15,10,7,2.739,133,1005920
5,7,0,0,4,18,10,7,3.237,133,1007244
7,4,0,0,1,10,10,7,1.928,133,965580
7,1,0,0,1,12,9,7,2.184,133,953760
84,29,0,0,4,43,19,7,9.741,134,2044216
7,9,0,0,4,15,11,7,2.845,132,1017996
34,16,0,0,5,24,13,7,5.099,132,1304988
24,11,0,0,2,22,15,7,4.427,133,1204296
5,11,0,0,4,13,10,7,2.518,133,999064
19,8,0,0,5,25,15,7,4.764,132,1195120
26,24,0,0,6,34,13,7,6.733,132,1410936
6,8,0,0,0,13,10,7,2.482,133,999992
8,7,0,0,3,17,11,7,3.146,133,1024388
128,56,0,0,11,67,18,7,15.197,132,2499080
60,14,0,0,5,33,18,7,7.179,132,1607124
115,37,0,0,8,59,21,7,13.147,131,2254060
66,34,0,0,11,43,16,7,9.349,134,1783472
69,38,0,0,5,50,18,7,10.652,133,1915140
47,17,0,0,8,34,14,7,7.047,132,1478284
13,7,0,0,4,13,14,7,2.616,132,1030524
11,13,0,0,4,13,13,7,2.705,131,1045888
44,30,0,0,4,30,15,7,6.636,132,1523468
20,26,0,0,2,24,14,7,5.004,133,1283468
109,47,0,0,9,53,21,7,12.275,132,2226532
89,38,0,0,12,44,20,7,10.214,133,2107288
49,29,0,0,10,35,18,7,7.535,133,1575448
1,4,0,0,2,10,8,7,1.783,133,923632
53,32,0,0,7,41,19,7,8.676,133,1681888
71,40,0,0,8,57,18,7,11.983,133,2165100
121,58,0,0,21,68,17,7,15.242,133,2493844
23,14,0,0,4,27,14,7,5.282,132,1262896
25,9,0,0,2,17,15,7,3.625,133,1203716
104,43,0,0,7,56,21,7,12.534,133,2193376
60,20,0,0,9,38,17,7,8.058,134,1628424
24,14,0,0,5,24,14,7,4.818,133,1231332
19,12,0,0,1,17,13,7,3.535,133,1129520
57,23,0,0,10,35,17,7,7.588,133,1607240
23,16,0,0,7,29,13,7,5.660,133,1270392
44,25,0,0,6,34,15,7,7.178,133,1521996
2,5,0,0,1,13,9,7,2.320,132,956328
28,17,0,0,4,27,15,7,5.480,133,1310696
19,11,0,0,4,22,16,7,4.346,132,1193064
84,45,0,0,10,59,18,7,12.721,132,2311104
44,19,0,0,8,29,15,7,6.211,132,1456152
37,25,0,0,4,35,15,7,7.171,132,1485760
32,17,0,0,8,27,13,7,5.560,133,1341304
98,42,0,0,8,47,17,7,10.930,132,2074848
16,16,0,0,2,22,13,7,4.360,133,1192660
107,37,0,0,13,50,16,7,11.507,134,2126004
8,9,0,0,2,11,13,7,2.224,132,996136
25,12,0,0,4,21,14,7,4.316,133,1206336
40,13,0,0,3,25,15,7,5.333,133,1345028
10,4,0,0,3,14,13,7,2.638,133,1000748
63,37,0,0,7,45,16,7,9.675,132,1820924
71,33,0,0,4,40,14,7,8.948,132,1788292
41,20,0,0,5,29,16,7,6.164,132,1424812
61,26,0,0,3,42,15,7,8.881,132,1704968
33,19,0,0,5,16,15,7,3.855,131,1268952
68,34,0,0,7,48,18,7,10.315,133,1976316
88,39,0,0,7,44,21,7,10.213,132,2111380
16,7,0,0,2,15,14,7,3.020,133,1056696
14,19,0,0,2,21,12,7,4.216,134,1179344
68,32,0,0,5,37,18,7,8.406,134,1755924
29,24,0,0,2,31,16,7,6.307,131,1393456
63,36,0,0,4,42,15,7,9.196,132,1780952
19,13,0,0,3,19,15,7,3.907,132,1208924
114,45,0,0,9,59,21,7,13.339,132,2284720
103,52,0,0,12,66,17,7,14.355,131,2321104
38,17,0,0,5,25,17,7,5.407,133,1376100
9,5,0,0,2,13,11,7,2.480,133,1002560
30,20,0,0,6,28,15,7,5.739,131,1342984
71,36,0,0,8,47,17,7,10.138,133,1865400
14,11,0,0,2,20,14,7,3.862,133,1110436
49,25,0,0,5,36,16,7,7.601,133,1567364
39,17,0,0,8,30,18,7,6.206,134,1394152
22,5,0,0,2,18,13,7,3.592,132,1106072
22,16,0,0,0,14,15,7,3.222,133,1179756
41,21,0,0,6,31,17,7,6.524,134,1456752
67,33,0,0,2,31,15,7,7.423,132,1699204
49,27,0,0,5,33,14,7,7.176,132,1548796
6,7,0,0,0,11,8,7,2.140,132,979784
90,31,0,0,7,47,20,7,10.607,133,2143788
41,20,0,0,5,27,15,7,5.847,132,1410272
54,27,0,0,10,36,19,7,7.782,133,1624068
33,19,0,0,6,28,16,7,5.823,133,1364760
29,17,0,0,2,23,15,7,4.861,133,1298304
100,42,0,0,9,56,19,7,12.464,133,2176208
30,8,0,0,2,23,16,7,4.668,133,1238756
54,24,0,0,5,36,15,7,7.692,132,1603896
8,6,0,0,3,13,11,7,2.484,133,1007176
34,20,0,0,3,33,14,7,6.663,133,1422168
17,14,0,0,5,18,14,7,3.680,132,1130612
16,10,0,0,2,20,14,7,3.887,132,1130356
120,49,0,0,9,46,23,7,11.439,132,2248028
52,30,0,0,6,29,17,7,6.658,132,1557052
66,31,0,0,1,50,16,7,10.416,133,1839320
51,26,0,0,6,31,17,7,6.904,132,1561840
35,16,0,0,3,20,12,7,4.482,134,1282900
17,12,0,0,3,17,12,7,3.473,132,1130360
67,43,0,0,6,43,17,7,9.582,133,1861588
92,41,0,0,4,51,21,7,11.399,133,2071820
53,33,0,0,5,35,16,7,7.767,132,1648564
97,33,0,0,9,35,20,7,8.746,133,1900740
31,20,0,0,5,32,15,7,6.425,133,1381220
23,20,0,0,1,25,14,7,5.098,133,1286108
36,17,0,0,3,25,16,7,5.323,133,1329596
7,5,0,0,1,14,10,7,2.602,133,998732
93,44,0,0,12,47,21,7,10.962,133,2250308
41,24,0,0,8,33,17,7,6.913,134,1499508
3,4,0,0,3,13,8,7,2.319,134,960948
13,8,0,0,3,15,13,7,2.965,132,1053548
21,11,0,0,3,24,13,7,4.683,132,1190724
47,16,0,0,6,30,14,7,6.388,132,1444496
17,13,0,0,2,14,14,7,3.024,131,1126816
19,14,0,0,5,19,14,7,3.914,133,1178600
14,10,0,0,2,15,13,7,3.036,131,1061512
46,19,0,0,5,35,17,7,7.241,132,1509376
87,39,0,0,12,42,19,7,9.900,132,2122228
43,23,0,0,3,33,16,7,6.938,133,1495820
22,9,0,0,3,21,13,7,4.201,134,1186928
38,18,0,0,7,30,13,7,6.217,133,1392108
13,9,0,0,1,16,13,7,3.156,131,1061256
13,11,0,0,2,16,12,7,3.204,132,1094420
8,5,0,0,1,11,11,7,2.141,132,984464
17,13,0,0,3,20,14,7,3.986,132,1158268
36,23,0,0,7,24,17,7,5.320,133,1371916
87,37,0,0,6,38,21,7,9.195,132,2078312
55,29,0,0,9,52,14,7,10.451,133,1764032
76,29,0,0,4,50,17,7,10.688,133,2015168
100,59,0,0,16,53,19,7,12.345,132,2228720
16,15,0,0,3,23,14,7,4.503,132,1194704
16,12,0,0,3,24,13,7,4.617,131,1188824
42,22,0,0,2,37,15,7,7.534,132,1522764
25,11,0,0,4,18,14,7,3.803,133,1169352
136,48,0,0,14,62,21,7,14.419,132,2469792
122,43,0,0,8,70,18,7,15.231,132,2438136
14,13,0,0,4,17,14,7,3.439,133,1108800
93,39,0,0,8,55,21,7,12.027,133,2088168
33,20,0,0,3,28,14,7,5.837,133,1375240
28,15,0,0,5,24,13,7,4.948,132,1277756
105,44,0,0,13,60,18,7,13.252,133,2247920
30,18,0,0,2,24,15,7,5.072,133,1319740
44,23,0,0,2,29,15,7,6.321,133,1482508
94,59,0,0,15,60,19,7,13.357,132,2267448
89,44,0,0,8,54,20,7,11.906,133,2097428
66,31,0,0,7,35,19,7,7.981,132,1714000
96,48,0,0,9,53,18,7,11.986,134,2155160
20,12,0,0,1,24,13,7,4.681,132,1201964
65,37,0,0,6,36,19,7,8.244,133,1732960
23,17,0,0,3,26,11,7,5.211,132,1278876
5,4,0,0,0,12,7,7,2.208,133,970984
7,7,0,0,4,14,9,7,2.641,133,996132
19,14,0,0,1,21,14,7,4.230,132,1194712
39,15,0,0,9,32,17,7,6.485,133,1404372
88,43,0,0,8,49,19,7,11.161,132,2238632
29,17,0,0,6,25,19,7,5.169,132,1296220
93,57,0,0,9,60,19,7,13.455,133,2467588
37,19,0,0,3,26,13,7,5.553,133,1363412
41,21,0,0,3,31,19,7,6.531,133,1461228
19,7,0,0,3,16,13,7,3.249,132,1094424
41,25,0,0,3,29,18,7,6.286,133,1469020
73,45,0,0,5,51,17,7,11.075,132,1997408
40,14,0,0,9,25,16,7,5.360,132,1360776
80,30,0,0,10,32,19,7,7.813,131,1767632
100,52,0,0,9,65,17,7,14.144,133,2291644
30,24,0,0,8,37,14,7,7.317,133,1458028
46,20,0,0,3,38,15,7,7.742,133,1528756
105,46,0,0,10,55,18,7,12.468,133,2208140
61,30,0,0,8,39,16,7,8.496,132,1703904
119,45,0,0,10,56,25,7,12.942,133,2300184
88,42,0,0,10,57,18,7,12.324,133,2094292
29,17,0,0,5,27,13,7,5.496,134,1321780
12,12,0,0,3,12,13,7,2.546,132,1046672
30,21,0,0,1,26,17,7,5.447,133,1350468
51,22,0,0,2,37,18,7,7.747,134,1569528
34,30,0,0,3,28,16,7,6.088,133,1450020
32,16,0,0,6,29,16,7,5.871,133,1350468
55,22,0,0,10,39,17,7,8.180,133,1618580
110,54,0,0,18,65,20,7,14.434,133,2377904
21,12,0,0,2,28,14,7,5.359,132,1228556
55,28,0,0,3,47,17,7,9.607,132,1717224
85,49,0,0,8,56,20,7,12.399,133,2319612
133,59,0,0,12,76,20,7,16.839,132,2638212
89,40,0,0,10,58,19,7,12.451,133,2100428
80,21,0,0,7,43,18,8,9.388,100,1807744
91,50,0,0,7,41,21,8,10.095,101,2224252
36,21,0,0,2,40,15,8,7.861,98,1495064
60,26,0,0,2,36,20,8,7.891,99,1659152
5,3,0,0,1,13,11,8,2.346,100,970988
119,38,0,0,14,47,18,8,11.354,101,2185544
19,11,0,0,1,17,14,8,3.498,101,1114260
49,21,0,0,5,29,14,8,6.381,100,1493548
114,49,0,0,10,63,20,8,14.055,100,2346308
27,11,0,0,8,17,16,8,3.708,100,1209956
114,51,0,0,8,63,24,8,14.253,99,2617292
99,28,0,0,7,50,22,8,11.162,100,2023668
43,25,0,0,6,34,17,8,7.146,100,1504200
96,46,0,0,2,53,18,8,12.016,100,2269628
46,26,0,0,8,33,18,8,7.082,100,1539712
67,32,0,0,7,49,18,8,10.284,99,1833584
82,31,0,0,6,43,22,8,9.748,99,2040124
5,6,0,0,2,16,11,8,2.897,100,1002572
92,48,0,0,9,52,21,8,11.849,100,2318820
106,43,0,0,11,53,23,8,12.082,100,2177792
45,20,0,0,4,39,17,8,7.899,100,1547072
80,40,0,0,2,47,16,8,10.532,99,2074516
5,8,0,0,4,20,12,8,3.581,99,1032572
108,36,0,0,11,51,19,8,11.669,100,2130040
45,40,0,0,11,45,18,8,9.327,100,1706072
21,20,0,0,4,24,15,8,4.899,101,1261308
33,23,0,0,5,28,15,8,5.886,100,1393452
27,10,0,0,3,19,18,8,3.998,100,1212256
95,40,0,0,14,61,17,8,13.193,101,2386016
7,11,0,0,2,15,11,8,2.899,100,1032560
91,34,0,0,4,52,19,8,11.455,101,2017544
97,40,0,0,12,53,18,8,11.978,100,2319608
38,21,0,0,11,30,18,8,6.306,99,1424380
35,18,0,0,2,29,16,8,5.982,100,1367504
71,35,0,0,10,41,21,8,9.239,101,1944356
35,16,0,0,2,24,15,8,5.116,99,1322788
32,20,0,0,5,24,15,8,5.158,100,1337656
9,6,0,0,0,23,13,8,4.135,100,1064872
43,24,0,0,9,42,16,8,8.422,100,1576892
72,20,0,0,6,36,20,8,8.035,100,1708260
73,38,0,0,12,50,20,8,10.716,99,1919360
91,37,0,0,10,58,20,8,12.581,100,2298504
53,22,0,0,4,33,16,8,7.175,100,1558484
81,39,0,0,6,53,17,8,11.437,99,2010124
10,6,0,0,0,15,12,8,2.847,101,1024444
42,34,0,0,4,34,19,8,7.328,100,1561236
37,24,0,0,3,33,16,8,6.822,99,1449392
25,9,0,0,3,23,14,8,4.572,100,1206336
81,35,0,0,9,51,20,8,11.081,99,2097528
43,26,0,0,5,35,15,8,7.330,100,1530344
26,17,0,0,5,26,13,8,5.270,101,1288148
17,13,0,0,2,28,11,8,5.292,100,1214244
125,51,0,0,17,60,21,8,13.863,99,2415028
39,18,0,0,2,25,16,8,5.444,101,1379692
45,15,0,0,1,32,16,8,6.639,100,1450016
109,45,0,0,13,70,21,8,14.972,100,2357712
69,20,0,0,8,34,20,8,7.632,101,1647700
13,12,0,0,11,26,13,8,4.848,99,1158304
41,23,0,0,5,35,20,8,7.225,98,1508984
79,25,0,0,16,50,22,8,10.675,98,2041508
36,19,0,0,4,29,18,8,6.034,100,1393460
5,13,0,0,2,11,13,8,2.244,101,994456
13,15,0,0,3,22,14,8,4.253,100,1155272
26,14,0,0,2,20,18,8,4.223,100,1226496
78,23,0,0,6,47,16,8,10.030,100,1827460
21,20,0,0,3,26,13,8,5.230,100,1271096
51,32,0,0,5,40,17,8,8.481,100,1652264
99,40,0,0,12,55,18,8,12.199,101,2132136
11,10,0,0,2,20,13,8,3.770,100,1083732
32,17,0,0,2,32,17,8,6.379,100,1381388
22,15,0,0,5,27,14,8,5.284,98,1238160
61,35,0,0,4,45,17,8,9.578,100,1786688
34,18,0,0,8,28,15,8,5.816,98,1354556
113,44,0,0,12,44,24,8,10.838,100,2147180
12,3,0,0,1,14,13,8,2.655,101,1001436
45,25,0,0,3,30,19,8,6.539,99,1500916
6,6,0,0,2,16,12,8,2.922,100,1006888
7,8,0,0,2,17,11,8,3.146,99,1024384
102,60,0,0,8,50,23,8,11.901,100,2220296
26,8,0,0,7,27,13,8,5.232,101,1248064
43,22,0,0,3,33,18,8,6.911,100,1483224
8,5,0,0,3,16,11,8,2.940,100,1005732
128,56,0,0,13,59,19,8,13.884,99,2449060
13,9,0,0,1,20,11,8,3.800,101,1103660
105,39,0,0,11,54,17,8,12.169,101,2165996
55,21,0,0,4,25,20,8,5.877,99,1490580
25,10,0,0,5,26,14,8,5.088,99,1245276
14,4,0,0,2,18,14,8,3.379,99,1059688
93,31,0,0,3,38,20,8,9.188,99,2079632
49,27,0,0,5,33,17,8,7.174,100,1560988
16,15,0,0,6,30,14,8,5.637,99,1234228
46,25,0,0,6,37,21,8,7.735,99,1569552
21,9,0,0,2,17,14,8,3.497,100,1114260
13,14,0,0,3,22,14,8,4.243,99,1145972
4,8,0,0,2,14,11,8,2.600,100,998732
149,71,0,0,16,82,19,8,18.514,101,2840012
37,10,0,0,4,28,18,8,5.673,100,1336180
95,37,0,0,7,50,20,8,11.213,100,2049664
10,9,0,0,0,15,12,8,2.911,99,1037712
105,39,0,0,7,53,21,8,11.997,99,2154372
103,48,0,0,10,70,20,8,14.896,100,2334472
46,30,0,0,7,33,18,8,7.182,100,1559404
27,22,0,0,4,27,15,8,5.567,99,1335664
22,23,0,0,4,25,16,8,5.137,100,1280460
23,18,0,0,2,24,12,8,4.907,100,1267440
66,31,0,0,7,38,18,8,8.491,98,1730768
113,60,0,0,10,59,19,8,13.659,101,2393876
106,59,0,0,9,56,23,8,12.993,100,2313668
29,24,0,0,5,28,17,8,5.822,100,1367268
129,55,0,0,6,70,19,8,15.686,100,2545896
10,13,0,0,2,18,10,8,3.489,99,1083728
35,22,0,0,5,30,16,8,6.233,100,1416036
7,5,0,0,1,12,12,8,2.285,100,989012
27,13,0,0,11,28,13,8,5.531,99,1295128
68,26,0,0,6,43,20,8,9.233,100,1764612
42,22,0,0,4,29,17,8,6.258,100,1451004
6,10,0,0,4,18,14,8,3.333,99,1046152
14,8,0,0,5,22,15,8,4.122,100,1108812
59,25,0,0,9,52,20,8,10.464,101,1772204
9,6,0,0,2,12,13,8,2.345,100,1002564
21,10,0,0,5,22,16,8,4.345,100,1180400
13,9,0,0,5,15,14,8,2.983,98,1055124
69,39,0,0,4,52,23,8,11.072,100,2075004
26,17,0,0,3,32,14,8,6.236,99,1342316
6,8,0,0,0,14,11,8,2.635,98,1000748
90,46,0,0,9,49,22,8,11.180,101,2066668
77,38,0,0,9,39,19,8,9.146,101,2015856
123,56,0,0,13,53,20,8,12.829,101,2359892
7,6,0,0,2,14,11,8,2.618,100,999988
36,25,0,0,5,33,19,8,6.849,100,1463628
70,34,0,0,6,48,22,8,10.332,100,2028912
61,31,0,0,1,44,18,8,9.336,100,1751776
9,6,0,0,0,14,16,8,2.656,100,1003476
16,9,0,0,4,14,14,8,2.905,100,1063872
72,28,0,0,11,41,16,8,9.053,100,1789268
20,20,0,0,3,26,14,8,5.213,100,1263708
77,39,0,0,12,43,19,8,9.715,100,1881184
76,28,0,0,8,43,19,8,9.530,100,1951544
77,36,0,0,9,56,18,8,11.743,100,1971524
28,15,0,0,4,34,16,8,6.567,100,1358628
32,15,0,0,5,30,14,8,6.007,100,1346376
18,5,0,0,1,24,16,8,4.466,99,1139844
81,44,0,0,8,53,18,8,11.551,100,2043556
10,16,0,0,3,22,13,8,4.214,100,1128764
91,44,0,0,4,53,20,8,11.898,100,2296992
6,9,0,0,1,15,11,8,2.824,99,1017988
25,20,0,0,3,26,13,8,5.327,101,1311380
30,22,0,0,9,31,17,8,6.281,98,1385308
51,21,0,0,6,40,20,8,8.218,100,1606424
14,10,0,0,1,15,13,8,3.044,100,1068436
5,4,0,0,4,16,13,8,2.865,100,995188
27,9,0,0,6,20,16,8,4.130,99,1206056
45,26,0,0,3,35,18,8,7.388,100,1552720
29,17,0,0,6,34,15,8,6.652,100,1375316
44,20,0,0,1,30,17,8,6.417,99,1447360
98,44,0,0,6,53,20,8,11.947,101,2145404
8,9,0,0,1,18,11,8,3.358,99,1046684
21,15,0,0,6,21,16,8,4.289,100,1206548
35,23,0,0,10,37,16,8,7.409,100,1492852
44,23,0,0,5,24,19,8,5.494,99,1421044
21,14,0,0,5,19,11,8,3.949,100,1188576
84,31,0,0,9,42,20,8,9.533,100,1886384
26,17,0,0,3,21,16,8,4.454,100,1251076
27,16,0,0,5,27,16,8,5.414,100,1284556
19,15,0,0,4,26,13,8,5.048,101,1221268
31,28,0,0,3,30,16,8,6.294,99,1437968
4,4,0,0,2,16,10,8,2.837,101,989024
30,18,0,0,1,17,16,8,3.929,99,1250544
9,9,0,0,1,17,14,8,3.210,100,1035936
129,61,0,0,13,66,19,8,15.156,100,2545808
97,34,0,0,10,44,20,8,10.256,101,2005704
13,15,0,0,1,24,15,8,4.612,100,1182692
7,6,0,0,2,14,13,8,2.618,100,1002560
6,10,0,0,3,17,13,8,3.170,102,1036656
44,19,0,0,4,40,13,8,8.020,100,1531760
38,26,0,0,6,30,17,8,6.444,100,1443272
105,46,0,0,10,51,23,8,11.838,99,2180104
24,15,0,0,4,19,13,8,4.041,101,1204296
83,37,0,0,8,50,20,8,11.053,99,2152112
56,37,0,0,7,42,18,8,9.054,101,1745044
2,4,0,0,2,13,11,8,2.300,100,960960
86,45,0,0,6,58,19,8,12.498,99,2123180
22,17,0,0,2,21,17,8,4.359,100,1226496
12,12,0,0,2,20,12,8,3.845,100,1102200
39,20,0,0,2,26,17,8,5.653,99,1399584
3,6,0,0,1,15,11,8,2.700,101,989016
31,17,0,0,2,35,15,8,6.841,100,1384340
23,16,0,0,3,28,15,8,5.509,101,1273672
16,22,0,0,2,27,17,8,5.316,98,1258824
64,32,0,0,4,49,20,8,10.223,99,1815068
48,23,0,0,9,32,19,8,6.903,101,1523364
2,5,0,0,1,11,12,8,1.997,99,949612
30,21,0,0,5,37,15,8,7.241,100,1430492
56,23,0,0,9,43,19,8,8.873,99,1667848
76,27,0,0,7,44,17,8,9.566,99,1818516
38,14,0,0,2,22,15,8,4.824,100,1298860
19,12,0,0,2,20,14,8,4.013,99,1152168
25,17,0,0,4,33,15,8,6.392,101,1349764
138,52,0,0,13,68,19,8,15.500,99,2559468
11,11,0,0,8,23,14,8,4.285,100,1115316
8,8,0,0,2,14,11,8,2.682,100,1011860
42,27,0,0,7,38,15,8,7.850,100,1558104
18,15,0,0,1,21,17,8,4.215,99,1180096
29,10,0,0,2,21,15,8,4.363,100,1230584
38,20,0,0,6,31,17,8,6.434,100,1430512
25,12,0,0,3,21,17,8,4.320,101,1210424
24,12,0,0,6,21,14,8,4.290,99,1200208
29,15,0,0,4,23,15,8,4.803,99,1273664
5,15,0,0,6,21,11,8,3.909,99,1085776
15,6,0,0,3,21,11,8,3.940,99,1109788
61,33,0,0,9,33,19,8,7.599,99,1671816
47,19,0,0,4,30,19,8,6.459,98,1476376
94,38,0,0,14,50,17,8,11.332,102,2245820
53,33,0,0,3,38,19,8,8.214,100,1676240
15,11,0,0,3,25,15,8,4.710,100,1160348
9,7,0,0,3,18,15,8,3.332,99,1037716
62,25,0,0,5,26,23,8,6.310,100,1617608
30,26,0,0,5,26,18,8,5.567,101,1363412
53,13,0,0,4,28,18,8,6.145,101,1465684
61,26,0,0,7,37,18,8,8.096,100,1674196
88,48,0,0,12,46,18,8,10.675,99,2045992
15,10,0,0,2,18,15,8,3.536,100,1093740
50,29,0,0,6,42,18,8,8.749,99,1644636
35,23,0,0,2,22,14,8,4.970,101,1355736
77,37,0,0,9,53,22,8,11.361,101,2094956
83,37,0,0,7,54,21,8,11.700,99,2198864
18,16,0,0,0,15,13,8,3.264,101,1132644
103,44,0,0,9,59,21,8,13.178,99,2450576
9,7,0,0,2,15,11,8,2.844,101,1017992
10,6,0,0,3,15,11,8,2.850,100,1020040
11,16,0,0,3,20,14,8,3.911,100,1127580
31,11,0,0,3,26,17,8,5.241,99,1286108
79,35,0,0,6,37,16,8,8.715,101,1831176
38,18,0,0,5,29,14,8,6.060,98,1386456
108,41,0,0,14,55,22,8,12.459,99,2196908
46,32,0,0,6,32,19,8,7.053,99,1569528
24,7,0,0,6,23,14,8,4.498,101,1173968
63,38,0,0,11,38,17,8,8.633,99,1882952
101,43,0,0,10,59,19,8,13.053,100,2335624
37,19,0,0,3,25,17,8,5.416,99,1367280
14,9,0,0,4,19,17,8,3.659,100,1100252
50,22,0,0,8,36,19,8,7.590,99,1575688
8,10,0,0,3,22,11,8,4.035,98,1086828
91,35,0,0,13,49,16,8,10.979,100,2131800
70,35,0,0,6,38,21,8,8.732,100,1907484
32,19,0,0,5,26,17,8,5.464,100,1338268
83,44,0,0,10,49,17,8,11.081,100,2198072
9,10,0,0,4,19,13,8,3.575,98,1064872
17,11,0,0,6,22,15,8,4.264,100,1152544
35,19,0,0,2,23,17,8,5.033,100,1337340
29,15,0,0,4,25,16,8,5.125,101,1293084
14,12,0,0,0,16,17,8,3.245,99,1096476
22,6,0,0,2,19,14,8,3.776,99,1127576
35,16,0,0,1,36,16,8,7.086,100,1431464
100,41,0,0,9,66,16,8,14.030,100,2241752
27,15,0,0,5,25,18,8,5.095,99,1279076
27,13,0,0,2,32,14,8,6.182,100,1308724
37,18,0,0,1,26,18,8,5.550,101,1372820
41,26,0,0,3,36,18,8,7.471,100,1525620
31,18,0,0,5,23,17,8,4.926,100,1312024
7,5,0,0,2,20,11,8,3.556,100,1032572
37,25,0,0,7,26,16,8,5.718,101,1414160
24,15,0,0,3,27,14,8,5.356,100,1275244
37,24,0,0,3,36,16,8,7.290,100,1475156
24,15,0,0,1,24,15,8,4.850,100,1242732
39,19,0,0,3,37,18,8,7.394,99,1480576
13,6,0,0,2,15,14,8,2.920,100,1042272
32,16,0,0,2,20,14,8,4.401,101,1268956
20,18,0,0,2,15,12,8,3.367,100,1171172
32,14,0,0,5,30,14,8,5.994,101,1357656
28,14,0,0,4,28,16,8,5.550,100,1293852
93,55,0,0,5,62,16,8,13.542,101,2243760
105,33,0,0,11,49,23,8,11.196,101,2074112
26,18,0,0,4,25,18,8,5.130,101,1288996
94,35,0,0,10,57,19,8,12.434,100,2290332
13,14,0,0,1,22,14,8,4.240,101,1145972
35,18,0,0,1,27,15,8,5.684,100,1361136
27,18,0,0,4,24,15,8,4.991,99,1298304
70,23,0,0,5,50,16,8,10.319,99,1815188
42,27,0,0,5,30,18,8,6.521,101,1489468
97,51,0,0,13,55,17,8,12.496,99,2316180
25,20,0,0,4,17,17,8,3.846,99,1218548
88,42,0,0,16,64,18,8,13.447,100,2165164
36,19,0,0,5,30,18,8,6.200,99,1412116
29,20,0,0,2,31,14,8,6.231,100,1377300
72,26,0,0,8,36,16,8,8.201,100,1744396
133,70,0,0,20,84,21,8,18.436,100,2778596
37,17,0,0,2,31,17,8,6.333,100,1413440
100,55,0,0,11,59,23,8,13.234,100,2266128
65,34,0,0,2,45,15,8,9.646,101,1807744
95,32,0,0,8,41,22,8,9.751,100,2123272
49,30,0,0,9,54,14,8,10.656,100,1754420
72,28,0,0,6,39,20,8,8.776,101,1893172
12,12,0,0,5,22,13,8,4.166,100,1119084
96,42,0,0,11,62,18,8,13.451,100,2400792
9,6,0,0,2,17,11,8,3.147,100,1024452
91,34,0,0,9,51,16,8,11.348,100,2191940
18,11,0,0,2,15,18,8,3.149,100,1108808
85,54,0,0,7,47,20,8,10.924,100,2068132
116,49,0,0,13,69,16,8,15.094,102,2408528
54,18,0,0,3,36,18,8,7.600,101,1577724
47,15,0,0,4,22,21,8,5.063,100,1384424
45,28,0,0,4,32,20,8,6.952,100,1535620
5,3,0,0,1,15,10,8,2.664,101,990776
98,56,0,0,10,66,21,8,14.490,99,2561304
9,6,0,0,3,16,12,8,2.986,100,1024388
12,14,0,0,4,30,15,8,5.508,100,1206040
23,14,0,0,4,32,15,8,6.106,99,1308524
6,8,0,0,1,14,11,8,2.637,98,993560
8,5,0,0,0,16,12,8,2.937,100,1003484
29,8,0,0,1,20,16,8,4.149,100,1200208
48,34,0,0,8,38,20,8,8.124,100,1638284
9,5,0,0,1,16,11,8,2.956,101,1011864
114,53,0,0,16,64,21,8,14.335,99,2393624
28,7,0,0,4,23,15,8,4.602,99,1216560
79,38,0,0,7,40,21,8,9.259,99,1872644
34,25,0,0,2,35,17,8,7.111,100,1449392
86,37,0,0,7,38,23,8,9.073,99,1885264
24,17,0,0,7,32,17,8,6.192,100,1332004
16,7,0,0,4,17,12,8,3.334,100,1078080
8,10,0,0,5,21,11,8,3.881,99,1074564
17,13,0,0,5,19,13,8,3.814,99,1135228
38,27,0,0,1,28,17,8,6.099,99,1451000
80,36,0,0,6,45,21,8,10.037,100,1908812
28,19,0,0,6,36,16,8,6.988,98,1385308
30,20,0,0,2,28,17,8,5.751,99,1335264
58,26,0,0,2,47,18,8,9.634,99,1731832
5,8,0,0,2,17,13,8,3.104,100,1020032
29,21,0,0,4,29,17,8,5.922,99,1362820
69,27,0,0,8,39,20,8,8.643,99,1734856
40,23,0,0,5,34,19,8,7.019,99,1477200
33,27,0,0,3,32,19,8,6.646,99,1456148
22,5,0,0,7,21,14,8,4.102,101,1164728
139,46,0,0,11,66,22,8,15.052,100,2530448
78,33,0,0,5,60,18,8,12.337,101,2000620
76,37,0,0,8,48,20,8,10.457,100,1911184
24,17,0,0,5,30,15,8,5.873,99,1292316
28,13,0,0,4,25,16,8,5.060,99,1259964
25,18,0,0,4,31,12,8,6.067,100,1321112
137,58,0,0,11,67,21,8,15.460,100,2583680
101,57,0,0,11,63,21,8,13.943,99,2322936
108,48,0,0,11,57,22,8,12.925,100,2267444
88,42,0,0,7,62,21,8,13.161,99,2131284
50,23,0,0,10,38,18,8,7.922,101,1582708
20,18,0,0,3,17,16,8,3.705,100,1205340
56,36,0,0,5,35,22,8,7.869,100,1668184
30,14,0,0,2,21,16,8,4.483,101,1257216
5,13,0,0,3,16,11,8,3.054,99,1028484
23,10,0,0,6,24,17,8,4.703,101,1206340
83,54,0,0,5,58,19,8,12.702,100,2276284
41,22,0,0,9,34,15,8,7.027,100,1485768
29,15,0,0,5,30,18,8,5.935,100,1314300
40,24,0,0,9,35,16,8,7.203,100,1501028
100,46,0,0,15,58,17,8,12.999,98,2428028
42,30,0,0,3,33,19,8,7.087,101,1536476
85,38,0,0,7,49,21,8,10.870,100,1986628
6,12,0,0,2,19,12,8,3.544,101,1061256
18,15,0,0,2,23,15,8,4.540,100,1195304
82,39,0,0,5,38,21,8,9.030,100,1874404
91,41,0,0,14,44,19,8,10.388,100,2189900
89,34,0,0,5,46,20,8,10.384,99,1963404
23,12,0,0,2,21,15,8,4.276,99,1216352
128,50,0,0,13,66,19,8,14.865,100,2464052
16,9,0,0,2,17,17,8,3.374,100,1095636
7,7,0,0,1,16,11,8,2.963,99,1013900
32,13,0,0,4,38,17,8,7.256,98,1413004
47,25,0,0,8,33,16,8,7.083,101,1536472
27,14,0,0,3,29,14,8,5.691,100,1293848
53,27,0,0,9,44,17,8,9.061,99,1669012
69,46,0,0,9,49,23,8,10.672,100,1950892
42,15,0,0,8,26,19,8,5.586,100,1378948
6,8,0,0,4,15,12,8,2.795,100,1005724
38,27,0,0,6,35,15,8,7.240,101,1507048
31,4,0,0,1,22,13,8,4.432,100,1212680
40,20,0,0,6,36,16,8,7.287,99,1480956
108,62,0,0,18,67,20,8,14.889,100,2437504
100,42,0,0,11,50,22,8,11.465,100,2114140
25,13,0,0,4,28,14,8,5.485,99,1269260
15,9,0,0,3,13,14,8,2.707,100,1050560
17,18,0,0,1,18,13,8,3.781,99,1182432
38,18,0,0,2,38,17,8,7.533,99,1462784
81,39,0,0,8,53,20,8,11.447,99,1999148
62,38,0,0,4,37,18,8,8.412,99,1750576
43,18,0,0,4,31,14,8,6.508,101,1456148
37,13,0,0,1,30,15,8,6.084,100,1371216
84,55,0,0,6,62,22,8,13.330,100,2205004
11,6,0,0,0,18,12,8,3.352,100,1046680
33,18,0,0,1,25,13,8,5.287,100,1341300
11,12,0,0,3,22,14,8,4.148,99,1123492
13,5,0,0,3,16,14,8,3.061,99,1042276
23,15,0,0,1,22,15,8,4.500,100,1226496
32,20,0,0,6,30,14,8,6.120,99,1359784
22,21,0,0,3,27,13,8,5.426,101,1289596
6,3,0,0,0,13,11,8,2.360,100,968200
29,25,0,0,3,26,13,8,5.532,100,1359824
39,22,0,0,5,31,16,8,6.504,100,1452060
34,28,0,0,6,36,16,8,7.329,100,1478284
64,31,0,0,6,40,18,8,8.764,100,1745044
89,48,0,0,4,50,22,8,11.349,99,2094284
106,36,0,0,5,43,23,8,10.322,100,2061676
85,42,0,0,7,41,22,8,9.744,101,2137660
20,9,0,0,2,23,16,8,4.474,100,1178608
35,24,0,0,10,38,16,8,7.603,100,1487084
3,1,0,0,2,14,10,8,2.415,101,954820
26,20,0,0,3,26,16,8,5.345,100,1315648
29,18,0,0,5,28,11,8,5.682,100,1338228
115,41,0,0,9,51,20,8,11.951,101,2221784
32,14,0,0,3,27,15,8,5.500,101,1321776
22,14,0,0,6,25,17,8,4.955,99,1244428
67,27,0,0,11,48,17,8,10.014,99,1794708
31,8,0,0,2,28,14,8,5.500,100,1286796
49,32,0,0,1,32,15,8,7.124,100,1584736
11,12,0,0,1,22,12,8,4.147,100,1117360
34,19,0,0,4,29,17,8,5.977,101,1367500
36,16,0,0,5,31,13,8,6.292,101,1381220
27,11,0,0,4,21,15,8,4.370,99,1267296
12,9,0,0,0,16,10,8,3.123,99,1053080
35,14,0,0,2,20,15,8,4.423,100,1276212
20,14,0,0,3,24,16,8,4.731,99,1201980
64,40,0,0,5,52,19,8,10.912,99,1890292
105,39,0,0,11,47,20,8,11.043,100,2091924
89,35,0,0,8,38,21,8,9.200,100,2079628
30,19,0,0,1,40,16,8,7.686,99,1441580
18,8,0,0,2,18,14,8,3.569,99,1102668
18,13,0,0,3,24,17,8,4.663,99,1199808
76,44,0,0,7,47,16,8,10.529,100,2082688
33,23,0,0,6,34,14,8,6.866,100,1424796
101,36,0,0,11,48,19,8,11.042,98,2070760
100,33,0,0,8,49,19,8,11.193,100,2245816
31,24,0,0,6,28,16,8,5.873,99,1387344
24,14,0,0,0,16,13,8,3.521,99,1181916
32,18,0,0,2,27,16,8,5.584,100,1358640
8,7,0,0,2,15,12,8,2.822,100,1011856
59,20,0,0,5,36,18,8,7.727,100,1597020
16,11,0,0,2,28,15,8,5.223,99,1212076
30,11,0,0,10,27,15,8,5.374,98,1268816
28,17,0,0,4,28,19,8,5.643,101,1327916
18,10,0,0,4,21,13,8,4.102,100,1149380
124,54,0,0,6,54,18,8,12.960,100,2369352
41,18,0,0,4,26,14,8,5.638,100,1395364
67,36,0,0,7,43,19,8,9.419,101,1825024
56,29,0,0,9,41,17,8,8.701,101,1677800
149,52,0,0,12,78,19,8,17.438,100,2858104
5,8,0,0,0,14,12,8,2.622,100,1009228
91,32,0,0,7,60,16,8,12.656,99,2075824
32,20,0,0,3,27,18,8,5.647,99,1360780
134,60,0,0,14,67,24,8,15.433,100,2568580
31,16,0,0,5,25,17,8,5.214,100,1319736
19,6,0,0,0,18,12,8,3.541,101,1105020
17,16,0,0,1,23,16,8,4.541,100,1192732
30,9,0,0,2,22,16,8,4.530,99,1238760
18,14,0,0,1,17,17,8,3.538,100,1136060
42,27,0,0,11,43,15,8,8.647,101,1606420
36,26,0,0,4,26,19,8,5.710,99,1420296
68,26,0,0,11,35,17,8,7.927,99,1690800
78,42,0,0,8,63,16,8,13.119,100,2221092
92,39,0,0,10,44,19,8,10.230,99,1997532
30,17,0,0,5,26,16,8,5.365,101,1325864
27,20,0,0,1,20,14,8,4.392,100,1265480
93,49,0,0,9,56,19,8,12.471,99,2168476
36,15,0,0,5,18,20,8,4.164,100,1289008
49,28,0,0,3,35,17,8,7.514,100,1590064
10,8,0,0,2,20,10,8,3.715,99,1061252
88,29,0,0,3,40,18,8,9.257,99,1886428
25,14,0,0,5,23,13,8,4.684,101,1235428
32,19,0,0,3,33,16,8,6.582,100,1405984
85,32,0,0,11,51,21,8,11.039,100,1956884
63,43,0,0,6,45,22,8,9.810,100,1835776
71,26,0,0,10,34,18,8,7.819,101,1701644
24,17,0,0,6,24,16,8,4.912,98,1267436
13,14,0,0,1,18,16,8,3.588,101,1110424
69,32,0,0,6,42,18,8,9.271,101,1922332
36,26,0,0,9,34,17,8,7.005,100,1475548
46,18,0,0,2,29,14,8,6.250,101,1451004
36,22,0,0,9,35,16,8,7.099,100,1466184
26,16,0,0,7,28,16,8,5.557,99,1289764
19,10,0,0,4,21,14,8,4.124,100,1156636
33,21,0,0,3,34,17,8,6.827,100,1426420
7,5,0,0,1,14,11,8,2.604,100,1005920
124,52,0,0,9,53,21,8,12.734,101,2334624
4,9,0,0,2,13,13,8,2.460,101,1001300
37,23,0,0,1,28,16,8,5.996,99,1414164
39,20,0,0,3,39,18,8,7.740,100,1493452
37,16,0,0,4,26,15,8,5.512,100,1362820
27,16,0,0,4,25,17,8,5.096,98,1282016
92,34,0,0,11,43,18,8,9.942,100,1946188
14,12,0,0,4,18,16,8,3.577,99,1108800
45,29,0,0,5,37,20,8,7.791,100,1584744
11,6,0,0,4,17,12,8,3.196,100,1035672
85,33,0,0,5,56,19,8,11.960,100,2209084
114,58,0,0,10,69,16,8,15.237,100,2464076
47,31,0,0,5,39,17,8,8.183,100,1617848
12,8,0,0,1,19,12,8,3.640,100,1065928
24,19,0,0,4,25,15,8,5.099,100,1270404
28,21,0,0,7,35,15,8,6.849,100,1401636
33,13,0,0,2,27,15,8,5.497,99,1316832
81,34,0,0,13,46,21,8,10.195,100,1919252
39,20,0,0,3,21,16,8,4.840,100,1349604
78,37,0,0,13,51,19,8,11.003,98,1962384
40,23,0,0,4,27,17,8,5.894,101,1407596
30,14,0,0,3,27,17,8,5.459,100,1307292
36,16,0,0,5,26,17,8,5.465,100,1338892
53,28,0,0,5,32,18,8,7.123,100,1581108
82,40,0,0,6,49,22,8,10.904,100,2107292
89,45,0,0,10,73,17,8,15.073,99,2377632
67,30,0,0,2,38,20,8,8.494,101,1740988
78,27,0,0,3,39,20,8,8.838,99,1800560
32,29,0,0,3,26,19,8,5.684,100,1402188
21,12,0,0,4,24,13,8,4.697,101,1206544
8,8,0,0,3,19,15,8,3.494,99,1046472
8,4,0,0,2,13,12,8,2.447,100,990632
91,38,0,0,8,55,20,8,11.971,100,2062468
26,19,0,0,3,23,15,8,4.825,101,1268816
16,11,0,0,2,19,15,8,3.751,100,1121128
87,38,0,0,6,47,18,8,10.559,99,1981844
55,28,0,0,5,33,18,8,7.343,99,1618688
53,30,0,0,4,41,19,8,8.626,100,1670116
36,22,0,0,4,31,15,8,6.435,99,1432556
44,26,0,0,8,43,15,8,8.671,100,1603144
49,31,0,0,11,42,19,8,8.762,100,1653016
47,25,0,0,4,35,18,8,7.425,98,1554012
13,8,0,0,1,17,14,8,3.303,100,1064872
12,14,0,0,0,18,16,8,3.568,100,1111376
11,5,0,0,2,23,13,8,4.155,99,1074620
13,13,0,0,5,24,15,8,4.541,99,1151536
5,8,0,0,2,13,10,8,2.461,100,1001300
52,30,0,0,2,51,17,8,10.229,101,1756472
38,24,0,0,4,35,15,8,7.163,101,1487084
53,23,0,0,5,29,18,8,6.517,99,1524280
33,21,0,0,6,32,12,8,6.491,100,1400284
19,13,0,0,4,15,17,8,3.224,99,1114256
93,46,0,0,6,49,19,8,11.242,100,2085780
82,38,0,0,5,46,21,8,10.278,101,1939732
23,18,0,0,4,25,15,8,5.074,99,1278876
12,4,0,0,1,14,13,8,2.687,100,1007244
28,21,0,0,4,35,17,8,6.867,99,1401636
20,14,0,0,2,23,14,8,4.569,99,1202460
38,21,0,0,3,32,18,8,6.616,101,1442592
38,17,0,0,6,37,15,8,7.333,100,1461100
11,7,0,0,2,16,11,8,3.048,100,1026440
39,22,0,0,7,41,16,8,8.125,101,1545076
62,27,0,0,8,28,20,8,6.666,101,1596628
20,18,0,0,5,30,14,8,5.790,100,1286096
29,15,0,0,2,33,14,8,6.431,100,1362716
29,16,0,0,10,27,13,8,5.494,100,1315644
4,3,0,0,1,16,9,8,2.807,100,996904
19,14,0,0,2,25,16,8,4.877,100,1218136
69,29,0,0,6,35,16,8,8.009,100,1718008
39,24,0,0,4,43,17,8,8.485,99,1542840
51,26,0,0,6,34,18,8,7.354,100,1567264
89,43,0,0,10,49,18,8,11.080,100,2042076
56,21,0,0,8,31,18,8,6.886,99,1556044
34,16,0,0,2,29,12,8,5.919,100,1360776
62,17,0,0,5,35,15,8,7.554,102,1603896
39,24,0,0,6,26,17,8,5.730,100,1415084
14,11,0,0,3,26,14,8,4.848,99,1160352
60,24,0,0,5,44,16,8,9.139,101,1723100
25,20,0,0,4,22,16,8,4.664,101,1271092
6,5,0,0,4,15,10,8,2.738,100,1001308
3,5,0,0,2,15,9,8,2.671,100,990776
7,7,0,0,1,12,11,8,2.328,101,1005924
85,24,0,0,8,46,18,8,10.131,101,1995972
88,43,0,0,8,54,20,8,11.865,100,2072792
15,8,0,0,2,15,15,8,3.027,101,1062828
7,6,0,0,1,14,12,8,2.620,99,1009220
22,11,0,0,6,25,13,8,4.885,100,1223536
103,42,0,0,9,53,21,8,12.035,100,2172128
24,20,0,0,3,30,15,8,5.927,99,1314980
62,36,0,0,5,44,19,8,9.457,99,1779336
52,28,0,0,6,30,19,8,6.789,100,1557192
25,21,0,0,7,31,14,8,6.144,100,1342748
49,27,0,0,4,41,15,8,8.465,99,1626024
21,10,0,0,2,21,14,8,4.196,100,1178612
13,13,0,0,3,26,13,8,4.895,100,1184744
13,8,0,0,4,25,12,8,4.586,101,1128312
28,12,0,0,3,23,15,8,4.706,101,1253216
35,20,0,0,3,25,14,8,5.399,101,1355736
114,60,0,0,12,61,23,8,14.066,99,2534560
85,35,0,0,6,47,19,8,10.463,101,1948392
30,16,0,0,3,26,13,8,5.345,100,1315648
79,28,0,0,9,57,18,8,11.901,99,2121704
6,4,0,0,1,18,11,8,3.194,100,1002800
23,11,0,0,1,24,14,8,4.744,101,1212468
94,41,0,0,14,40,23,8,9.681,101,1984208
6,10,0,0,1,15,14,8,2.849,99,1017992
31,25,0,0,4,26,15,8,5.562,99,1363412
39,21,0,0,3,32,13,8,6.633,100,1456148
10,3,0,0,2,13,11,8,2.463,101,996680
68,29,0,0,7,40,17,8,8.800,101,1749792
31,14,0,0,3,28,16,8,5.639,100,1332004
64,36,0,0,4,49,16,8,10.338,99,1842336
31,14,0,0,2,23,16,8,4.822,100,1279968
30,16,0,0,6,20,18,8,4.365,101,1249736
11,5,0,0,1,14,12,8,2.684,99,1007244
113,50,0,0,15,71,21,8,15.339,99,2402056
35,19,0,0,2,30,19,8,6.168,100,1389372
31,8,0,0,2,23,15,8,4.681,100,1231340
42,19,0,0,10,30,18,8,6.328,99,1436472
37,18,0,0,4,28,18,8,5.871,100,1381208
23,16,0,0,2,24,19,8,4.853,99,1246544
38,15,0,0,4,31,16,8,6.312,100,1401632
34,27,0,0,3,28,18,8,6.010,100,1420296
66,41,0,0,6,49,18,8,10.481,100,1890288
39,14,0,0,3,20,19,8,4.531,99,1310704
102,48,0,0,6,60,19,8,13.286,100,2255184
75,26,0,0,3,59,20,8,12.083,99,2100664
26,11,0,0,2,14,15,8,3.202,100,1199628
74,30,0,0,6,47,22,8,10.161,101,1971440
6,1,0,0,0,15,9,8,2.638,100,968208
40,19,0,0,4,37,17,8,7.422,99,1486608
80,38,0,0,4,49,18,8,10.737,99,1950440
18,9,0,0,2,18,15,8,3.582,101,1115312
73,36,0,0,6,48,17,8,10.391,100,1888436
31,15,0,0,3,27,16,8,5.498,100,1316828
25,20,0,0,6,26,17,8,5.315,101,1307292
25,27,0,0,6,31,16,8,6.281,100,1381144
27,18,0,0,1,24,18,8,4.995,99,1293092
57,38,0,0,9,48,18,8,10.023,101,1772244
34,15,0,0,6,34,18,8,6.709,100,1393480
37,24,0,0,6,30,15,8,6.344,100,1448276
16,8,0,0,2,16,12,8,3.190,100,1076040
30,22,0,0,7,34,16,8,6.766,100,1404372
34,17,0,0,1,23,16,8,4.953,101,1309084
63,40,0,0,5,48,16,8,10.229,100,1848568
122,45,0,0,16,72,18,8,15.625,100,2461076
18,13,0,0,3,24,17,8,4.667,99,1222756
27,22,0,0,5,29,16,8,5.873,101,1342980
31,17,0,0,1,30,14,8,6.024,100,1345028
20,8,0,0,2,20,16,8,3.939,100,1147416
19,15,0,0,2,19,16,8,3.927,100,1169880
7,5,0,0,2,13,10,8,2.448,100,994116
58,19,0,0,7,28,18,8,6.389,100,1530412
18,16,0,0,2,25,13,8,4.894,100,1218812
60,24,0,0,10,43,15,8,8.967,98,1699772
30,17,0,0,3,28,15,8,5.669,99,1322792
60,29,0,0,5,42,16,8,8.940,99,1718512
43,24,0,0,4,37,15,8,7.605,100,1528756
34,21,0,0,6,36,16,8,7.161,99,1446688
8,9,0,0,2,15,12,8,2.873,100,1030524
7,11,0,0,3,18,10,8,3.369,100,1048728
101,44,0,0,10,53,20,8,12.021,99,2159072
26,12,0,0,4,19,13,8,4.015,99,1200208
17,26,0,0,1,26,14,8,5.270,98,1284528
54,28,0,0,6,34,18,8,7.482,101,1618688
27,16,0,0,4,27,16,8,5.417,98,1293856
76,27,0,0,2,40,20,8,8.925,100,1785512
22,16,0,0,2,21,14,8,4.372,101,1277516
98,44,0,0,11,54,23,8,12.102,99,2130560
61,23,0,0,7,34,21,8,7.525,99,1626380
5,4,0,0,1,16,10,8,2.862,99,994124
36,21,0,0,5,36,16,8,7.215,99,1470272
103,47,0,0,8,62,24,8,13.589,99,2258136
43,23,0,0,8,32,15,8,6.770,99,1483228
100,54,0,0,10,62,19,8,13.701,100,2297016
5,5,0,0,0,17,10,8,3.032,101,1013320
80,42,0,0,3,57,21,8,12.100,101,2050544
74,45,0,0,10,58,20,8,12.259,99,2023256
24,9,0,0,5,35,14,8,6.482,100,1274024
15,8,0,0,2,20,15,8,3.821,101,1105016
84,26,0,0,6,32,20,8,7.792,101,1762420
97,28,0,0,7,49,21,8,10.915,100,1994996
99,37,0,0,13,57,20,8,12.459,100,2141572
28,21,0,0,3,27,16,8,5.568,100,1351520
27,19,0,0,4,30,12,8,6.002,100,1353568
35,19,0,0,8,34,15,8,6.832,100,1426192
14,10,0,0,4,21,14,8,4.008,100,1121448
4,0,0,0,2,12,10,8,2.089,100,936228
105,40,0,0,9,50,19,8,11.524,100,2115728
42,14,0,0,4,30,19,8,6.212,98,1398240
115,41,0,0,12,53,21,8,12.255,99,2232668
65,33,0,0,11,52,24,8,10.859,100,1988596
34,28,0,0,3,33,19,8,6.847,101,1472860
26,12,0,0,1,28,16,8,5.475,99,1259964
3,4,0,0,0,15,11,8,2.634,100,975396
12,11,0,0,1,22,12,8,4.146,100,1112952
54,33,0,0,6,39,18,8,8.381,99,1683932
14,4,0,0,3,18,14,8,3.378,99,1062260
35,20,0,0,3,31,14,8,6.353,99,1384392
9,21,0,0,0,24,12,8,4.628,99,1192660
36,15,0,0,7,40,13,8,7.724,99,1458040
86,52,0,0,13,46,19,8,10.826,99,2248264
39,17,0,0,6,27,14,8,5.730,101,1375996
6,3,0,0,1,12,9,8,2.204,101,969660
2,5,0,0,1,13,12,8,2.320,100,953756
34,17,0,0,2,38,17,8,7.409,99,1447972
36,22,0,0,6,41,17,8,8.034,99,1507164
36,25,0,0,2,31,17,8,6.508,98,1456148
65,40,0,0,10,44,21,8,9.653,98,1836208
4,10,0,0,3,15,12,8,2.798,101,999064
32,16,0,0,5,22,15,8,4.714,100,1274336
59,31,0,0,6,37,21,8,8.149,99,1677940
40,16,0,0,1,30,12,8,6.208,101,1400280
36,11,0,0,2,26,14,8,5.364,101,1327912
13,12,0,0,2,17,12,8,3.374,100,1085776
6,6,0,0,2,12,10,8,2.277,101,981824
18,13,0,0,4,23,13,8,4.500,100,1188568
48,30,0,0,5,38,15,8,8.036,99,1607628
18,10,0,0,3,20,14,8,3.941,100,1142800
80,36,0,0,13,42,20,8,9.670,100,2064460
9,13,0,0,2,15,14,8,2.986,100,1053076
24,11,0,0,2,25,12,8,4.911,100,1219688
14,9,0,0,3,19,12,8,3.657,99,1099044
35,25,0,0,8,34,19,8,6.980,99,1458704
49,28,0,0,5,41,18,8,8.494,101,1638640
24,14,0,0,5,23,15,8,4.667,100,1244428
46,14,0,0,5,29,16,8,6.147,98,1426428
4,7,0,0,3,11,11,8,2.090,100,975396
90,35,0,0,16,47,19,8,10.696,100,2162664
5,11,0,0,0,15,10,8,2.845,100,1013372
58,27,0,0,1,39,18,8,8.360,100,1676240
26,21,0,0,1,24,16,8,5.033,100,1302352
112,66,0,0,14,72,20,8,15.825,100,2519756
15,9,0,0,2,17,13,8,3.357,100,1086928
118,53,0,0,16,66,20,8,14.732,99,2432652
10,2,0,0,2,15,11,8,2.756,99,1002556
28,13,0,0,4,23,15,8,4.729,100,1255176
35,24,0,0,9,36,15,8,7.276,101,1471284
88,36,0,0,13,52,22,8,11.500,100,2209348
60,25,0,0,6,37,20,8,8.049,100,1653020
8,10,0,0,1,16,12,8,3.057,99,1037716
94,46,0,0,7,44,22,8,10.423,100,2056452
33,15,0,0,4,30,18,8,6.017,101,1342984
53,23,0,0,6,34,17,8,7.329,100,1573156
19,13,0,0,2,27,12,8,5.171,99,1224944
18,5,0,0,2,23,14,8,4.306,100,1134444
13,14,0,0,2,19,15,8,3.746,100,1130360
49,26,0,0,4,45,14,8,9.124,100,1667008
56,34,0,0,8,40,19,8,8.631,100,1707992
44,27,0,0,3,31,20,8,6.736,99,1520480
94,51,0,0,4,58,22,8,12.838,99,2201384
35,26,0,0,7,31,19,8,6.505,99,1439712
8,4,0,0,1,16,11,8,2.916,101,1002804
34,11,0,0,5,31,16,8,6.136,99,1345392
10,7,0,0,3,20,11,8,3.683,99,1059212
23,15,0,0,2,20,14,8,4.172,100,1201980
21,14,0,0,1,22,13,8,4.436,101,1202460
30,14,0,0,4,28,16,8,5.627,99,1319732
7,3,0,0,1,14,12,8,2.560,100,989024
14,10,0,0,1,19,14,8,3.671,100,1095784
114,39,0,0,12,58,21,8,12.996,100,2256100
17,8,0,0,4,21,13,8,4.027,101,1121124
59,24,0,0,5,37,19,8,7.993,100,1659788
24,15,0,0,2,28,17,8,5.508,100,1286792
27,11,0,0,2,23,16,8,4.661,99,1222420
92,47,0,0,9,59,22,8,12.846,100,2166956
12,10,0,0,0,18,14,8,3.477,99,1084216
59,37,0,0,14,44,18,8,9.406,100,1766848
62,31,0,0,10,36,18,8,8.068,100,1691224
95,46,0,0,8,50,18,8,11.570,100,2245092
42,23,0,0,2,29,15,8,6.287,100,1437140
22,8,0,0,1,20,14,8,3.979,99,1152548
37,17,0,0,6,27,19,8,5.699,100,1381376
51,36,0,0,7,40,17,8,8.575,101,1690468
107,43,0,0,12,64,18,8,13.906,100,2278720
7,7,0,0,1,14,12,8,2.638,100,991516
14,11,0,0,4,15,14,8,3.055,100,1073512
73,31,0,0,8,49,17,8,10.410,100,1871804
23,10,0,0,1,21,14,8,4.217,100,1192664
78,29,0,0,10,56,21,8,11.738,100,2083748
37,11,0,0,3,26,16,8,5.367,100,1302956
42,14,0,0,3,24,21,8,5.270,100,1368380
23,15,0,0,3,23,17,8,4.660,100,1228552
5,7,0,0,1,16,10,8,2.914,100,1000748
48,23,0,0,8,37,18,8,7.723,100,1561836
80,32,0,0,3,45,18,8,9.974,100,1898920
64,38,0,0,10,45,17,8,9.717,100,1817828
8,10,0,0,2,17,11,8,3.216,100,1051300
75,32,0,0,7,44,18,8,9.678,99,1846536
23,11,0,0,2,20,15,8,4.081,100,1173964
70,33,0,0,7,64,18,8,12.815,101,1978716
127,51,0,0,15,58,18,8,13.581,100,2419104
60,28,0,0,4,32,20,8,7.299,98,1634180
56,19,0,0,5,29,16,8,6.510,100,1525512
77,30,0,0,8,34,19,8,8.065,100,1758408
99,65,0,0,7,58,23,8,13.394,99,2549100
15,18,0,0,6,22,16,8,4.388,100,1201840
5,12,0,0,5,15,12,8,2.867,100,1024452
7,12,0,0,3,18,14,8,3.399,99,1056696
84,47,0,0,11,46,21,8,10.614,99,2011408
12,8,0,0,3,20,14,8,3.758,99,1084204
114,60,0,0,6,54,17,8,12.871,100,2331788
20,7,0,0,4,20,14,8,3.921,99,1133712
80,35,0,0,5,49,20,8,10.669,100,1930632
26,20,0,0,5,21,17,8,4.539,100,1271616
33,23,0,0,6,35,15,8,7.018,100,1448276
5,2,0,0,2,18,9,8,3.148,100,1004872
106,54,0,0,12,63,21,8,14.003,99,2339052
41,22,0,0,5,29,18,8,6.219,99,1456148
39,17,0,0,6,26,16,8,5.569,99,1363420
76,28,0,0,7,51,18,8,10.822,99,2019256
13,7,0,0,2,14,14,8,2.785,101,1046356
33,26,0,0,6,28,17,8,5.957,100,1405816
24,13,0,0,3,24,14,8,4.795,100,1228552
89,40,0,0,10,51,16,8,11.310,100,2035876
14,8,0,0,3,19,14,8,3.636,98,1092960
7,11,0,0,1,14,12,8,2.726,101,1024128
31,21,0,0,2,32,16,8,6.452,100,1393456
97,42,0,0,9,54,20,8,12.037,99,2103460
85,40,0,0,8,53,20,8,11.545,101,2031796
72,31,0,0,5,48,18,8,10.247,99,1848568
9,11,0,0,0,13,12,8,2.614,101,1025640
64,16,0,0,5,29,18,8,6.618,101,1560148
27,16,0,0,5,36,16,8,6.915,100,1373032
4,4,0,0,1,15,10,8,2.669,100,990776
12,12,0,0,2,26,15,8,4.821,99,1170072
45,17,0,0,9,38,17,8,7.673,99,1520436
45,24,0,0,4,30,14,8,6.523,100,1483556
32,15,0,0,3,24,17,8,5.037,101,1303672
16,16,0,0,6,35,14,8,6.474,98,1288832
4,11,0,0,3,13,13,8,2.499,99,993560
36,25,0,0,4,29,16,8,6.161,100,1422768
15,11,0,0,3,22,14,8,4.225,101,1153548
64,33,0,0,7,43,16,8,9.283,99,1782808
32,17,0,0,4,23,17,8,4.926,100,1306612
48,24,0,0,6,35,18,8,7.421,99,1544252
84,31,0,0,10,45,17,8,10.015,100,1899084
20,10,0,0,3,22,12,8,4.337,101,1178604
112,44,0,0,10,51,18,8,11.957,100,2206416
34,16,0,0,1,29,16,8,5.917,101,1352796
34,18,0,0,4,31,14,8,6.277,100,1391428
43,22,0,0,8,31,20,8,6.609,100,1486596
6,9,0,0,1,15,12,8,2.822,100,1013900
41,19,0,0,6,38,17,8,7.610,99,1487320
6,2,0,0,2,13,9,8,2.345,101,970988
19,9,0,0,5,26,13,8,4.909,100,1194716
92,35,0,0,5,47,19,8,10.605,101,1988864
38,24,0,0,6,35,15,8,7.165,99,1485768
51,28,0,0,6,39,18,8,8.200,100,1626380
63,26,0,0,2,41,17,8,8.771,100,1701860
18,21,0,0,4,28,13,8,5.499,101,1277760
39,26,0,0,6,36,16,8,7.403,101,1520720
45,31,0,0,4,36,16,8,7.658,100,1589224
56,26,0,0,5,30,16,8,6.814,100,1580760
5,8,0,0,2,13,11,8,2.461,99,1001300
76,45,0,0,10,55,20,8,11.883,99,2217328
94,36,0,0,7,52,21,8,11.610,98,2245984
61,27,0,0,7,42,19,8,8.917,101,1701860
140,60,0,0,9,76,18,8,17.028,100,2692044
109,61,0,0,10,69,22,8,15.263,100,2586788
31,14,0,0,4,27,15,8,5.478,100,1315648
28,24,0,0,1,28,16,8,5.827,100,1361148
32,16,0,0,3,31,16,8,6.196,101,1368944
25,17,0,0,3,36,18,8,6.849,100,1349108
53,25,0,0,5,41,16,8,8.512,101,1627680
46,21,0,0,6,36,17,8,7.460,100,1527448
34,19,0,0,2,24,15,8,5.174,100,1341428
66,28,0,0,6,45,21,8,9.543,100,1777040
4,6,0,0,2,15,12,8,2.726,100,998732
13,13,0,0,4,19,13,8,3.723,100,1115316
38,25,0,0,0,27,19,8,5.883,99,1407600
79,36,0,0,1,44,15,8,9.940,100,2027500
34,23,0,0,6,38,15,8,7.554,101,1476488
65,31,0,0,5,37,21,8,8.294,100,1734976
66,28,0,0,10,48,19,8,10.045,101,1807528
14,10,0,0,1,14,15,8,2.879,99,1052076
30,17,0,0,2,28,16,8,5.684,99,1342312
30,13,0,0,2,31,17,8,6.070,100,1320432
112,50,0,0,9,64,19,8,14.160,101,2363784
43,21,0,0,9,33,17,8,6.890,99,1487088
65,27,0,0,6,35,17,8,7.869,100,1661524
64,29,0,0,7,41,21,8,8.888,99,1738176
26,16,0,0,3,30,13,8,5.898,101,1327916
63,27,0,0,7,38,17,8,8.303,99,1689320
102,39,0,0,5,48,20,8,11.107,98,2094784
30,16,0,0,6,27,17,8,5.504,99,1318152
17,15,0,0,3,23,15,8,4.533,99,1207980
17,14,0,0,2,22,16,8,4.343,99,1182436
65,43,0,0,12,50,16,8,10.680,99,1884680
59,18,0,0,1,32,19,8,7.034,100,1564228
41,25,0,0,2,40,15,8,8.062,100,1560892
30,24,0,0,6,35,16,8,6.981,102,1432536
17,12,0,0,4,23,14,8,4.473,99,1181948
7,6,0,0,1,11,10,8,2.143,101,975700
36,16,0,0,3,32,15,8,6.445,99,1395500
86,31,0,0,7,51,22,8,11.159,99,2149928
49,26,0,0,4,33,18,8,7.173,100,1571592
18,12,0,0,4,22,14,8,4.332,100,1169372
56,39,0,0,6,42,21,8,9.088,99,1746492
34,14,0,0,2,21,18,8,4.564,98,1282872
93,36,0,0,9,45,19,8,10.460,100,2177304
9,5,0,0,2,15,13,8,2.793,99,1007560
18,5,0,0,5,18,14,8,3.500,101,1081476
17,7,0,0,5,18,14,8,3.520,100,1099044
21,12,0,0,0,22,14,8,4.388,100,1201848
35,13,0,0,8,26,18,8,5.377,99,1314300
7,8,0,0,2,14,12,8,2.658,100,999072
11,9,0,0,2,17,13,8,3.267,99,1059212
27,24,0,0,1,28,17,8,5.780,99,1360780
30,24,0,0,5,33,14,8,6.656,99,1423484
5,5,0,0,1,15,12,8,2.726,99,998732
83,37,0,0,5,49,16,8,10.782,99,1969548
90,36,0,0,10,52,16,8,11.432,100,2032804
30,25,0,0,7,30,16,8,6.189,99,1391872
31,19,0,0,4,23,14,8,4.940,101,1316832
38,28,0,0,2,25,18,8,5.637,100,1426716
63,29,0,0,11,42,21,8,9.035,99,1728944
30,21,0,0,7,28,20,8,5.791,100,1362820
1,7,0,0,0,10,10,8,1.856,99,950940
32,12,0,0,3,20,16,8,4.324,100,1255164
70,32,0,0,8,42,19,8,9.234,99,1792380
95,31,0,0,7,45,19,8,10.351,102,2099112
47,20,0,0,3,29,15,8,6.314,100,1476376
13,11,0,0,3,16,15,8,3.197,99,1076040
23,11,0,0,4,20,16,8,4.083,100,1182140
37,11,0,0,5,28,17,8,5.700,100,1336088
22,20,0,0,1,31,16,8,6.053,98,1321780
118,45,0,0,19,54,17,8,12.622,100,2283468
26,11,0,0,0,24,11,8,4.807,100,1243160
46,23,0,0,5,23,20,8,5.382,99,1439548
4,3,0,0,2,10,11,8,1.833,101,937744
94,37,0,0,11,55,20,8,12.152,99,2290328
67,26,0,0,11,39,20,8,8.537,99,1720852
34,22,0,0,4,26,18,8,5.569,100,1363412
33,22,0,0,8,37,16,8,7.340,99,1465188
25,22,0,0,4,27,17,8,5.502,101,1302956
152,62,0,0,18,81,21,8,18.155,101,2809416
9,8,0,0,2,15,11,8,2.866,100,1026436
31,24,0,0,11,32,15,8,6.531,99,1416032
88,36,0,0,9,46,21,8,10.476,99,2154152
33,15,0,0,6,30,13,8,6.016,101,1345024
133,61,0,0,15,75,18,8,16.787,101,2660188
55,31,0,0,7,39,22,8,8.357,99,1681720
59,34,0,0,9,44,17,8,9.394,100,1767976
18,11,0,0,2,25,13,8,4.777,100,1180112
27,19,0,0,4,25,16,8,5.172,99,1303672
11,10,0,0,2,19,12,8,3.607,99,1084212
5,7,0,0,2,17,11,8,3.076,100,1003688
75,45,0,0,4,38,20,8,9.107,100,2037028
16,15,0,0,3,22,14,8,4.336,100,1173560
29,14,0,0,5,25,13,8,5.104,101,1295140
28,13,0,0,4,27,16,8,5.380,99,1295128
71,31,0,0,8,39,16,8,8.773,100,1789256
33,24,0,0,4,32,16,8,6.573,100,1436644
100,51,0,0,8,61,20,8,13.454,99,2245876
6,7,0,0,2,14,13,8,2.619,100,1009220
58,36,0,0,6,44,20,8,9.368,99,1754796
67,32,0,0,8,42,17,8,9.181,100,1783996
25,14,0,0,6,30,15,8,5.826,99,1284520
54,26,0,0,5,33,18,8,7.269,99,1584652
18,10,0,0,3,31,11,8,5.766,100,1286740
100,47,0,0,10,62,19,8,13.502,99,2245880
23,15,0,0,4,26,12,8,5.139,100,1245872
19,13,0,0,1,23,15,8,4.533,100,1217016
32,17,0,0,1,26,16,8,5.423,100,1326884
6,6,0,0,0,12,12,8,2.278,99,979784
68,39,0,0,12,53,20,8,11.243,101,2087264
10,14,0,0,5,22,12,8,4.157,100,1119084
11,7,0,0,2,16,11,8,3.058,99,1030792
67,42,0,0,4,44,20,8,9.729,100,1863840
11,4,0,0,1,17,12,8,3.140,100,1028000
33,20,0,0,4,27,15,8,5.677,100,1361128
44,33,0,0,6,32,15,8,7.051,96,1560988
73,29,0,0,6,47,18,8,10.062,100,1848472
36,20,0,0,7,25,17,8,5.406,101,1365940
102,54,0,0,18,70,21,8,15.044,99,2352436
16,11,0,0,6,23,14,8,4.400,100,1158264
44,28,0,0,5,31,21,8,6.768,98,1518152
13,8,0,0,1,18,14,8,3.458,100,1070016
29,16,0,0,2,23,19,8,4.819,100,1286100
65,31,0,0,5,39,17,8,8.613,100,1730768
10,6,0,0,3,16,11,8,3.007,100,1026428
100,41,0,0,8,51,17,8,11.622,100,2111824
16,7,0,0,2,16,10,8,3.180,99,1074628
27,22,0,0,10,26,19,8,5.418,98,1328204
37,18,0,0,5,35,15,8,7.010,99,1424796
71,35,0,0,6,45,17,8,9.804,99,1839212
29,19,0,0,6,31,15,8,6.199,100,1352792
23,15,0,0,1,16,14,8,3.529,101,1181904
103,52,0,0,9,56,21,8,12.751,98,2241520
17,9,0,0,2,18,13,8,3.578,100,1118032
9,6,0,0,2,12,13,8,2.344,101,1002564
14,17,0,0,4,27,15,8,5.150,100,1204028
79,36,0,0,13,41,24,8,9.441,100,2010160
59,34,0,0,3,40,15,8,8.694,100,1734980
31,19,0,0,1,27,18,8,5.591,100,1346380
32,17,0,0,4,29,15,8,5.882,100,1342984
43,13,0,0,8,25,16,8,5.419,100,1375240
5,5,0,0,2,11,12,8,2.066,101,969664
93,46,0,0,10,56,22,8,12.429,100,2282416
79,35,0,0,4,41,22,8,9.441,99,2006980
3,4,0,0,1,12,11,8,2.157,100,957072
19,11,0,0,3,26,13,8,4.963,100,1208104
97,32,0,0,5,44,18,8,10.210,99,1997104
77,43,0,0,7,46,17,8,10.409,100,2118932
41,30,0,0,4,26,14,8,5.912,101,1473460
17,17,0,0,3,20,15,8,4.080,100,1194708
99,42,0,0,5,56,21,8,12.397,100,2165696
34,17,0,0,3,26,16,8,5.441,99,1335300
32,15,0,0,0,29,15,8,5.841,101,1337664
122,46,0,0,9,55,18,8,12.884,100,2315432
81,36,0,0,6,46,18,8,10.263,100,1904784
42,25,0,0,1,32,15,8,6.797,100,1483556
62,31,0,0,9,46,19,8,9.672,100,1777036
50,15,0,0,1,34,16,8,7.089,100,1507156
6,7,0,0,2,14,12,8,2.622,99,1002560
31,15,0,0,6,25,15,8,5.178,101,1303672
33,15,0,0,3,30,13,8,6.020,100,1345028
3,4,0,0,1,13,9,8,2.322,101,953756
83,31,0,0,6,36,18,8,8.625,100,1950756
49,24,0,0,2,34,18,8,7.278,99,1551976
29,12,0,0,4,22,17,8,4.568,99,1246820
19,11,0,0,3,22,14,8,4.342,99,1195116
36,21,0,0,1,20,20,8,4.623,99,1335296
8,8,0,0,0,12,11,8,2.360,100,1000752
23,20,0,0,5,31,15,8,6.070,99,1330652
40,27,0,0,6,29,16,8,6.309,100,1469408
140,49,0,0,14,78,19,8,17.120,99,2644024
68,50,0,0,9,48,21,8,10.683,100,2131192
25,14,0,0,3,23,15,8,4.687,101,1247376
105,58,0,0,8,68,20,8,14.868,101,2399748
106,65,0,0,14,74,22,8,16.003,99,2503176
34,23,0,0,8,33,16,8,6.733,100,1434104
57,29,0,0,3,47,16,8,9.667,99,1741108
2,10,0,0,2,15,12,8,2.757,100,1002556
38,17,0,0,6,29,15,8,6.027,99,1393460
25,23,0,0,8,31,16,8,6.199,100,1360768
76,33,0,0,9,54,18,8,11.445,99,2064292
33,21,0,0,5,25,15,8,5.378,102,1356688
26,13,0,0,4,25,18,8,5.019,100,1262896
108,49,0,0,6,51,19,8,11.978,100,2212588
25,27,0,0,1,30,14,8,6.114,100,1373636
9,9,0,0,3,13,13,8,2.573,101,1013376
147,55,0,0,8,74,19,8,16.723,100,2692044
14,13,0,0,2,15,15,8,3.104,99,1083676
19,9,0,0,5,22,14,8,4.265,100,1152544
33,19,0,0,4,36,15,8,7.113,98,1430496
29,15,0,0,6,31,17,8,6.102,101,1342316
49,28,0,0,6,30,18,8,6.718,99,1546528
32,17,0,0,4,30,16,8,6.051,100,1360768
134,51,0,0,12,77,19,8,16.873,99,2606168
9,10,0,0,6,16,15,8,3.076,101,1044432
75,31,0,0,7,38,17,8,8.680,99,1790984
89,43,0,0,6,43,24,8,10.154,100,2125688
49,34,0,0,5,48,18,8,9.764,100,1707032
39,18,0,0,4,26,17,8,5.600,99,1385300
23,15,0,0,7,30,17,8,5.802,100,1297184
55,24,0,0,6,39,17,8,8.212,100,1640684
127,63,0,0,17,78,18,8,17.134,100,2632080
75,33,0,0,4,41,16,8,9.238,100,1824376
104,48,0,0,9,62,17,8,13.759,101,2507164
40,16,0,0,3,23,18,8,5.079,100,1349220
68,33,0,0,5,38,19,8,8.561,101,1763724
37,15,0,0,4,35,16,8,6.927,100,1423484
43,21,0,0,4,32,17,8,6.737,100,1484840
79,35,0,0,3,45,18,8,10.074,101,2031588
26,23,0,0,1,29,15,8,5.879,100,1351160
55,26,0,0,9,49,21,8,9.896,99,1731532
108,33,0,0,8,36,19,8,9.280,100,1985832
69,37,0,0,8,46,20,8,9.963,98,1849924
24,14,0,0,3,22,13,8,4.492,100,1224452
111,53,0,0,9,67,21,8,14.789,99,2521556
44,19,0,0,4,35,15,8,7.188,100,1503600
20,17,0,0,0,25,17,8,4.960,99,1231344
25,17,0,0,8,29,13,8,5.735,100,1311384
68,29,0,0,2,40,19,8,8.816,100,1762056
78,34,0,0,12,50,17,8,10.884,100,2101904
5,3,0,0,2,14,11,8,2.503,100,975388
70,37,0,0,4,47,19,8,10.153,99,1872020
13,12,0,0,2,17,13,8,3.378,100,1089864
89,41,0,0,13,64,21,8,13.572,101,2378552
23,15,0,0,4,22,18,8,4.510,101,1241928
33,14,0,0,4,33,19,8,6.514,99,1370904
25,14,0,0,9,26,15,8,5.187,100,1276748
73,41,0,0,8,49,19,8,10.691,100,1912248
19,9,0,0,3,16,15,8,3.310,99,1137828
57,21,0,0,10,34,17,8,7.386,99,1594148
10,10,0,0,4,20,13,8,3.758,102,1086776
34,18,0,0,4,21,15,8,4.671,99,1310704
33,16,0,0,3,30,14,8,6.062,100,1362812
106,44,0,0,8,53,19,8,12.140,101,2188752
15,17,0,0,4,21,17,8,4.199,100,1180396
64,31,0,0,6,34,16,8,7.777,100,1695308
13,11,0,0,3,22,13,8,4.173,102,1136492
5,9,0,0,2,15,11,8,2.798,99,1003684
122,50,0,0,10,65,18,8,14.579,100,2433828
90,39,0,0,7,51,17,8,11.416,101,2225048
5,8,0,0,4,18,13,8,3.260,100,1024384
86,30,0,0,9,48,19,8,10.639,101,2108372
15,9,0,0,5,26,13,8,4.823,99,1156212
101,57,0,0,16,78,19,8,16.484,99,2684888
86,40,0,0,4,50,21,8,11.217,100,2204192
6,8,0,0,1,17,12,8,3.118,100,1020036
15,14,0,0,0,20,14,8,3.956,99,1141884
92,29,0,0,8,38,21,8,9.027,100,1868908
31,22,0,0,3,26,17,8,5.505,98,1356688
46,21,0,0,5,29,19,8,6.325,101,1480464
9,5,0,0,2,13,10,8,2.479,101,999988
74,42,0,0,8,62,19,8,12.812,99,2053620
33,23,0,0,4,24,15,8,5.254,100,1359820
58,33,0,0,8,33,19,8,7.524,100,1670116
10,10,0,0,1,16,14,8,3.102,99,1048724
23,20,0,0,5,35,13,8,6.708,100,1347820
82,37,0,0,8,56,18,8,11.897,100,2005208
109,59,0,0,15,66,18,8,14.699,99,2402044
2,7,0,0,3,15,11,8,2.699,100,989016
72,28,0,0,6,40,21,8,8.861,100,1764800
63,31,0,0,3,41,16,8,8.896,100,1736896
44,23,0,0,2,27,22,8,6.014,100,1465672
11,8,0,0,4,16,12,8,3.081,100,1044432
35,14,0,0,6,39,14,8,7.538,99,1435444
55,23,0,0,8,36,19,8,7.711,100,1594136
3,7,0,0,0,11,14,8,2.066,99,969664
38,30,0,0,5,36,17,8,7.466,100,1530344
84,50,0,0,5,48,23,8,10.926,100,2045992
5,9,0,0,0,11,11,8,2.171,99,991540
54,22,0,0,8,46,15,8,9.302,100,1665272
40,24,0,0,1,28,16,8,6.095,100,1450036
85,39,0,0,11,55,19,8,11.920,101,2178104
40,19,0,0,5,36,13,8,7.270,100,1480580
15,12,0,0,1,16,13,8,3.260,101,1093744
60,31,0,0,9,45,17,8,9.469,101,1753816
18,11,0,0,4,31,12,8,5.737,101,1221280
58,19,0,0,7,41,18,8,8.475,99,1636116
10,5,0,0,3,15,14,8,2.823,100,1015736
45,26,0,0,6,43,16,8,8.659,100,1613468
19,5,0,0,4,22,15,8,4.163,101,1130988
7,2,0,0,3,13,10,8,2.362,99,970776
14,13,0,0,6,22,13,8,4.232,100,1139844
8,13,0,0,1,19,13,8,3.614,97,1082168
77,33,0,0,4,47,17,8,10.230,100,1894504
8,7,0,0,2,15,11,8,2.819,99,1017988
27,13,0,0,6,29,18,8,5.686,99,1298304
117,52,0,0,6,62,18,8,14.037,99,2384560
9,8,0,0,0,17,12,8,3.192,99,1041792
83,43,0,0,10,48,19,8,10.869,100,2193636
34,13,0,0,1,25,16,8,5.205,100,1319724
37,17,0,0,5,25,18,8,5.377,99,1351476
27,24,0,0,4,28,15,8,5.789,99,1368956
7,7,0,0,3,14,11,8,2.638,100,993560
12,11,0,0,1,19,12,8,3.650,100,1096472
80,35,0,0,4,53,22,8,11.290,100,1973308
86,30,0,0,13,58,19,8,12.252,99,2211128
50,29,0,0,3,37,18,8,7.908,99,1618684
35,19,0,0,3,32,20,8,6.493,98,1398236
39,24,0,0,4,28,16,8,6.054,99,1436476
64,33,0,0,8,37,18,8,8.312,100,1724860
66,24,0,0,7,51,20,8,10.418,100,1806144
33,18,0,0,8,28,15,8,5.780,101,1368952
3,13,0,0,0,14,12,8,2.682,101,1011856
16,9,0,0,4,21,11,8,4.021,101,1123696
34,21,0,0,5,24,18,8,5.229,101,1347392
34,21,0,0,2,31,16,8,6.348,99,1398240
27,24,0,0,7,36,14,8,7.081,99,1423484
20,10,0,0,4,19,14,8,3.821,100,1132652
71,24,0,0,3,32,20,8,7.468,100,1680744
15,15,0,0,0,15,12,8,3.168,100,1101988
55,28,0,0,2,29,19,8,6.691,101,1580764
85,37,0,0,5,50,19,8,11.102,101,2174924
66,30,0,0,5,29,18,8,6.982,100,1640716
24,14,0,0,4,29,11,8,5.632,99,1288836
24,8,0,0,5,21,16,8,4.207,98,1173968
103,51,0,0,10,71,19,8,15.149,100,2365896
14,11,0,0,3,23,14,8,4.370,100,1142796
39,23,0,0,2,28,16,8,6.025,100,1422768
10,6,0,0,2,19,11,8,3.488,101,1040552
38,26,0,0,2,31,16,8,6.570,99,1461056
124,51,0,0,6,64,20,8,14.582,100,2574580
96,47,0,0,21,62,18,8,13.442,100,2223400
21,13,0,0,5,26,14,8,5.056,101,1236712
131,53,0,0,13,69,21,8,15.576,101,2676792
94,32,0,0,12,37,18,8,9.001,100,1891464
25,13,0,0,1,21,16,8,4.361,100,1267296
4,7,0,0,2,15,10,8,2.738,99,1007968
79,40,0,0,11,52,17,8,11.325,100,2113420
35,15,0,0,1,35,17,8,6.898,98,1412120
27,13,0,0,0,25,14,8,5.043,100,1267436
54,14,0,0,5,28,18,8,6.173,101,1467368
10,8,0,0,5,12,12,8,2.410,99,1011860
65,25,0,0,8,46,18,8,9.634,100,1769628
95,49,0,0,10,53,20,8,11.999,100,2155160
94,34,0,0,9,55,16,8,12.011,100,2206788
25,14,0,0,6,25,14,8,4.998,101,1240204
11,4,0,0,0,20,10,8,3.631,98,1046680
52,40,0,0,11,47,16,8,9.806,101,1779084
78,36,0,0,5,40,19,8,9.173,99,1850524
47,26,0,0,1,36,15,8,7.584,100,1566280
13,5,0,0,3,16,12,8,3.060,99,1037716
30,18,0,0,4,36,19,8,7.008,99,1415024
30,25,0,0,5,40,14,8,7.812,100,1471288
74,49,0,0,9,55,20,8,11.950,100,2218844
31,11,0,0,4,20,16,8,4.267,100,1231344
59,29,0,0,6,43,19,8,9.062,100,1720820
29,19,0,0,1,23,18,8,4.896,100,1298264
30,19,0,0,8,27,17,8,5.573,101,1337676
84,44,0,0,5,50,20,8,11.149,100,2022048
5,5,0,0,1,13,10,8,2.393,100,981528
89,47,0,0,14,52,17,8,11.760,100,2304972
109,48,0,0,18,66,20,8,14.411,100,2346284
31,17,0,0,7,25,18,8,5.232,99,1325864
21,11,0,0,2,23,17,8,4.535,100,1222752
21,16,0,0,3,30,15,8,5.778,99,1265424
28,23,0,0,6,36,15,8,7.077,100,1427112
71,34,0,0,8,42,21,8,9.290,100,1815788
31,14,0,0,5,27,16,8,5.489,100,1312012
76,34,0,0,5,46,19,8,10.160,100,2046256
96,44,0,0,6,59,22,8,12.880,98,2172704
127,45,0,0,9,69,21,8,15.235,99,2459988
33,13,0,0,1,23,17,8,4.856,98,1289004
22,11,0,0,6,23,17,8,4.548,101,1218392
71,33,0,0,8,48,18,8,10.250,99,1862200
86,36,0,0,10,52,21,9,11.303,66,1994984
122,46,0,0,7,70,16,9,15.318,69,2446092
7,8,0,0,2,19,12,9,3.469,67,1035672
91,33,0,0,7,41,23,9,9.577,67,1928524
58,21,0,0,6,37,19,9,7.906,66,1626864
6,11,0,0,2,21,14,9,3.858,67,1069696
40,13,0,0,3,31,19,9,6.312,67,1395500
59,27,0,0,3,43,18,9,9.031,67,1707584
72,29,0,0,8,46,21,9,9.932,67,1951544
123,48,0,0,10,68,20,9,15.075,68,2448816
40,18,0,0,5,30,16,9,6.282,69,1424384
86,42,0,0,7,56,18,9,12.198,68,2262552
73,39,0,0,10,49,22,9,10.630,68,1943528
18,10,0,0,1,16,16,9,3.291,65,1102668
34,18,0,0,3,27,15,9,5.646,68,1352800
8,13,0,0,1,16,14,9,3.126,66,1059212
11,4,0,0,1,15,12,9,2.824,67,1013900
75,32,0,0,6,47,24,9,10.268,66,2025152
63,28,0,0,6,62,19,9,12.196,67,1885764
94,53,0,0,8,57,20,9,12.866,65,2427920
82,32,0,0,12,62,17,9,12.896,65,2231804
41,26,0,0,5,43,15,9,8.582,68,1567376
34,20,0,0,4,28,18,9,5.848,67,1367500
60,22,0,0,10,42,19,9,8.759,68,1684680
71,34,0,0,8,53,20,9,11.082,67,1889164
7,5,0,0,2,13,14,9,2.447,67,991544
62,31,0,0,6,40,20,9,8.712,67,1734980
77,28,0,0,6,50,19,9,10.691,66,2006992
31,9,0,0,3,21,16,9,4.388,68,1232628
73,36,0,0,3,56,16,9,11.680,67,1977884
70,36,0,0,10,40,20,9,9.040,68,1809652
110,49,0,0,8,60,23,9,13.587,65,2442240
28,15,0,0,3,31,16,9,6.068,67,1324520
73,36,0,0,15,49,19,9,10.644,68,2060376
36,18,0,0,4,31,18,9,6.344,67,1405988
45,29,0,0,6,38,21,9,7.931,68,1596200
12,12,0,0,5,27,19,9,4.979,67,1165756
87,48,0,0,7,56,18,9,12.315,67,2106760
65,32,0,0,8,41,20,9,8.951,67,1754800
25,13,0,0,6,21,13,9,4.343,68,1220860
34,17,0,0,8,38,16,9,7.403,68,1437948
33,19,0,0,4,28,13,9,5.829,69,1368860
88,37,0,0,11,53,24,9,11.542,67,2028192
86,40,0,0,7,52,21,9,11.535,67,2212608
17,8,0,0,3,22,14,9,4.189,68,1139844
20,20,0,0,4,28,15,9,5.513,67,1264728
36,22,0,0,2,26,18,9,5.615,67,1380332
42,23,0,0,3,28,16,9,6.118,69,1455092
21,14,0,0,3,28,18,9,5.409,67,1262264
8,9,0,0,4,13,14,9,2.549,68,1017992
136,65,0,0,17,60,26,9,14.468,67,2568572
5,2,0,0,1,12,12,9,2.161,67,957072
37,31,0,0,3,41,18,9,8.284,66,1576892
31,17,0,0,4,29,16,9,5.865,67,1342752
29,16,0,0,4,29,14,9,5.805,68,1318384
71,39,0,0,7,45,19,9,9.919,69,1870860
16,8,0,0,3,21,14,9,4.003,67,1115316
14,15,0,0,5,20,16,9,3.968,67,1143156
116,52,0,0,7,57,18,9,13.188,68,2325660
19,13,0,0,4,29,14,9,5.487,67,1234228
63,40,0,0,6,44,21,9,9.584,66,1815780
65,46,0,0,7,43,18,9,9.620,67,1865404
23,11,0,0,3,19,14,9,3.928,68,1182436
37,9,0,0,3,26,18,9,5.339,66,1310700
88,34,0,0,9,50,20,9,11.107,68,2166748
75,26,0,0,2,48,19,9,10.209,66,1837272
18,11,0,0,2,22,18,9,4.290,67,1161304
41,19,0,0,11,41,16,9,8.094,69,1522372
18,6,0,0,2,18,15,9,3.516,67,1095640
112,44,0,0,13,68,23,9,14.712,67,2351256
118,70,0,0,13,68,23,9,15.460,68,2550676
3,15,0,0,1,19,14,9,3.538,67,1059212
96,38,0,0,5,58,20,9,12.570,67,2127200
53,35,0,0,7,53,17,9,10.703,68,1812272
116,50,0,0,9,57,22,9,13.145,66,2318836
82,50,0,0,10,61,21,9,13.013,67,2135444
90,34,0,0,8,58,19,9,12.353,68,2071576
9,5,0,0,3,16,12,9,2.957,68,1013908
26,13,0,0,2,20,19,9,4.230,67,1279556
80,21,0,0,9,53,18,9,11.092,68,2048964
3,7,0,0,1,14,12,9,2.559,68,989024
20,13,0,0,5,29,14,9,5.515,68,1243768
22,14,0,0,2,18,17,9,3.806,67,1181916
95,42,0,0,6,52,21,9,11.641,68,2097996
47,27,0,0,4,31,17,9,6.803,68,1524672
77,33,0,0,3,50,16,9,10.698,68,1926712
9,10,0,0,2,14,15,9,2.755,67,1030524
18,14,0,0,1,30,16,9,5.652,67,1244732
107,39,0,0,9,59,24,9,13.089,66,2348156
30,21,0,0,5,39,15,9,7.560,67,1438192
45,29,0,0,7,33,19,9,7.150,68,1544260
95,40,0,0,14,53,21,9,11.766,68,2105244
58,31,0,0,6,51,16,9,10.416,65,1786912
2,2,0,0,1,16,11,9,2.739,68,965312
34,19,0,0,4,25,19,9,5.316,68,1327552
77,39,0,0,7,42,23,9,9.680,68,2049284
70,31,0,0,6,43,20,9,9.403,64,1804304
14,9,0,0,7,27,13,9,4.954,68,1164400
10,4,0,0,4,20,11,9,3.618,67,1048408
81,44,0,0,6,52,24,9,11.454,68,2028912
30,13,0,0,3,26,16,9,5.267,67,1294664
10,15,0,0,3,20,13,9,3.862,67,1108336
88,31,0,0,8,51,19,9,11.198,67,2166720
86,41,0,0,8,53,22,9,11.714,66,2238628
31,20,0,0,10,29,14,9,5.956,67,1368848
18,11,0,0,1,22,12,9,4.288,67,1154108
30,13,0,0,1,30,16,9,5.923,68,1327912
31,12,0,0,5,26,14,9,5.270,68,1282932
71,41,0,0,9,56,19,9,11.739,68,1984924
25,17,0,0,5,23,16,9,4.768,65,1269024
23,8,0,0,2,19,16,9,3.845,68,1152548
93,38,0,0,4,47,24,9,10.840,67,2218832
23,22,0,0,1,26,18,9,5.311,68,1302344
23,13,0,0,3,31,17,9,5.928,67,1288828
32,13,0,0,5,23,17,9,4.822,67,1279968
9,0,0,0,2,16,11,9,2.864,68,1000780
10,7,0,0,1,19,11,9,3.516,66,1048724
25,22,0,0,2,24,16,9,5.027,67,1283192
17,15,0,0,3,23,15,9,4.524,68,1207980
56,33,0,0,7,46,18,9,9.606,68,1756352
20,13,0,0,4,26,17,9,5.051,67,1279560
25,10,0,0,3,26,18,9,5.097,68,1248052
15,10,0,0,6,21,13,9,4.031,68,1128316
87,43,0,0,12,69,21,9,14.270,67,2200408
109,45,0,0,9,61,24,9,13.501,66,2274572
110,56,0,0,11,61,23,9,13.877,67,2479040
126,63,0,0,12,60,20,9,14.158,66,2473964
31,12,0,0,5,28,17,9,5.593,68,1307292
12,17,0,0,4,20,16,9,3.963,68,1141884
38,18,0,0,6,36,17,9,7.195,68,1456152
45,24,0,0,2,28,19,9,6.204,67,1477188
50,32,0,0,7,38,17,9,8.127,68,1651656
8,4,0,0,2,17,12,9,3.075,67,1009816
27,11,0,0,2,27,17,9,5.319,68,1276748
12,7,0,0,3,17,13,9,3.240,67,1055124
46,22,0,0,11,33,19,9,6.973,66,1507328
25,18,0,0,1,27,14,9,5.425,67,1295268
37,18,0,0,5,37,14,9,7.331,69,1461108
60,42,0,0,5,43,22,9,9.417,67,1815072
21,9,0,0,1,24,14,9,4.637,67,1192656
72,29,0,0,7,42,21,9,9.197,68,1792180
33,20,0,0,5,31,16,9,6.310,67,1401956
27,22,0,0,7,27,15,9,5.573,68,1345392
91,41,0,0,10,53,21,9,11.704,67,2068648
9,10,0,0,1,21,11,9,3.887,67,1079640
12,2,0,0,0,14,12,9,2.642,67,1007644
25,12,0,0,1,30,13,9,5.785,68,1278812
23,17,0,0,5,26,17,9,5.215,67,1278876
27,15,0,0,1,26,15,9,5.240,65,1287424
11,4,0,0,1,21,12,9,3.787,67,1055124
99,47,0,0,12,60,21,9,13.146,69,2218360
17,10,0,0,3,21,15,9,4.097,67,1172904
34,20,0,0,7,27,14,9,5.694,68,1381376
92,39,0,0,14,47,22,9,10.824,67,2222932
56,31,0,0,4,45,17,9,9.375,67,1730568
84,31,0,0,11,59,20,9,12.380,67,2193656
46,26,0,0,2,35,17,9,7.418,68,1546524
65,28,0,0,8,48,20,9,10.023,67,1786688
71,42,0,0,6,52,19,9,11.111,68,1950028
75,35,0,0,6,49,17,9,10.556,68,1902680
32,16,0,0,3,29,16,9,5.867,66,1350468
11,12,0,0,4,21,16,9,3.989,68,1116000
94,39,0,0,14,68,20,9,14.200,67,2204016
29,19,0,0,3,26,20,9,5.377,67,1304988
19,10,0,0,0,20,16,9,3.957,68,1143252
31,17,0,0,3,38,16,9,7.320,67,1419800
38,16,0,0,4,28,20,9,5.839,67,1373636
99,57,0,0,8,60,20,9,13.564,66,2511316
110,53,0,0,16,76,19,9,16.153,67,2463120
13,7,0,0,0,18,12,9,3.444,69,1065340
91,34,0,0,6,51,20,9,11.325,68,2196028
49,26,0,0,5,40,17,9,8.275,66,1609500
119,55,0,0,10,54,26,9,12.853,67,2338244
104,40,0,0,11,58,20,9,12.799,68,2184208
34,21,0,0,5,36,19,9,7.158,67,1451904
20,12,0,0,5,27,19,9,5.194,68,1281868
114,48,0,0,8,48,24,9,11.611,68,2213444
7,9,0,0,2,13,12,9,2.521,66,1005724
2,5,0,0,2,18,10,9,3.140,68,994124
80,48,0,0,8,52,18,9,11.558,67,2227088
55,30,0,0,7,38,20,9,8.205,67,1652264
88,48,0,0,12,62,26,9,13.391,68,2392280
18,9,0,0,1,20,16,9,3.917,67,1122700
110,44,0,0,6,51,20,9,11.998,69,2328444
89,33,0,0,5,60,19,9,12.713,68,2263280
14,14,0,0,1,18,11,9,3.609,68,1110376
33,29,0,0,4,31,18,9,6.524,67,1461228
31,15,0,0,3,21,16,9,4.538,67,1257236
85,44,0,0,11,55,22,9,11.951,67,2069756
34,11,0,0,0,32,19,9,6.271,66,1350468
56,25,0,0,6,41,18,9,8.609,67,1657096
26,7,0,0,3,33,15,9,6.203,67,1295216
87,48,0,0,9,45,22,9,10.511,68,2035864
13,11,0,0,3,22,13,9,4.165,67,1134448
12,8,0,0,2,23,11,9,4.230,66,1100608
105,35,0,0,7,64,22,9,13.839,67,2436204
51,31,0,0,9,37,18,9,7.965,67,1636072
39,14,0,0,5,28,16,9,5.827,66,1371216
127,55,0,0,9,62,22,9,14.321,68,2454768
96,40,0,0,8,43,20,9,10.262,69,2150456
65,21,0,0,4,37,19,9,8.060,67,1662484
110,43,0,0,16,59,23,9,13.194,67,2254048
9,7,0,0,0,16,13,9,3.005,68,1024384
29,16,0,0,2,28,16,9,5.637,67,1325868
71,50,0,0,5,48,20,9,10.670,68,1969548
30,21,0,0,6,28,22,9,5.780,66,1351480
32,13,0,0,3,30,15,9,5.956,67,1345256
14,15,0,0,3,26,18,9,4.943,67,1212072
30,18,0,0,3,25,18,9,5.226,68,1321776
18,7,0,0,3,20,15,9,3.868,68,1124852
42,18,0,0,3,33,14,9,6.808,66,1448096
103,40,0,0,10,59,22,9,12.938,67,2191120
66,24,0,0,5,47,20,9,9.793,66,1770200
25,21,0,0,2,27,18,9,5.499,67,1318148
94,42,0,0,8,59,19,9,12.813,68,2282404
115,37,0,0,16,46,24,9,11.036,67,2144240
30,18,0,0,8,29,17,9,5.879,68,1356600
61,27,0,0,6,35,17,9,7.768,68,1650228
29,14,0,0,4,31,16,9,6.077,66,1324520
13,7,0,0,5,17,15,9,3.262,68,1052608
5,8,0,0,2,17,11,9,3.099,68,1011856
98,44,0,0,8,57,24,9,12.673,68,2311100
108,44,0,0,10,51,19,9,11.870,67,2180044
72,42,0,0,8,44,22,9,9.939,67,2066504
142,62,0,0,13,69,24,9,16.037,66,2656600
93,44,0,0,11,54,17,9,12.102,68,2249712
20,7,0,0,2,22,16,9,4.238,67,1152104
14,6,0,0,4,19,13,9,3.598,67,1068444
82,33,0,0,5,61,21,9,12.643,65,2038976
12,15,0,0,2,18,14,9,3.595,67,1108324
92,48,0,0,5,58,22,9,12.815,67,2380020
7,7,0,0,3,18,13,9,3.286,66,1030516
7,8,0,0,2,15,14,9,2.827,68,1013900
74,35,0,0,10,45,20,9,9.968,67,2025156
91,44,0,0,10,52,21,9,11.630,68,2078936
139,59,0,0,12,69,19,9,15.817,68,2632496
97,41,0,0,11,58,19,9,12.808,68,2369648
107,45,0,0,7,58,21,9,13.004,66,2241716
89,51,0,0,8,53,22,9,11.905,67,2135440
108,46,0,0,8,66,18,9,14.351,67,2308000
6,7,0,0,1,13,10,9,2.468,68,1005916
39,16,0,0,6,37,18,9,7.319,65,1456160
10,8,0,0,1,17,13,9,3.213,67,1042596
57,32,0,0,3,43,20,9,9.100,68,1739424
6,7,0,0,3,17,11,9,3.101,66,1011856
6,12,0,0,5,15,14,9,2.891,68,1025636
45,44,0,0,9,51,19,9,10.388,67,1786908
9,8,0,0,0,17,11,9,3.196,68,1041792
44,15,0,0,2,31,18,9,6.452,67,1450392
34,21,0,0,4,28,17,9,5.874,68,1381208
20,11,0,0,1,26,15,9,4.988,69,1206340
62,30,0,0,4,55,22,9,11.090,65,1845452
29,19,0,0,4,23,17,9,4.892,68,1298264
30,15,0,0,3,27,18,9,5.483,67,1312016
17,11,0,0,6,27,15,9,5.086,66,1207988
93,36,0,0,10,44,22,9,10.189,68,1984844
110,47,0,0,9,61,20,9,13.745,68,2532092
21,7,0,0,0,19,15,9,3.789,69,1150464
73,41,0,0,11,48,16,9,10.469,67,1913284
12,18,0,0,1,22,15,9,4.324,68,1175812
19,10,0,0,4,28,14,9,5.266,68,1212672
15,12,0,0,3,22,16,9,4.231,64,1139840
55,26,0,0,9,41,18,9,8.607,66,1649260
12,10,0,0,0,19,13,9,3.634,65,1088344
23,25,0,0,2,36,16,9,6.997,68,1398260
40,16,0,0,7,32,17,9,6.539,68,1435460
42,18,0,0,5,40,16,9,7.933,67,1519596
68,34,0,0,5,43,22,9,9.405,68,1807880
99,44,0,0,6,67,18,9,14.253,68,2263292
65,28,0,0,6,43,21,9,9.195,68,1757908
59,29,0,0,7,41,22,9,8.760,68,1711936
15,11,0,0,2,20,15,9,3.890,66,1123700
5,16,0,0,2,18,12,9,3.460,68,1068444
37,31,0,0,4,50,15,9,9.749,67,1627236
6,10,0,0,0,19,12,9,3.493,67,1040544
5,6,0,0,2,14,13,9,2.589,69,991540
16,11,0,0,7,27,17,9,5.056,68,1192672
20,19,0,0,4,30,15,9,5.815,68,1298308
78,33,0,0,5,37,23,9,8.665,67,1821900
46,14,0,0,9,31,19,9,6.480,68,1451892
25,14,0,0,7,26,16,9,5.182,66,1247020
112,51,0,0,13,50,21,9,11.975,68,2249828
39,19,0,0,4,24,17,9,5.278,68,1363424
38,21,0,0,8,36,18,9,7.266,66,1471284
28,12,0,0,0,31,12,9,6.002,68,1317516
5,5,0,0,2,19,11,9,3.347,69,1003680
95,42,0,0,6,51,24,9,11.598,66,2289528
53,24,0,0,1,36,16,9,7.674,66,1599448
12,11,0,0,4,22,15,9,4.145,66,1117560
48,25,0,0,5,32,20,9,6.939,67,1535620
30,14,0,0,3,23,16,9,4.805,67,1271620
98,45,0,0,13,63,20,9,13.603,66,2218348
38,18,0,0,1,29,18,9,6.056,68,1395504
24,18,0,0,3,25,15,9,5.107,69,1277756
17,9,0,0,0,17,14,9,3.397,67,1089656
89,42,0,0,9,42,24,9,9.922,66,1975612
102,46,0,0,8,59,22,9,13.043,67,2229460
63,32,0,0,4,33,21,9,7.628,67,1696920
44,27,0,0,2,30,20,9,6.557,67,1512740
25,15,0,0,4,28,19,9,5.523,67,1291040
74,26,0,0,7,47,18,9,9.984,67,1839324
33,18,0,0,5,32,16,9,6.430,66,1393484
9,7,0,0,0,18,12,9,3.335,67,1041804
23,18,0,0,5,24,19,9,4.900,65,1261304
20,9,0,0,5,24,13,9,4.619,68,1173976
106,53,0,0,11,68,20,9,14.852,68,2495396
85,30,0,0,6,45,23,9,10.018,67,1907972
73,35,0,0,9,54,20,9,11.420,67,2106008
59,18,0,0,9,37,19,9,7.850,65,1603896
57,21,0,0,6,23,21,9,5.612,67,1485368
6,9,0,0,5,17,12,9,3.146,68,1024388
98,46,0,0,16,64,23,9,13.891,67,2471348
125,57,0,0,13,75,20,9,16.451,66,2559880
8,13,0,0,3,23,14,9,4.268,68,1122132
78,35,0,0,5,42,23,9,9.545,67,1995972
18,10,0,0,2,22,16,9,4.265,68,1156224
28,18,0,0,4,27,13,9,5.493,67,1318152
75,37,0,0,6,45,19,9,9.954,67,1888440
34,11,0,0,6,28,16,9,5.634,66,1318156
65,32,0,0,6,44,19,9,9.454,68,1800408
79,32,0,0,5,43,21,9,9.700,68,2021252
28,18,0,0,4,32,18,9,6.307,67,1355236
54,22,0,0,8,39,17,9,8.150,67,1617676
81,38,0,0,9,50,17,9,10.918,67,1973632
46,20,0,0,4,34,15,9,7.109,67,1500072
14,10,0,0,2,25,13,9,4.647,67,1145960
15,20,0,0,2,25,16,9,4.906,67,1209468
35,34,0,0,3,35,16,9,7.342,67,1524672
44,21,0,0,6,34,19,9,7.077,66,1505116
4,8,0,0,1,16,13,9,2.914,68,1006892
93,40,0,0,12,54,26,9,11.898,67,2090212
13,13,0,0,5,22,16,9,4.229,66,1155588
74,40,0,0,7,48,16,9,10.466,68,1921080
56,30,0,0,3,42,19,9,8.854,69,1697768
46,20,0,0,2,36,17,9,7.414,66,1502880
4,5,0,0,0,17,10,9,3.020,66,1007968
56,31,0,0,6,39,18,9,8.389,66,1681888
76,40,0,0,8,52,19,9,11.189,66,1968844
13,4,0,0,3,18,11,9,3.357,68,1046676
76,37,0,0,9,56,21,9,11.777,68,1981808
22,22,0,0,5,29,18,9,5.775,67,1310892
117,60,0,0,6,65,20,9,14.704,68,2462044
26,14,0,0,2,24,14,9,4.872,69,1261308
62,51,0,0,9,50,21,9,10.903,66,2056116
61,34,0,0,4,40,20,9,8.761,68,1738912
104,59,0,0,7,62,22,9,13.886,68,2327708
40,22,0,0,2,29,16,9,6.204,68,1440560
22,18,0,0,1,23,16,9,4.707,67,1240872
43,32,0,0,2,34,18,9,7.324,68,1554928
56,30,0,0,5,42,18,9,8.845,67,1687348
13,6,0,0,4,17,16,9,3.234,67,1053140
33,18,0,0,3,26,15,9,5.450,69,1350468
32,11,0,0,5,38,17,9,7.228,67,1396556
28,23,0,0,3,30,15,9,6.100,67,1377300
27,14,0,0,2,28,20,9,5.540,68,1284524
21,12,0,0,4,24,16,9,4.709,67,1221980
91,42,0,0,4,51,24,9,11.421,67,2061172
97,34,0,0,9,60,18,9,12.869,67,2129776
53,21,0,0,3,39,19,9,8.102,69,1601104
21,21,0,0,1,30,15,9,5.899,67,1315652
35,14,0,0,6,39,16,9,7.524,66,1435460
35,19,0,0,3,32,19,9,6.487,69,1394152
21,9,0,0,2,21,14,9,4.144,68,1158300
42,19,0,0,5,30,17,9,6.338,66,1436472
36,19,0,0,2,26,17,9,5.545,67,1371152
135,62,0,0,8,79,24,9,17.453,67,2698172
80,39,0,0,8,51,23,9,11.182,67,2164376
18,19,0,0,1,17,18,9,3.665,67,1177292
30,26,0,0,1,37,15,9,7.359,69,1461236
121,60,0,0,8,63,21,9,14.484,67,2454772
85,42,0,0,9,49,18,9,10.978,68,2007260
39,17,0,0,6,33,14,9,6.709,67,1437952
59,28,0,0,11,35,22,9,7.776,66,1653020
17,20,0,0,4,29,14,9,5.631,66,1275248
37,26,0,0,3,36,19,9,7.352,67,1497400
17,18,0,0,3,27,13,9,5.233,67,1243768
19,1,0,0,3,18,14,9,3.441,68,1067440
68,35,0,0,10,47,19,9,10.075,67,1843972
119,54,0,0,10,62,22,9,14.114,67,2398168
42,25,0,0,4,31,18,9,6.621,67,1466020
92,36,0,0,10,56,20,9,12.252,65,2282076
106,58,0,0,11,66,19,9,14.559,67,2396188
22,14,0,0,7,22,14,9,4.462,67,1204020
102,43,0,0,12,65,23,9,13.980,67,2255568
6,9,0,0,1,14,14,9,2.664,68,1003680
6,10,0,0,1,21,12,9,3.820,68,1068444
16,12,0,0,2,19,15,9,3.778,68,1120388
102,50,0,0,12,64,18,9,13.955,68,2295428
94,42,0,0,11,43,22,9,10.188,68,2029192
40,16,0,0,6,38,15,9,7.551,68,1464824
51,18,0,0,4,41,19,9,8.321,67,1585428
7,4,0,0,1,16,10,9,2.898,67,1007188
12,16,0,0,6,16,15,9,3.294,67,1106756
94,46,0,0,10,54,22,9,12.066,67,2126004
75,41,0,0,8,40,21,9,9.254,68,1870500
16,5,0,0,1,23,16,9,4.263,66,1129852
101,48,0,0,8,51,23,9,11.798,67,2165536
87,46,0,0,11,59,21,9,12.824,67,2346520
10,10,0,0,7,20,12,9,3.750,68,1077596
45,24,0,0,0,36,21,9,7.489,67,1535620
59,34,0,0,13,47,16,9,9.817,67,1787836
33,20,0,0,9,34,17,9,6.792,67,1418080
99,43,0,0,5,57,20,9,12.584,67,2168620
89,37,0,0,11,49,23,9,10.997,67,2144332
34,20,0,0,7,41,16,9,7.955,68,1482628
12,7,0,0,3,22,16,9,4.046,67,1096848
32,20,0,0,5,31,17,9,6.286,67,1381220
90,41,0,0,7,54,18,9,11.856,67,2081964
53,30,0,0,9,44,21,9,9.120,66,1699772
98,47,0,0,10,64,18,9,13.793,66,2252268
57,24,0,0,6,37,16,9,7.927,67,1616500
97,44,0,0,14,65,19,9,13.837,66,2208136
104,47,0,0,12,60,18,9,13.351,67,2386988
13,6,0,0,5,21,14,9,3.890,66,1079640
11,10,0,0,1,19,14,9,3.608,67,1082220
69,20,0,0,6,34,22,9,7.647,67,1656364
113,51,0,0,9,69,20,9,15.084,69,2429324
36,17,0,0,7,25,19,9,5.335,65,1342984
34,21,0,0,5,34,17,9,6.852,67,1436648
102,33,0,0,12,58,23,9,12.625,67,2141572
61,32,0,0,10,39,19,9,8.535,68,1714716
25,19,0,0,4,36,17,9,6.927,68,1381384
62,23,0,0,14,48,20,9,9.800,67,1760564
97,44,0,0,9,64,20,9,13.757,67,2227484
28,22,0,0,5,32,17,9,6.390,67,1375684
47,28,0,0,7,33,22,9,7.173,67,1569548
85,33,0,0,9,42,19,9,9.605,69,1899084
21,11,0,0,3,28,14,9,5.330,68,1246008
28,17,0,0,1,29,16,9,5.792,67,1318384
54,35,0,0,3,39,15,9,8.445,67,1674108
107,40,0,0,7,65,22,9,14.124,67,2507820
42,28,0,0,8,40,19,9,8.165,66,1567368
97,51,0,0,11,55,21,9,12.412,67,2200712
23,17,0,0,4,22,20,9,4.532,67,1223168
53,22,0,0,7,35,20,9,7.470,66,1568268
27,19,0,0,4,28,17,9,5.648,68,1314300
35,14,0,0,3,24,14,9,5.080,68,1310700
12,5,0,0,3,19,11,9,3.518,66,1055120
59,43,0,0,5,43,22,9,9.407,68,1807884
88,40,0,0,10,56,18,9,12.202,67,2266640
41,31,0,0,3,41,19,9,8.377,68,1595360
76,47,0,0,7,43,21,9,9.989,68,2118924
69,28,0,0,5,39,24,9,8.670,67,1754284
31,14,0,0,3,23,19,9,4.822,68,1291048
24,17,0,0,5,32,18,9,6.183,68,1327916
35,18,0,0,5,29,18,9,5.986,68,1375676
89,55,0,0,11,70,24,9,14.743,66,2295960
85,55,0,0,5,74,21,9,15.284,68,2283596
36,22,0,0,4,36,15,9,7.247,67,1447348
29,16,0,0,4,26,13,9,5.309,69,1301408
12,10,0,0,2,15,14,9,2.985,68,1048196
106,41,0,0,7,49,21,9,11.397,66,2141304
48,22,0,0,6,41,19,9,8.318,66,1582712
21,8,0,0,4,28,14,9,5.259,67,1212004
79,21,0,0,9,48,17,9,10.166,68,1833184
30,12,0,0,2,29,15,9,5.733,67,1307292
21,6,0,0,2,19,12,9,3.750,68,1128316
62,26,0,0,9,45,21,9,9.417,68,1743416
34,29,0,0,1,34,19,9,7.033,66,1481680
37,30,0,0,10,54,16,9,10.406,67,1673168
28,24,0,0,3,37,17,9,7.264,67,1437948
31,20,0,0,6,30,17,9,6.111,69,1374992
88,52,0,0,7,67,22,9,14.225,66,2368592
8,12,0,0,2,18,13,9,3.445,67,1069692
17,13,0,0,1,19,17,9,3.816,68,1130612
88,44,0,0,8,68,19,9,14.140,66,2193164
22,25,0,0,3,35,15,9,6.817,66,1378212
21,16,0,0,5,29,18,9,5.629,68,1261664
56,24,0,0,5,39,22,9,8.234,68,1627676
44,23,0,0,5,39,18,9,7.950,66,1554756
57,29,0,0,5,38,17,9,8.224,68,1676240
25,19,0,0,2,20,18,9,4.315,66,1255164
28,19,0,0,3,31,18,9,6.163,68,1345024
19,10,0,0,2,23,13,9,4.466,68,1178608
90,37,0,0,6,49,21,9,11.077,67,2198060
69,29,0,0,6,41,19,9,8.971,68,1769848
90,42,0,0,8,59,21,9,12.731,67,2125736
5,5,0,0,5,19,11,9,3.350,66,1011860
30,19,0,0,7,35,18,9,6.851,67,1399592
28,16,0,0,4,31,17,9,6.100,65,1338228
13,16,0,0,3,14,14,9,2.985,68,1093740
37,22,0,0,4,42,12,9,8.223,67,1520720
22,14,0,0,1,26,17,9,5.093,67,1231336
6,5,0,0,3,18,12,9,3.219,68,1011856
15,12,0,0,4,25,16,9,4.760,67,1184748
8,5,0,0,2,20,12,9,3.584,67,1032572
12,10,0,0,4,21,12,9,3.955,68,1098036
84,35,0,0,10,56,22,9,11.958,67,2146648
40,20,0,0,7,33,20,9,6.804,67,1450620
30,21,0,0,4,30,19,9,6.102,66,1370904
4,6,0,0,0,15,11,9,2.726,65,994108
50,20,0,0,9,43,15,9,8.665,64,1605580
51,21,0,0,4,35,18,9,7.438,68,1554012
47,37,0,0,9,42,19,9,8.805,69,1667660
140,65,0,0,16,75,22,9,16.988,66,2706968
8,4,0,0,0,14,13,9,2.601,68,1005912
26,24,0,0,8,29,15,9,5.919,66,1363540
94,63,0,0,13,62,21,9,13.773,68,2305220
87,37,0,0,13,34,22,9,8.556,67,2037016
92,33,0,0,10,49,20,9,10.996,68,2183428
52,36,0,0,11,52,20,9,10.515,67,1788948
117,38,0,0,15,58,21,9,13.094,67,2257012
20,10,0,0,2,20,15,9,3.978,68,1152548
6,4,0,0,5,18,11,9,3.197,67,1006880
85,35,0,0,9,54,20,9,11.673,68,2193652
23,17,0,0,2,29,16,9,5.684,67,1294672
24,22,0,0,5,32,19,9,6.318,66,1361660
78,27,0,0,8,35,20,9,8.167,68,1752544
69,42,0,0,5,47,21,9,10.251,66,1882636
58,34,0,0,5,48,20,9,9.972,66,1788952
44,23,0,0,7,40,16,9,8.129,67,1550156
6,6,0,0,3,12,12,9,2.280,68,979780
43,18,0,0,7,35,16,9,7.148,67,1479636
79,29,0,0,5,43,18,9,9.582,69,1971452
77,45,0,0,15,59,19,9,12.449,68,2076924
22,13,0,0,2,20,16,9,4.122,67,1199796
60,25,0,0,6,34,17,9,7.533,68,1617920
95,42,0,0,7,47,22,9,10.838,69,2048280
126,59,0,0,9,50,22,9,12.460,66,2382812
77,37,0,0,6,47,17,9,10.341,68,1917316
87,40,0,0,12,54,19,9,11.760,67,2054664
5,11,0,0,1,15,14,9,2.845,68,1020036
25,16,0,0,8,25,18,9,5.063,67,1255876
9,12,0,0,4,18,14,9,3.466,68,1076884
109,57,0,0,16,60,24,9,13.651,69,2357728
23,13,0,0,1,26,16,9,5.104,68,1242184
68,24,0,0,5,41,20,9,8.820,66,1720056
70,33,0,0,6,38,20,9,8.631,68,1772376
10,2,0,0,3,15,11,9,2.762,69,1013304
107,44,0,0,12,73,20,9,15.530,68,2613864
19,8,0,0,1,25,17,9,4.760,66,1193076
94,25,0,0,10,52,21,9,11.321,67,2122120
26,25,0,0,4,28,19,9,5.779,67,1356692
5,13,0,0,3,17,14,9,3.216,67,1048728
98,46,0,0,9,56,20,9,12.625,67,2394660
31,21,0,0,5,28,17,9,5.820,67,1361316
115,48,0,0,14,52,24,9,12.278,67,2266388
21,8,0,0,2,20,14,9,3.953,67,1132652
13,10,0,0,1,22,12,9,4.139,68,1110380
26,13,0,0,2,23,17,9,4.679,66,1231340
85,34,0,0,13,48,19,9,10.672,67,2086776
91,40,0,0,9,60,18,9,12.932,67,2251760
93,48,0,0,5,67,16,9,14.302,68,2473656
7,7,0,0,2,13,13,9,2.479,68,1002564
9,9,0,0,2,20,13,9,3.722,67,1067388
11,6,0,0,2,21,12,9,3.866,68,1067384
34,21,0,0,4,25,16,9,5.395,68,1369048
11,10,0,0,2,15,16,9,2.963,67,1048984
31,20,0,0,8,36,20,9,7.081,67,1439640
16,23,0,0,1,29,16,9,5.649,68,1278108
35,29,0,0,7,38,15,9,7.693,67,1507828
38,25,0,0,0,33,22,9,6.869,67,1491816
70,34,0,0,9,41,22,9,9.149,67,1805548
16,8,0,0,2,24,14,9,4.494,67,1155592
37,11,0,0,6,25,18,9,5.226,67,1316824
35,21,0,0,5,36,18,9,7.179,67,1461108
6,8,0,0,2,17,13,9,3.129,66,1024384
29,17,0,0,5,33,15,9,6.483,67,1373032
25,25,0,0,0,21,16,9,4.621,68,1287280
13,9,0,0,1,19,14,9,3.625,67,1077388
30,18,0,0,8,36,17,9,6.991,67,1398256
81,46,0,0,9,65,18,9,13.670,67,2356988
41,16,0,0,3,26,15,9,5.580,67,1369868
34,15,0,0,4,23,18,9,4.921,67,1310700
8,5,0,0,2,13,12,9,2.469,68,1001300
22,14,0,0,4,22,18,9,4.462,68,1210428
44,17,0,0,7,37,20,9,7.471,67,1503600
8,8,0,0,2,18,12,9,3.331,66,1037716
121,47,0,0,14,70,19,9,15.467,68,2705664
56,30,0,0,7,39,18,9,8.376,66,1673100
35,17,0,0,2,24,17,9,5.159,69,1341300
61,32,0,0,9,36,23,9,8.055,67,1691224
39,18,0,0,3,30,15,9,6.239,66,1418080
8,18,0,0,1,22,13,9,4.218,67,1131352
29,28,0,0,5,23,18,9,5.124,67,1355732
40,30,0,0,7,46,16,9,9.148,67,1619892
69,26,0,0,4,44,20,9,9.396,67,1779080
14,11,0,0,3,20,15,9,3.868,67,1101996
89,39,0,0,8,61,24,9,12.927,67,2129724
104,41,0,0,12,57,25,9,12.672,67,2197256
60,29,0,0,5,38,18,9,8.284,68,1677940
113,58,0,0,12,67,22,9,14.902,67,2422004
24,18,0,0,7,28,17,9,5.558,65,1293848
79,37,0,0,6,48,21,9,10.642,68,2104280
30,17,0,0,4,24,14,9,5.041,68,1302348
20,18,0,0,2,27,14,9,5.360,68,1262452
38,27,0,0,7,43,19,9,8.579,65,1562584
7,11,0,0,2,18,13,9,3.374,67,1052812
16,19,0,0,4,22,15,9,4.459,68,1252652
33,17,0,0,6,37,14,9,7.198,69,1423484
24,18,0,0,2,24,14,9,4.942,67,1269828
3,3,0,0,1,20,10,9,3.434,68,1012060
76,40,0,0,7,65,16,9,13.296,69,2076092
22,17,0,0,2,29,15,9,5.643,67,1274020
29,16,0,0,6,28,17,9,5.633,67,1318156
10,12,0,0,4,18,17,9,3.479,67,1079648
40,20,0,0,6,33,16,9,6.804,67,1457148
35,14,0,0,5,24,21,9,5.085,67,1313668
11,7,0,0,1,17,12,9,3.221,68,1048728
6,2,0,0,3,13,13,9,2.347,69,974876
25,21,0,0,6,34,19,10,6.669,34,1381384
46,21,0,0,6,42,17,10,8.432,34,1576888
51,20,0,0,4,38,20,10,7.872,34,1576496
10,4,0,0,1,16,15,10,2.958,34,1013908
76,30,0,0,9,49,22,10,10.473,33,1883372
37,19,0,0,5,28,19,10,5.896,35,1402736
27,15,0,0,2,17,21,10,3.806,35,1263400
25,15,0,0,3,36,18,10,6.818,34,1341784
54,32,0,0,7,53,20,10,10.642,36,1791352
107,63,0,0,9,63,25,10,14.278,34,2395488
25,20,0,0,4,25,21,10,5.147,36,1302992
8,16,0,0,3,17,16,10,3.359,36,1083728
17,13,0,0,7,20,20,10,3.991,34,1151608
16,10,0,0,2,24,17,10,4.534,35,1162348
42,31,0,0,2,34,20,10,7.285,31,1544940
30,17,0,0,5,36,18,10,6.994,36,1408916
35,22,0,0,2,34,19,10,6.902,35,1446680
11,10,0,0,3,21,14,10,3.929,35,1094484
102,55,0,0,17,70,23,10,15.112,36,2496976
124,61,0,0,20,64,20,10,14.755,32,2505484
22,15,0,0,7,26,17,10,5.133,35,1262268
39,30,0,0,9,44,19,10,8.779,36,1605584
14,9,0,0,2,18,16,10,3.491,34,1081476
40,18,0,0,2,25,20,10,5.462,35,1381212
75,38,0,0,9,48,21,10,10.449,34,1951864
34,18,0,0,4,37,14,10,7.284,35,1447972
30,15,0,0,6,32,16,10,6.277,31,1358628
34,12,0,0,7,31,18,10,6.141,35,1352508
11,6,0,0,1,24,13,10,4.319,34,1092960
25,12,0,0,4,24,16,10,4.810,34,1232640
34,24,0,0,9,33,22,10,6.741,34,1442608
30,8,0,0,3,28,17,10,5.487,34,1259960
29,18,0,0,3,25,15,10,5.201,34,1312020
16,8,0,0,2,25,15,10,4.646,35,1152092
47,20,0,0,9,38,19,10,7.771,34,1545840
12,13,0,0,2,20,15,10,3.866,33,1117564
22,17,0,0,6,28,15,10,5.514,35,1280856
78,34,0,0,11,46,24,10,10.202,35,2054240
36,14,0,0,6,28,22,10,5.752,35,1338896
74,45,0,0,5,54,20,10,11.580,35,2007848
15,11,0,0,5,23,14,10,4.377,35,1147776
62,37,0,0,10,39,20,10,8.674,32,1742540
12,10,0,0,1,18,15,10,3.469,34,1077604
117,61,0,0,11,80,23,10,17.152,34,2582212
66,38,0,0,3,38,22,10,8.620,33,1769112
5,7,0,0,4,21,15,10,3.724,35,1045892
76,31,0,0,6,47,20,10,10.172,34,1877664
31,16,0,0,6,32,16,10,6.333,35,1356688
16,14,0,0,2,19,16,10,3.823,35,1141888
51,30,0,0,7,42,22,10,8.738,33,1644944
93,58,0,0,9,70,25,10,14.914,34,2337276
59,26,0,0,9,55,18,10,10.931,34,1782820
85,45,0,0,10,60,18,10,12.970,36,2319616
64,30,0,0,7,38,23,10,8.409,33,1712676
48,17,0,0,4,39,19,10,7.893,34,1540088
99,54,0,0,14,63,22,10,13.921,36,2515408
90,46,0,0,11,61,24,10,13.108,34,2166160
27,15,0,0,7,31,21,10,6.058,34,1308844
105,46,0,0,13,56,25,10,12.629,33,2215648
10,14,0,0,1,18,17,10,3.515,33,1094484
97,40,0,0,5,56,23,10,12.313,34,2129044
11,14,0,0,2,22,15,10,4.187,36,1129624
85,36,0,0,8,50,18,10,11.044,34,2117512
72,42,0,0,13,53,20,10,11.376,35,2097532
23,11,0,0,6,22,16,10,4.407,35,1201964
130,60,0,0,9,70,26,10,15.867,33,2570028
23,15,0,0,6,37,17,10,6.935,34,1344352
42,17,0,0,2,32,17,10,6.613,34,1434420
130,49,0,0,18,58,22,10,13.604,34,2408168
46,31,0,0,11,44,22,10,9.026,35,1663928
17,14,0,0,1,19,15,10,3.854,36,1158264
18,12,0,0,3,21,17,10,4.156,35,1156680
8,8,0,0,3,19,14,10,3.489,34,1042596
63,31,0,0,5,42,17,10,9.071,35,1744588
87,34,0,0,10,47,21,10,10.487,34,1943628
97,40,0,0,5,59,21,10,12.789,34,2149788
83,57,0,0,11,59,22,10,12.946,36,2313140
97,48,0,0,3,51,20,10,11.806,36,2354236
6,12,0,0,1,15,13,10,2.890,35,1030516
26,16,0,0,2,36,18,10,6.854,34,1361672
56,35,0,0,5,50,21,10,10.293,34,1802228
10,2,0,0,4,21,13,10,3.725,35,1045892
48,20,0,0,10,42,17,10,8.457,36,1585432
109,46,0,0,11,64,22,10,14.110,35,2301120
24,20,0,0,4,38,17,10,7.231,36,1384988
16,14,0,0,5,29,15,10,5.459,35,1226524
97,45,0,0,8,48,27,10,11.175,33,2097260
34,20,0,0,3,33,17,10,6.655,33,1418080
81,33,0,0,8,48,21,10,10.597,36,2095772
33,16,0,0,1,28,18,10,5.731,35,1352512
24,11,0,0,4,24,15,10,4.780,35,1279560
55,33,0,0,4,37,19,10,8.082,36,1662444
26,16,0,0,2,25,17,10,5.087,32,1265428
76,35,0,0,8,52,23,10,11.099,34,1939876
23,10,0,0,3,21,23,10,4.221,33,1186228
8,8,0,0,6,17,16,10,3.175,35,1034132
61,32,0,0,6,45,20,10,9.496,34,1766068
40,16,0,0,5,38,20,10,7.542,34,1462788
61,28,0,0,4,43,18,10,9.089,32,1730084
26,22,0,0,4,38,16,10,7.303,34,1394148
100,33,0,0,10,58,20,10,12.600,34,2117512
59,47,0,0,9,48,23,10,10.310,36,1869500
20,24,0,0,6,30,15,10,5.925,32,1310672
10,17,0,0,2,26,14,10,4.890,34,1177868
7,8,0,0,1,16,13,10,2.985,35,1020036
30,16,0,0,3,20,18,10,4.381,34,1249728
45,29,0,0,6,57,19,10,11.011,35,1723908
15,12,0,0,4,25,17,10,4.748,34,1176572
119,45,0,0,12,68,19,10,14.934,35,2400640
89,45,0,0,14,57,21,10,12.437,33,2111380
67,41,0,0,8,49,20,10,10.526,34,1904652
28,14,0,0,7,29,18,10,5.725,35,1292484
103,50,0,0,12,60,24,10,13.333,36,2271328
34,15,0,0,3,24,16,10,5.084,35,1316832
17,13,0,0,4,28,17,10,5.289,35,1223540
25,22,0,0,2,33,16,10,6.517,34,1382708
9,6,0,0,3,21,13,10,3.793,35,1055124
47,24,0,0,5,36,17,10,7.552,35,1550144
87,42,0,0,10,49,18,10,10.987,34,2013380
80,38,0,0,10,52,20,10,11.226,35,1968220
71,34,0,0,9,53,22,10,11.175,33,2070916
72,28,0,0,5,44,23,10,9.525,34,1795076
119,48,0,0,11,70,21,10,15.271,34,2434696
76,27,0,0,6,35,23,10,8.131,35,1746888
94,49,0,0,8,58,24,10,12.759,35,2184564
20,18,0,0,3,20,16,10,4.185,34,1197360
23,17,0,0,4,33,18,10,6.331,34,1327916
20,12,0,0,3,21,16,10,4.205,34,1182444
91,47,0,0,12,55,22,10,12.166,34,2109592
85,31,0,0,7,52,19,10,11.291,36,2145840
39,30,0,0,7,38,16,10,7.827,35,1556276
61,30,0,0,6,43,22,10,9.182,36,1757716
23,17,0,0,5,32,18,10,6.174,36,1327912
119,35,0,0,11,64,23,10,14.039,33,2309276
47,19,0,0,6,35,18,10,7.251,36,1511420
47,25,0,0,4,41,16,10,8.372,35,1599448
53,17,0,0,3,33,20,10,7.051,35,1519792
56,33,0,0,3,39,21,10,8.453,30,1687276
36,29,0,0,2,34,21,10,7.088,36,1497400
24,13,0,0,2,18,18,10,3.843,35,1209960
28,11,0,0,5,20,19,10,4.235,36,1273428
6,6,0,0,2,16,15,10,2.917,34,1002800
92,44,0,0,14,63,21,10,13.453,34,2191108
75,26,0,0,5,50,20,10,10.560,33,1988596
9,12,0,0,1,20,14,10,3.771,33,1088344
117,56,0,0,10,57,25,10,13.338,33,2372844
10,9,0,0,1,16,14,10,3.072,35,1040552
23,17,0,0,7,35,20,10,6.656,36,1348448
20,22,0,0,5,27,18,10,5.402,33,1284516
42,27,0,0,5,43,18,10,8.623,35,1602336
41,22,0,0,7,35,22,10,7.176,33,1489364
48,28,0,0,5,42,21,10,8.634,35,1634552
11,12,0,0,1,23,15,10,4.302,36,1119084
22,7,0,0,2,21,16,10,4.129,34,1164400
43,26,0,0,5,37,21,10,7.644,34,1538752
83,41,0,0,5,56,24,10,12.123,35,2252744
125,55,0,0,16,73,22,10,16.154,36,2672696
26,14,0,0,2,32,19,10,6.168,35,1312020
20,12,0,0,3,32,14,10,5.976,35,1249500
41,24,0,0,4,35,19,10,7.232,35,1500076
21,18,0,0,9,22,17,10,4.523,36,1226508
14,9,0,0,2,22,17,10,4.149,35,1110436
48,20,0,0,5,25,21,10,5.693,34,1455096
13,9,0,0,7,25,15,10,4.611,34,1139828
105,43,0,0,11,61,24,10,13.368,34,2250732
96,41,0,0,7,45,23,10,10.544,34,2043936
27,17,0,0,3,21,17,10,4.481,35,1247008
12,10,0,0,1,22,15,10,4.118,32,1122132
107,51,0,0,4,58,24,10,13.108,35,2285212
99,33,0,0,9,53,19,10,11.713,36,2068644
28,19,0,0,2,32,16,10,6.328,35,1362820
13,10,0,0,3,24,13,10,4.478,35,1129832
59,27,0,0,9,58,21,10,11.490,34,1828172
103,44,0,0,9,78,17,10,16.139,34,2386324
44,19,0,0,4,33,17,10,6.856,35,1479636
17,7,0,0,3,20,18,10,3.847,34,1122128
130,55,0,0,12,61,21,10,14.287,36,2467764
19,13,0,0,5,24,16,10,4.677,35,1201964
80,42,0,0,1,71,22,10,14.418,31,2155868
65,24,0,0,6,42,21,10,8.944,34,1720816
52,21,0,0,0,28,21,10,6.282,35,1486956
9,6,0,0,1,15,16,10,2.822,35,1013900
45,18,0,0,9,43,19,10,8.479,35,1542836
52,17,0,0,4,48,20,10,9.446,35,1641368
40,28,0,0,3,42,16,10,8.429,33,1577852
12,15,0,0,4,21,17,10,4.082,33,1138184
109,53,0,0,15,74,19,10,15.790,34,2452948
105,55,0,0,11,83,19,10,17.316,35,2617444
14,12,0,0,3,27,14,10,5.044,33,1192672
3,6,0,0,2,19,12,10,3.329,34,1002792
32,24,0,0,5,32,18,10,6.535,34,1420296
16,6,0,0,3,16,15,10,3.178,34,1064872
19,6,0,0,2,17,19,10,3.375,35,1094424
83,38,0,0,5,50,22,10,11.053,34,2119556
35,23,0,0,2,32,17,10,6.586,36,1416628
69,51,0,0,10,55,22,10,11.833,34,2144336
14,12,0,0,1,23,18,10,4.373,35,1148020
49,27,0,0,12,56,19,10,10.893,34,1746688
62,37,0,0,7,51,20,10,10.652,34,1845856
32,22,0,0,7,27,16,10,5.687,36,1367264
10,10,0,0,1,13,16,10,2.616,34,1036656
6,1,0,0,0,15,12,10,2.641,34,977440
36,21,0,0,8,28,23,10,5.930,33,1401956
29,12,0,0,3,18,18,10,3.957,36,1271380
14,17,0,0,2,21,17,10,4.199,34,1178600
28,17,0,0,5,24,17,10,4.987,35,1278852
35,18,0,0,3,37,17,10,7.294,34,1440228
74,46,0,0,9,58,23,10,12.363,35,2238104
53,42,0,0,2,39,19,10,8.586,36,1712596
100,42,0,0,9,60,19,10,13.101,34,2184204
55,31,0,0,4,54,21,10,10.800,34,1801212
97,43,0,0,16,60,23,10,13.046,32,2197256
125,42,0,0,11,49,23,10,11.909,34,2255528
102,48,0,0,7,61,18,10,13.414,36,2243576
150,64,0,0,11,75,23,10,17.183,33,2776352
52,30,0,0,8,42,21,10,8.773,33,1682372
54,26,0,0,6,38,22,10,8.054,36,1621812
24,7,0,0,6,29,17,10,5.464,35,1228996
35,21,0,0,4,45,18,10,8.647,34,1516628
52,18,0,0,2,38,21,10,7.872,34,1575684
42,32,0,0,5,37,17,10,7.767,35,1571116
58,32,0,0,6,37,21,10,8.144,33,1677940
40,32,0,0,9,33,20,10,7.080,33,1530800
37,27,0,0,1,34,18,10,7.050,35,1478272
7,6,0,0,8,21,14,10,3.750,35,1041796
25,19,0,0,1,33,16,10,6.419,32,1351440
46,34,0,0,7,36,22,10,7.771,36,1624816
87,50,0,0,5,49,24,10,11.189,33,2071184
29,12,0,0,5,37,16,10,7.007,35,1361668
44,20,0,0,2,39,16,10,7.867,33,1531756
20,9,0,0,2,22,19,10,4.289,35,1158292
25,14,0,0,7,29,15,10,5.659,35,1270392
157,88,0,0,13,82,23,10,19.032,35,3021872
100,60,0,0,11,61,24,10,13.649,36,2325164
20,15,0,0,5,27,16,10,5.234,34,1247396
21,12,0,0,4,26,14,10,5.022,35,1206744
83,49,0,0,6,55,24,10,12.005,34,2078936
8,4,0,0,1,17,12,10,3.073,35,1003688
77,28,0,0,7,45,18,10,9.826,34,1837684
22,14,0,0,3,23,17,10,4.617,34,1220860
9,7,0,0,4,22,14,10,3.995,35,1065340
81,35,0,0,9,53,21,10,11.346,35,1976104
35,25,0,0,6,32,20,10,6.645,33,1452064
40,20,0,0,4,37,20,10,7.437,35,1487084
23,12,0,0,3,25,18,10,4.922,33,1236716
52,18,0,0,3,47,19,10,9.304,35,1626020
7,6,0,0,2,22,13,10,3.909,34,1048728
29,18,0,0,2,29,18,10,5.847,34,1359240
15,7,0,0,3,20,12,10,3.796,35,1099092
68,28,0,0,8,53,21,10,10.913,35,1860272
3,13,0,0,3,16,16,10,3.006,35,1026428
59,34,0,0,7,33,17,10,7.562,35,1677708
40,26,0,0,2,32,18,10,6.760,35,1472152
94,51,0,0,5,60,24,10,13.175,35,2211136
35,18,0,0,4,37,21,10,7.278,34,1438184
119,58,0,0,19,75,22,10,16.344,33,2536772
104,40,0,0,14,67,19,10,14.333,33,2406508
54,31,0,0,2,40,21,10,8.511,34,1666360
21,7,0,0,2,31,16,10,5.723,34,1230152
34,23,0,0,2,33,16,10,6.732,34,1429216
33,20,0,0,12,35,20,10,6.972,36,1439528
43,22,0,0,5,31,15,10,6.597,34,1463272
77,36,0,0,6,38,19,10,8.922,35,1960972
99,50,0,0,6,66,24,10,14.204,35,2286112
123,48,0,0,13,62,24,10,14.125,34,2395488
36,25,0,0,6,40,20,10,7.966,34,1516368
27,18,0,0,3,27,17,10,5.474,36,1312016
95,46,0,0,12,69,21,10,14.557,33,2253988
97,43,0,0,10,47,24,10,10.922,35,2068708
60,33,0,0,4,43,24,10,9.197,35,1769644
100,50,0,0,12,49,23,10,11.492,37,2157364
118,46,0,0,9,69,20,10,15.097,34,2406572
28,15,0,0,4,36,18,10,6.895,33,1363476
114,60,0,0,11,62,23,10,14.132,34,2419112
44,27,0,0,5,36,17,10,7.574,34,1550144
61,30,0,0,5,43,20,10,9.162,36,1733560
14,12,0,0,5,26,17,10,4.887,35,1182700
23,12,0,0,2,30,16,10,5.737,33,1278792
53,15,0,0,7,35,24,10,7.320,34,1523364
18,9,0,0,1,24,16,10,4.573,33,1160336
37,20,0,0,6,40,20,10,7.862,34,1495064
34,21,0,0,5,38,17,10,7.499,34,1462556
61,25,0,0,9,33,20,10,7.408,34,1616600
35,29,0,0,5,34,18,10,7.038,35,1479604
132,53,0,0,18,81,20,10,17.608,35,2630344
128,58,0,0,14,78,23,10,17.031,35,2612088
19,19,0,0,4,34,18,10,6.447,34,1310892
40,23,0,0,2,43,20,10,8.480,32,1551016
91,51,0,0,7,51,25,10,11.611,35,2122124
19,13,0,0,1,21,15,10,4.204,35,1173564
40,21,0,0,8,39,20,10,7.793,35,1515508
7,3,0,0,2,14,13,10,2.559,36,991068
56,26,0,0,7,45,20,10,9.250,34,1692788
14,17,0,0,2,25,16,10,4.817,35,1206056
118,61,0,0,10,77,23,10,16.719,34,2564972
34,19,0,0,8,30,14,10,6.142,36,1387348
138,58,0,0,8,74,20,10,16.582,35,2652444
33,16,0,0,5,28,17,10,5.724,34,1341432
30,21,0,0,5,33,18,10,6.580,36,1399588
101,39,0,0,9,54,22,10,12.052,35,2134444
29,13,0,0,5,29,18,10,5.739,35,1317512
41,22,0,0,3,39,17,10,7.851,34,1513960
9,7,0,0,2,24,11,10,4.301,34,1092968
68,32,0,0,7,46,22,10,9.836,35,1816624
24,17,0,0,3,30,18,10,5.858,34,1302708
19,13,0,0,6,34,15,10,6.322,33,1285004
15,12,0,0,2,20,18,10,3.917,36,1131876
32,16,0,0,3,36,17,10,6.999,36,1421156
101,40,0,0,10,66,20,10,14.110,35,2372680
134,57,0,0,17,74,25,10,16.560,34,2750616
124,42,0,0,15,51,19,10,12.188,34,2264012
32,14,0,0,0,32,16,10,6.303,35,1349116
89,51,0,0,10,62,24,10,13.357,35,2197252
129,56,0,0,11,80,24,10,17.317,36,2635832
46,16,0,0,6,36,21,10,7.338,35,1495880
87,27,0,0,5,52,22,10,11.127,36,1949764
85,40,0,0,8,60,23,10,12.702,34,2098640
97,55,0,0,15,81,25,10,16.773,35,2423200
99,41,0,0,10,58,23,10,12.825,35,2380020
7,12,0,0,1,18,13,10,3.404,34,1061256
30,21,0,0,10,36,16,10,7.072,33,1422164
8,10,0,0,1,18,16,10,3.372,33,1055124
102,37,0,0,4,48,19,10,11.063,34,2068720
30,11,0,0,4,30,18,10,5.860,34,1298616
41,17,0,0,8,33,16,10,6.753,35,1448264
32,7,0,0,2,27,17,10,5.338,34,1259960
15,7,0,0,5,18,16,10,3.475,33,1073516
31,11,0,0,2,22,19,10,4.590,36,1266512
14,3,0,0,2,18,14,10,3.350,35,1042592
36,29,0,0,6,35,18,10,7.244,33,1498524
33,19,0,0,1,27,20,10,5.650,34,1356688
29,15,0,0,4,27,15,10,5.457,35,1307292
78,34,0,0,5,48,21,10,10.528,33,2075016
22,16,0,0,2,25,17,10,4.977,35,1238844
115,37,0,0,12,52,24,10,12.056,34,2206136
74,39,0,0,5,56,23,10,11.791,33,1995128
31,23,0,0,5,31,20,10,6.329,33,1405988
22,15,0,0,4,28,18,10,5.462,35,1282880
37,20,0,0,7,33,21,10,6.721,34,1412540
98,52,0,0,13,68,24,10,14.732,34,2553588
7,6,0,0,3,17,15,10,3.109,35,1011856
19,10,0,0,5,31,16,10,5.747,34,1238304
33,24,0,0,4,32,20,10,6.563,35,1430512
120,37,0,0,10,55,23,10,12.740,33,2480176
20,13,0,0,2,29,16,10,5.502,34,1242184
65,37,0,0,5,47,24,10,10.070,36,1845448
34,15,0,0,3,25,17,10,5.238,34,1304996
41,25,0,0,9,35,19,10,7.262,34,1520720
37,21,0,0,6,36,18,10,7.267,34,1447356
129,56,0,0,11,83,22,10,17.792,34,2638216
21,12,0,0,0,21,17,10,4.209,33,1176008
41,28,0,0,7,38,19,10,7.846,35,1550144
75,35,0,0,6,52,22,10,11.018,35,1915328
14,6,0,0,3,24,13,10,4.402,35,1119612
36,21,0,0,7,43,17,10,8.344,33,1515508
46,29,0,0,7,37,23,10,7.788,34,1600284
10,14,0,0,3,18,16,10,3.520,35,1090344
36,28,0,0,5,38,19,10,7.710,35,1511916
48,26,0,0,5,42,22,10,8.609,33,1632996
29,22,0,0,6,33,15,10,6.580,36,1393456
38,26,0,0,5,36,16,10,7.373,33,1505748
23,18,0,0,3,31,15,10,6.049,35,1318024
41,25,0,0,6,37,14,10,7.601,36,1516320
41,16,0,0,6,41,18,10,8.018,35,1493452
60,33,0,0,4,46,21,10,9.682,35,1777036
86,35,0,0,13,47,24,10,10.474,35,1949764
8,11,0,0,3,21,14,10,3.889,35,1082212
25,21,0,0,4,30,15,10,5.988,35,1335664
99,42,0,0,19,58,25,10,12.730,35,2172704
79,40,0,0,11,63,19,10,13.149,35,2281684
23,11,0,0,1,25,18,10,4.898,35,1224944
124,61,0,0,15,56,24,10,13.439,34,2432288
13,18,0,0,4,24,16,10,4.666,35,1212460
43,19,0,0,5,35,18,10,7.159,34,1485760
91,46,0,0,11,56,23,10,12.307,35,2118824
14,12,0,0,1,19,15,10,3.726,36,1115316
63,26,0,0,9,55,20,10,11.032,33,1822048
90,40,0,0,10,61,24,10,13.011,35,2119556
106,38,0,0,7,44,24,10,10.536,35,2060740
6,7,0,0,3,18,14,10,3.261,35,1024384
27,26,0,0,7,30,16,10,6.141,33,1380244
60,27,0,0,7,41,20,10,8.717,35,1693416
16,8,0,0,2,27,15,10,4.980,35,1165756
44,37,0,0,5,48,19,10,9.718,35,1715304
46,25,0,0,3,29,23,10,6.406,34,1500916
121,52,0,0,14,68,24,10,15.082,35,2455900
25,16,0,0,1,29,15,10,5.690,35,1284552
28,14,0,0,3,23,21,10,4.756,35,1267440
82,29,0,0,10,50,24,10,10.746,34,1923444
50,30,0,0,9,34,24,10,7.440,34,1603896
58,28,0,0,8,48,21,10,9.855,33,1740220
22,10,0,0,5,29,17,10,5.498,35,1248060
32,20,0,0,4,37,20,10,7.261,35,1447972
53,24,0,0,4,49,19,10,9.778,34,1697264
127,48,0,0,13,72,19,10,15.805,36,2504072
36,15,0,0,3,38,22,10,7.422,34,1447984
36,25,0,0,5,33,16,10,6.825,34,1458692
93,38,0,0,10,50,23,10,11.212,35,2043168
40,16,0,0,5,38,21,10,7.546,36,1464824
16,19,0,0,6,30,19,10,5.741,34,1262448
27,21,0,0,5,35,21,10,6.853,34,1393404
56,31,0,0,8,45,19,10,9.366,34,1730084
30,18,0,0,4,34,18,10,6.667,35,1379776
31,13,0,0,2,26,18,10,5.285,35,1284548
36,29,0,0,6,35,20,10,7.239,36,1516348
87,49,0,0,9,72,21,10,15.030,34,2486712
68,30,0,0,11,39,22,10,8.732,34,1771276
46,24,0,0,7,41,18,10,8.316,34,1593152
35,13,0,0,2,39,18,10,7.493,34,1422160
35,20,0,0,2,36,17,10,7.167,35,1448268
116,59,0,0,13,80,23,10,17.101,34,2568184
79,29,0,0,3,39,17,10,8.972,36,1936172
86,59,0,0,9,66,21,10,14.200,32,2397208
61,29,0,0,5,57,20,10,11.366,36,1831136
9,1,0,0,2,16,13,10,2.882,33,1007972
44,16,0,0,5,31,21,10,6.474,35,1440552
30,25,0,0,8,38,17,10,7.532,35,1466180
100,46,0,0,13,61,17,10,13.376,35,2229944
17,15,0,0,3,20,19,10,4.060,35,1171940
9,10,0,0,3,24,13,10,4.374,34,1105232
15,19,0,0,4,37,15,10,6.823,35,1308848
31,18,0,0,10,30,17,10,6.074,36,1360768
69,41,0,0,11,57,24,10,11.838,34,1953668
6,0,0,0,3,18,12,10,3.113,35,997200
96,44,0,0,8,59,25,10,12.887,34,2178836
68,20,0,0,6,43,23,10,9.086,35,1730012
95,31,0,0,6,53,20,10,11.630,34,2162740
140,61,0,0,10,68,22,10,15.762,34,2632012
14,13,0,0,4,27,16,10,5.063,34,1194716
84,35,0,0,6,50,20,10,10.950,36,1967500
64,34,0,0,7,49,19,10,10.265,36,1833188
6,6,0,0,5,18,13,10,3.246,36,1017996
46,27,0,0,6,37,22,10,7.745,33,1563276
15,18,0,0,3,25,16,10,4.879,35,1215820
12,6,0,0,0,18,13,10,3.375,33,1055124
82,34,0,0,7,52,20,10,11.293,34,2145840
71,22,0,0,4,44,21,10,9.384,35,1781496
49,36,0,0,7,40,22,10,8.503,34,1668400
50,27,0,0,8,35,17,10,7.530,34,1594148
20,9,0,0,3,22,17,10,4.324,34,1213004
46,31,0,0,9,41,21,10,8.505,36,1647872
41,34,0,0,7,37,22,10,7.789,34,1594152
34,21,0,0,1,31,17,10,6.354,34,1392108
25,33,0,0,5,33,17,10,6.742,35,1435776
39,21,0,0,4,35,17,10,7.130,33,1458320
127,51,0,0,15,69,20,10,15.412,34,2482500
30,16,0,0,3,28,18,10,5.655,35,1320432
6,8,0,0,0,21,14,10,3.769,33,1055916
6,5,0,0,0,12,12,10,2.253,37,986144
144,62,0,0,13,71,26,10,16.322,33,2681140
124,60,0,0,19,56,24,10,13.551,34,2684492
31,20,0,0,9,31,19,10,6.263,35,1369548
116,51,0,0,8,67,23,10,14.789,34,2406160
77,44,0,0,6,52,22,10,11.293,35,1999148
20,15,0,0,4,23,19,10,4.603,34,1216560
109,33,0,0,9,57,21,10,12.617,36,2169300
76,35,0,0,8,45,22,10,10.039,35,2046252
41,18,0,0,1,35,18,10,7.107,34,1441224
26,26,0,0,4,28,21,10,5.810,34,1370904
50,19,0,0,2,31,21,10,6.696,35,1512720
9,17,0,0,2,20,14,10,3.890,35,1123700
123,57,0,0,8,58,20,10,13.647,34,2415860
90,51,0,0,7,56,22,10,12.394,35,2162140
109,62,0,0,8,60,21,10,13.740,34,2374108
77,40,0,0,7,61,22,10,12.791,34,2246280
32,11,0,0,3,26,18,10,5.263,36,1289008
75,42,0,0,8,56,23,10,11.866,34,2020636
71,39,0,0,6,56,21,10,11.690,37,1953452
30,19,0,0,7,34,21,10,6.697,33,1387352
17,14,0,0,1,23,16,10,4.502,34,1192660
64,28,0,0,7,43,16,10,9.183,34,1738908
106,52,0,0,11,58,23,10,13.126,34,2283168
65,42,0,0,11,45,20,10,9.836,34,1842748
29,21,0,0,3,29,21,10,5.929,35,1356688
8,5,0,0,5,23,12,10,4.069,33,1062044
82,36,0,0,7,53,17,10,11.457,33,2119556
59,28,0,0,6,36,22,10,7.933,34,1693692
23,9,0,0,4,32,13,10,5.974,35,1249500
37,23,0,0,2,38,22,10,7.595,35,1503600
114,48,0,0,4,61,23,10,13.710,35,2340148
18,14,0,0,6,33,16,10,6.143,35,1266536
90,52,0,0,5,55,26,10,12.283,34,2165700
92,32,0,0,14,51,24,10,11.195,33,2011836
8,5,0,0,3,20,13,10,3.588,34,1036660
29,22,0,0,3,30,17,10,6.105,34,1370904
38,15,0,0,2,34,19,10,6.782,32,1416032
24,15,0,0,3,29,17,10,5.648,35,1286092
14,15,0,0,3,22,18,10,4.290,34,1152160
27,18,0,0,2,30,17,10,5.962,34,1332096
63,32,0,0,12,47,23,10,9.872,36,1788576
33,17,0,0,3,34,17,10,6.718,34,1395504
100,43,0,0,6,63,22,10,13.571,36,2231940
38,20,0,0,7,30,19,10,6.267,34,1414164
28,12,0,0,1,30,16,10,5.837,34,1286132
88,56,0,0,13,78,21,10,16.216,34,2607400
74,40,0,0,7,50,18,10,10.897,35,2108384
14,19,0,0,2,20,16,10,4.065,34,1171196
52,34,0,0,8,47,20,10,9.668,34,1756476
9,9,0,0,3,22,13,10,4.032,35,1077596
75,28,0,0,8,51,24,10,10.811,34,2047640
34,13,0,0,3,40,17,11,7.629,3,1426404
33,20,0,0,8,30,22,11,6.149,1,1381208
54,32,0,0,10,42,20,11,8.848,1,1695684
43,25,0,0,2,38,22,11,7.792,2,1528728
20,19,0,0,4,23,22,11,4.688,2,1238076
44,20,0,0,11,39,19,11,7.872,2,1525624
113,58,0,0,10,69,21,11,15.184,2,2449696
122,55,0,0,14,87,26,11,18.282,4,2637732
82,42,0,0,9,53,22,11,11.569,1,2027768
50,27,0,0,11,50,22,11,9.927,1,1682504
30,17,0,0,4,39,21,11,7.464,1,1413668
33,19,0,0,6,25,21,11,5.300,3,1341432
31,16,0,0,7,30,22,11,6.000,0,1352508
14,11,0,0,5,24,18,11,4.515,2,1135228
43,19,0,0,2,28,21,11,6.042,1,1424808
18,19,0,0,1,25,13,11,4.944,1,1218544
121,61,0,0,8,81,22,11,17.414,1,2618764
132,50,0,0,11,73,21,11,16.154,3,2552024
68,38,0,0,8,48,24,11,10.411,1,2041504
5,7,0,0,3,21,12,11,3.726,3,1036660
32,28,0,0,6,44,20,11,8.588,1,1552356
84,33,0,0,10,54,26,11,11.594,2,2117496
16,8,0,0,3,26,18,11,4.825,2,1177780
30,23,0,0,4,28,23,11,5.838,1,1371216
52,25,0,0,11,40,22,11,8.342,0,1624068
10,14,0,0,1,22,16,11,4.171,3,1136488
21,12,0,0,2,26,16,11,5.028,2,1224948
54,27,0,0,5,47,21,11,9.570,3,1702712
4,11,0,0,1,19,15,11,3.470,3,1046156
46,25,0,0,7,33,21,11,7.060,1,1522628
89,56,0,0,10,60,24,11,13.163,0,2221352
79,26,0,0,3,49,22,11,10.467,1,1877668
12,12,0,0,1,24,18,11,4.492,1,1138008
96,48,0,0,9,60,25,11,13.289,1,2423940
29,19,0,0,1,32,16,11,6.371,1,1368856
48,32,0,0,5,45,20,11,9.216,3,1673096
78,43,0,0,9,60,21,11,12.591,2,2058528
22,23,0,0,3,35,18,11,6.790,3,1370908
57,27,0,0,2,42,22,11,8.822,2,1681888
28,21,0,0,7,31,20,11,6.241,2,1360692
27,18,0,0,9,26,19,11,5.313,2,1288856
14,6,0,0,1,22,19,11,4.076,2,1102292
87,51,0,0,15,60,23,11,13.134,2,2400720
34,20,0,0,6,32,16,11,6.490,2,1404372
25,17,0,0,2,29,18,11,5.723,1,1292484
89,55,0,0,12,64,21,11,13.771,1,2231504
32,14,0,0,6,30,20,11,5.981,2,1347436
86,50,0,0,15,62,22,11,13.298,2,2176208
30,34,0,0,8,35,19,11,7.226,1,1495816
95,43,0,0,11,52,27,11,11.742,2,2106488
38,17,0,0,5,28,18,11,5.864,4,1375056
14,9,0,0,3,24,15,11,4.474,1,1135964
35,20,0,0,4,38,20,11,7.501,1,1455108
14,21,0,0,1,23,16,11,4.622,1,1260108
53,33,0,0,4,39,20,11,8.370,1,1672492
34,26,0,0,7,38,19,11,7.595,3,1483228
57,31,0,0,4,43,18,11,9.089,3,1730012
30,26,0,0,7,42,19,11,8.163,3,1495492
19,17,0,0,4,27,16,11,5.260,0,1237480
23,16,0,0,12,35,18,11,6.630,3,1324520
44,26,0,0,5,37,21,11,7.714,3,1554012
56,20,0,0,4,36,23,11,7.664,2,1590060
83,32,0,0,10,53,22,11,11.407,3,2154880
50,29,0,0,12,47,20,11,9.510,2,1703396
19,15,0,0,4,32,14,11,6.056,3,1282952
39,20,0,0,3,41,20,11,8.072,2,1513464
5,11,0,0,3,21,12,11,3.815,2,1055120
80,35,0,0,10,53,18,11,11.313,3,1975692
41,19,0,0,3,38,21,11,7.599,2,1487320
18,8,0,0,3,28,19,11,5.200,1,1210148
125,51,0,0,6,58,22,11,13.543,2,2380832
106,39,0,0,19,60,24,11,13.178,1,2221356
12,4,0,0,1,18,14,11,3.334,2,1037708
56,28,0,0,3,40,23,11,8.492,4,1676248
39,12,0,0,2,35,21,11,6.913,2,1400280
10,12,0,0,2,26,15,11,4.769,2,1142088
86,44,0,0,10,62,18,11,13.236,1,2334256
130,53,0,0,12,71,23,11,15.781,2,2539764
110,50,0,0,12,69,20,11,14.962,0,2386332
115,48,0,0,9,66,25,11,14.521,2,2388172
95,50,0,0,7,68,25,11,14.478,4,2281548
82,41,0,0,6,48,28,11,10.770,2,2101156
110,55,0,0,16,71,19,11,15.370,3,2440684
10,7,0,0,0,24,14,11,4.323,4,1095004
104,55,0,0,10,85,24,11,17.482,1,2493812
132,66,0,0,12,77,28,11,17.135,0,2692032
102,50,0,0,7,66,24,11,14.309,2,2320580
49,23,0,0,3,42,19,11,8.511,3,1591968
27,24,0,0,1,32,22,11,6.416,3,1393484
23,14,0,0,3,29,20,11,5.641,2,1273928
30,21,0,0,2,32,19,11,6.409,1,1380256
32,14,0,0,6,28,17,11,5.664,1,1310672
145,54,0,0,9,79,21,11,17.468,1,2721520
30,24,0,0,5,34,20,11,6.830,0,1418244
70,39,0,0,7,39,25,11,8.912,0,1815780
106,56,0,0,9,68,23,11,14.816,1,2390052
89,45,0,0,8,62,21,11,13.222,3,2168416
32,12,0,0,4,34,18,11,6.578,3,1355244
98,40,0,0,5,60,24,11,13.000,3,2170080
125,52,0,0,12,65,28,11,14.737,1,2461960
114,65,0,0,14,81,24,11,17.429,1,2596280
125,60,0,0,12,83,24,11,17.789,1,2644344
75,47,0,0,12,46,23,11,10.329,2,1934404
109,47,0,0,11,68,25,11,14.877,2,2607724
47,29,0,0,4,34,21,11,7.323,1,1551932
16,15,0,0,5,26,18,11,4.980,3,1214256
29,20,0,0,5,36,20,11,7.022,1,1417068
128,61,0,0,15,94,21,11,19.703,3,2760128
46,23,0,0,12,50,22,11,9.753,2,1651432
56,34,0,0,12,42,24,11,8.967,2,1718808
108,50,0,0,9,58,24,11,13.126,1,2266288
7,6,0,0,4,16,16,11,2.941,1,1014440
63,35,0,0,7,52,20,11,10.787,3,1849940
48,30,0,0,5,45,15,11,9.173,2,1676024
124,55,0,0,19,67,27,11,15.143,2,2483476
108,63,0,0,13,68,26,11,15.056,2,2442684
26,23,0,0,4,31,20,11,6.232,0,1368860
96,29,0,0,7,52,22,11,11.462,1,2039032
25,13,0,0,5,30,17,11,5.798,2,1303316
26,23,0,0,3,27,20,11,5.566,2,1341304
33,20,0,0,2,33,23,11,6.628,2,1398236
8,4,0,0,1,25,12,11,4.371,1,1070480
14,14,0,0,3,21,21,11,4.102,2,1139840
96,43,0,0,9,56,25,11,12.438,2,2288552
109,46,0,0,10,70,28,11,14.967,1,2355408
12,12,0,0,2,19,16,11,3.670,2,1091912
99,40,0,0,9,46,21,11,10.730,3,2072804
111,44,0,0,11,66,21,11,14.384,3,2324248
21,11,0,0,2,32,17,11,5.989,2,1272660
118,61,0,0,12,84,25,11,17.841,1,2631012
18,15,0,0,1,25,18,11,4.877,0,1214236
38,29,0,0,3,35,18,11,7.270,2,1504200
17,5,0,0,4,31,16,11,5.586,4,1192652
40,20,0,0,6,33,18,11,6.801,3,1472316
40,11,0,0,7,43,17,11,8.234,2,1475056
62,21,0,0,6,46,22,11,9.453,3,1711936
32,16,0,0,2,32,19,11,6.381,1,1375316
115,44,0,0,9,56,26,11,12.880,2,2392396
24,13,0,0,3,31,17,11,5.918,2,1278116
45,17,0,0,4,35,21,11,7.176,2,1490972
61,37,0,0,10,47,25,11,9.969,1,1823140
66,27,0,0,14,54,19,11,10.964,2,1839320
82,52,0,0,11,52,23,11,11.726,2,2281280
52,25,0,0,8,43,21,11,8.821,1,1644404
42,21,0,0,4,41,16,11,8.162,4,1538044
14,6,0,0,10,22,16,11,4.071,0,1099092
78,41,0,0,7,64,23,11,13.268,4,2221096
30,17,0,0,7,31,18,11,6.162,3,1355236
61,34,0,0,7,49,23,11,10.206,3,1809788
37,24,0,0,7,41,18,11,8.110,1,1518048
43,45,0,0,9,50,18,11,10.202,2,1759144
122,54,0,0,10,85,20,11,17.900,0,2612588
7,7,0,0,2,16,13,11,2.962,3,1013908
17,15,0,0,5,28,19,11,5.329,2,1224900
66,32,0,0,4,54,20,11,11.079,2,1868336
72,29,0,0,4,45,24,11,9.699,3,1814272
123,61,0,0,8,69,26,11,15.566,2,2655228
106,47,0,0,7,66,21,11,14.414,2,2447648
10,4,0,0,4,22,12,11,3.938,3,1062044
17,11,0,0,3,21,19,11,4.095,1,1141888
52,31,0,0,10,39,25,11,8.319,1,1659140
18,16,0,0,1,31,17,11,5.874,2,1266536
36,21,0,0,7,33,23,11,6.722,2,1422752
104,53,0,0,15,67,25,11,14.587,2,2341492
35,21,0,0,5,39,19,11,7.690,0,1476492
95,41,0,0,10,50,25,11,11.345,1,2071184
97,38,0,0,9,57,27,11,12.476,2,2131628
10,8,0,0,2,20,18,11,3.719,0,1069692
33,25,0,0,4,35,18,11,7.078,2,1461236
43,29,0,0,5,36,21,11,7.590,1,1554856
9,8,0,0,2,21,15,11,3.863,2,1067380
20,11,0,0,3,25,15,11,4.817,1,1193072
58,28,0,0,8,47,22,11,9.684,1,1754432
103,47,0,0,13,75,24,11,15.717,2,2384292
25,9,0,0,4,19,16,11,3.921,3,1180392
12,11,0,0,3,31,16,11,5.603,1,1203996
35,18,0,0,3,35,19,11,6.975,1,1430504
29,16,0,0,3,34,18,11,6.618,0,1366904
109,47,0,0,12,60,23,11,13.379,1,2285212
35,25,0,0,1,41,20,11,8.079,1,1526852
101,49,0,0,7,56,24,11,12.592,1,2206096
23,8,0,0,5,29,17,11,5.473,1,1246020
42,34,0,0,7,41,22,11,8.467,3,1639516
115,53,0,0,10,58,20,11,13.504,1,2588344
40,24,0,0,5,34,22,11,7.046,3,1468056
58,32,0,0,7,49,22,11,10.168,2,1914684
61,41,0,0,9,57,22,11,11.632,1,1895900
11,10,0,0,0,18,17,11,3.457,2,1081760
62,35,0,0,10,52,21,11,10.761,1,1851572
73,47,0,0,7,46,22,11,10.419,1,2123020
30,16,0,0,7,25,19,11,5.172,2,1303672
29,22,0,0,4,26,18,11,5.438,1,1341432
19,17,0,0,2,33,18,11,6.254,3,1307244
79,40,0,0,9,59,21,11,12.402,0,2057712
24,18,0,0,5,24,17,11,4.921,1,1259948
69,28,0,0,3,33,20,11,7.669,0,1697760
65,35,0,0,4,47,19,11,9.998,3,1833192
9,13,0,0,2,19,18,11,3.638,0,1095004
4,7,0,0,2,21,14,11,3.704,3,1032572
14,15,0,0,4,25,16,11,4.777,1,1188584
63,31,0,0,4,50,23,11,10.339,0,1816576
92,37,0,0,5,58,23,11,12.433,2,2088164
94,38,0,0,13,53,22,11,11.713,2,2066600
93,45,0,0,7,51,27,11,11.529,2,2103716
27,12,0,0,6,29,18,11,5.660,1,1295128
38,12,0,0,5,29,17,11,5.923,1,1360776
19,17,0,0,3,28,16,11,5.413,1,1237480
33,26,0,0,4,37,18,11,7.422,2,1480952
20,17,0,0,3,33,17,11,6.261,3,1295272
75,33,0,0,5,59,21,11,12.212,2,2097532
77,52,0,0,10,64,22,11,13.425,3,2154984
57,33,0,0,6,33,25,11,7.487,1,1641256
7,11,0,0,2,20,13,11,3.718,3,1074576
27,13,0,0,6,36,17,11,6.828,3,1347420
35,28,0,0,5,48,21,11,9.296,0,1595724
36,10,0,0,3,33,19,11,6.479,3,1373040
74,37,0,0,5,52,21,11,11.165,3,2070428
28,14,0,0,0,31,19,11,6.063,2,1327900
41,24,0,0,7,44,19,11,8.707,1,1572416
35,24,0,0,6,30,21,11,6.296,3,1437964
32,9,0,0,2,33,19,11,6.335,1,1314300
27,20,0,0,9,34,14,11,6.659,3,1374124
20,13,0,0,2,28,19,11,5.352,2,1228552
105,49,0,0,15,66,22,11,14.462,1,2566184
79,45,0,0,4,44,26,11,10.181,1,2143792
12,12,0,0,1,28,14,11,5.162,0,1179016
9,11,0,0,0,19,18,11,3.592,0,1074572
6,9,0,0,0,23,14,11,4.133,2,1069696
114,52,0,0,11,55,27,11,12.826,1,2308812
59,27,0,0,11,40,23,11,8.548,2,1667944
83,46,0,0,11,48,23,11,10.882,1,2017536
48,28,0,0,5,39,22,11,8.127,1,1599280
43,21,0,0,8,43,19,11,8.548,1,1554236
104,51,0,0,12,65,24,11,14.203,2,2315716
35,29,0,0,9,35,23,11,7.202,1,1489684
90,27,0,0,10,49,23,11,10.827,1,2123020
28,16,0,0,0,33,18,11,6.417,2,1356600
79,42,0,0,7,64,20,11,13.241,3,2105940
17,16,0,0,5,26,17,11,5.026,3,1218812
13,15,0,0,1,26,16,11,4.911,1,1196104
21,9,0,0,2,29,19,11,5.444,3,1224940
87,36,0,0,12,44,23,11,10.050,3,1954528
44,29,0,0,4,35,25,11,7.462,0,1554856
46,34,0,0,4,37,17,11,7.911,2,1617848
7,11,0,0,3,23,16,11,4.187,1,1095004
19,10,0,0,5,26,15,11,4.953,1,1207984
24,21,0,0,6,28,21,11,5.631,3,1318156
9,16,0,0,1,28,14,11,5.165,0,1177868
9,7,0,0,4,20,16,11,3.657,2,1055124
62,42,0,0,8,50,23,11,10.672,1,2037420
13,14,0,0,2,27,18,11,5.052,1,1198804
78,32,0,0,4,53,24,11,11.319,1,2073000
11,11,0,0,1,25,15,11,4.610,3,1125200
69,43,0,0,9,46,22,11,10.102,2,1871888
100,45,0,0,18,64,23,11,13.825,1,2252268
7,7,0,0,2,21,13,11,3.764,2,1051300
90,31,0,0,7,62,26,11,12.968,1,2208832
23,12,0,0,6,30,17,11,5.739,2,1266536
13,14,0,0,7,30,19,11,5.569,2,1267224
6,12,0,0,4,19,15,11,3.540,2,1063552
36,24,0,0,2,32,17,11,6.622,1,1443892
41,28,0,0,6,41,20,11,8.298,2,1557180
34,16,0,0,6,32,19,11,6.393,1,1373640
48,29,0,0,11,43,18,11,8.817,1,1644404
32,22,0,0,4,42,18,11,8.122,2,1475544
34,21,0,0,4,32,20,11,6.504,2,1416032
68,37,0,0,9,44,20,11,9.646,1,1836208
12,18,0,0,3,24,17,11,4.640,2,1189964
60,33,0,0,4,46,22,11,9.688,1,1772420
86,57,0,0,9,66,22,11,14.092,1,2252268
6,10,0,0,3,21,15,11,3.818,3,1070488
40,20,0,0,3,34,17,11,6.989,4,1455072
39,21,0,0,5,42,18,11,8.237,1,1511916
37,12,0,0,5,37,16,11,7.183,1,1409580
15,11,0,0,3,29,16,11,5.351,0,1204928
121,43,0,0,12,56,21,11,12.956,2,2297056
16,13,0,0,4,31,18,11,5.741,1,1224908
43,21,0,0,10,38,20,11,7.698,2,1504196
5,6,0,0,2,17,15,11,3.056,3,1002800
115,39,0,0,7,60,25,11,13.346,3,2272260
45,21,0,0,9,42,23,11,8.429,2,1577728
40,24,0,0,3,38,21,11,7.696,1,1504200
105,49,0,0,16,57,19,11,12.930,2,2391072
63,31,0,0,4,41,17,11,8.924,1,1738912
18,11,0,0,4,22,18,11,4.319,2,1215048
73,50,0,0,6,65,20,11,13.435,2,2116436
38,24,0,0,5,33,20,11,6.852,0,1465156
63,35,0,0,11,48,23,11,10.116,2,1825020
78,45,0,0,15,67,26,11,13.856,3,2137760
46,27,0,0,6,48,20,11,9.569,2,1660376
25,17,0,0,5,24,18,11,4.923,1,1255864
27,19,0,0,5,32,19,11,6.317,1,1367428
28,15,0,0,3,33,19,11,6.399,2,1353564
124,64,0,0,12,74,25,11,16.414,2,2587772
15,8,0,0,5,25,14,11,4.637,2,1142084
25,21,0,0,6,27,16,11,5.480,1,1287272
39,19,0,0,5,35,20,11,7.081,2,1457148
92,52,0,0,13,76,21,11,15.724,2,2341832
78,40,0,0,8,53,24,11,11.373,1,1981176
47,30,0,0,8,39,22,11,8.180,2,1618688
18,12,0,0,2,27,16,11,5.119,1,1214256
91,41,0,0,4,55,25,11,12.020,3,2083548
36,23,0,0,4,39,18,11,7.740,0,1489364
7,9,0,0,1,22,15,11,3.999,2,1074576
12,5,0,0,3,16,14,11,3.029,1,1030520
26,19,0,0,5,30,16,11,5.948,2,1322796
66,31,0,0,12,53,22,11,10.933,0,1839716
14,11,0,0,1,27,16,11,5.032,3,1184748
46,27,0,0,8,44,17,11,8.883,2,1617844
32,20,0,0,3,34,18,11,6.771,0,1400284
25,16,0,0,6,31,15,11,6.041,4,1318024
28,13,0,0,2,26,19,11,5.228,2,1277756
27,24,0,0,1,27,23,11,5.598,0,1342980
28,23,0,0,7,25,20,11,5.312,2,1336088
19,7,0,0,7,21,21,11,4.060,2,1133704
11,11,0,0,3,25,17,11,4.617,3,1129608
98,45,0,0,13,54,25,11,12.112,2,2159772
36,25,0,0,9,42,21,11,8.297,0,1535844
14,8,0,0,4,22,15,11,4.127,0,1111436
63,30,0,0,9,51,20,11,10.481,1,1811336
53,27,0,0,6,45,20,11,9.183,1,1662272
50,22,0,0,5,36,21,11,7.579,1,1562576
66,32,0,0,6,49,20,11,10.289,0,1820396
47,23,0,0,2,28,22,11,6.215,1,1466016
43,29,0,0,9,43,17,11,8.693,3,1611548
25,12,0,0,7,29,16,11,5.621,1,1275244
67,37,0,0,9,45,23,11,9.783,2,1822176
75,29,0,0,8,52,23,11,10.995,2,2056484
95,37,0,0,12,53,27,11,11.698,3,2078932
71,29,0,0,9,54,21,11,11.222,1,2052856
81,44,0,0,4,53,20,11,11.550,2,2032844
19,13,0,0,5,25,17,11,4.846,3,1217892
59,18,0,0,2,38,22,11,7.986,2,1597016
73,36,0,0,8,38,27,11,8.755,1,1817820
63,31,0,0,7,43,23,11,9.245,0,1755908
9,15,0,0,1,25,13,11,4.659,3,1147760
42,26,0,0,4,41,21,11,8.291,3,1570760
24,19,0,0,3,37,15,11,7.078,1,1377304
32,25,0,0,4,40,18,11,7.863,3,1487088
26,20,0,0,5,31,18,11,6.147,2,1355540
58,21,0,0,6,36,19,11,7.728,1,1597020
13,14,0,0,1,21,16,11,4.070,2,1128780
141,70,0,0,13,73,22,11,16.779,2,2730196
46,23,0,0,3,41,19,11,8.303,2,1569408
14,11,0,0,10,24,18,11,4.512,1,1148016
56,33,0,0,5,40,21,11,8.610,1,1697364
59,45,0,0,7,41,22,11,9.128,3,1810456
114,42,0,0,7,75,22,11,15.856,1,2399752
59,41,0,0,9,57,20,11,11.617,3,1912828
41,24,0,0,3,39,19,11,7.885,0,1544180
62,37,0,0,5,47,22,11,9.958,2,1818888
5,8,0,0,2,25,13,11,4.414,1,1074572
66,42,0,0,8,43,26,11,9.524,3,1831168
49,32,0,0,9,35,23,11,7.623,0,1599428
127,59,0,0,11,74,24,11,16.417,3,2588436
24,17,0,0,4,30,16,11,5.864,2,1296576
43,21,0,0,4,45,16,11,8.832,1,1574852
30,20,0,0,6,36,19,11,7.040,1,1404372
28,13,0,0,5,35,19,11,6.676,1,1357636
38,15,0,0,3,34,18,11,6.807,1,1423484
104,33,0,0,5,61,23,11,13.235,3,2390236
21,16,0,0,4,22,16,11,4.474,4,1214728
51,22,0,0,8,43,19,11,8.743,3,1619892
52,26,0,0,5,38,22,11,8.050,2,1620732
37,23,0,0,2,43,17,11,8.421,1,1539712
129,60,0,0,19,70,24,11,15.858,2,2567684
20,12,0,0,5,23,16,11,4.528,0,1199404
32,18,0,0,7,34,20,11,6.719,1,1399592
12,13,0,0,2,24,16,11,4.513,2,1154436
97,57,0,0,7,70,23,11,14.984,2,2349212
129,42,0,0,6,59,20,11,13.605,2,2368752
96,39,0,0,8,55,25,11,12.264,2,2319612
45,26,0,0,2,36,17,11,7.566,2,1546520
37,15,0,0,3,35,15,11,6.922,2,1410980
51,21,0,0,7,39,21,11,8.070,2,1588844
58,36,0,0,8,45,22,11,9.542,2,1777036
22,14,0,0,2,33,18,11,6.249,1,1300412
64,32,0,0,3,44,24,11,9.421,2,1760712
117,54,0,0,10,78,20,11,16.663,2,2509836
100,44,0,0,11,65,24,11,13.969,3,2259720
17,8,0,0,2,20,15,11,3.868,1,1117568
41,24,0,0,4,49,18,11,9.509,0,1602628
18,22,0,0,5,32,19,11,6.185,0,1321780
22,15,0,0,2,28,17,11,5.461,3,1272660
110,51,0,0,11,78,22,11,16.457,1,2448804
4,6,0,0,4,20,15,11,3.518,1,1022604
18,5,0,0,4,23,16,11,4.313,2,1136492
55,30,0,0,8,34,21,11,7.534,1,1631768
106,38,0,0,6,54,23,11,12.264,1,2362544
44,22,0,0,15,40,20,11,8.060,2,1551016
109,46,0,0,10,66,20,11,14.343,2,2334460
21,17,0,0,3,27,17,11,5.315,2,1257240
38,18,0,0,4,28,21,11,5.887,2,1389364
79,35,0,0,6,42,27,11,9.510,2,1868468
21,9,0,0,2,32,19,11,5.932,2,1251488
63,25,0,0,6,42,23,11,8.939,2,1717224
88,39,0,0,13,61,21,11,13.008,1,2300884
31,24,0,0,10,32,17,11,6.509,3,1402808
42,19,0,0,4,36,21,11,7.294,3,1487084
14,6,0,0,3,29,14,11,5.207,2,1160564
58,30,0,0,7,38,20,11,8.271,1,1675756
24,9,0,0,3,25,19,11,4.882,1,1208104
57,34,0,0,4,39,20,11,8.502,2,1701860
100,43,0,0,12,57,20,11,12.628,1,2160948
9,5,0,0,0,20,15,11,3.605,1,1041572
75,37,0,0,10,53,22,11,11.243,1,1958792
7,8,0,0,1,17,17,11,3.153,2,1032560
13,12,0,0,2,28,16,11,5.176,2,1189668
81,32,0,0,4,44,21,11,9.831,3,1888432
38,25,0,0,6,42,20,11,8.326,1,1547880
68,38,0,0,6,49,23,11,10.544,0,2013128
48,26,0,0,8,46,21,11,9.228,2,1644408
31,17,0,0,3,34,19,11,6.670,1,1379776
94,26,0,0,10,66,18,11,13.589,1,2115276
114,45,0,0,17,56,24,11,12.812,2,2266396
60,34,0,0,6,62,21,11,12.265,2,1911720
10,7,0,0,3,22,18,11,4.011,2,1081288
104,51,0,0,17,78,24,11,16.342,0,2428012
47,38,0,0,4,35,21,11,7.713,3,1643480
7,10,0,0,3,18,15,11,3.356,2,1042592
33,15,0,0,4,28,20,11,5.708,2,1341304
20,15,0,0,2,23,18,11,4.591,0,1210156
35,23,0,0,7,43,18,11,8.369,1,1520716
92,45,0,0,11,54,24,11,12.040,1,2104188
39,19,0,0,5,37,16,11,7.404,2,1471284
31,24,0,0,2,30,16,11,6.192,0,1381508
59,33,0,0,9,56,21,11,11.292,2,1859164
34,23,0,0,4,34,20,11,6.900,4,1448264
40,20,0,0,8,35,21,11,7.122,0,1462888
128,53,0,0,8,61,26,11,14.133,2,2438356
42,15,0,0,1,34,19,11,6.894,2,1451892
10,11,0,0,2,20,18,11,3.772,1,1085776
110,51,0,0,14,71,26,11,15.456,0,2662004
100,47,0,0,12,60,23,11,13.274,2,2354272
74,46,0,0,12,66,25,11,13.692,1,2304640
36,21,0,0,5,35,22,11,7.050,0,1452072
64,28,0,0,11,45,22,11,9.520,2,1767976
31,27,0,0,2,41,15,11,8.041,1,1484896
33,17,0,0,1,35,19,11,6.893,3,1401636
42,18,0,0,2,29,19,11,6.171,2,1426428
123,50,0,0,5,66,27,11,14.772,0,2448812
13,16,0,0,4,19,17,11,3.793,2,1126736
65,29,0,0,4,54,17,11,10.996,2,1839716
18,11,0,0,5,24,16,11,4.625,3,1194244
95,46,0,0,15,56,26,11,12.422,0,2165688
59,51,0,0,7,52,21,11,11.015,2,1909364
99,58,0,0,11,73,22,11,15.548,1,2402576
64,29,0,0,4,45,19,11,9.509,2,1766068
34,27,0,0,5,29,19,11,6.166,2,1412548
17,12,0,0,1,29,17,11,5.424,3,1210152
6,11,0,0,2,16,16,11,3.036,3,1030044
36,21,0,0,6,37,19,11,7.400,2,1458700
64,28,0,0,7,53,18,11,10.784,1,1817112
103,43,0,0,7,64,19,11,13.840,0,2241716
52,30,0,0,7,41,20,11,8.608,4,1656360
20,21,0,0,4,33,19,11,6.353,0,1326564
103,57,0,0,9,60,27,11,13.626,1,2552860
17,14,0,0,1,26,21,11,4.974,2,1206548
27,7,0,0,2,27,15,11,5.213,4,1237852
88,34,0,0,8,44,23,11,10.024,2,1926736
23,16,0,0,2,23,19,11,4.676,3,1235428
13,11,0,0,4,23,16,11,4.332,0,1135964
31,17,0,0,4,35,21,11,6.851,0,1398888
23,28,0,0,6,32,21,11,6.416,2,1374124
101,48,0,0,14,68,21,11,14.567,4,2291636
80,28,0,0,6,38,22,11,8.720,2,1801396
89,40,0,0,9,52,26,11,11.478,2,2053580
24,14,0,0,5,28,17,11,5.496,2,1278872
13,12,0,0,5,21,18,11,4.022,3,1128312
24,17,0,0,2,35,14,11,6.681,1,1347924
114,56,0,0,10,59,30,11,13.553,3,2353556
13,10,0,0,3,22,15,11,4.142,2,1112952
43,19,0,0,5,43,19,11,8.459,3,1550324
14,13,0,0,1,20,17,11,3.911,4,1131876
13,12,0,0,2,21,16,11,4.034,2,1119080
33,21,0,0,4,28,24,11,5.846,0,1363416
18,22,0,0,2,24,23,11,4.866,2,1244292
33,16,0,0,6,37,20,11,7.190,2,1404364
102,41,0,0,11,70,19,11,14.771,4,2290844
52,30,0,0,7,38,23,11,8.129,2,1651656
30,25,0,0,5,28,22,11,5.877,1,1381208
32,17,0,0,5,29,17,11,5.885,2,1347824
38,22,0,0,2,33,21,11,6.792,4,1455092
101,61,0,0,11,72,25,11,15.485,1,2404440
12,9,0,0,4,20,17,11,3.773,1,1085780
12,19,0,0,5,30,16,11,5.635,2,1232644
11,10,0,0,2,21,15,11,3.935,3,1103656
34,23,0,0,6,36,20,11,7.213,2,1462556
43,15,0,0,7,38,18,11,7.561,2,1484844
37,19,0,0,7,32,19,11,6.557,2,1426424
116,49,0,0,12,68,18,11,14.943,3,2399388
50,30,0,0,3,32,23,11,7.100,0,1578712
62,26,0,0,6,40,23,11,8.586,3,1687280
73,37,0,0,8,52,20,11,11.036,1,1919428
22,13,0,0,2,28,17,11,5.403,2,1248876
75,31,0,0,8,43,24,11,9.496,2,1827056
14,10,0,0,5,24,16,11,4.487,2,1142100
107,43,0,0,8,60,23,11,13.404,4,2471676
36,19,0,0,3,36,20,11,7.158,0,1446684
70,39,0,0,8,52,18,11,11.035,3,1919020
80,38,0,0,18,63,21,11,12.991,2,2080184
87,42,0,0,14,61,24,11,12.981,0,2118760
44,28,0,0,6,44,18,11,8.887,3,1640180
83,40,0,0,8,61,24,11,12.787,3,2077948
56,28,0,0,6,36,21,11,7.848,1,1649608
29,23,0,0,3,31,20,11,6.289,1,1391436
32,18,0,0,5,44,17,11,8.385,0,1485196
86,46,0,0,8,60,23,11,12.978,1,2342432
96,48,0,0,12,62,22,11,13.579,2,2442388
7,16,0,0,2,20,16,11,3.820,0,1098036
9,6,0,0,2,19,14,11,3.473,1,1043848
37,16,0,0,6,36,19,11,7.135,0,1441576
109,36,0,0,9,52,22,11,11.852,3,2155160
18,13,0,0,1,31,19,11,5.791,4,1251488
18,19,0,0,2,27,17,11,5.281,0,1244292
120,50,0,0,14,65,22,11,14.544,0,2414520
10,6,0,0,2,17,15,11,3.170,1,1032564
18,11,0,0,3,22,17,11,4.299,2,1167420
84,47,0,0,4,49,23,11,11.043,2,2019524
11,8,0,0,2,23,15,11,4.208,1,1094476
74,28,0,0,6,42,23,11,9.228,2,1812376
14,11,0,0,4,20,15,11,3.859,3,1121448
36,28,0,0,5,41,22,11,8.175,2,1550312
114,51,0,0,8,68,23,11,14.963,1,2410664
60,29,0,0,4,48,24,11,9.946,1,1767976
24,28,0,0,6,37,18,11,7.273,1,1437948
35,18,0,0,0,42,18,11,8.113,2,1486708
111,56,0,0,10,74,26,11,15.939,2,2472240
36,21,0,0,4,32,21,11,6.576,3,1437964
40,26,0,0,7,43,18,11,8.557,3,1574848
50,33,0,0,5,54,19,11,10.748,2,1770552
10,2,0,0,2,19,12,11,3.403,2,1024384
112,48,0,0,11,62,23,11,13.819,2,2315444
71,31,0,0,5,61,19,11,12.450,1,2096012
37,22,0,0,6,40,21,11,7.906,2,1513296
87,37,0,0,12,49,28,11,10.913,1,1986884
35,22,0,0,12,30,21,11,6.238,0,1409904
24,16,0,0,2,31,19,11,6.006,1,1301612
54,34,0,0,5,50,21,11,10.205,3,1772204
32,26,0,0,3,33,22,11,6.746,3,1446680
51,20,0,0,8,41,19,11,8.360,2,1602336
11,12,0,0,4,19,17,11,3.655,1,1089864
87,46,0,0,8,47,20,11,10.870,3,2220952
13,13,0,0,3,26,17,11,4.892,2,1176568
16,10,0,0,3,22,18,11,4.213,2,1135964
88,38,0,0,8,55,18,11,11.895,1,2061528
18,11,0,0,3,27,17,11,5.105,3,1227680
40,21,0,0,2,46,19,11,8.967,2,1560368
19,19,0,0,1,28,19,11,5.506,2,1275244
80,38,0,0,6,47,23,11,10.421,2,1969700
9,12,0,0,1,20,19,11,3.769,2,1090708
6,5,0,0,2,13,12,11,2.417,2,981828
44,29,0,0,2,28,18,11,6.280,2,1495064
41,17,0,0,7,29,21,11,6.092,2,1416036
97,43,0,0,6,57,20,11,12.547,1,2160088
39,19,0,0,4,28,16,11,5.933,1,1388016
65,31,0,0,11,44,23,11,9.416,2,1774032
38,13,0,0,6,39,20,11,7.547,2,1440232
37,20,0,0,5,37,22,11,7.390,0,1443268
96,36,0,0,6,60,23,11,12.970,1,2340388
40,18,0,0,2,45,21,11,8.704,0,1544016
18,9,0,0,4,27,16,11,5.058,1,1192672
28,14,0,0,7,38,17,11,7.207,3,1370920
92,29,0,0,8,57,21,11,12.211,3,2234016
78,41,0,0,8,56,23,11,11.984,1,2142032
78,38,0,0,9,60,18,11,12.506,2,2036996
6,11,0,0,2,18,15,11,3.353,1,1046680
39,14,0,0,8,28,20,11,5.832,0,1381388
6,16,0,0,2,23,14,11,4.284,2,1112952
51,24,0,0,5,37,19,11,7.793,1,1586440
35,24,0,0,6,37,20,11,7.426,2,1484844
8,11,0,0,3,20,17,11,3.739,3,1074572
33,23,0,0,0,31,21,11,6.383,1,1418080
16,8,0,0,4,23,16,11,4.339,1,1131876
