add,sub,multiply_plain,rotate_rows,negate,multiply,Depth,Multiplicative Depth,execution_time (s),Remaining_noise_budget
1,0,0,0,0,2,2,1,0.385,328
5,0,0,0,0,2,3,1,0.482,327
13,10,0,0,0,9,6,2,2.037,296
3,2,0,0,0,2,3,1,0.482,327
16,6,0,0,0,5,7,1,1.366,327
2,1,0,0,0,2,3,1,0.433,328
2,1,0,0,0,1,3,1,0.268,329
3,2,0,0,0,2,3,1,0.481,327
2,3,0,0,0,2,4,1,0.481,328
4,2,0,0,0,3,4,2,0.668,296
11,4,0,0,0,7,7,2,1.538,295
2,2,0,0,0,2,3,1,0.456,328
6,5,0,0,0,4,4,1,0.952,327
3,0,0,0,0,2,3,1,0.433,328
2,0,0,0,0,1,2,1,0.245,328
7,7,0,0,0,7,11,4,1.514,231
1,1,0,0,0,1,2,1,0.245,329
5,3,0,0,0,5,6,2,1.043,295
1,1,0,0,0,2,3,1,0.408,328
19,6,0,0,0,7,7,1,1.757,327
1,1,0,0,0,1,2,1,0.245,328
2,1,0,0,0,2,3,2,0.433,296
13,6,0,0,0,6,7,2,1.474,296
23,10,0,0,0,8,9,2,2.104,295
2,3,0,0,0,2,3,1,0.482,328
3,3,0,0,0,2,4,2,0.504,296
2,1,0,0,0,1,3,1,0.268,328
2,0,0,0,0,5,3,2,0.898,295
2,1,0,0,0,2,4,2,0.433,296
11,7,0,0,0,8,8,2,1.766,295
3,0,0,0,0,4,4,1,0.760,328
1,1,0,0,0,1,2,1,0.245,328
1,0,0,0,0,2,2,1,0.336,328
3,3,0,0,0,3,4,1,0.668,328
1,1,0,0,0,1,2,1,0.245,329
6,4,0,0,0,5,4,2,1.090,296
18,0,0,0,0,13,5,3,2.565,262
18,6,0,0,0,5,6,1,1.407,327
2,2,0,0,0,2,4,1,0.456,328
7,0,0,0,0,4,4,2,0.858,295
4,0,0,0,0,3,4,3,0.621,263
1,1,0,0,0,1,2,1,0.245,329
7,0,0,0,0,4,4,2,0.858,296
2,2,0,0,0,2,3,1,0.457,328
1,1,0,0,0,2,3,2,0.408,296
2,2,0,0,0,2,3,1,0.457,328
2,1,0,0,0,1,3,1,0.268,328
13,5,0,0,0,5,5,1,1.271,327
4,0,0,0,0,2,4,2,0.457,296
2,0,0,0,0,1,2,1,0.245,328
2,2,0,0,0,2,3,1,0.457,328
1,1,0,0,0,2,3,1,0.408,328
9,0,0,0,0,6,4,3,1.230,263
4,3,0,0,0,4,4,1,0.857,327
13,5,0,0,0,7,6,2,1.614,295
13,0,0,0,0,4,5,2,0.999,296
1,1,0,0,0,1,2,1,0.245,328
7,4,0,0,0,4,5,2,0.951,296
2,2,0,0,0,2,3,1,0.457,328
4,2,0,0,0,3,4,1,0.669,327
20,9,0,0,0,8,7,2,2.015,296
8,3,0,0,0,5,5,1,1.115,327
1,1,0,0,0,1,2,1,0.245,328
18,5,0,0,0,8,7,1,1.892,327
6,5,0,0,0,4,4,1,0.952,327
7,4,0,0,0,4,4,1,0.952,327
3,2,0,0,0,2,3,1,0.481,328
1,1,0,0,0,1,2,1,0.245,328
4,0,0,0,0,3,3,2,0.620,296
29,14,0,0,0,16,7,2,3.678,295
3,2,0,0,0,2,3,1,0.482,328
5,4,0,0,0,4,6,2,0.903,296
5,0,0,0,0,2,3,1,0.482,327
10,5,0,0,0,4,5,1,1.048,327
3,0,0,0,0,0,2,0,0.100,360
19,4,0,0,0,10,8,2,2.198,295
3,2,0,0,0,3,5,2,0.643,296
15,6,0,0,0,5,6,1,1.345,327
1,1,0,0,0,1,2,1,0.245,328
2,2,0,0,0,2,3,1,0.457,328
2,2,0,0,0,3,3,2,0.620,296
5,2,0,0,0,3,4,1,0.694,327
6,3,0,0,0,4,4,2,0.903,296
4,2,0,0,0,3,4,2,0.669,296
9,4,0,0,0,5,6,2,1.165,296
7,0,0,0,0,9,5,3,1.668,263
4,1,0,0,0,2,3,1,0.480,328
6,0,0,0,0,9,4,2,1.648,295
9,0,0,0,0,6,4,2,1.231,295
1,1,0,0,0,2,3,2,0.408,296
4,2,0,0,0,3,4,1,0.669,328
5,0,0,0,0,0,3,0,0.147,360
5,3,0,0,0,3,4,1,0.719,327
2,0,0,0,0,3,3,2,0.572,296
3,2,0,0,0,2,3,1,0.481,328
9,0,0,0,0,8,5,2,1.556,295
6,0,0,0,0,6,4,3,1.159,264
2,0,0,0,0,1,2,1,0.245,328
5,3,0,0,0,4,5,2,0.880,296
1,2,0,0,0,2,3,1,0.433,328
9,0,0,0,0,6,4,2,1.230,295
27,14,0,0,0,12,7,2,2.950,295
6,5,0,0,0,4,4,1,0.951,327
5,0,0,0,0,2,3,1,0.483,327
8,0,0,0,0,5,4,2,1.043,295
2,1,0,0,0,2,3,1,0.432,328
11,6,0,0,0,6,5,1,1.418,327
11,0,0,0,0,20,5,4,3.540,231
6,5,0,0,0,4,5,1,0.950,327
5,0,0,0,0,2,3,1,0.482,328
9,0,0,0,0,6,4,2,1.232,295
6,0,0,0,0,9,4,3,1.646,263
2,2,0,0,0,2,3,2,0.458,296
2,1,0,0,0,1,3,1,0.268,328
1,0,0,0,0,1,2,1,0.220,329
1,1,0,0,0,2,3,2,0.408,296
12,8,0,0,0,9,6,2,1.970,296
4,0,0,0,0,3,3,2,0.619,296
4,3,0,0,0,4,4,1,0.858,327
2,2,0,0,0,1,3,1,0.293,328
2,2,0,0,0,2,3,1,0.456,328
2,3,0,0,0,2,3,1,0.481,328
2,1,0,0,0,2,3,2,0.433,296
2,3,0,0,0,3,4,1,0.645,328
3,2,0,0,0,2,3,1,0.482,327
3,3,0,0,0,2,4,1,0.504,328
6,5,0,0,0,4,4,1,0.952,327
4,0,0,0,0,2,3,2,0.457,296
3,0,0,0,0,2,3,1,0.432,328
4,0,0,0,0,3,3,2,0.619,295
2,3,0,0,0,2,3,1,0.482,328
7,0,0,0,0,8,4,3,1.507,263
6,3,0,0,0,3,5,2,0.741,296
6,5,0,0,0,6,6,2,1.278,295
1,0,0,0,0,2,2,1,0.336,327
2,2,0,0,0,1,3,1,0.293,328
5,3,0,0,0,3,4,1,0.717,327
4,3,0,0,0,4,4,1,0.858,328
10,5,0,0,0,5,7,2,1.207,296
2,1,0,0,0,2,4,2,0.433,296
7,4,0,0,0,2,5,1,0.625,327
11,5,0,0,0,7,6,2,1.555,296
3,2,0,0,0,3,4,1,0.644,327
10,4,0,0,0,5,5,1,1.187,327
5,0,0,0,0,10,4,2,1.782,295
19,5,0,0,0,3,7,1,1.101,327
2,1,0,0,0,2,3,1,0.432,328
2,1,0,0,0,3,4,2,0.596,296
1,1,0,0,0,2,3,1,0.407,328
17,0,0,0,0,14,5,3,2.709,263
2,3,0,0,0,2,3,1,0.480,328
3,0,0,0,0,4,3,2,0.759,295
25,11,0,0,0,11,7,2,2.674,295
16,8,0,0,0,11,6,2,2.400,295
3,5,0,0,0,3,5,1,0.717,327
3,3,0,0,0,2,4,1,0.504,328
8,4,0,0,0,5,6,2,1.138,295
3,1,0,0,0,3,4,2,0.620,296
10,4,0,0,0,2,6,1,0.697,327
5,0,0,0,0,3,4,2,0.642,296
2,0,0,0,0,2,3,2,0.408,296
6,0,0,0,0,9,4,2,1.645,295
5,0,0,0,0,2,3,1,0.482,328
1,2,0,0,0,1,3,1,0.268,328
2,1,0,0,0,2,3,1,0.432,328
3,2,0,0,0,2,3,1,0.481,328
4,3,0,0,0,2,4,1,0.531,328
4,2,0,0,0,4,4,2,0.834,296
2,0,0,0,0,3,3,2,0.573,296
3,2,0,0,0,2,4,1,0.481,328
2,2,0,0,0,2,3,1,0.458,328
18,9,0,0,0,9,8,2,2.131,296
5,0,0,0,0,2,3,1,0.482,327
11,10,0,0,0,10,5,2,2.153,295
2,0,0,0,0,5,3,2,0.899,295
3,0,0,0,0,3,4,2,0.597,296
3,1,0,0,0,2,3,1,0.457,328
2,2,0,0,0,2,3,1,0.457,328
1,2,0,0,0,2,3,1,0.432,328
2,2,0,0,0,2,5,1,0.457,328
4,0,0,0,0,3,3,2,0.619,296
2,3,0,0,0,2,3,1,0.482,328
4,2,0,0,0,3,5,1,0.667,327
4,0,0,0,0,3,3,1,0.621,327
2,4,0,0,0,2,4,1,0.504,328
11,0,0,0,0,4,5,2,0.952,296
3,2,0,0,0,2,3,1,0.482,327
7,0,0,0,0,8,4,3,1.506,263
5,3,0,0,0,3,4,1,0.718,327
4,3,0,0,0,2,4,1,0.530,328
5,4,0,0,0,4,6,2,0.904,296
4,3,0,0,0,4,4,2,0.859,296
5,4,0,0,0,4,4,1,0.902,327
3,2,0,0,0,3,4,2,0.643,296
4,3,0,0,0,3,4,1,0.694,327
2,1,0,0,0,2,3,1,0.432,328
4,0,0,0,0,3,3,2,0.622,296
8,6,0,0,0,9,7,3,1.827,264
7,5,0,0,0,5,6,2,1.141,296
13,7,0,0,0,4,7,1,1.163,327
2,2,0,0,0,3,4,2,0.621,296
2,3,0,0,0,3,4,2,0.643,296
1,2,0,0,0,2,3,1,0.432,328
6,3,0,0,0,3,5,1,0.743,328
2,3,0,0,0,2,3,1,0.482,328
1,2,0,0,0,2,3,1,0.433,328
0,0,0,0,0,1,1,1,0.195,328
9,0,0,0,0,6,4,2,1.231,295
1,1,0,0,0,3,3,1,0.573,328
2,2,0,0,0,3,4,2,0.621,296
24,8,0,0,0,9,7,2,2.247,296
3,0,0,0,0,4,3,2,0.759,295
2,1,0,0,0,2,3,1,0.432,328
10,6,0,0,0,8,7,2,1.721,295
2,3,0,0,0,4,4,2,0.807,295
1,1,0,0,0,2,3,1,0.407,328
1,2,0,0,0,1,3,1,0.268,328
4,0,0,0,0,3,3,2,0.621,296
15,6,0,0,0,6,6,2,1.504,296
6,5,0,0,0,4,4,1,0.951,327
3,2,0,0,0,2,3,1,0.482,327
7,0,0,0,0,4,4,2,0.858,295
19,9,0,0,0,5,7,1,1.507,327
13,0,0,0,0,10,6,3,1.969,263
2,2,0,0,0,2,3,1,0.458,328
6,4,0,0,0,5,4,2,1.091,296
4,3,0,0,0,4,8,3,0.858,264
1,0,0,0,0,2,2,1,0.336,327
5,4,0,0,0,4,7,2,0.904,295
3,3,0,0,0,2,4,1,0.505,328
1,1,0,0,0,2,3,2,0.408,296
19,7,0,0,0,7,7,2,1.779,296
5,0,0,0,0,6,4,2,1.137,295
2,2,0,0,0,2,3,1,0.457,328
5,5,0,0,0,5,5,2,1.092,296
5,0,0,0,0,4,4,2,0.807,296
21,9,0,0,0,7,7,2,1.877,296
3,2,0,0,0,2,3,1,0.481,328
2,2,0,0,0,2,3,1,0.457,328
3,2,0,0,0,2,3,1,0.482,328
11,3,0,0,0,8,5,1,1.667,327
4,1,0,0,0,2,3,1,0.481,328
3,0,0,0,0,4,3,1,0.759,327
3,3,0,0,0,2,4,2,0.504,296
2,3,0,0,0,2,3,1,0.481,328
2,2,0,0,0,1,3,1,0.292,328
7,4,0,0,0,8,6,2,1.603,296
20,9,0,0,0,9,7,2,2.185,296
5,4,0,0,0,4,4,1,0.902,327
6,4,0,0,0,5,4,2,1.089,296
3,3,0,0,0,3,4,1,0.668,327
11,10,0,0,0,10,5,2,2.158,295
1,2,0,0,0,2,4,2,0.432,296
16,9,0,0,0,8,7,2,1.919,296
4,3,0,0,0,4,4,1,0.859,327
4,0,0,0,0,3,3,2,0.621,296
3,0,0,0,0,4,3,2,0.760,296
6,4,0,0,0,5,4,2,1.091,295
14,6,0,0,0,6,8,2,1.497,296
10,0,0,0,0,5,4,2,1.090,295
5,0,0,0,0,6,4,2,1.137,295
11,10,0,0,0,10,5,2,2.152,295
5,5,0,0,0,5,4,2,1.090,296
4,4,0,0,0,5,4,2,1.041,295
10,8,0,0,0,8,6,2,1.767,296
15,0,0,0,0,16,5,3,2.982,262
2,0,0,0,0,1,3,1,0.245,328
4,0,0,0,0,4,4,2,0.783,295
16,5,0,0,0,6,8,2,1.504,296
12,6,0,0,0,7,6,2,1.614,296
15,4,0,0,0,7,8,1,1.623,327
1,0,0,0,0,2,2,1,0.385,328
2,1,0,0,0,1,3,1,0.268,328
1,1,0,0,0,3,3,1,0.526,327
4,3,0,0,0,2,4,1,0.531,328
21,6,0,0,0,7,7,2,1.807,296
1,1,0,0,0,2,3,2,0.408,296
4,2,0,0,0,3,4,2,0.669,296
15,0,0,0,0,4,6,2,1.048,296
5,4,0,0,0,5,6,2,1.066,295
27,0,0,0,0,16,6,3,3.279,263
4,2,0,0,0,1,3,1,0.342,328
2,2,0,0,0,1,3,1,0.293,328
4,2,0,0,0,2,4,2,0.505,296
21,0,0,0,0,10,5,2,2.148,294
3,2,0,0,0,2,3,1,0.481,328
4,0,0,0,0,3,4,2,0.621,296
3,2,0,0,0,2,3,1,0.481,328
2,1,0,0,0,2,3,1,0.432,328
24,8,0,0,0,9,10,2,2.243,295
2,2,0,0,0,2,4,1,0.457,328
2,3,0,0,0,2,3,1,0.482,328
3,1,0,0,0,3,3,1,0.621,327
4,0,0,0,0,4,4,2,0.783,296
6,5,0,0,0,4,4,1,0.952,327
1,1,0,0,0,1,3,1,0.245,328
16,5,0,0,0,5,6,1,1.342,327
3,0,0,0,0,2,3,1,0.433,328
9,0,0,0,0,14,5,4,2.532,230
21,9,0,0,0,5,7,1,1.569,326
2,2,0,0,0,3,3,2,0.621,296
2,2,0,0,0,2,4,1,0.457,328
5,4,0,0,0,4,4,1,0.904,327
20,7,0,0,0,7,8,2,1.820,295
3,2,0,0,0,2,4,1,0.482,328
2,2,0,0,0,3,3,1,0.621,327
6,0,0,0,0,0,3,0,0.171,360
17,6,0,0,0,5,6,1,1.389,327
36,12,0,0,0,12,9,2,3.114,295
2,2,0,0,0,2,3,1,0.457,328
5,2,0,0,0,2,4,1,0.530,327
3,2,0,0,0,2,3,1,0.481,328
16,0,0,0,0,15,5,3,2.847,263
3,1,0,0,0,3,3,1,0.621,327
2,2,0,0,0,2,3,1,0.457,328
3,2,0,0,0,3,5,2,0.644,296
13,8,0,0,0,4,6,1,1.186,327
11,5,0,0,0,5,5,1,1.235,327
1,0,0,0,0,2,2,1,0.336,327
4,3,0,0,0,4,4,1,0.857,327
2,1,0,0,0,2,3,1,0.432,328
2,1,0,0,0,3,5,2,0.572,296
1,2,0,0,0,3,3,1,0.597,328
3,0,0,0,0,2,3,2,0.433,296
4,1,0,0,0,2,4,1,0.482,328
4,0,0,0,0,2,4,2,0.457,296
3,2,0,0,0,2,3,1,0.482,328
2,1,0,0,0,2,3,1,0.432,327
4,3,0,0,0,3,5,2,0.694,296
6,4,0,0,0,3,6,1,0.764,327
3,2,0,0,0,4,4,1,0.808,327
3,3,0,0,0,3,4,2,0.668,296
18,0,0,0,0,13,5,3,2.572,263
2,2,0,0,0,2,5,2,0.457,296
5,0,0,0,0,2,3,1,0.482,328
3,3,0,0,0,3,4,1,0.668,327
11,5,0,0,0,4,6,1,1.073,327
1,0,0,0,0,2,2,2,0.385,296
6,2,0,0,0,5,4,2,1.041,296
2,2,0,0,0,2,3,1,0.457,328
2,0,0,0,0,1,2,1,0.245,328
6,0,0,0,0,9,4,3,1.646,263
7,0,0,0,0,4,4,2,0.859,295
3,0,0,0,0,4,3,1,0.761,327
13,0,0,0,0,18,5,3,3.267,262
1,2,0,0,0,1,3,1,0.268,328
4,3,0,0,0,4,4,1,0.858,327
1,0,0,0,0,2,2,1,0.385,328
2,2,0,0,0,2,4,2,0.457,296
16,8,0,0,0,6,7,2,1.576,296
4,3,0,0,0,3,4,1,0.694,328
2,0,0,0,0,3,3,1,0.573,327
11,5,0,0,0,6,7,2,1.389,296
10,7,0,0,0,8,6,2,1.750,295
7,4,0,0,0,2,4,1,0.625,327
4,4,0,0,0,4,6,2,0.881,295
6,4,0,0,0,4,5,1,0.928,327
5,4,0,0,0,6,4,2,1.229,295
3,2,0,0,0,3,4,1,0.644,327
5,4,0,0,0,2,4,1,0.578,327
18,6,0,0,0,7,7,1,1.751,326
8,0,0,0,0,7,5,2,1.369,295
30,13,0,0,0,17,8,2,3.810,295
2,3,0,0,0,2,3,1,0.481,328
7,4,0,0,0,5,6,2,1.114,295
5,4,0,0,0,6,5,1,1.230,327
2,0,0,0,0,1,2,1,0.245,328
6,5,0,0,0,4,4,1,0.951,327
14,5,0,0,0,5,7,1,1.295,327
3,2,0,0,0,2,3,1,0.482,328
3,1,0,0,0,1,3,1,0.293,328
6,3,0,0,0,4,5,1,0.904,327
2,1,0,0,0,2,3,2,0.432,296
3,0,0,0,0,4,4,1,0.760,328
8,5,0,0,0,6,7,2,1.325,296
14,0,0,0,0,8,6,2,1.666,295
5,5,0,0,0,5,4,2,1.002,296
23,10,0,0,0,10,8,2,2.440,296
1,1,0,0,0,2,3,1,0.386,328
9,4,0,0,0,5,5,1,1.158,327
27,13,0,0,0,11,7,2,2.785,296
2,1,0,0,0,2,3,1,0.432,328
10,7,0,0,0,6,5,1,1.418,327
15,4,0,0,0,7,7,1,1.621,327
3,2,0,0,0,2,4,1,0.481,328
2,2,0,0,0,3,4,2,0.597,296
2,1,0,0,0,2,4,2,0.432,296
6,4,0,0,0,5,4,2,1.090,296
3,2,0,0,0,2,3,1,0.482,328
3,2,0,0,0,2,3,1,0.481,327
9,0,0,0,0,6,4,2,1.228,295
4,0,0,0,0,4,4,2,0.782,296
3,0,0,0,0,4,3,2,0.760,296
2,2,0,0,0,2,3,1,0.457,328
21,0,0,0,0,10,5,2,2.168,294
4,0,0,0,0,3,4,2,0.621,295
3,2,0,0,0,2,3,1,0.482,328
20,0,0,0,0,11,5,3,2.289,262
3,2,0,0,0,3,4,1,0.644,327
3,1,0,0,0,3,4,2,0.620,296
3,2,0,0,0,4,4,1,0.807,327
1,2,0,0,0,2,3,1,0.433,328
2,0,0,0,0,3,3,2,0.573,296
7,0,0,0,0,8,4,3,1.506,264
3,1,0,0,0,3,3,1,0.621,328
9,4,0,0,0,4,6,1,0.999,327
3,2,0,0,0,3,5,2,0.643,296
3,2,0,0,0,2,3,1,0.480,328
7,6,0,0,0,7,7,2,1.485,295
16,7,0,0,0,5,6,1,1.300,327
33,14,0,0,0,16,7,2,3.735,295
13,5,0,0,0,5,6,2,1.270,296
9,0,0,0,0,6,4,2,1.231,295
3,2,0,0,0,3,4,1,0.644,327
13,10,0,0,0,8,6,1,1.872,327
8,0,0,0,0,5,4,2,1.042,295
14,7,0,0,0,10,5,2,2.155,295
2,2,0,0,0,3,4,2,0.620,295
10,4,0,0,0,3,5,1,0.859,327
3,0,0,0,0,4,3,2,0.758,296
4,2,0,0,0,2,4,1,0.505,328
2,1,0,0,0,4,3,1,0.761,327
13,7,0,0,0,9,6,2,1.966,295
4,3,0,0,0,4,5,2,0.858,296
1,1,0,0,0,1,2,1,0.245,328
20,8,0,0,0,8,7,2,1.992,296
5,5,0,0,0,5,4,2,1.090,296
1,2,0,0,0,2,3,2,0.433,296
3,2,0,0,0,3,4,2,0.643,296
16,6,0,0,0,6,7,1,1.528,327
6,5,0,0,0,4,4,1,0.953,327
1,1,0,0,0,3,3,1,0.572,328
2,1,0,0,0,1,3,1,0.268,328
2,1,0,0,0,1,3,1,0.268,328
17,8,0,0,0,7,7,1,1.761,327
2,0,0,0,0,1,3,1,0.245,328
7,0,0,0,0,4,4,2,0.859,296
19,6,0,0,0,6,7,2,1.617,296
3,2,0,0,0,2,3,1,0.481,328
6,5,0,0,0,4,4,1,0.952,327
2,1,0,0,0,3,4,2,0.596,295
14,0,0,0,0,13,6,3,2.482,263
3,2,0,0,0,4,5,2,0.808,295
6,5,0,0,0,6,5,2,1.277,296
3,0,0,0,0,4,3,2,0.759,296
1,1,0,0,0,2,3,2,0.408,296
1,1,0,0,0,3,3,1,0.573,328
17,9,0,0,0,9,7,2,2.129,295
4,0,0,0,0,3,3,2,0.621,296
3,2,0,0,0,2,3,1,0.481,328
10,0,0,0,0,5,4,2,1.090,294
4,3,0,0,0,4,4,1,0.859,327
6,4,0,0,0,3,5,1,0.766,327
4,1,0,0,0,2,3,1,0.482,327
12,6,0,0,0,6,5,1,1.440,327
13,5,0,0,0,5,5,1,1.271,327
2,1,0,0,0,2,3,1,0.432,328
3,0,0,0,0,3,3,2,0.596,296
1,1,0,0,0,3,3,1,0.572,328
16,9,0,0,0,6,5,1,1.597,327
11,9,0,0,0,8,6,2,1.810,296
2,2,0,0,0,3,4,1,0.622,328
2,3,0,0,0,3,4,2,0.642,296
4,1,0,0,0,2,3,1,0.481,328
2,2,0,0,0,2,3,1,0.456,328
3,2,0,0,0,2,3,1,0.482,327
6,5,0,0,0,4,4,1,0.954,327
3,2,0,0,0,2,3,1,0.481,328
6,5,0,0,0,4,4,1,0.952,327
11,6,0,0,0,6,6,2,1.425,296
3,1,0,0,0,1,3,1,0.293,328
13,6,0,0,0,5,7,1,1.293,327
4,0,0,0,0,5,5,3,0.945,263
5,0,0,0,0,2,3,1,0.481,328
2,2,0,0,0,2,3,1,0.457,328
2,0,0,0,0,3,3,2,0.572,296
11,0,0,0,0,20,5,4,3.535,231
8,4,0,0,0,5,6,2,1.138,296
24,10,0,0,0,5,7,1,1.653,327
2,1,0,0,0,2,3,1,0.432,328
4,3,0,0,0,4,8,2,0.858,296
3,1,0,0,0,3,3,1,0.621,327
21,11,0,0,0,9,8,2,2.246,296
8,4,0,0,0,3,5,1,0.814,327
3,3,0,0,0,3,6,2,0.669,296
7,6,0,0,0,6,5,1,1.327,327
3,2,0,0,0,2,3,1,0.481,328
7,0,0,0,0,8,4,2,1.507,295
2,3,0,0,0,3,5,2,0.644,296
6,5,0,0,0,6,5,2,1.279,295
2,2,0,0,0,2,3,1,0.457,328
2,1,0,0,0,1,3,1,0.268,328
12,0,0,0,0,7,5,3,1.463,262
3,2,0,0,0,2,3,1,0.482,327
3,2,0,0,0,4,5,2,0.806,296
17,7,0,0,0,6,7,2,1.574,296
6,2,0,0,0,7,5,2,1.371,296
2,1,0,0,0,1,3,1,0.268,328
3,2,0,0,0,2,3,1,0.481,328
14,3,0,0,0,5,7,1,1.256,327
20,8,0,0,0,10,7,2,2.325,296
13,10,0,0,0,10,6,2,2.197,295
15,7,0,0,0,5,6,1,1.365,327
3,2,0,0,0,3,5,2,0.644,296
3,3,0,0,0,3,5,1,0.667,327
2,1,0,0,0,2,3,1,0.433,328
13,4,0,0,0,4,7,2,1.096,296
2,0,0,0,0,3,3,2,0.572,296
1,1,0,0,0,1,2,1,0.245,328
1,1,0,0,0,1,2,1,0.245,328
6,5,0,0,0,4,4,1,0.951,327
13,5,0,0,0,5,7,2,1.279,296
8,0,0,0,0,3,4,1,0.717,327
9,6,0,0,0,5,6,2,1.209,296
2,1,0,0,0,4,3,2,0.758,296
1,2,0,0,0,2,3,1,0.432,328
3,2,0,0,0,2,3,1,0.481,328
9,4,0,0,0,4,5,1,1.000,327
2,0,0,0,0,2,3,2,0.407,296
2,2,0,0,0,2,3,1,0.456,327
5,2,0,0,0,2,4,1,0.530,328
14,7,0,0,0,4,5,1,1.192,327
5,3,0,0,0,4,4,1,0.880,327
2,2,0,0,0,2,3,1,0.456,328
2,0,0,0,0,2,3,1,0.408,328
9,0,0,0,0,6,4,2,1.230,295
6,5,0,0,0,4,4,1,0.953,327
3,1,0,0,0,3,4,2,0.619,295
30,8,0,0,0,10,8,1,2.558,326
41,0,0,0,0,16,8,2,3.622,294
3,2,0,0,0,2,3,1,0.482,328
6,5,0,0,0,4,5,1,0.951,327
2,0,0,0,0,3,3,2,0.572,296
5,0,0,0,0,10,4,4,1.788,231
1,0,0,0,0,2,2,1,0.336,327
8,0,0,0,0,11,5,3,2.022,263
8,4,0,0,0,3,6,1,0.813,327
9,5,0,0,0,4,6,1,1.018,327
2,2,0,0,0,3,4,2,0.622,296
7,6,0,0,0,5,5,1,1.157,327
2,1,0,0,0,2,4,1,0.433,328
4,3,0,0,0,2,4,1,0.529,328
6,4,0,0,0,6,6,2,1.255,295
1,0,0,0,0,2,2,1,0.336,327
2,0,0,0,0,5,3,2,0.899,295
15,0,0,0,0,3,6,1,0.885,327
3,2,0,0,0,2,4,1,0.482,328
9,0,0,0,0,6,4,2,1.231,295
3,3,0,0,0,3,5,1,0.669,327
9,4,0,0,0,4,6,1,0.998,327
3,3,0,0,0,3,5,1,0.669,328
10,0,0,0,0,5,4,2,1.089,295
20,8,0,0,0,6,8,2,1.667,297
3,0,0,0,0,2,3,2,0.433,296
8,0,0,0,0,7,4,2,1.369,295
6,0,0,0,0,9,4,3,1.647,263
2,1,0,0,0,2,3,2,0.432,296
13,8,0,0,0,8,7,2,1.826,296
22,5,0,0,0,6,9,2,1.644,296
3,0,0,0,0,4,3,1,0.760,327
10,5,0,0,0,8,5,1,1.694,327
1,1,0,0,0,2,3,2,0.408,296
7,5,0,0,0,5,5,2,1.139,296
7,0,0,0,0,4,4,2,0.857,295
2,2,0,0,0,2,5,2,0.457,296
4,3,0,0,0,4,4,1,0.858,327
2,2,0,0,0,1,3,1,0.293,328
1,1,0,0,0,1,2,1,0.245,328
11,10,0,0,0,10,5,2,2.149,294
5,0,0,0,0,4,4,2,0.809,296
3,2,0,0,0,2,4,1,0.480,328
3,3,0,0,0,2,4,1,0.505,327
2,1,0,0,0,2,3,1,0.432,328
3,2,0,0,0,2,3,1,0.481,328
8,4,0,0,0,3,4,1,0.814,327
3,2,0,0,0,2,3,1,0.482,327
5,2,0,0,0,3,4,1,0.694,327
5,0,0,0,0,2,3,1,0.481,328
9,5,0,0,0,4,6,1,1.027,327
1,1,0,0,0,1,2,1,0.245,328
3,3,0,0,0,3,8,3,0.668,264
3,2,0,0,0,4,5,2,0.808,296
3,1,0,0,0,3,3,1,0.621,327
2,2,0,0,0,2,4,1,0.457,328
12,6,0,0,0,5,5,2,1.286,296
2,1,0,0,0,2,4,2,0.432,296
2,1,0,0,0,3,3,1,0.597,328
18,8,0,0,0,9,8,2,2.129,296
8,0,0,0,0,7,4,3,1.370,263
5,4,0,0,0,2,4,1,0.579,328
1,2,0,0,0,2,4,2,0.433,296
14,4,0,0,0,4,7,2,1.109,296
4,0,0,0,0,5,4,2,0.946,295
5,3,0,0,0,3,5,1,0.718,327
18,9,0,0,0,4,5,1,1.316,326
2,1,0,0,0,2,3,1,0.432,328
3,0,0,0,0,2,3,2,0.432,296
20,9,0,0,0,7,7,2,1.857,296
6,4,0,0,0,5,4,2,1.089,295
4,0,0,0,0,3,3,2,0.620,296
3,1,0,0,0,3,3,2,0.621,296
20,8,0,0,0,8,9,2,2.010,296
11,6,0,0,0,10,5,1,2.071,327
2,1,0,0,0,1,3,1,0.268,328
2,0,0,0,0,3,3,1,0.571,328
4,3,0,0,0,5,8,3,1.019,264
2,1,0,0,0,1,3,1,0.268,328
3,2,0,0,0,2,4,1,0.481,328
9,4,0,0,0,3,5,1,0.836,327
5,0,0,0,0,2,3,1,0.482,328
2,1,0,0,0,3,3,1,0.596,328
5,4,0,0,0,4,4,1,0.905,327
1,1,0,0,0,1,2,1,0.245,329
2,2,0,0,0,4,4,2,0.784,295
2,2,0,0,0,3,3,1,0.622,327
2,1,0,0,0,4,3,1,0.666,327
3,0,0,0,0,4,3,2,0.760,296
6,5,0,0,0,4,4,2,0.951,296
2,3,0,0,0,3,5,2,0.644,296
11,5,0,0,0,5,6,1,1.235,327
5,4,0,0,0,4,4,2,0.903,296
9,0,0,0,0,2,4,1,0.578,327
3,2,0,0,0,3,5,2,0.643,296
2,3,0,0,0,3,4,2,0.643,296
3,0,0,0,0,2,3,2,0.433,296
2,2,0,0,0,2,3,1,0.457,328
7,0,0,0,0,8,4,2,1.507,295
6,4,0,0,0,5,4,2,1.091,296
3,2,0,0,0,4,4,2,0.807,296
14,8,0,0,0,9,5,2,2.025,295
4,3,0,0,0,2,4,1,0.530,327
14,6,0,0,0,5,6,1,1.333,327
1,1,0,0,0,1,2,1,0.245,328
10,5,0,0,0,4,5,1,1.048,327
6,2,0,0,0,3,5,2,0.719,296
5,0,0,0,0,10,4,2,1.785,295
3,2,0,0,0,2,4,1,0.482,328
2,2,0,0,0,2,3,1,0.457,328
3,2,0,0,0,2,4,1,0.482,328
11,6,0,0,0,7,7,2,1.579,295
3,2,0,0,0,2,3,1,0.481,327
10,0,0,0,0,21,5,4,3.704,230
16,7,0,0,0,6,6,1,1.548,327
5,4,0,0,0,5,4,2,1.068,296
9,4,0,0,0,2,4,1,0.674,327
6,0,0,0,0,9,4,3,1.648,263
2,1,0,0,0,2,3,2,0.432,296
3,0,0,0,0,0,2,0,0.099,360
25,9,0,0,0,7,8,2,1.995,296
37,0,0,0,0,26,6,4,5.106,229
7,0,0,0,0,4,4,2,0.860,295
3,2,0,0,0,3,4,2,0.644,296
4,3,0,0,0,2,4,1,0.530,328
5,4,0,0,0,5,6,2,1.067,295
8,0,0,0,0,5,4,2,1.042,296
2,2,0,0,0,1,3,1,0.293,328
2,1,0,0,0,2,3,1,0.433,328
11,6,0,0,0,7,6,2,1.583,296
16,9,0,0,0,10,6,2,2.272,295
12,10,0,0,0,10,14,5,2.171,198
2,1,0,0,0,2,3,1,0.433,328
3,2,0,0,0,3,4,2,0.644,296
10,4,0,0,0,5,5,1,1.189,327
5,5,0,0,0,5,8,3,1.090,264
2,2,0,0,0,3,4,1,0.621,327
2,2,0,0,0,3,3,1,0.621,327
5,3,0,0,0,3,5,1,0.717,327
4,2,0,0,0,3,4,1,0.670,327
4,0,0,0,0,3,3,2,0.621,295
3,2,0,0,0,2,4,1,0.481,328
6,2,0,0,0,3,5,1,0.717,327
7,7,0,0,0,8,12,4,1.672,230
13,4,0,0,0,8,7,2,1.748,295
4,0,0,0,0,3,3,2,0.621,296
7,6,0,0,0,4,5,1,0.998,327
1,2,0,0,0,2,3,1,0.432,328
2,2,0,0,0,2,3,1,0.457,328
6,5,0,0,0,4,4,1,0.953,327
25,10,0,0,0,7,8,2,1.994,295
17,9,0,0,0,3,6,1,1.148,327
6,5,0,0,0,6,5,2,1.279,296
11,6,0,0,0,7,6,2,1.583,296
6,0,0,0,0,7,5,3,1.322,264
11,6,0,0,0,8,5,1,1.749,327
2,1,0,0,0,2,3,1,0.432,328
20,10,0,0,0,6,7,2,1.715,296
6,4,0,0,0,5,4,2,1.092,296
2,2,0,0,0,1,3,1,0.293,328
2,1,0,0,0,2,4,1,0.433,328
2,0,0,0,0,1,2,1,0.245,328
13,5,0,0,0,6,7,2,1.435,296
11,6,0,0,0,4,6,1,1.093,327
1,0,0,0,0,2,2,1,0.336,328
5,4,0,0,0,4,4,1,0.904,327
1,1,0,0,0,2,3,1,0.408,328
22,8,0,0,0,11,7,2,2.525,295
2,1,0,0,0,3,4,2,0.597,296
2,3,0,0,0,2,4,1,0.482,328
6,5,0,0,0,4,5,1,0.950,327
2,0,0,0,0,5,3,2,0.899,295
1,1,0,0,0,2,3,1,0.407,327
3,1,0,0,0,3,3,2,0.622,296
2,1,0,0,0,3,4,2,0.596,296
20,8,0,0,0,7,7,2,1.848,296
3,2,0,0,0,3,5,2,0.644,296
17,6,0,0,0,6,7,1,1.550,327
4,3,0,0,0,4,4,2,0.859,295
4,2,0,0,0,1,3,1,0.341,328
5,5,0,0,0,5,4,2,1.090,296
2,3,0,0,0,2,3,1,0.482,328
7,0,0,0,0,4,4,2,0.858,295
3,2,0,0,0,2,3,1,0.482,328
2,0,0,0,0,5,3,2,0.899,295
10,6,0,0,0,5,7,1,1.233,327
5,3,1,0,0,5,6,2,0.801,296
3,0,0,0,0,4,3,2,0.759,295
3,4,0,0,0,3,5,2,0.694,296
5,0,0,0,0,4,4,2,0.808,296
6,5,0,0,0,4,4,1,0.952,327
5,5,0,0,0,5,4,2,1.090,296
22,8,0,0,0,6,8,1,1.715,327
2,2,0,0,0,3,4,2,0.622,295
18,7,0,0,0,7,7,2,1.758,296
11,4,0,0,0,4,5,1,1.049,327
13,5,0,0,0,5,6,1,1.272,327
4,2,0,0,0,3,4,2,0.667,296
5,4,0,0,0,4,5,1,0.903,327
13,0,0,0,0,18,5,3,3.281,262
12,6,0,0,0,8,7,2,1.761,296
3,1,0,0,0,2,3,1,0.457,328
6,3,0,0,0,3,5,1,0.742,327
2,2,0,0,0,3,3,1,0.621,328
3,2,0,0,0,2,3,1,0.481,328
2,1,0,0,0,3,4,2,0.573,296
2,1,0,0,0,2,3,1,0.432,328
8,0,0,0,0,7,4,2,1.370,295
3,2,0,0,0,2,3,1,0.482,328
17,7,0,0,0,10,8,2,2.226,295
7,4,0,0,0,6,6,2,1.278,295
12,4,0,0,0,5,7,1,1.233,327
2,0,0,0,0,1,2,1,0.245,329
1,1,0,0,0,3,3,2,0.525,295
9,5,0,0,0,6,7,2,1.348,295
2,3,0,0,0,2,3,1,0.482,328
20,6,0,0,0,5,6,1,1.473,327
3,1,0,0,0,3,5,2,0.622,296
6,4,0,0,0,3,5,2,0.766,295
4,1,0,0,0,3,5,2,0.644,295
6,0,0,0,0,6,5,2,1.162,295
2,4,0,0,0,3,4,1,0.669,327
2,3,0,0,0,4,4,2,0.808,295
20,10,0,0,0,9,7,2,2.218,296
9,4,0,0,0,4,5,1,0.999,327
2,2,0,0,0,3,3,1,0.621,327
4,0,0,0,0,3,3,2,0.621,296
3,0,0,0,0,5,4,3,0.921,264
5,4,0,0,0,2,4,1,0.578,328
6,2,0,0,0,7,5,3,1.369,264
9,4,0,0,0,6,6,2,1.326,295
4,2,0,0,0,3,4,1,0.667,327
3,3,0,0,0,2,4,1,0.505,328
0,1,0,0,0,1,2,1,0.220,329
22,9,0,0,0,8,7,2,2.076,296
2,3,0,0,0,3,5,2,0.644,296
2,4,0,0,0,3,4,1,0.668,327
1,2,0,0,0,4,3,1,0.760,328
2,1,0,0,0,1,3,1,0.268,328
8,0,0,0,0,7,4,3,1.367,263
2,2,0,0,0,3,3,2,0.621,296
4,2,0,0,0,3,4,1,0.670,328
1,1,0,0,0,1,2,1,0.245,328
3,3,0,0,0,3,5,2,0.669,296
16,6,0,0,0,6,7,1,1.528,327
3,2,0,0,0,3,5,2,0.644,296
2,3,0,0,0,3,5,2,0.644,296
3,3,0,0,0,4,5,1,0.832,327
5,4,0,0,0,3,5,1,0.743,327
9,0,0,0,0,6,5,2,1.231,296
11,5,0,0,0,5,5,1,1.232,327
4,3,0,0,0,2,4,1,0.529,328
5,3,0,0,0,5,4,2,1.043,296
15,0,0,0,0,12,6,3,2.357,263
3,1,0,0,0,2,3,1,0.458,328
2,2,0,0,0,2,3,1,0.456,328
5,0,0,0,0,4,4,2,0.807,296
9,0,0,0,0,6,4,2,1.232,295
3,2,0,0,0,3,4,1,0.643,327
2,2,0,0,0,3,4,1,0.620,328
22,7,0,0,0,8,7,2,2.035,296
10,0,0,0,0,19,5,3,3.349,262
10,0,0,0,0,5,4,2,1.093,295
5,5,0,0,0,4,4,1,0.928,327
2,1,0,0,0,2,4,2,0.433,296
7,2,0,0,0,6,4,2,1.231,295
21,0,0,0,0,42,6,4,7.343,230
6,5,0,0,0,6,5,2,1.275,295
2,2,0,0,0,3,3,2,0.621,296
3,2,0,0,0,2,3,1,0.482,328
5,3,0,0,0,3,4,1,0.719,327
5,0,0,0,0,4,4,2,0.808,296
4,1,0,0,0,3,5,2,0.644,295
6,5,0,0,0,4,4,1,0.951,327
4,3,0,0,0,2,4,1,0.529,328
5,3,0,0,0,3,4,1,0.717,327
2,2,0,0,0,3,3,2,0.621,296
2,1,0,0,0,2,3,1,0.432,328
2,2,0,0,0,4,5,1,0.783,327
3,0,0,0,0,4,3,2,0.759,296
1,1,0,0,0,1,2,1,0.245,329
11,0,0,0,0,4,4,2,0.952,295
6,0,0,0,0,9,4,2,1.647,295
6,4,0,0,0,5,4,2,1.090,296
5,2,0,0,0,4,5,2,0.858,296
3,2,0,0,0,3,5,2,0.643,296
2,2,0,0,0,3,4,2,0.621,296
5,5,0,0,0,4,5,2,0.928,296
2,1,0,0,0,1,3,1,0.268,328
4,4,0,0,0,3,4,1,0.717,327
3,2,0,0,0,2,4,1,0.481,328
2,1,0,0,0,1,3,1,0.268,328
2,0,0,0,0,1,2,1,0.245,328
4,1,0,0,0,4,4,2,0.809,296
32,19,0,0,0,17,9,2,3.999,294
2,2,0,0,0,2,3,1,0.457,328
11,0,0,0,0,20,5,3,3.539,262
5,4,0,0,0,4,5,1,0.905,327
17,8,0,0,0,8,7,2,1.897,296
2,1,0,0,0,2,3,1,0.433,328
3,0,0,0,0,3,3,2,0.597,296
2,0,0,0,0,3,3,2,0.572,295
25,15,0,0,0,14,8,2,3.244,295
1,1,0,0,0,2,3,2,0.408,296
7,0,0,0,0,5,5,2,1.019,296
2,3,0,0,0,3,4,1,0.644,328
1,2,0,0,0,3,3,1,0.597,328
15,5,0,0,0,5,6,1,1.332,327
15,5,0,0,0,5,8,1,1.334,327
5,5,0,0,0,5,4,2,1.092,296
9,7,0,0,0,7,6,2,1.554,296
3,3,0,0,0,3,4,1,0.669,327
27,16,0,0,0,11,10,2,2.828,294
2,1,0,0,0,1,3,1,0.269,328
1,1,0,0,0,1,3,1,0.245,328
2,0,0,0,0,3,3,1,0.500,327
6,5,0,0,0,4,4,1,0.954,327
2,2,0,0,0,1,3,1,0.293,328
4,1,0,0,0,2,3,1,0.482,327
1,2,0,0,0,1,3,1,0.268,328
16,5,0,0,0,13,12,5,2.643,199
3,1,0,0,0,2,4,1,0.457,328
11,0,0,0,0,6,5,2,1.275,295
5,0,0,0,0,2,4,2,0.481,296
3,0,0,0,0,2,3,2,0.433,296
42,29,0,0,0,28,8,2,6.236,294
2,2,0,0,0,1,3,1,0.293,328
27,13,0,0,0,13,7,2,3.088,296
2,1,0,0,0,3,4,2,0.596,296
2,3,0,0,0,2,3,1,0.482,328
11,7,0,0,0,12,7,2,2.407,295
3,0,0,0,0,4,4,2,0.760,295
1,2,0,0,0,2,3,1,0.433,328
6,0,0,0,0,9,4,3,1.649,263
6,3,0,0,0,2,4,1,0.577,327
3,2,0,0,0,2,4,1,0.482,328
3,3,0,0,0,3,5,1,0.668,327
34,18,0,0,0,17,12,3,4.017,262
3,2,0,0,0,2,4,1,0.481,328
14,7,0,0,0,4,5,1,1.189,327
13,4,0,0,0,8,6,2,1.751,296
3,3,0,0,0,2,4,1,0.504,327
9,4,0,0,0,6,6,2,1.329,296
13,7,0,0,0,9,7,2,1.962,295
2,0,0,0,0,2,3,2,0.408,296
22,9,0,0,0,7,7,1,1.908,326
28,14,0,0,0,11,7,2,2.807,296
2,1,0,0,0,1,3,1,0.268,328
3,2,0,0,0,3,5,2,0.643,296
3,2,0,0,0,2,3,1,0.481,328
6,0,0,0,0,5,4,3,0.999,263
24,0,0,0,0,39,6,4,6.915,230
9,6,0,0,0,5,6,1,1.210,327
7,4,0,0,0,4,4,1,0.952,327
4,3,0,0,0,4,4,1,0.857,327
6,0,0,0,0,9,4,3,1.648,263
2,2,0,0,0,3,3,1,0.621,327
20,5,0,0,0,7,8,1,1.758,327
5,5,0,0,0,5,4,2,1.089,296
2,2,0,0,0,3,3,2,0.621,296
21,21,0,0,0,21,6,3,4.422,263
17,7,0,0,0,5,8,1,1.411,327
3,3,0,0,0,3,5,2,0.670,296
9,4,0,0,0,6,5,1,1.328,327
4,0,0,0,0,3,3,2,0.621,295
36,0,0,0,0,15,8,3,3.345,262
2,2,0,0,0,2,4,1,0.457,328
22,11,0,0,0,11,8,2,2.616,295
5,5,0,0,0,5,4,2,1.088,296
2,1,0,0,0,2,4,2,0.433,296
22,11,0,0,0,6,8,1,1.795,326
22,9,0,0,0,7,7,1,1.908,327
2,2,0,0,0,3,5,2,0.621,296
8,4,0,0,0,5,6,2,1.139,296
5,2,0,0,0,4,4,1,0.858,327
1,0,0,0,0,4,3,2,0.710,295
8,0,0,0,0,8,5,3,1.530,264
14,5,0,0,0,6,6,2,1.466,296
6,4,0,0,0,5,4,2,1.092,296
17,10,0,0,0,3,6,1,1.156,327
4,3,0,0,0,4,4,1,0.859,327
2,2,0,0,0,3,5,1,0.621,328
12,10,0,0,0,12,7,2,2.504,295
16,5,0,0,0,6,7,2,1.504,296
8,5,0,0,0,6,7,2,1.328,295
19,6,0,0,0,7,7,1,1.758,327
16,6,0,0,0,5,6,1,1.363,327
18,7,0,0,0,9,7,2,2.085,296
7,4,0,0,0,3,6,1,0.788,327
5,2,0,0,0,1,4,1,0.365,328
9,0,0,0,0,7,5,2,1.394,295
6,0,0,0,0,9,5,3,1.646,262
15,0,0,0,0,16,5,3,2.984,262
29,8,0,0,0,7,9,1,2.043,327
2,3,0,0,0,2,4,1,0.481,328
3,2,0,0,0,2,5,2,0.481,296
3,4,0,0,0,3,5,1,0.694,327
3,2,0,0,0,3,5,2,0.644,296
6,1,0,0,0,4,4,2,0.858,296
7,6,0,0,0,6,5,2,1.324,295
3,0,0,0,0,4,3,2,0.758,296
5,4,0,0,0,4,4,1,0.904,327
3,3,0,0,0,3,4,1,0.669,328
10,5,0,0,0,5,5,1,1.209,327
21,6,0,0,0,5,7,1,1.483,327
2,1,0,0,0,2,3,2,0.433,296
2,0,0,0,0,3,3,2,0.572,296
2,2,0,0,0,2,3,1,0.457,328
2,2,0,0,0,3,3,2,0.621,296
2,2,0,0,0,3,3,2,0.621,296
2,0,0,0,0,1,2,1,0.245,329
5,4,0,0,0,4,4,2,0.904,296
2,2,0,0,0,3,4,2,0.621,297
18,6,0,0,0,5,6,1,1.412,327
6,5,0,0,0,4,4,1,0.954,327
7,3,0,0,0,3,5,1,0.765,327
3,2,0,0,0,3,4,2,0.644,296
4,2,0,0,0,3,4,1,0.669,327
5,0,0,0,0,4,4,2,0.807,296
16,6,0,0,0,5,7,2,1.366,296
3,0,0,0,0,4,3,2,0.760,295
1,2,0,0,0,1,3,1,0.268,328
3,2,0,0,0,2,3,1,0.482,328
11,0,0,0,0,20,5,3,3.539,262
4,4,0,0,0,4,5,2,0.881,296
14,5,0,0,0,6,7,1,1.478,327
2,1,0,0,0,2,3,1,0.432,328
8,0,0,0,0,7,4,3,1.368,263
2,3,0,0,0,2,4,1,0.482,328
13,7,0,0,0,6,8,2,1.492,295
6,3,0,0,0,6,5,2,1.231,296
6,5,0,0,0,4,4,1,0.952,327
12,7,0,0,0,5,6,2,1.301,296
3,0,0,0,0,4,3,2,0.759,296
6,5,0,0,0,4,5,1,0.952,327
2,1,0,0,0,1,3,1,0.268,328
2,0,0,0,0,5,3,2,0.899,295
13,4,0,0,0,8,7,2,1.748,295
2,2,0,0,0,2,4,1,0.457,328
18,9,0,0,0,8,7,2,1.986,296
8,5,0,0,0,4,6,2,1.001,296
5,4,0,0,0,4,4,1,0.904,327
22,7,0,0,0,7,7,2,1.858,296
28,8,0,0,0,8,8,2,2.198,296
3,0,0,0,0,4,4,1,0.760,327
3,2,0,0,0,3,5,2,0.643,296
6,0,0,0,0,5,4,2,0.997,295
5,1,0,0,0,5,4,1,0.998,327
4,3,0,0,0,3,5,2,0.694,296
2,2,0,0,0,3,4,2,0.622,296
3,1,0,0,0,3,3,2,0.621,296
2,2,0,0,0,3,3,2,0.622,296
2,2,0,0,0,2,3,1,0.457,328
13,6,0,0,0,8,6,2,1.792,296
1,2,0,0,0,2,3,1,0.432,328
4,1,0,0,0,2,3,1,0.481,328
8,0,0,0,0,7,4,2,1.368,295
3,2,0,0,0,2,4,1,0.482,328
2,3,0,0,0,5,7,3,0.973,263
13,9,0,0,0,9,5,2,2.012,296
20,7,0,0,0,6,7,2,1.653,296
6,4,0,0,0,5,4,2,1.091,295
4,3,0,0,0,3,5,2,0.667,296
9,6,0,0,0,4,5,1,1.049,327
5,1,0,0,0,3,4,2,0.668,296
18,4,0,0,0,11,7,1,2.338,327
16,6,0,0,0,6,6,2,1.526,296
18,8,0,0,0,8,8,2,1.946,295
4,0,0,0,0,3,3,2,0.621,295
39,14,0,0,0,12,8,2,3.220,295
45,24,0,0,0,20,10,2,4.931,295
10,5,0,0,0,7,6,2,1.538,296
4,0,0,0,0,3,3,2,0.620,296
2,2,0,0,0,2,4,1,0.457,327
21,8,0,0,0,10,9,2,2.356,295
4,0,0,0,0,3,4,2,0.621,295
2,2,0,0,0,2,3,1,0.456,328
21,9,0,0,0,9,8,2,2.217,296
31,9,0,0,0,8,8,2,2.283,296
21,6,0,0,0,9,8,2,2.129,296
19,9,0,0,0,9,8,2,2.158,296
3,3,0,0,0,3,5,2,0.668,296
2,1,0,0,0,1,4,1,0.268,328
3,2,0,0,0,2,3,1,0.482,328
2,1,0,0,0,2,3,1,0.432,328
13,8,0,0,0,10,6,2,2.150,295
10,4,0,0,0,6,6,2,1.351,296
2,1,0,0,0,3,4,1,0.596,328
15,9,0,0,0,11,6,2,2.384,295
2,1,0,0,0,2,3,1,0.432,328
3,4,0,0,0,3,4,2,0.694,296
7,4,0,0,0,3,5,1,0.788,327
2,0,0,0,0,2,3,1,0.408,328
2,1,0,0,0,2,4,1,0.433,328
5,0,0,0,0,4,4,2,0.808,296
2,2,0,0,0,2,4,1,0.458,328
1,1,0,0,0,1,2,1,0.245,328
12,7,0,0,0,6,5,1,1.468,327
3,1,0,0,0,4,4,2,0.782,296
3,2,0,0,0,2,3,1,0.481,328
24,10,0,0,0,8,9,2,2.137,296
5,3,0,0,0,5,6,2,1.042,295
1,2,0,0,0,2,3,1,0.434,328
11,5,0,0,0,9,7,2,1.885,296
41,10,0,0,0,10,10,2,2.887,296
2,2,0,0,0,3,3,2,0.621,296
2,2,0,0,0,2,3,2,0.456,296
2,3,0,0,0,2,3,1,0.482,328
2,3,0,0,0,2,4,1,0.482,327
6,5,0,0,0,4,4,1,0.953,327
3,2,0,0,0,2,4,1,0.482,328
4,3,0,0,0,4,4,1,0.857,327
4,3,0,0,0,4,4,1,0.856,327
1,0,0,0,0,2,2,1,0.385,328
11,5,0,0,0,9,5,2,1.891,294
2,2,0,0,0,1,3,1,0.293,328
2,2,0,0,0,2,3,1,0.457,328
18,6,0,0,0,6,7,1,1.572,327
3,2,0,0,0,2,4,1,0.482,328
7,4,0,0,0,4,5,1,0.951,327
2,2,0,0,0,3,3,2,0.621,296
2,2,0,0,0,2,3,1,0.457,328
35,9,0,0,0,10,10,2,2.696,295
3,2,0,0,0,3,4,1,0.645,327
5,0,0,0,0,3,4,2,0.643,296
12,9,0,0,0,10,7,2,2.156,295
4,0,0,0,0,3,3,2,0.620,295
3,3,0,0,0,3,5,1,0.668,327
2,1,0,0,0,1,3,1,0.268,328
10,4,0,0,0,6,6,2,1.350,296
4,3,0,0,0,4,4,1,0.859,327
13,5,0,0,0,5,7,1,1.270,327
8,4,0,0,0,3,4,1,0.815,328
12,8,0,0,0,9,6,2,1.964,295
7,4,0,0,0,4,4,1,0.951,327
5,4,0,0,0,4,4,1,0.903,327
22,8,0,0,0,8,7,1,2.045,326
1,1,0,0,0,3,3,2,0.571,296
3,2,0,0,0,3,4,1,0.643,327
8,5,0,0,0,4,5,1,0.999,327
14,0,0,0,0,9,5,3,1.830,264
14,9,0,0,0,8,5,1,1.873,326
11,0,0,0,0,20,5,3,3.540,262
7,0,0,0,0,6,4,2,1.179,295
14,8,0,0,0,9,5,2,2.016,295
2,2,0,0,0,2,4,1,0.457,328
20,7,0,0,0,8,7,2,1.986,296
11,0,0,0,0,8,5,2,1.604,295
3,2,0,0,0,3,4,2,0.643,296
2,2,0,0,0,2,4,2,0.457,296
6,0,0,0,0,9,4,3,1.647,264
6,5,0,0,0,4,4,1,0.953,327
14,9,0,0,0,8,5,1,1.871,327
4,2,0,0,0,3,4,2,0.668,296
12,9,0,0,0,12,6,3,2.480,264
2,1,0,0,0,4,3,1,0.666,327
15,7,0,0,0,6,6,1,1.533,327
1,2,0,0,0,1,3,1,0.268,328
3,2,0,0,0,2,3,1,0.481,328
2,2,0,0,0,1,3,1,0.293,328
9,0,0,0,0,6,4,2,1.232,295
18,7,0,0,0,7,7,1,1.757,327
5,3,0,0,0,5,5,2,1.042,296
3,2,0,0,0,4,5,2,0.807,296
2,2,0,0,0,1,3,1,0.293,328
4,1,0,0,0,2,3,1,0.481,328
11,4,0,0,0,6,6,2,1.372,296
3,2,0,0,0,3,5,1,0.644,328
11,0,0,0,0,20,5,3,3.535,262
2,0,0,0,0,3,3,1,0.500,327
23,0,0,0,0,40,6,5,7.047,198
3,1,0,0,0,3,4,1,0.622,328
4,3,0,0,0,4,4,1,0.859,328
1,0,0,0,0,2,2,1,0.385,328
21,8,0,0,0,6,9,2,1.703,296
3,2,0,0,0,2,3,1,0.481,328
1,1,0,0,0,2,3,1,0.408,328
3,3,0,0,0,3,4,2,0.669,296
5,0,0,0,0,3,4,2,0.643,296
4,0,0,0,0,3,4,2,0.621,296
1,2,0,0,0,3,3,1,0.597,328
21,21,0,0,0,21,6,3,4.411,263
10,6,0,0,0,4,7,2,1.071,296
1,1,0,0,0,2,3,1,0.385,328
1,1,0,0,0,1,3,1,0.245,328
5,4,0,0,0,4,4,1,0.904,327
8,6,0,0,0,6,5,2,1.349,296
20,14,0,0,0,17,7,2,3.496,295
2,2,0,0,0,2,5,2,0.457,296
3,0,0,0,0,4,4,2,0.760,295
1,1,0,0,0,2,3,1,0.407,328
5,5,0,0,0,5,10,3,1.090,263
26,15,0,0,0,14,6,2,3.291,295
3,2,0,0,0,2,3,1,0.481,328
3,0,0,0,0,4,3,1,0.761,327
4,4,0,0,0,5,6,2,1.041,295
6,4,0,0,0,5,4,2,1.092,296
5,2,0,0,0,6,4,2,1.180,295
19,7,0,0,0,6,6,2,1.623,296
20,6,0,0,0,6,7,1,1.622,327
2,1,0,0,0,4,3,1,0.760,328
17,8,0,0,0,8,7,2,1.920,296
4,3,0,0,0,3,4,2,0.694,296
5,4,0,0,0,2,4,1,0.578,327
3,0,0,0,0,4,3,2,0.760,296
5,0,0,0,0,2,3,1,0.482,327
2,2,0,0,0,2,4,2,0.457,296
4,3,0,0,0,4,4,1,0.856,327
10,5,0,0,0,8,6,2,1.693,296
2,2,0,0,0,2,3,1,0.457,328
5,0,0,0,0,3,4,2,0.643,296
1,1,0,0,0,2,3,2,0.408,296
6,4,0,0,0,5,4,2,1.091,296
0,1,0,0,0,1,2,1,0.196,327
13,5,0,0,0,5,6,1,1.277,327
13,9,0,0,0,9,5,2,2.034,296
2,1,0,0,0,3,3,1,0.596,328
2,2,0,0,0,3,4,2,0.621,296
10,6,0,0,0,6,5,1,1.387,327
9,0,0,0,0,6,4,2,1.228,295
2,2,0,0,0,1,3,1,0.293,328
1,1,0,0,0,1,2,1,0.245,329
2,2,0,0,0,3,4,1,0.622,328
9,5,0,0,0,8,5,2,1.666,296
4,3,0,0,0,3,6,1,0.694,327
1,1,0,0,0,1,3,1,0.245,329
2,2,0,0,0,3,3,1,0.621,327
19,8,0,0,0,6,8,2,1.642,296
9,7,0,0,0,6,7,2,1.388,296
2,2,0,0,0,3,3,1,0.620,328
14,9,0,0,0,8,5,1,1.893,327
2,2,0,0,0,2,3,1,0.457,328
3,1,0,0,0,1,3,1,0.294,328
4,3,0,0,0,2,4,1,0.530,328
7,8,0,0,0,6,7,2,1.374,295
2,1,0,0,0,2,3,1,0.432,328
12,4,0,0,0,4,6,2,1.069,296
2,0,0,0,0,1,2,1,0.245,328
10,4,0,0,0,7,6,2,1.510,296
9,2,0,0,0,4,6,1,0.952,328
14,9,0,0,0,9,8,2,2.032,295
16,0,0,0,0,5,6,2,1.234,295
2,2,0,0,0,2,4,1,0.457,328
3,0,0,0,0,4,3,2,0.760,296
10,0,0,0,0,21,5,4,3.680,230
4,3,0,0,0,4,4,1,0.858,327
11,4,0,0,0,2,5,1,0.722,327
25,11,0,0,0,7,7,2,2.025,296
6,4,0,0,0,5,5,2,1.092,295
4,3,0,0,0,4,4,2,0.857,296
3,2,0,0,0,2,4,1,0.482,328
25,9,0,0,0,24,9,3,4.724,264
29,16,0,0,0,11,8,2,2.886,295
4,3,0,0,0,3,5,2,0.694,296
4,0,0,0,0,4,4,2,0.783,296
7,0,0,0,0,8,4,3,1.506,264
2,1,0,0,0,2,3,2,0.433,296
8,4,0,0,0,3,4,1,0.814,327
14,6,0,0,0,4,7,1,1.162,327
1,1,0,0,0,2,3,1,0.408,328
3,2,0,0,0,3,4,2,0.644,296
5,3,0,0,0,3,4,1,0.719,327
6,0,0,0,0,3,4,2,0.669,296
14,8,1,0,0,10,8,3,1.879,277
3,2,0,0,0,4,5,2,0.807,296
8,0,0,0,0,7,4,2,1.369,295
6,5,0,0,0,4,4,1,0.952,327
11,5,0,0,0,5,5,2,1.235,296
4,0,0,0,0,2,4,2,0.457,296
2,1,0,0,0,2,3,1,0.432,328
14,7,0,0,0,7,7,1,1.667,327
3,2,0,0,0,2,3,1,0.481,327
3,2,0,0,0,2,3,1,0.482,328
4,0,0,0,0,3,3,2,0.621,296
3,3,0,0,0,3,5,2,0.670,296
9,4,0,0,0,4,6,1,0.999,327
5,6,0,0,0,6,5,2,1.278,296
5,0,0,0,0,2,3,1,0.482,327
32,17,0,0,0,16,7,2,3.781,295
3,2,0,0,0,4,4,1,0.809,327
8,0,0,0,0,7,4,2,1.367,295
2,2,0,0,0,2,4,1,0.457,328
2,1,0,0,0,2,3,1,0.433,327
9,5,0,0,0,8,5,2,1.667,296
2,3,0,0,0,2,3,1,0.481,328
11,0,0,0,0,20,5,4,3.558,230
15,0,0,0,0,16,5,3,2.987,262
8,3,0,0,0,5,5,2,1.117,296
1,2,0,0,0,4,3,1,0.760,327
4,0,0,0,0,3,3,1,0.621,327
2,2,0,0,0,1,4,1,0.293,328
8,0,0,0,0,7,4,3,1.368,263
12,0,0,0,0,5,5,2,1.137,295
14,0,0,0,0,7,5,2,1.514,295
9,4,0,0,0,4,6,1,1.002,327
16,9,0,0,0,11,6,2,2.406,296
2,1,0,0,0,4,3,1,0.761,327
6,5,0,0,0,4,5,2,0.953,296
10,0,0,0,0,5,4,2,1.091,296
2,0,0,0,0,1,2,1,0.245,328
3,0,0,0,0,2,3,2,0.432,296
3,4,0,0,0,4,6,2,0.858,296
6,4,0,0,0,5,4,2,1.090,296
3,1,0,0,0,1,3,1,0.293,328
21,7,0,0,0,7,6,2,1.849,296
4,5,0,0,0,4,6,2,0.903,296
6,5,0,0,0,4,5,2,0.953,296
10,5,0,0,0,6,7,2,1.372,296
30,18,0,0,0,15,9,3,3.600,264
2,2,0,0,0,1,3,1,0.293,328
6,7,0,0,0,6,5,2,1.327,296
4,2,0,0,0,3,4,2,0.668,296
3,1,0,0,0,2,3,1,0.457,328
2,1,0,0,0,4,4,1,0.665,327
5,4,0,0,0,4,6,1,0.902,327
2,2,0,0,0,2,3,1,0.456,328
3,0,0,0,0,3,4,2,0.597,295
4,3,0,0,0,3,6,2,0.693,296
5,6,0,0,0,4,5,2,0.952,296
4,0,0,0,0,3,3,2,0.621,296
67,24,0,0,0,24,8,2,6.049,294
19,7,0,0,0,4,8,1,1.297,327
2,0,0,0,0,1,2,1,0.245,328
4,0,0,0,0,4,4,2,0.781,296
7,4,0,0,0,5,5,1,1.115,327
27,16,0,0,0,14,7,2,3.315,296
2,1,0,0,0,2,3,1,0.432,328
13,0,0,0,0,18,5,3,3.263,262
15,8,0,0,0,4,7,1,1.227,327
1,0,0,0,0,2,2,1,0.385,328
2,2,0,0,0,2,3,1,0.457,328
11,6,0,0,0,6,5,2,1.417,296
2,2,0,0,0,2,3,2,0.457,296
5,0,0,0,0,2,3,1,0.482,328
7,4,0,0,0,4,4,2,0.951,296
6,3,0,0,0,6,5,2,1.231,296
3,3,0,0,0,2,4,1,0.505,328
34,0,0,0,0,29,6,4,5.530,230
15,5,0,0,0,5,7,1,1.333,327
14,0,0,0,0,15,6,3,2.795,263
2,1,0,0,0,2,3,1,0.431,328
6,0,0,0,0,9,5,2,1.643,295
6,4,0,0,0,5,4,2,1.092,296
6,5,0,0,0,4,4,1,0.952,327
3,3,0,0,0,3,4,1,0.668,328
13,5,0,0,0,5,6,1,1.285,327
3,2,0,0,0,2,4,1,0.482,327
5,4,0,0,0,4,5,2,0.903,296
11,7,0,0,0,9,7,2,1.933,295
30,10,0,0,0,11,8,2,2.791,296
25,11,0,0,0,10,8,2,2.500,295
5,2,0,0,0,2,4,1,0.529,327
1,1,0,0,0,2,3,1,0.408,328
2,2,0,0,0,3,4,2,0.621,296
6,5,0,0,0,4,4,1,0.953,327
8,7,0,0,0,8,5,2,1.687,295
6,3,0,0,0,2,4,1,0.576,327
2,3,0,0,0,2,3,1,0.482,328
3,3,0,0,0,5,4,2,0.995,295
7,0,0,0,0,8,4,3,1.507,263
3,2,0,0,0,3,5,2,0.644,296
5,4,0,0,0,6,12,5,1.230,198
2,2,0,0,0,3,3,1,0.621,327
2,1,0,0,0,1,3,1,0.268,328
3,2,0,0,0,4,5,2,0.807,296
16,6,0,0,0,9,6,2,2.032,296
22,7,0,0,0,7,7,2,1.855,296
2,2,0,0,0,1,4,1,0.293,328
13,5,0,0,0,8,7,2,1.770,295
6,0,0,0,0,9,4,2,1.649,295
6,5,0,0,0,4,4,1,0.952,327
1,1,0,0,0,2,3,1,0.408,328
2,1,0,0,0,4,3,1,0.759,327
6,4,0,0,0,5,5,2,1.093,296
4,3,0,0,0,3,4,1,0.693,327
12,7,0,0,0,4,5,1,1.138,327
9,8,0,0,0,7,6,2,1.585,296
3,3,0,0,0,3,5,2,0.669,296
17,4,0,0,0,6,7,1,1.504,327
2,2,0,0,0,2,4,2,0.456,296
6,5,0,0,0,4,4,1,0.952,327
5,3,0,0,0,2,4,1,0.554,327
3,2,0,0,0,2,3,1,0.481,327
1,0,0,0,0,2,2,1,0.384,328
5,0,0,0,0,4,4,1,0.807,327
3,3,0,0,0,2,4,1,0.504,327
3,3,0,0,0,4,7,2,0.832,296
4,0,0,0,0,3,3,2,0.620,296
3,2,0,0,0,2,4,1,0.481,327
9,2,0,0,0,6,6,2,1.279,295
2,2,0,0,0,1,3,1,0.293,328
3,3,0,0,0,3,5,2,0.668,296
1,1,0,0,0,1,3,1,0.245,328
39,26,0,0,0,16,10,3,4.159,263
4,2,0,0,0,3,4,2,0.667,296
1,0,0,0,0,4,3,2,0.711,295
2,2,0,0,0,3,3,2,0.620,295
3,3,0,0,0,3,4,1,0.667,327
1,1,0,0,0,1,2,1,0.220,328
19,0,0,0,0,12,5,3,2.427,263
2,1,0,0,0,2,3,2,0.433,296
2,2,0,0,0,2,3,1,0.433,328
3,0,0,0,0,4,3,3,0.760,264
2,2,0,0,0,1,3,1,0.293,328
2,2,0,0,0,2,4,1,0.457,328
5,0,0,0,0,10,4,3,1.785,262
3,3,0,0,0,2,4,1,0.504,327
17,8,0,0,0,10,6,2,2.267,296
7,4,0,0,0,6,6,2,1.279,296
12,8,0,0,0,10,7,2,2.130,295
5,3,0,0,0,4,5,2,0.879,296
1,1,0,0,0,2,3,2,0.407,296
3,2,0,0,0,3,4,2,0.643,296
15,6,0,0,0,5,7,1,1.342,327
21,7,0,0,0,7,7,2,1.843,296
16,5,0,0,0,7,7,2,1.666,296
2,2,0,0,0,2,3,1,0.457,328
10,5,0,0,0,4,5,2,1.049,296
12,0,0,0,0,7,5,2,1.467,295
2,0,0,0,0,3,3,2,0.573,296
3,1,0,0,0,3,4,3,0.622,264
31,14,0,0,0,14,8,2,3.396,295
5,0,0,0,0,5,4,3,0.971,264
4,4,0,0,0,8,13,6,1.533,166
13,7,0,0,0,7,6,1,1.650,327
5,4,0,0,0,6,11,4,1.229,231
3,2,0,0,0,4,5,2,0.807,296
26,9,0,0,0,10,7,2,2.474,296
6,5,0,0,0,4,4,1,0.951,327
2,1,0,0,0,3,4,1,0.597,328
9,5,0,0,0,5,7,2,1.186,296
3,4,0,0,0,3,4,2,0.694,296
23,11,0,0,0,9,7,2,2.300,296
12,10,0,0,0,9,5,2,2.014,296
16,6,0,0,0,5,7,1,1.366,327
2,2,0,0,0,3,5,2,0.621,296
5,5,0,0,0,3,4,1,0.765,327
28,14,0,0,0,13,7,2,3.135,295
9,5,0,0,0,6,6,2,1.348,296
3,2,0,0,0,3,5,2,0.642,296
3,2,0,0,0,2,3,1,0.481,328
4,3,0,0,0,5,7,3,1.020,264
15,8,0,0,0,6,7,1,1.550,327
5,0,0,0,0,5,4,2,0.972,295
15,10,0,0,0,8,6,1,1.918,327
18,8,0,0,0,7,7,1,1.781,327
9,5,0,0,0,6,5,2,1.346,296
5,0,0,0,0,6,4,2,1.138,295
2,0,0,0,0,2,3,1,0.408,328
4,2,0,0,0,4,5,2,0.832,296
11,5,0,0,0,4,6,1,1.069,327
16,7,0,0,0,5,6,1,1.387,327
4,0,0,0,0,5,4,3,0.945,264
9,6,0,0,0,4,5,1,1.048,327
4,3,0,0,0,7,11,5,1.344,198
5,5,0,0,0,5,10,3,1.092,264
1,3,0,0,0,2,3,1,0.458,328
5,4,0,0,0,4,6,2,0.902,295
19,7,0,0,0,7,7,2,1.796,296
17,6,0,0,0,8,7,2,1.889,296
29,12,0,0,0,12,7,2,2.955,296
2,1,0,0,0,4,4,1,0.760,327
6,5,0,0,0,4,4,1,0.952,327
2,1,0,0,0,3,3,2,0.596,295
2,2,0,0,0,2,4,1,0.457,328
5,4,0,0,0,4,4,1,0.903,327
1,2,0,0,0,2,3,1,0.432,328
13,0,0,0,0,18,5,4,3.264,231
15,6,0,0,0,5,7,1,1.350,327
16,7,0,0,0,6,7,2,1.550,296
6,0,0,0,0,9,4,3,1.647,264
13,0,0,0,0,18,5,4,3.266,231
3,4,0,0,0,4,4,1,0.858,328
7,1,0,0,0,7,12,6,1.367,166
1,2,0,0,0,4,3,1,0.760,327
6,0,0,0,0,3,4,2,0.668,296
2,1,0,0,0,2,4,2,0.433,296
5,2,0,0,0,4,5,2,0.857,295
6,5,0,0,0,4,4,1,0.952,327
4,3,0,0,0,4,4,1,0.858,328
24,14,0,0,0,12,7,2,2.870,295
3,0,0,0,0,4,3,2,0.759,296
6,0,0,0,0,5,4,2,0.997,295
5,4,0,0,0,4,6,2,0.904,296
5,2,0,0,0,3,6,2,0.695,296
5,3,0,0,0,3,4,1,0.720,328
15,5,0,0,0,5,6,1,1.335,327
3,0,0,0,0,4,3,2,0.759,295
2,3,0,0,0,3,4,2,0.644,296
6,5,0,0,0,4,4,1,0.953,327
16,9,0,0,0,8,6,2,1.923,296
7,5,0,0,0,7,5,2,1.463,295
2,1,0,0,0,2,3,1,0.432,328
2,3,0,0,0,2,4,1,0.481,328
2,1,0,0,0,3,3,1,0.597,327
1,2,0,0,0,2,3,1,0.432,328
5,4,0,0,0,2,4,1,0.578,328
5,5,0,0,0,5,4,2,1.090,296
4,3,0,0,0,3,5,1,0.693,327
9,8,0,0,0,10,5,2,2.067,294
29,13,0,0,0,11,7,1,2.817,326
10,5,0,0,0,4,5,1,1.049,327
11,6,0,0,0,5,7,2,1.247,296
5,0,0,0,0,4,4,2,0.808,296
2,1,0,0,0,1,3,1,0.268,328
2,1,0,0,0,3,4,1,0.596,328
25,15,0,0,0,15,7,2,3.421,295
4,2,0,0,0,4,5,2,0.833,296
3,3,0,0,0,4,5,2,0.833,296
3,4,0,0,0,4,5,2,0.859,295
5,2,0,0,0,3,4,2,0.695,296
2,2,0,0,0,2,5,2,0.456,296
4,0,0,0,0,3,3,2,0.621,296
5,4,0,0,0,3,4,1,0.742,327
2,2,0,0,0,3,3,2,0.620,296
2,1,0,0,0,1,3,1,0.268,328
14,5,0,0,0,4,6,1,1.134,327
2,2,0,0,0,3,3,2,0.621,296
2,3,0,0,0,2,4,2,0.482,296
31,10,0,0,0,7,9,2,2.144,296
13,6,0,0,0,5,6,1,1.304,327
9,0,0,0,0,6,4,2,1.232,295
5,5,0,0,0,3,5,2,0.767,296
16,7,0,0,0,8,7,2,1.891,296
2,1,0,0,0,2,3,1,0.433,328
20,8,0,0,0,7,8,2,1.841,296
1,1,0,0,0,1,3,1,0.245,328
19,10,0,0,0,10,8,2,2.355,295
3,1,0,0,0,3,4,2,0.621,296
13,8,0,0,0,8,7,2,1.827,295
5,0,0,0,0,6,4,2,1.136,295
3,2,0,0,0,2,3,1,0.481,328
12,11,0,0,0,12,7,2,2.524,295
2,1,0,0,0,4,3,1,0.760,328
11,0,0,0,0,20,5,4,3.560,231
6,4,0,0,0,5,4,2,1.091,295
2,0,0,0,0,2,3,1,0.408,328
6,5,0,0,0,4,5,1,0.951,327
13,9,0,0,0,11,6,2,2.338,295
10,0,0,0,0,21,5,3,3.684,262
5,0,0,0,0,4,4,2,0.807,296
1,1,0,0,0,3,3,1,0.500,327
6,7,0,0,0,6,6,2,1.329,295
13,5,0,0,0,7,7,1,1.614,327
5,2,0,0,0,4,4,2,0.858,295
4,4,0,0,0,5,11,3,1.041,263
4,0,0,0,0,1,3,1,0.292,328
3,1,0,0,0,1,3,1,0.293,328
3,3,0,0,0,4,6,2,0.832,295
3,3,0,0,0,3,4,1,0.668,327
4,3,0,0,0,4,5,2,0.857,296
2,2,0,0,0,3,5,2,0.620,296
4,2,0,0,0,4,5,2,0.839,296
6,5,0,0,0,5,7,2,1.114,295
11,4,0,0,0,4,9,2,1.045,296
3,0,0,0,0,4,3,2,0.761,296
5,3,0,0,0,3,4,1,0.719,327
7,8,0,0,0,8,17,5,1.698,198
2,2,0,0,0,3,3,2,0.621,295
27,14,0,0,0,14,7,2,3.288,295
39,11,0,0,0,11,8,2,3.030,296
2,3,0,0,0,2,3,1,0.482,328
3,3,0,0,0,3,5,2,0.667,296
3,2,0,0,0,2,4,1,0.481,327
7,0,0,0,0,4,4,2,0.858,296
2,3,0,0,0,4,4,2,0.808,296
2,2,0,0,0,2,3,1,0.457,328
5,0,0,0,0,4,4,2,0.807,296
2,3,0,0,0,2,3,1,0.482,328
2,1,0,0,0,1,3,1,0.268,328
5,6,0,0,0,5,6,2,1.117,295
9,4,0,0,0,6,5,1,1.328,327
4,0,0,0,0,3,3,2,0.621,296
27,0,0,0,0,36,6,5,6.500,198
25,14,0,0,0,8,6,1,2.257,326
4,0,0,0,0,3,4,1,0.621,327
5,2,0,0,0,2,4,1,0.529,328
2,2,0,0,0,2,4,1,0.456,328
3,2,0,0,0,2,3,1,0.482,328
3,0,0,0,0,4,4,3,0.759,264
2,2,0,0,0,2,3,1,0.457,328
12,0,0,0,0,19,5,3,3.427,262
1,0,0,0,0,2,2,1,0.336,327
4,4,0,0,0,3,5,2,0.719,296
3,3,0,0,0,3,5,2,0.669,296
2,1,0,0,0,2,3,1,0.432,328
9,6,0,0,0,6,6,2,1.374,296
27,14,0,0,0,15,10,3,3.442,263
2,2,0,0,0,3,4,2,0.621,296
2,2,0,0,0,2,3,1,0.456,328
27,15,0,0,0,15,7,2,3.454,295
13,7,0,0,0,7,5,1,1.646,327
5,3,0,0,0,3,6,2,0.718,296
11,7,0,0,0,9,7,2,1.929,295
6,3,0,0,0,6,5,1,1.230,327
5,4,0,0,0,2,4,1,0.577,327
23,9,0,0,0,12,9,2,2.740,295
5,5,0,0,0,5,4,2,1.090,296
6,0,0,0,0,9,4,3,1.649,264
3,1,0,0,0,2,4,1,0.457,328
11,0,0,0,0,8,7,3,1.602,264
25,14,0,0,0,12,8,2,2.925,295
6,5,0,0,0,6,13,4,1.278,231
4,2,0,0,0,3,5,2,0.668,296
10,9,0,0,0,12,5,2,2.446,295
10,5,0,0,0,4,5,1,1.048,327
4,0,0,0,0,3,3,2,0.619,295
10,5,0,0,0,7,5,2,1.529,296
2,1,0,0,0,2,3,1,0.409,327
7,0,0,0,0,7,5,2,1.345,295
6,4,0,0,0,5,4,2,1.089,295
11,6,0,0,0,6,6,2,1.418,295
12,6,0,0,0,6,6,1,1.435,327
2,3,0,0,0,2,4,1,0.482,328
2,0,0,0,0,2,3,2,0.408,296
10,6,0,0,0,2,6,1,0.743,327
2,0,0,0,0,2,3,2,0.408,296
13,5,0,0,0,8,7,2,1.776,296
8,5,0,0,0,6,6,2,1.328,296
3,2,0,0,0,6,4,1,1.136,327
5,5,0,0,0,6,11,4,1.254,231
17,8,0,0,0,6,7,2,1.613,296
4,1,0,0,0,3,4,2,0.644,296
10,7,0,0,0,9,6,2,1.907,296
3,2,0,0,0,4,4,1,0.808,327
1,1,0,0,0,3,3,1,0.573,328
11,7,0,0,0,6,6,2,1.442,296
2,2,0,0,0,2,3,1,0.456,328
7,3,0,0,0,3,5,1,0.765,327
9,6,0,0,0,6,6,1,1.372,327
2,1,0,0,0,2,3,1,0.432,328
3,0,0,0,0,5,4,2,0.922,295
6,3,0,0,0,4,5,1,0.902,328
2,1,0,0,0,4,3,1,0.760,328
6,0,0,0,0,3,5,2,0.669,296
4,0,0,0,0,3,4,2,0.621,296
7,4,0,0,0,4,5,1,0.951,327
4,3,0,0,0,4,4,1,0.858,327
20,8,0,0,0,7,7,2,1.846,296
6,0,0,0,0,5,4,2,0.998,295
3,3,0,0,0,4,8,3,0.833,263
2,3,0,0,0,3,4,1,0.644,327
4,2,0,0,0,3,4,2,0.669,296
2,3,0,0,0,2,4,1,0.481,328
10,6,0,0,0,7,6,2,1.555,296
4,4,0,0,0,3,4,1,0.718,327
10,0,0,0,0,5,4,2,1.092,296
4,0,0,0,0,4,4,2,0.782,296
30,15,0,0,0,14,7,2,3.391,295
9,4,0,0,0,3,5,1,0.838,327
9,0,0,0,0,6,5,3,1.231,263
17,7,0,0,0,3,7,1,1.085,327
8,6,0,0,0,5,5,1,1.179,327
10,0,0,0,0,9,5,2,1.742,295
4,3,0,0,0,4,5,2,0.858,296
6,4,0,0,0,1,4,1,0.438,327
2,2,0,0,0,2,3,1,0.457,328
13,5,0,0,0,5,7,1,1.270,327
3,2,0,0,0,2,3,1,0.480,327
10,5,0,0,0,4,5,1,1.047,327
1,1,0,0,0,1,3,1,0.245,329
5,4,0,0,0,4,4,1,0.903,327
2,2,0,0,0,2,3,2,0.457,296
1,1,0,0,0,2,3,1,0.407,328
2,2,0,0,0,3,4,2,0.621,296
2,1,0,0,0,2,4,2,0.432,296
7,0,0,0,0,4,4,2,0.858,295
26,11,0,0,0,11,7,2,2.702,296
2,1,0,0,0,2,3,1,0.433,328
6,3,0,0,0,4,4,2,0.904,296
2,1,0,0,0,2,3,2,0.432,296
3,0,0,0,0,4,3,2,0.759,295
5,4,0,0,0,2,4,1,0.579,328
0,1,0,0,0,2,2,1,0.385,328
2,2,0,0,0,2,3,1,0.457,328
11,6,0,0,0,4,5,1,1.092,327
8,4,0,0,0,3,5,1,0.813,327
7,5,0,0,0,7,13,5,1.464,198
9,4,0,0,0,4,6,1,0.999,327
7,7,0,0,0,11,13,5,2.172,198
6,0,0,0,0,5,4,2,0.998,296
2,2,0,0,0,2,3,1,0.457,328
3,0,0,0,0,3,3,2,0.596,295
2,1,0,0,0,4,3,1,0.759,327
14,5,0,0,0,6,6,1,1.472,327
8,6,0,0,0,5,5,1,1.186,327
2,3,0,0,0,2,4,1,0.482,328
2,1,0,0,0,4,3,2,0.760,295
2,1,0,0,0,2,3,1,0.432,328
4,4,0,0,0,4,8,3,0.881,263
6,2,0,0,0,5,4,2,1.043,296
2,2,0,0,0,2,4,1,0.457,328
2,2,0,0,0,2,3,1,0.457,328
5,4,0,0,0,2,4,1,0.577,328
3,2,0,0,0,2,3,1,0.481,327
2,2,0,0,0,3,3,2,0.620,296
3,0,0,0,0,6,4,2,1.085,295
13,0,0,0,0,18,5,3,3.266,262
3,2,0,0,0,3,5,2,0.644,296
1,2,0,0,0,1,3,1,0.268,328
1,2,0,0,0,1,3,1,0.268,329
15,6,0,0,0,6,6,1,1.503,327
6,4,0,0,0,5,4,2,1.090,296
2,1,0,0,0,2,3,1,0.432,328
10,5,0,0,0,5,6,2,1.208,296
6,5,0,0,0,4,4,1,0.951,327
7,0,0,0,0,9,5,3,1.671,263
7,4,0,0,0,4,7,2,0.951,295
3,0,0,0,0,4,3,2,0.759,296
2,3,0,0,0,4,4,1,0.809,327
6,6,0,0,0,6,7,2,1.301,295
2,2,0,0,0,3,4,1,0.623,327
16,6,0,0,0,7,7,1,1.689,327
6,7,0,0,0,6,12,4,1.326,231
9,4,0,0,0,6,5,2,1.320,295
5,4,0,0,0,4,4,1,0.904,327
4,5,0,0,0,2,4,1,0.577,327
3,1,0,0,0,2,3,1,0.457,328
4,3,0,0,0,3,4,1,0.694,328
9,7,0,0,0,7,5,2,1.557,296
2,1,0,0,0,1,3,1,0.268,328
2,1,0,0,0,2,3,2,0.432,296
1,1,0,0,0,1,3,1,0.245,328
3,2,0,0,0,3,5,2,0.644,296
23,8,0,0,0,8,7,1,2.074,327
5,4,0,0,0,2,4,1,0.578,327
6,6,0,0,0,6,12,4,1.304,231
3,0,0,0,0,4,4,3,0.759,264
3,2,0,0,0,3,4,2,0.644,296
3,2,0,0,0,4,4,1,0.761,328
1,2,0,0,0,4,3,1,0.761,327
2,2,0,0,0,3,3,2,0.621,296
14,2,0,0,0,5,6,2,1.234,295
1,0,0,0,0,2,2,1,0.336,327
7,4,0,0,0,5,8,2,1.113,296
5,6,0,0,0,5,10,3,1.114,263
13,5,0,0,0,5,7,2,1.277,296
15,7,0,0,0,6,6,1,1.527,327
9,0,0,0,0,6,4,3,1.229,263
9,7,0,0,0,7,6,2,1.556,295
14,9,0,0,0,8,5,1,1.876,327
23,10,0,0,0,6,7,1,1.796,327
3,3,0,0,0,3,6,2,0.671,295
2,2,0,0,0,2,3,1,0.457,328
4,0,0,0,0,3,3,2,0.619,295
3,2,0,0,0,2,3,1,0.482,328
7,5,0,0,0,5,6,1,1.138,327
9,7,0,0,0,7,5,2,1.555,296
16,5,0,0,0,4,6,1,1.191,327
1,0,0,0,0,1,2,1,0.220,328
8,7,0,0,0,4,5,1,1.049,327
3,3,0,0,0,2,5,1,0.505,327
2,1,0,0,0,2,3,1,0.433,328
1,2,0,0,0,2,3,1,0.386,327
4,4,0,0,0,6,7,3,1.205,263
20,9,0,0,0,8,7,2,2.020,296
1,1,0,0,0,2,3,2,0.408,296
3,2,0,0,0,2,3,1,0.481,327
4,0,0,0,0,3,3,1,0.621,327
12,8,0,0,0,10,6,2,2.003,295
20,7,0,0,0,6,7,1,1.639,327
2,1,0,0,0,1,3,1,0.268,328
2,1,0,0,0,2,3,1,0.432,328
20,12,0,0,0,11,6,2,2.581,295
15,0,0,0,0,14,5,3,2.654,263
16,7,0,0,0,7,7,1,1.712,327
5,3,0,0,0,3,4,2,0.717,296
4,0,0,0,0,3,3,2,0.622,296
12,6,0,0,0,3,6,1,0.956,327
1,0,0,0,0,2,2,1,0.336,327
1,2,0,0,0,2,3,1,0.432,328
2,1,0,0,0,1,3,1,0.268,328
1,2,0,0,0,2,3,1,0.432,328
3,1,0,0,0,3,4,2,0.623,296
10,4,0,0,0,5,6,2,1.187,296
11,5,0,0,0,7,7,2,1.555,295
4,2,0,0,0,3,4,2,0.669,296
12,6,0,0,0,5,6,2,1.271,296
20,7,0,0,0,6,7,1,1.642,327
20,9,0,0,0,10,8,2,2.355,295
4,0,0,0,0,3,4,3,0.621,264
9,6,0,0,0,6,6,2,1.374,296
13,5,0,0,0,5,6,1,1.272,327
6,3,0,0,0,4,5,1,0.902,327
6,5,0,0,0,6,10,4,1.277,231
6,5,0,0,0,8,6,2,1.604,295
8,4,0,0,0,5,5,1,1.140,327
15,0,0,0,0,4,6,2,1.045,296
3,2,0,0,0,3,5,2,0.643,296
4,3,0,0,0,2,4,1,0.529,328
21,18,0,0,0,24,6,3,4.829,262
13,6,0,0,0,8,6,2,1.794,296
4,2,0,0,0,2,4,1,0.506,328
3,0,0,0,0,4,3,2,0.759,296
6,2,0,0,0,2,5,1,0.556,328
3,2,0,0,0,3,5,2,0.645,296
10,5,0,0,0,7,11,4,1.527,232
4,0,0,0,0,3,3,2,0.620,295
5,5,0,0,0,5,4,2,1.090,296
23,10,0,0,0,10,6,2,2.443,296
5,0,0,0,0,10,4,3,1.782,263
3,2,0,0,0,2,3,1,0.481,328
8,4,0,0,0,3,5,1,0.814,327
2,1,0,0,0,4,3,1,0.760,327
3,2,0,0,0,3,4,1,0.645,327
6,7,0,0,0,6,6,2,1.326,295
20,7,0,0,0,7,7,1,1.808,327
5,4,0,0,0,4,4,1,0.904,327
2,3,1,0,0,2,3,1,0.294,328
3,2,0,0,0,3,4,1,0.644,327
17,6,0,0,0,6,7,2,1.549,296
6,0,0,0,0,4,4,2,0.832,296
5,2,0,0,0,5,4,1,1.021,327
3,2,0,0,0,2,3,1,0.481,328
10,0,0,0,0,5,4,2,1.090,296
4,2,0,0,0,3,5,2,0.670,296
2,2,0,0,0,2,4,1,0.457,328
2,1,0,0,0,1,3,1,0.268,328
9,4,0,0,0,5,6,2,1.158,296
5,2,0,0,0,5,5,2,1.019,296
6,5,0,0,0,4,4,1,0.953,327
17,6,0,0,0,6,7,1,1.552,327
54,17,0,0,0,15,10,2,4.152,295
3,2,0,0,0,2,3,1,0.481,328
3,0,0,0,0,4,3,2,0.759,296
2,2,0,0,0,2,4,1,0.457,328
4,0,0,0,0,3,4,2,0.620,296
6,4,0,0,0,4,4,2,0.927,296
21,13,0,0,0,13,6,2,2.954,295
3,3,0,0,0,2,4,1,0.505,328
1,1,0,0,0,2,3,1,0.408,328
15,5,0,0,0,4,10,1,1.164,327
3,2,0,0,0,2,3,1,0.481,328
1,0,0,0,0,3,3,2,0.547,296
7,5,0,0,0,3,5,1,0.815,327
3,3,0,0,0,3,4,1,0.669,327
4,3,0,0,0,3,6,2,0.695,296
20,7,0,0,0,7,7,1,1.806,326
9,0,0,0,0,6,4,2,1.230,295
6,3,0,0,0,2,4,1,0.577,327
4,4,0,0,0,5,7,3,1.043,263
1,2,0,0,0,2,3,1,0.433,328
8,5,0,0,0,4,5,1,0.998,327
4,3,0,0,0,2,4,1,0.529,328
16,6,0,0,0,6,7,2,1.527,296
5,2,0,0,0,4,4,2,0.858,295
2,1,0,0,0,2,3,1,0.432,328
3,1,0,0,0,3,3,2,0.621,296
1,1,0,0,0,3,3,1,0.500,327
12,5,0,0,0,4,6,1,1.093,327
5,0,0,0,0,6,4,2,1.135,295
11,8,0,0,0,6,6,1,1.469,327
2,3,0,0,0,3,5,2,0.645,296
19,8,0,0,0,13,8,2,2.790,295
8,0,0,0,0,7,4,3,1.370,263
17,0,0,0,0,10,6,2,2.062,295
11,5,0,0,0,7,6,2,1.556,296
3,2,0,0,0,3,5,2,0.645,296
3,3,0,0,0,4,6,2,0.833,296
2,1,0,0,0,3,3,1,0.597,328
3,0,0,0,0,4,3,1,0.760,328
2,2,0,0,0,2,4,1,0.457,328
2,2,0,0,0,3,3,1,0.621,327
2,3,0,0,0,3,4,1,0.644,327
5,5,0,0,0,6,14,5,1.255,199
2,2,0,0,0,1,4,1,0.293,328
24,10,0,0,0,8,7,2,2.131,296
7,0,0,0,0,4,4,2,0.860,295
10,0,0,0,0,15,5,4,2.732,230
10,6,0,0,0,7,5,2,1.554,295
5,4,0,0,0,4,6,2,0.903,295
4,2,0,0,0,2,4,1,0.505,328
2,1,0,0,0,2,3,1,0.433,328
6,5,0,0,0,4,4,1,0.951,327
3,3,0,0,0,3,5,2,0.669,296
15,6,0,0,0,6,7,2,1.506,296
6,0,0,0,0,6,5,3,1.160,264
2,1,0,0,0,1,3,1,0.268,328
3,0,0,0,0,3,3,2,0.596,296
3,2,0,0,0,4,5,2,0.807,296
6,5,0,0,0,4,4,1,0.953,327
2,2,0,0,0,2,5,2,0.456,296
2,1,0,0,0,2,4,2,0.433,296
24,10,0,0,0,10,7,2,2.473,296
10,0,0,0,0,5,4,2,1.091,295
9,5,0,0,0,4,5,1,1.020,327
3,2,0,0,0,3,5,2,0.643,296
21,7,0,0,0,8,7,2,2.003,296
13,8,0,0,0,8,7,2,1.827,295
3,1,0,0,0,1,3,1,0.293,328
13,9,0,0,0,9,6,2,2.014,296
20,9,0,0,0,5,8,1,1.527,327
28,16,0,0,0,11,7,2,2.869,296
16,7,0,0,0,6,8,2,1.551,295
20,6,0,0,0,9,7,1,2.117,327
6,5,0,0,0,4,5,1,0.951,327
6,6,0,0,0,6,5,2,1.295,295
16,9,0,0,0,6,5,1,1.614,327
22,7,0,0,0,4,8,1,1.375,327
4,2,0,0,0,3,5,2,0.668,296
13,9,0,0,0,9,5,2,2.013,296
6,5,0,0,0,2,4,1,0.625,327
2,0,0,0,0,1,2,1,0.245,328
13,5,0,0,0,6,6,2,1.434,295
2,0,0,0,0,2,3,1,0.408,328
11,0,0,0,0,10,5,3,1.927,263
22,9,0,0,0,9,8,2,2.229,296
3,4,0,0,0,4,5,2,0.857,295
3,0,0,0,0,4,3,2,0.758,296
7,4,0,0,0,6,6,2,1.278,296
21,0,0,0,0,16,6,3,3.125,263
10,5,0,0,0,6,5,2,1.373,296
3,2,0,0,0,2,3,1,0.482,328
2,0,0,0,0,3,3,1,0.500,327
6,0,0,0,0,4,4,2,0.833,295
7,2,0,0,0,7,15,7,1.393,133
4,5,0,0,0,5,9,3,1.067,263
4,2,0,0,0,3,4,2,0.668,296
13,0,0,0,0,18,5,3,3.263,262
5,4,0,0,0,4,4,1,0.905,327
22,8,0,0,0,9,7,2,2.215,296
14,7,0,0,0,8,6,2,1.826,295
3,0,0,0,0,2,3,1,0.432,328
2,0,0,0,0,3,3,2,0.573,296
19,9,0,0,0,6,7,1,1.670,327
10,6,0,0,0,7,5,2,1.552,295
8,5,0,0,0,8,6,2,1.650,295
5,3,0,0,0,5,5,2,1.042,296
6,2,0,0,0,3,4,1,0.718,327
2,2,0,0,0,3,4,1,0.621,328
3,3,0,0,0,3,4,1,0.667,327
23,13,0,0,0,12,8,2,2.845,296
4,0,0,0,0,3,3,2,0.620,295
2,1,0,0,0,2,4,2,0.432,296
6,2,0,0,0,7,4,3,1.368,263
2,1,0,0,0,2,4,2,0.433,296
17,0,0,0,0,14,5,3,2.709,262
4,3,0,0,0,2,4,1,0.530,328
3,1,0,0,0,2,4,2,0.456,296
11,0,0,0,0,5,6,2,1.115,296
6,5,0,0,0,4,4,1,0.953,327
2,3,0,0,0,3,5,2,0.642,296
16,8,0,0,0,8,7,2,1.895,296
7,0,0,0,0,4,4,2,0.858,296
3,0,0,0,0,2,3,2,0.433,296
32,14,0,0,0,13,8,2,3.255,296
3,2,0,0,0,2,4,1,0.482,328
6,5,0,0,0,6,6,2,1.278,295
13,12,0,0,0,14,6,3,2.906,263
13,9,0,0,0,9,5,2,2.012,296
2,1,0,0,0,1,3,1,0.268,328
1,1,0,0,0,3,3,1,0.572,328
6,0,0,0,0,4,4,2,0.834,295
3,3,0,0,0,3,4,2,0.669,296
5,0,0,0,0,10,4,2,1.783,295
6,0,0,0,0,7,4,3,1.321,263
27,10,0,0,0,12,7,2,2.845,295
3,2,0,0,0,2,3,1,0.482,328
5,0,0,0,0,10,4,2,1.785,295
5,5,0,0,0,5,4,2,1.090,296
2,1,0,0,0,4,3,1,0.761,327
2,3,0,0,0,3,4,1,0.644,327
3,0,0,0,0,4,3,1,0.761,328
2,3,0,0,0,2,3,1,0.457,328
12,6,0,0,0,5,5,1,1.277,327
14,5,0,0,0,6,7,1,1.472,327
6,5,0,0,0,4,4,1,0.951,327
5,4,0,0,0,3,4,1,0.743,327
4,3,0,0,0,2,4,1,0.530,327
2,2,0,0,0,2,5,2,0.457,296
20,9,0,0,0,8,7,2,2.017,296
2,2,0,0,0,2,4,2,0.457,296
3,3,0,0,0,2,4,1,0.504,328
6,0,0,0,0,5,4,2,0.998,295
5,3,0,0,0,3,4,1,0.719,327
1,1,0,0,0,1,3,1,0.245,328
4,5,0,0,0,3,5,2,0.741,296
8,0,0,0,0,7,4,2,1.369,295
20,7,0,0,0,8,7,2,1.984,296
10,6,0,0,0,6,6,2,1.389,296
17,0,0,0,0,20,6,3,3.675,262
9,4,0,0,0,8,7,3,1.649,264
1,1,0,0,0,2,3,2,0.407,296
2,1,0,0,0,2,3,1,0.432,328
13,9,0,0,0,9,5,2,2.014,296
7,0,0,0,0,4,4,2,0.859,296
3,2,0,0,0,2,3,1,0.481,328
4,3,0,0,0,3,5,2,0.694,296
14,9,0,0,0,8,5,2,1.890,296
4,2,0,0,0,3,6,2,0.669,296
2,2,0,0,0,2,4,2,0.457,296
4,3,0,0,0,3,5,1,0.695,327
8,6,0,0,0,5,7,2,1.187,296
6,5,0,0,0,4,4,1,0.951,327
9,5,0,0,0,6,6,2,1.349,296
10,5,0,0,0,5,5,1,1.207,327
9,4,0,0,0,4,6,1,1.001,327
6,5,0,0,0,6,5,2,1.278,296
2,2,0,0,0,2,3,1,0.457,328
3,2,0,0,0,2,3,1,0.482,327
19,9,0,0,0,8,7,1,2.008,326
4,4,0,0,0,4,5,2,0.882,296
14,0,0,0,0,9,5,3,1.836,262
13,7,0,0,0,7,6,1,1.653,327
5,4,0,0,0,4,5,2,0.904,296
4,3,0,0,0,4,6,2,0.858,296
3,2,0,0,0,2,3,1,0.482,328
3,4,0,0,0,4,6,2,0.858,295
3,2,0,0,0,2,3,1,0.482,328
34,19,0,0,0,20,8,2,4.518,295
1,1,0,0,0,1,2,1,0.245,328
1,1,0,0,0,2,3,1,0.408,328
3,2,0,0,0,4,5,2,0.807,296
13,9,0,0,0,9,5,2,2.012,296
2,2,0,0,0,3,3,2,0.620,296
9,0,0,0,0,6,4,2,1.233,295
18,0,0,0,0,7,6,2,1.615,295
4,3,0,0,0,4,4,2,0.858,295
2,2,0,0,0,3,3,2,0.621,296
11,5,0,0,0,5,6,2,1.236,296
20,8,0,0,0,8,8,1,1.992,327
19,5,0,0,0,5,6,1,1.409,327
18,5,0,0,0,5,6,1,1.387,327
1,1,0,0,0,1,2,1,0.245,328
18,6,0,0,0,7,7,1,1.754,327
2,1,0,0,0,2,4,2,0.434,296
5,2,0,0,0,4,4,1,0.857,327
18,6,0,0,0,6,7,1,1.574,327
3,2,0,0,0,2,3,1,0.481,328
10,0,0,0,0,5,4,2,1.091,295
7,0,0,0,0,5,4,2,1.021,296
2,1,0,0,0,1,3,1,0.268,328
3,2,0,0,0,2,3,1,0.482,328
2,1,0,0,0,2,3,1,0.433,328
2,2,0,0,0,4,5,2,0.783,296
9,4,0,0,0,5,5,2,1.158,296
9,4,0,0,0,6,7,2,1.327,295
3,1,0,0,0,3,4,2,0.622,296
7,0,0,0,0,4,4,2,0.859,295
20,6,0,0,0,6,7,1,1.620,327
3,3,0,0,0,3,6,2,0.668,296
12,10,0,0,0,13,6,2,2.662,295
8,0,0,0,0,7,4,3,1.366,263
3,3,0,0,0,3,5,2,0.668,295
2,3,0,0,0,4,4,1,0.807,328
2,3,0,0,0,4,4,1,0.809,327
3,1,0,0,0,2,3,1,0.457,328
1,0,0,0,0,2,2,1,0.385,328
14,0,0,0,0,7,8,2,1.511,295
9,6,0,0,0,5,5,1,1.211,327
7,0,0,0,0,8,4,2,1.505,295
3,2,0,0,0,3,4,2,0.645,296
3,2,0,0,0,2,3,1,0.482,327
2,2,0,0,0,3,3,2,0.621,296
16,5,0,0,0,10,7,2,2.176,295
2,1,0,0,0,2,3,1,0.432,328
5,3,0,0,0,5,6,2,1.042,295
31,0,0,0,0,32,6,4,5.952,229
1,1,0,0,0,2,3,2,0.408,296
1,1,0,0,0,2,3,1,0.407,328
31,17,0,0,0,16,8,2,3.756,295
12,8,0,0,0,9,6,2,1.965,295
9,5,0,0,0,3,5,2,0.860,296
27,15,0,0,0,17,7,2,3.817,295
2,2,0,0,0,3,3,2,0.623,296
9,6,0,0,0,6,5,2,1.299,296
4,5,0,0,0,5,8,2,1.067,296
11,5,0,0,0,5,6,1,1.235,327
10,4,0,0,0,6,6,2,1.346,296
20,5,0,0,0,6,8,1,1.616,327
1,2,0,0,0,2,3,1,0.408,328
3,3,0,0,0,2,5,1,0.505,327
2,2,0,0,0,2,4,2,0.457,296
8,0,0,0,0,7,4,2,1.369,295
10,0,0,0,0,6,5,2,1.255,295
3,2,0,0,0,2,3,1,0.482,328
12,0,0,0,0,19,5,3,3.425,263
2,3,0,0,0,2,3,1,0.481,327
3,2,0,0,0,3,4,2,0.644,296
17,6,0,0,0,6,7,2,1.551,296
11,6,0,0,0,5,6,1,1.250,327
23,11,0,0,0,11,8,2,2.619,295
5,4,0,0,0,4,5,2,0.902,296
4,1,0,0,0,2,3,1,0.481,327
19,7,0,0,0,7,7,2,1.787,296
24,7,0,0,0,6,8,2,1.742,295
4,4,0,0,0,5,5,2,1.041,296
11,4,0,0,0,8,5,1,1.693,327
3,3,0,0,0,3,5,2,0.669,296
2,2,0,0,0,2,3,1,0.456,327
8,6,0,0,0,7,5,2,1.511,296
4,2,0,0,0,4,4,3,0.831,264
5,3,0,0,0,3,4,1,0.719,327
3,2,0,0,0,2,3,1,0.481,328
1,2,0,0,0,2,3,2,0.431,296
4,3,0,0,0,3,4,1,0.694,327
5,2,0,0,0,2,4,1,0.529,327
5,4,0,0,0,5,11,4,1.068,231
47,28,0,0,0,25,9,3,5.851,263
7,6,0,0,0,6,7,2,1.326,295
6,3,0,0,0,4,4,1,0.903,327
9,0,0,0,0,6,4,2,1.230,295
8,3,0,0,0,4,5,1,0.952,327
9,0,0,0,0,6,4,2,1.230,295
2,4,0,0,0,3,5,2,0.669,296
4,5,0,0,0,6,6,2,1.230,295
4,2,0,0,0,3,4,1,0.669,328
2,3,0,0,0,2,4,1,0.482,328
11,6,0,0,0,9,5,2,1.904,296
16,5,0,0,0,6,7,2,1.519,296
11,5,0,0,0,5,6,1,1.234,327
19,9,0,0,0,6,7,2,1.668,296
3,0,0,0,0,3,3,2,0.597,296
8,0,0,0,0,7,4,3,1.369,263
23,8,0,0,0,7,8,2,1.911,296
4,3,0,0,0,2,4,1,0.530,328
4,3,0,0,0,4,7,3,0.858,264
2,2,0,0,0,2,3,1,0.457,328
3,2,0,0,0,2,3,1,0.482,327
2,2,0,0,0,3,3,2,0.621,296
14,4,0,0,0,4,7,1,1.108,327
2,3,0,0,0,2,3,1,0.481,328
24,13,0,0,0,10,8,2,2.534,296
7,7,0,0,0,8,15,6,1.670,165
8,6,0,0,0,3,7,1,0.859,327
1,1,0,0,0,1,2,1,0.245,328
4,5,0,0,0,2,4,1,0.579,327
1,2,0,0,0,2,3,1,0.433,328
6,4,0,0,0,5,4,2,1.089,296
7,0,0,0,0,8,4,3,1.506,262
7,4,0,0,0,3,6,1,0.789,327
6,8,0,0,0,7,8,3,1.511,263
4,2,0,0,0,1,3,1,0.341,327
9,5,0,0,0,4,6,1,1.025,327
2,2,0,0,0,1,3,1,0.293,328
7,4,0,0,0,2,5,1,0.625,327
4,3,0,0,0,4,4,1,0.858,328
10,0,0,0,0,5,4,2,1.090,296
22,8,0,0,0,9,7,2,2.218,296
19,7,0,0,0,5,6,1,1.473,327
5,0,0,0,0,2,4,2,0.482,296
13,9,0,0,0,11,10,3,2.338,264
5,0,0,0,0,10,4,3,1.784,263
4,3,0,0,0,4,4,1,0.762,327
5,0,0,0,0,4,4,2,0.808,296
4,0,0,0,0,1,3,1,0.293,328
6,0,0,0,0,3,5,2,0.669,296
9,4,0,0,0,6,6,2,1.327,296
2,1,0,0,0,2,3,1,0.433,328
15,4,0,0,0,5,6,1,1.296,327
2,3,0,0,0,2,3,1,0.482,328
21,10,0,0,0,10,7,2,2.387,295
21,8,0,0,0,8,8,2,2.037,296
4,1,0,0,0,2,3,1,0.482,328
11,4,0,0,0,4,6,1,1.048,327
12,6,0,0,0,4,6,1,1.110,327
6,5,0,0,0,2,4,1,0.625,327
2,2,0,0,0,4,5,2,0.783,296
18,6,0,0,0,8,7,1,1.896,327
1,1,0,0,0,1,3,1,0.245,328
3,2,0,0,0,4,5,2,0.809,296
4,2,0,0,0,3,4,1,0.669,327
7,0,0,0,0,8,4,3,1.506,263
3,2,0,0,0,4,4,2,0.808,295
3,1,0,0,0,3,4,2,0.621,296
3,3,0,0,0,2,4,1,0.505,328
13,5,0,0,0,5,6,1,1.271,327
8,4,0,0,0,4,6,2,0.977,296
4,3,0,0,0,8,4,1,1.508,327
20,14,0,0,0,4,8,1,1.487,327
8,0,0,0,0,7,4,3,1.369,264
17,6,0,0,0,4,7,1,1.226,327
3,1,0,0,0,3,3,2,0.620,296
5,4,0,0,0,5,5,2,1.066,295
6,4,0,0,0,5,4,2,1.090,295
14,9,0,0,0,8,5,1,1.873,327
7,4,0,0,0,6,6,2,1.279,295
2,1,0,0,0,2,3,1,0.432,328
9,4,0,0,0,4,6,1,1.000,327
8,0,0,0,0,7,4,3,1.367,264
4,1,0,0,0,3,4,2,0.644,296
4,1,0,0,0,4,4,1,0.808,327
2,3,0,0,0,2,4,1,0.482,328
4,2,0,0,0,6,9,4,1.160,231
2,2,0,0,0,3,3,2,0.622,296
10,7,0,0,0,6,5,1,1.417,327
13,3,0,0,0,5,6,1,1.236,327
20,9,0,0,0,6,7,1,1.709,327
5,0,0,0,0,4,4,2,0.808,296
6,5,0,0,0,4,5,1,0.954,327
5,4,0,0,0,4,4,1,0.904,327
27,13,0,0,0,15,7,2,3.431,295
31,9,0,0,0,9,9,2,2.436,295
17,6,0,0,0,6,7,2,1.550,296
7,0,0,0,0,8,4,2,1.507,295
19,5,0,0,0,6,8,2,1.577,296
8,5,0,0,0,6,5,2,1.327,295
15,0,0,0,0,16,5,3,3.002,263
1,2,0,0,0,2,3,1,0.432,328
2,2,0,0,0,2,3,1,0.457,328
4,5,0,0,0,5,9,3,1.068,263
19,9,0,0,0,6,7,1,1.672,327
10,5,0,0,0,12,5,1,2.348,327
9,3,0,0,0,7,7,2,1.467,296
10,4,0,0,0,2,5,1,0.691,327
3,2,0,0,0,6,4,1,0.993,327
1,2,0,0,0,2,3,1,0.433,328
13,6,0,0,0,5,6,2,1.296,296
6,5,0,0,0,3,6,2,0.788,296
3,3,0,0,0,3,5,2,0.668,296
6,5,0,0,0,4,4,1,0.953,327
19,6,0,0,0,8,8,2,1.932,296
21,12,0,0,0,12,8,1,2.758,326
2,1,0,0,0,2,3,2,0.433,296
2,1,0,0,0,1,4,1,0.268,328
29,11,0,0,0,14,8,2,3.253,295
3,2,0,0,0,2,3,1,0.482,327
18,8,0,0,0,5,7,1,1.473,327
20,8,0,0,0,7,7,2,1.849,296
1,2,0,0,0,2,4,2,0.433,296
4,3,0,0,0,4,4,1,0.858,327
3,0,0,0,0,3,3,2,0.596,296
16,0,0,0,0,5,8,3,1.233,264
18,0,0,0,0,13,5,3,2.567,262
2,1,0,0,0,2,3,1,0.432,328
4,2,0,0,0,3,4,1,0.669,328
18,6,0,0,0,5,6,1,1.420,327
6,3,0,0,0,3,5,1,0.742,327
3,2,0,0,0,4,5,2,0.807,295
9,7,0,0,0,7,5,2,1.556,296
2,2,0,0,0,3,5,2,0.621,296
1,2,0,0,0,1,3,1,0.268,328
15,8,0,0,0,8,5,2,1.873,296
29,14,0,0,0,17,8,2,3.796,295
9,3,0,0,0,3,5,1,0.814,327
3,3,0,0,0,2,4,1,0.504,327
2,1,0,0,0,2,3,1,0.433,328
6,3,0,0,0,2,5,2,0.578,296
7,5,0,0,0,5,5,1,1.139,327
2,3,0,0,0,3,4,2,0.643,296
7,4,0,0,0,4,6,1,0.952,327
5,0,0,0,0,5,4,2,0.971,295
1,1,0,0,0,1,3,1,0.245,328
16,4,0,0,0,5,7,1,1.331,327
4,2,0,0,0,5,4,2,0.998,295
35,10,0,0,0,9,8,1,2.555,326
22,7,0,0,0,10,7,2,2.356,295
4,0,0,0,0,1,3,1,0.293,328
12,0,0,0,0,9,5,2,1.791,295
4,2,0,0,0,1,3,1,0.342,327
1,2,0,0,0,2,3,1,0.432,328
5,4,0,0,0,6,4,2,1.231,295
2,1,0,0,0,2,3,2,0.433,296
4,0,0,0,0,4,4,3,0.782,264
19,6,0,0,0,2,7,1,0.954,327
3,0,0,0,0,4,3,1,0.761,328
4,0,0,0,0,3,3,2,0.620,295
4,4,0,0,0,3,4,1,0.718,328
3,1,0,0,0,3,4,2,0.622,296
3,2,0,0,0,2,3,1,0.481,327
6,5,0,0,0,4,4,1,0.953,327
5,0,0,0,0,4,4,2,0.808,296
5,4,0,0,0,8,5,2,1.555,296
15,6,0,0,0,6,7,2,1.512,296
1,0,0,0,0,2,2,1,0.385,328
7,0,0,0,0,8,4,3,1.507,264
2,1,0,0,0,1,3,1,0.268,328
2,1,0,0,0,2,3,1,0.432,328
12,5,0,0,0,4,5,1,1.096,327
17,6,0,0,0,4,6,1,1.241,327
13,7,0,0,0,8,7,2,1.818,296
2,2,0,0,0,1,3,1,0.293,328
4,3,0,0,0,4,4,1,0.858,327
2,1,0,0,0,2,4,1,0.433,328
4,3,0,0,0,2,4,1,0.529,327
5,0,0,0,0,4,4,2,0.808,296
23,10,0,0,0,7,8,1,1.952,326
2,3,0,0,0,3,5,2,0.644,296
15,4,0,0,0,8,11,4,1.791,231
35,12,0,0,0,12,9,2,3.093,296
13,9,0,0,0,9,6,2,2.011,296
3,2,0,0,0,2,3,1,0.483,328
1,2,0,0,0,1,3,1,0.268,328
3,1,0,0,1,3,4,1,0.621,328
26,7,0,0,0,8,7,2,2.083,296
24,13,0,0,0,14,7,2,3.206,295
3,2,0,0,0,3,6,1,0.644,327
6,3,0,0,0,3,5,1,0.742,327
21,10,0,0,0,6,8,1,1.738,326
5,4,0,0,0,4,5,1,0.903,327
2,2,0,0,0,2,3,1,0.457,328
2,1,0,0,0,2,3,1,0.432,328
1,2,0,0,0,2,3,2,0.432,296
6,4,0,0,0,3,5,2,0.765,296
6,3,0,0,0,2,5,1,0.577,327
2,2,0,0,0,2,4,2,0.457,296
29,0,0,0,0,30,6,4,5.577,230
20,6,0,0,0,5,8,1,1.475,327
3,2,0,0,0,4,5,2,0.808,296
10,0,0,0,0,5,5,2,1.090,295
2,3,0,0,0,3,4,2,0.643,296
2,2,0,0,0,3,4,1,0.621,328
4,3,0,0,0,3,5,1,0.694,327
5,4,0,0,0,3,5,1,0.744,327
7,0,0,0,0,8,4,2,1.508,295
16,6,0,0,0,6,6,1,1.526,327
3,1,0,0,0,3,3,2,0.621,296
19,9,0,0,0,7,8,2,1.850,295
36,16,0,0,0,17,7,2,4.017,295
1,0,0,0,0,2,2,1,0.385,328
2,0,0,0,0,3,3,2,0.573,296
14,5,0,0,0,5,5,1,1.296,327
2,2,0,0,0,1,3,1,0.293,328
36,13,0,0,0,15,10,2,3.622,295
22,9,0,0,0,9,7,2,2.234,295
2,1,0,0,0,1,3,1,0.268,327
2,2,0,0,0,2,3,2,0.457,296
6,0,0,0,0,9,4,2,1.647,295
11,5,0,0,0,6,7,2,1.390,295
4,2,0,0,0,3,4,2,0.669,296
1,1,0,0,0,3,3,1,0.500,327
3,2,0,0,0,3,4,2,0.644,296
9,4,0,0,0,2,4,1,0.674,327
2,2,0,0,0,1,4,1,0.293,328
9,4,0,0,0,7,7,2,1.487,295
2,2,0,0,0,3,3,1,0.621,327
22,7,0,0,0,7,8,2,1.863,296
10,0,0,0,0,5,4,2,1.090,295
26,0,0,0,0,37,6,4,6.651,229
19,8,0,0,0,7,7,1,1.807,327
2,0,0,0,0,3,3,2,0.573,296
17,7,0,0,0,6,7,1,1.573,327
2,1,0,0,0,2,3,1,0.433,328
6,4,0,0,0,6,6,2,1.254,295
11,7,0,0,0,7,6,2,1.611,296
7,3,0,0,0,7,5,3,1.415,264
20,10,0,0,0,7,7,2,1.882,296
2,1,0,0,0,3,4,2,0.596,296
81,31,0,0,0,27,10,2,7.037,294
6,3,0,0,0,4,6,2,0.903,296
3,2,0,0,0,4,4,1,0.808,327
14,8,0,0,0,9,5,2,2.012,295
9,0,0,0,0,4,4,2,0.904,295
11,0,0,0,0,4,4,2,0.952,296
3,3,0,0,0,3,4,1,0.669,327
2,2,0,0,0,3,3,2,0.620,296
12,4,0,0,0,3,6,1,0.908,327
10,4,0,0,0,3,7,1,0.858,327
5,2,0,0,0,3,4,1,0.693,327
31,8,0,0,0,12,9,2,2.906,295
2,2,0,0,0,1,3,1,0.293,328
3,1,0,0,0,1,3,1,0.293,328
4,3,0,0,0,4,4,2,0.858,296
8,4,0,0,0,5,5,1,1.139,327
3,2,0,0,0,2,3,1,0.482,328
7,6,0,0,0,8,5,1,1.650,327
5,0,0,0,0,8,4,3,1.456,263
24,8,0,0,0,7,7,1,1.938,326
3,1,0,0,0,3,4,1,0.621,327
2,1,0,0,0,2,3,2,0.433,296
14,15,0,0,0,18,6,2,3.669,294
9,5,0,0,0,5,5,1,1.186,327
21,6,0,0,0,7,8,2,1.806,296
2,2,0,0,0,3,5,2,0.622,296
20,9,0,0,0,6,7,2,1.710,296
1,0,0,0,0,2,2,1,0.336,327
1,2,0,0,0,2,3,1,0.433,328
2,2,0,0,0,2,4,1,0.457,327
3,3,0,0,0,2,4,2,0.504,296
2,1,0,0,0,3,4,1,0.596,328
1,1,0,0,0,2,3,2,0.408,296
16,10,0,0,0,6,7,2,1.622,296
11,6,0,0,0,6,6,2,1.417,296
8,3,0,0,0,4,5,1,0.953,327
11,5,0,0,0,2,6,1,0.740,327
4,3,0,0,0,4,4,2,0.857,296
1,0,0,0,0,1,2,1,0.196,328
8,6,0,0,0,4,6,2,1.025,296
2,3,0,0,0,2,3,1,0.482,327
9,5,0,0,0,5,5,1,1.189,327
2,1,0,0,0,2,3,2,0.433,296
6,1,0,0,0,4,4,2,0.859,295
13,9,0,0,0,9,6,2,2.031,296
10,7,0,0,0,12,7,2,2.379,295
16,6,0,0,0,10,8,2,2.175,295
13,9,0,0,0,9,6,2,2.014,296
11,7,0,0,0,8,6,1,1.768,327
2,4,0,0,0,3,4,2,0.670,296
2,2,0,0,0,1,3,1,0.293,328
18,0,0,0,0,6,7,2,1.433,296
4,1,0,0,0,4,5,2,0.807,296
18,7,0,0,0,7,7,2,1.761,296
5,4,0,0,0,2,4,1,0.576,328
3,0,0,0,0,3,4,2,0.596,296
4,4,0,0,0,5,10,3,1.044,263
1,1,0,0,0,3,3,2,0.572,296
2,2,0,0,0,3,4,2,0.620,296
1,1,0,0,0,1,2,1,0.245,328
8,6,0,0,0,3,5,1,0.859,327
1,1,0,0,0,1,3,1,0.245,328
17,0,0,0,0,14,5,3,2.707,262
2,2,0,0,0,3,4,2,0.622,296
2,1,0,0,0,2,3,1,0.432,328
5,3,0,0,0,3,4,1,0.718,327
1,1,0,0,0,2,3,1,0.407,328
2,2,0,0,0,2,3,1,0.457,328
2,2,0,0,0,2,3,1,0.457,328
16,8,0,0,0,6,8,1,1.587,327
15,6,0,0,0,6,6,1,1.503,327
1,1,0,0,0,1,3,1,0.245,328
49,27,0,0,0,29,11,3,6.517,262
2,2,0,0,0,2,3,2,0.456,296
4,3,0,0,0,3,4,1,0.695,328
3,1,0,0,0,3,3,1,0.621,327
1,0,0,0,0,4,3,2,0.615,295
7,2,0,0,0,6,4,2,1.231,295
2,3,0,0,0,2,3,1,0.481,328
11,6,0,0,0,4,6,1,1.097,327
2,1,0,0,0,2,3,1,0.432,328
9,5,0,0,0,4,5,1,1.019,327
13,4,0,0,0,5,7,2,1.256,296
0,0,0,0,0,3,2,2,0.524,296
4,0,0,0,0,3,3,2,0.620,296
2,1,0,0,0,2,3,1,0.432,328
2,1,0,0,0,2,4,1,0.433,328
2,1,0,0,0,1,3,1,0.268,328
7,0,0,0,0,8,4,3,1.507,264
4,1,0,0,0,3,4,2,0.643,296
8,0,0,0,0,9,5,3,1.693,263
4,3,0,0,0,4,4,1,0.859,327
7,0,0,0,0,8,4,2,1.507,295
35,10,0,0,0,12,9,2,3.069,296
3,2,0,0,0,3,4,2,0.644,296
1,2,0,0,0,1,3,1,0.268,328
5,4,0,0,0,4,4,1,0.903,327
5,0,0,0,0,4,4,2,0.808,295
2,1,0,0,0,2,5,2,0.433,296
3,1,0,0,0,4,5,2,0.782,296
8,3,0,0,0,4,4,1,0.953,327
9,5,0,0,0,6,6,2,1.347,296
16,6,0,0,0,5,7,1,1.380,327
8,0,0,0,0,3,4,1,0.716,327
7,3,0,0,0,2,5,1,0.602,327
14,0,0,0,0,5,5,2,1.186,295
3,0,0,0,0,1,3,1,0.268,328
8,0,0,0,0,7,4,3,1.369,263
1,0,0,0,0,4,3,2,0.710,296
5,5,0,0,0,5,5,2,1.092,296
9,6,0,0,0,6,5,2,1.370,296
14,5,0,0,0,7,6,2,1.621,296
6,4,0,0,0,5,4,2,1.092,296
19,6,0,0,0,5,7,1,1.435,327
1,2,0,0,0,2,3,1,0.433,328
4,3,0,0,0,3,4,1,0.694,327
9,5,0,0,0,7,6,2,1.511,296
19,0,0,0,0,7,8,2,1.629,295
2,2,0,0,0,1,3,1,0.293,328
9,6,0,0,0,5,6,2,1.212,296
7,4,0,0,0,3,6,1,0.788,327
6,5,0,0,0,4,4,1,0.953,327
1,0,0,0,0,1,2,1,0.196,327
5,5,0,0,0,5,4,2,1.088,295
6,5,0,0,0,4,4,1,0.951,327
8,3,0,0,0,4,5,1,0.951,327
3,4,0,0,0,4,9,3,0.857,263
6,4,0,0,0,5,6,2,1.090,296
2,2,0,0,0,3,3,2,0.620,296
12,5,0,0,0,7,6,2,1.583,296
3,1,0,0,0,3,4,1,0.622,328
5,3,0,0,0,3,4,1,0.717,327
11,4,0,0,0,4,5,1,1.048,327
4,2,0,0,0,4,4,1,0.833,327
11,0,0,0,0,4,6,2,0.952,296
6,3,0,0,0,2,4,1,0.577,327
1,2,0,0,0,2,3,1,0.432,328
3,3,0,0,0,2,4,2,0.505,296
8,3,0,0,0,4,4,1,0.954,327
7,6,0,0,0,7,11,4,1.484,230
2,1,0,0,0,2,4,2,0.432,296
6,5,0,0,0,6,6,2,1.279,295
8,0,0,0,0,3,4,1,0.719,327
11,0,0,0,0,16,5,4,2.899,230
2,1,0,0,0,1,3,1,0.268,328
2,2,0,0,0,3,3,2,0.622,296
4,0,0,0,0,3,4,1,0.621,327
34,8,0,0,0,9,8,2,2.507,296
5,4,0,0,0,4,5,1,0.903,327
1,0,0,0,0,1,2,1,0.220,328
5,2,0,0,0,2,5,1,0.530,328
4,4,0,0,0,5,6,2,1.043,295
13,8,0,0,0,10,6,2,2.150,295
1,3,0,0,0,2,3,1,0.457,328
20,8,0,0,0,10,8,2,2.323,296
3,0,0,0,0,4,3,2,0.760,295
6,0,0,0,0,9,4,3,1.649,263
10,0,0,0,0,9,5,3,1.744,263
11,9,0,0,0,7,6,2,1.649,296
1,2,0,0,0,2,3,1,0.432,328
4,0,0,0,0,3,3,2,0.622,296
5,4,0,0,1,6,5,2,1.228,295
8,0,0,0,0,8,5,3,1.533,263
2,2,0,0,0,3,3,2,0.620,296
13,6,0,0,0,7,6,2,1.621,296
12,5,0,0,0,6,5,2,1.418,296
2,1,0,0,0,3,3,1,0.596,327
2,1,0,0,0,2,3,1,0.337,328
23,8,0,0,0,9,7,2,2.230,295
1,1,0,0,0,2,3,1,0.407,328
7,0,0,0,0,10,5,3,1.833,263
7,3,0,0,0,3,5,1,0.767,327
2,2,0,0,0,1,4,1,0.293,328
5,0,0,0,0,4,4,2,0.807,296
5,2,0,0,0,4,4,2,0.859,296
8,7,0,0,0,6,5,2,1.374,296
7,3,0,0,0,5,6,2,1.091,296
14,0,0,0,0,17,5,3,3.125,263
1,1,0,0,0,2,3,2,0.408,296
5,4,0,0,0,4,4,1,0.905,327
13,10,0,0,0,9,6,2,2.038,295
6,0,0,0,0,1,3,1,0.342,328
7,0,0,0,0,7,4,3,1.345,264
12,8,0,0,0,7,5,2,1.656,296
2,2,0,0,0,2,3,2,0.457,296
1,2,0,0,0,3,4,2,0.597,296
4,2,0,0,0,5,4,2,0.997,295
10,4,0,0,0,8,6,2,1.668,296
8,3,0,0,0,6,6,2,1.279,296
15,4,0,0,0,12,5,3,2.430,263
11,10,0,0,0,8,5,2,1.828,296
17,7,0,0,0,5,5,1,1.409,327
1,2,0,0,0,4,3,1,0.760,327
3,2,0,0,0,2,5,2,0.482,296
20,12,0,0,0,9,7,2,2.245,296
2,2,0,0,0,2,3,1,0.457,327
16,6,0,0,0,7,7,2,1.686,296
2,2,0,0,0,2,3,1,0.457,328
2,3,0,0,0,2,3,1,0.481,328
3,3,0,0,0,3,5,2,0.668,296
1,1,0,0,0,2,3,2,0.407,296
7,0,0,0,0,4,4,2,0.859,295
10,7,0,0,0,6,5,2,1.421,296
2,2,0,0,0,2,3,1,0.456,328
2,3,0,0,0,2,3,1,0.481,328
41,0,0,0,0,22,6,3,4.562,261
4,3,0,0,0,8,4,3,1.507,264
3,0,0,0,0,2,3,2,0.433,296
14,3,0,0,0,4,6,1,1.095,327
14,5,0,0,0,5,5,1,1.296,327
12,6,0,0,0,6,6,1,1.445,327
6,0,0,0,0,6,5,2,1.160,295
3,0,0,0,0,3,4,2,0.596,296
1,1,0,0,0,1,2,1,0.245,328
4,3,0,0,0,4,4,1,0.859,327
21,7,0,0,0,8,7,1,1.996,327
11,5,0,0,0,7,8,2,1.556,295
2,2,0,0,0,2,3,1,0.456,328
4,3,0,0,0,5,6,3,1.021,264
3,0,0,0,0,2,3,1,0.432,328
2,0,0,0,0,3,3,2,0.573,296
1,2,0,0,0,1,3,1,0.269,329
6,4,0,0,0,2,5,1,0.603,328
2,0,0,0,0,3,3,2,0.572,296
4,0,0,0,0,3,4,2,0.620,296
6,3,0,0,0,6,5,1,1.228,327
15,8,0,0,0,4,5,1,1.232,326
5,4,0,0,0,3,6,2,0.742,296
3,2,0,0,0,3,4,2,0.645,296
3,2,0,0,0,4,4,2,0.807,296
8,3,0,0,0,4,4,1,0.953,327
3,2,0,0,0,3,4,2,0.644,296
15,7,0,0,0,5,6,1,1.365,327
6,0,0,0,0,9,4,2,1.645,295
2,2,0,0,0,3,3,2,0.621,295
9,0,0,0,0,6,4,2,1.227,295
4,3,0,0,0,6,5,2,1.180,296
5,6,0,0,0,5,8,3,1.116,263
12,5,0,0,0,6,6,2,1.417,296
22,9,0,0,0,11,7,2,2.549,295
9,0,0,0,0,6,4,2,1.231,295
10,7,0,0,0,12,7,2,2.380,295
8,0,0,0,0,7,4,2,1.369,295
2,2,0,0,0,2,3,2,0.458,296
2,1,0,0,0,2,3,1,0.432,328
9,0,0,0,0,7,5,3,1.393,264
3,1,0,0,1,3,4,1,0.622,328
10,4,0,0,0,4,7,2,1.026,296
1,2,0,0,0,2,3,2,0.433,296
5,3,0,0,0,3,4,1,0.719,328
9,4,0,0,0,5,7,2,1.157,295
23,0,0,0,0,13,8,2,2.687,294
6,7,0,0,0,6,6,2,1.328,295
1,1,0,0,0,2,3,2,0.408,296
4,1,0,0,0,5,4,2,0.972,296
7,3,0,0,0,5,5,1,1.092,327
2,2,0,0,0,2,3,1,0.456,327
8,5,0,0,0,5,5,1,1.163,327
2,1,0,0,0,2,3,2,0.432,296
10,6,0,0,0,4,6,2,1.072,296
6,4,0,0,0,3,4,1,0.765,327
3,2,0,0,0,3,4,1,0.645,328
10,4,0,0,0,5,7,1,1.189,327
21,0,0,0,0,42,6,6,7.346,166
3,2,0,0,0,3,4,1,0.643,327
13,5,0,0,0,5,5,1,1.281,327
5,0,0,0,0,4,4,2,0.807,296
2,2,0,0,0,3,4,2,0.621,296
5,6,0,0,0,5,7,2,1.114,295
3,1,0,0,0,3,4,2,0.621,296
14,9,0,0,0,6,6,1,1.547,327
5,0,0,0,0,10,4,3,1.785,263
22,8,0,0,0,10,7,2,2.374,296
10,0,0,0,0,5,4,2,1.089,295
8,7,0,0,0,7,13,4,1.531,231
9,5,0,0,0,3,5,1,0.858,327
3,1,0,0,0,3,4,1,0.620,328
2,1,0,0,0,2,3,2,0.432,296
3,2,0,0,0,2,3,1,0.481,328
16,7,0,0,0,6,7,2,1.552,296
10,4,0,0,0,10,5,2,1.999,296
27,12,0,0,0,12,7,2,2.922,295
5,5,0,0,0,4,8,2,0.927,295
3,0,0,0,0,4,3,2,0.759,296
4,5,0,0,0,4,6,2,0.903,296
5,5,0,0,0,5,4,2,1.092,295
5,2,0,0,0,4,5,2,0.857,296
7,4,0,0,0,4,4,1,0.952,327
4,0,0,0,0,4,4,2,0.782,295
3,2,0,0,0,4,4,1,0.807,328
11,0,0,0,0,8,6,3,1.605,263
5,5,0,0,0,5,15,5,1.090,198
6,5,0,0,0,6,6,2,1.277,296
21,8,0,0,0,8,7,2,2.018,296
9,4,0,0,0,5,5,2,1.160,296
11,0,0,0,0,20,5,3,3.559,262
6,0,0,0,0,5,4,2,0.997,295
13,6,0,0,0,4,6,1,1.130,327
6,0,0,0,0,9,4,3,1.649,263
26,9,0,0,0,10,6,2,2.477,296
2,1,0,0,0,2,4,1,0.432,328
19,8,0,0,0,7,6,1,1.803,326
6,4,0,0,0,5,4,2,1.089,296
5,4,0,0,0,4,4,1,0.904,327
2,1,0,0,0,2,3,1,0.432,328
2,3,0,0,0,2,3,1,0.482,327
5,0,0,0,0,2,3,1,0.483,327
5,4,0,0,0,4,4,1,0.904,327
22,8,0,0,0,5,8,1,1.574,327
2,2,0,0,0,3,4,1,0.620,328
4,1,0,0,0,2,3,1,0.482,328
5,3,0,0,0,3,5,1,0.718,327
11,0,0,0,0,20,5,2,3.542,294
3,2,0,0,0,3,5,2,0.643,296
10,6,0,0,0,7,5,2,1.556,296
3,3,0,0,0,3,5,2,0.669,296
4,0,0,0,0,4,4,2,0.781,296
7,6,0,0,0,6,5,2,1.328,295
11,3,0,0,0,5,6,2,1.186,296
9,0,0,0,0,6,4,2,1.231,295
2,2,0,0,0,3,4,1,0.622,327
21,9,0,0,0,11,6,2,2.523,296
3,2,0,0,0,2,3,1,0.483,328
2,2,0,0,0,2,3,1,0.457,328
5,3,0,0,0,9,6,3,1.695,263
3,2,0,0,0,3,4,1,0.645,327
33,15,0,0,0,11,8,2,2.979,295
2,2,1,0,0,2,3,1,0.270,328
26,11,0,0,0,12,7,2,2.848,296
10,6,0,0,0,7,7,2,1.555,295
3,2,0,0,0,3,5,2,0.644,296
4,3,0,0,0,3,4,1,0.694,327
5,0,0,0,0,5,4,3,0.972,264
2,2,0,0,0,3,4,2,0.621,296
3,0,0,0,0,4,3,2,0.760,296
4,4,0,0,0,3,4,1,0.719,327
5,4,0,0,0,6,5,2,1.231,296
1,1,0,0,0,2,3,1,0.408,328
9,3,0,0,0,2,5,2,0.650,296
4,2,0,0,0,4,5,2,0.833,296
3,3,0,0,0,2,4,1,0.505,328
3,3,0,0,0,2,4,1,0.504,327
2,0,0,0,0,2,3,2,0.410,296
9,3,0,0,0,5,6,2,1.139,296
4,0,0,0,0,4,4,3,0.782,264
8,0,0,0,0,3,4,1,0.717,327
3,2,0,0,0,2,4,1,0.482,328
4,2,0,0,0,2,4,1,0.505,328
2,1,0,0,0,3,3,2,0.595,296
11,6,0,0,0,6,5,1,1.416,327
2,0,0,0,0,3,3,1,0.572,328
3,2,0,0,0,2,4,1,0.481,328
10,0,0,0,0,5,4,2,1.092,295
8,4,0,0,0,3,5,1,0.814,327
3,3,0,0,0,3,5,2,0.669,296
7,3,0,0,0,4,5,1,0.926,327
3,2,0,0,0,2,4,1,0.482,328
13,6,0,0,0,4,5,1,1.134,327
1,1,0,0,0,2,3,1,0.407,328
4,3,0,0,0,3,5,2,0.694,296
14,6,0,0,0,6,6,1,1.485,327
7,5,0,0,0,3,4,2,0.814,296
6,3,0,0,0,4,4,1,0.903,327
17,6,0,0,0,6,6,1,1.562,327
13,6,0,0,0,5,7,2,1.295,296
12,5,0,0,0,4,5,1,1.093,327
2,2,0,0,0,2,3,1,0.457,328
9,6,0,0,0,6,5,2,1.371,296
4,0,0,0,0,2,3,1,0.458,328
20,7,0,0,0,6,7,1,1.654,327
8,0,0,0,0,7,4,2,1.367,295
1,2,0,0,0,2,3,1,0.432,328
3,4,0,0,0,3,5,1,0.695,327
3,3,0,0,0,3,4,1,0.670,327
1,2,0,0,0,2,3,1,0.432,328
2,0,0,0,0,1,2,1,0.245,328
18,7,0,0,0,6,7,1,1.615,327
4,2,0,0,0,2,4,1,0.505,328
2,1,0,0,0,2,3,2,0.432,296
1,1,0,0,0,3,3,1,0.572,328
15,6,0,0,0,8,6,2,1.823,296
13,3,0,0,0,5,6,2,1.233,296
4,2,0,0,0,5,6,3,0.998,263
2,2,0,0,0,3,4,2,0.622,296
6,3,0,0,0,4,4,2,0.902,296
4,3,0,0,0,4,5,2,0.859,296
3,0,0,0,0,3,4,3,0.596,264
10,2,0,0,0,6,6,1,1.303,327
2,2,0,0,0,1,3,1,0.293,328
8,0,0,0,0,5,6,2,1.042,296
4,1,0,0,0,2,3,1,0.482,327
3,1,0,0,0,3,3,1,0.621,327
2,2,0,0,0,2,3,1,0.457,328
19,6,0,0,0,5,8,1,1.436,327
8,4,0,0,0,5,5,1,1.139,327
6,4,0,0,0,5,4,2,1.090,296
2,2,0,0,0,2,4,1,0.457,328
21,13,0,0,0,13,6,2,2.946,295
11,4,0,0,0,2,5,1,0.722,327
8,4,0,0,0,3,6,1,0.814,327
11,8,0,0,0,9,6,2,1.945,296
7,6,0,0,0,6,6,2,1.320,296
5,5,0,0,0,6,7,2,1.256,295
14,6,0,0,0,6,6,1,1.482,327
3,2,0,0,0,3,4,2,0.643,296
3,0,0,0,0,2,3,2,0.433,296
17,6,0,0,0,6,7,1,1.548,327
3,3,0,0,0,3,6,2,0.668,296
14,0,0,0,0,17,5,3,3.123,262
2,1,0,0,0,1,3,1,0.268,328
18,7,0,0,0,8,7,2,1.933,296
17,6,0,0,0,6,7,1,1.552,327
5,2,0,0,0,4,4,2,0.859,296
4,2,0,0,0,3,6,1,0.668,328
6,5,0,0,0,4,5,1,0.951,327
2,0,0,0,0,2,3,1,0.408,328
12,3,0,0,0,3,6,1,0.884,328
15,0,0,0,0,8,5,3,1.687,262
1,2,0,0,0,1,3,1,0.268,329
7,3,0,0,0,4,7,2,0.926,296
1,1,0,0,0,2,3,2,0.409,296
19,8,0,0,0,6,7,1,1.645,327
7,3,0,0,0,4,6,2,0.927,296
2,2,0,0,0,1,3,1,0.293,328
9,5,0,0,0,5,6,1,1.188,327
3,0,0,0,0,4,3,2,0.760,296
11,3,0,0,0,7,5,2,1.510,295
17,6,0,0,0,6,6,2,1.568,296
1,1,0,0,0,1,2,1,0.245,328
20,0,0,0,0,9,9,2,1.988,295
4,4,0,0,0,6,8,4,1.207,231
2,2,0,0,0,3,3,2,0.621,296
9,0,0,0,0,6,4,2,1.233,295
7,0,0,0,0,5,5,2,1.021,296
2,1,0,0,0,2,3,1,0.433,328
3,1,0,0,0,2,3,1,0.457,328
2,1,0,0,0,4,3,1,0.760,327
3,2,0,0,0,2,3,1,0.481,328
18,7,0,0,0,7,7,1,1.756,327
11,7,0,0,0,7,6,2,1.608,296
12,6,0,0,0,6,6,1,1.441,327
14,5,0,0,0,4,6,1,1.132,327
2,3,0,0,0,2,3,1,0.481,327
11,6,0,0,0,7,7,2,1.581,296
3,2,0,0,0,3,4,2,0.643,296
2,2,0,0,0,3,3,1,0.621,327
1,1,0,0,0,1,3,1,0.245,328
5,3,0,0,0,3,5,1,0.718,327
3,2,0,0,0,2,4,1,0.481,328
3,4,0,0,0,7,4,1,1.345,327
17,7,0,0,0,7,6,2,1.734,296
15,6,0,0,0,5,7,1,1.342,327
6,5,0,0,0,4,4,1,0.951,327
10,8,0,0,0,8,5,2,1.767,296
17,8,0,0,0,6,6,1,1.610,327
14,0,0,0,0,17,5,3,3.122,262
9,5,0,0,0,5,6,1,1.189,327
12,9,0,0,0,10,5,2,2.153,295
7,4,0,0,0,4,5,2,0.951,296
3,3,0,0,0,3,4,2,0.670,296
6,6,0,0,0,6,5,2,1.301,295
17,7,0,0,0,4,7,1,1.250,327
9,6,0,0,0,10,5,3,2.029,264
19,0,0,0,0,12,5,3,2.430,262
3,2,0,0,0,3,5,2,0.644,296
9,5,0,0,0,5,6,2,1.188,296
3,2,0,0,0,2,3,1,0.482,328
5,4,0,0,0,6,6,2,1.231,295
2,1,0,0,0,2,3,1,0.432,328
3,2,0,0,0,2,3,1,0.482,328
18,8,0,0,0,5,7,1,1.475,327
3,1,0,0,0,3,3,2,0.622,296
13,0,0,0,0,18,5,3,3.264,262
12,9,0,0,0,10,9,2,2.170,295
5,5,0,0,0,5,4,2,1.090,296
18,7,0,0,0,4,7,1,1.272,327
15,10,0,0,0,6,6,2,1.614,296
13,0,0,0,0,7,7,2,1.492,295
11,5,0,0,0,6,5,2,1.390,296
5,4,0,0,0,4,4,2,0.903,296
9,3,0,0,0,3,5,1,0.814,327
2,1,0,0,0,3,4,1,0.548,327
2,3,0,0,0,2,3,1,0.482,328
3,1,0,0,0,3,3,1,0.573,327
6,5,0,0,0,4,4,1,0.952,327
11,6,0,0,0,5,6,1,1.250,327
7,4,0,0,0,4,5,2,0.953,296
9,4,0,0,0,5,6,2,1.158,296
21,8,0,0,0,8,7,2,2.018,296
3,3,0,0,0,2,4,1,0.504,327
10,7,0,0,0,4,6,1,1.095,327
22,14,0,0,0,13,7,2,3.015,295
5,4,0,0,0,5,5,2,1.065,296
8,4,0,0,0,5,5,2,1.138,295
18,9,0,0,0,4,5,1,1.330,326
3,2,0,0,0,3,4,2,0.644,296
2,2,0,0,0,2,4,1,0.409,328
1,1,0,0,0,1,3,1,0.245,328
18,6,0,0,0,5,7,1,1.407,327
3,2,0,0,0,2,3,1,0.481,328
10,7,0,0,0,6,5,2,1.419,296
5,3,0,0,0,3,5,2,0.717,295
2,2,0,0,0,2,3,2,0.457,296
2,2,0,0,0,2,4,2,0.456,296
4,0,0,0,0,3,4,2,0.621,296
9,4,0,0,0,8,5,2,1.650,295
2,1,0,0,0,3,4,1,0.549,327
14,8,0,0,0,5,6,1,1.364,327
12,4,0,0,0,5,7,2,1.236,296
7,0,0,0,0,6,4,2,1.183,295
2,2,0,0,0,2,4,2,0.457,296
2,3,0,0,0,2,3,1,0.481,328
8,0,0,0,0,6,4,2,1.205,295
17,8,0,0,0,8,7,2,1.923,296
5,2,0,0,0,3,4,1,0.693,328
7,0,0,0,0,8,4,3,1.508,263
3,4,0,0,0,4,6,2,0.857,296
3,2,0,0,0,2,3,1,0.481,328
2,2,0,0,0,2,4,2,0.457,296
26,12,0,0,0,13,7,2,3.061,296
13,7,0,0,0,7,6,2,1.651,296
12,8,0,0,0,8,5,2,1.810,296
3,1,0,0,0,3,3,1,0.526,328
12,5,0,0,0,6,6,2,1.411,296
6,0,0,0,0,8,4,3,1.484,263
4,4,0,0,0,5,6,2,1.043,295
5,4,0,0,0,6,6,2,1.230,296
30,15,0,0,0,14,7,2,3.396,295
1,1,0,0,0,2,3,1,0.408,328
11,6,0,0,0,4,7,2,1.094,296
1,2,0,0,0,2,3,2,0.432,296
2,1,0,0,0,1,3,1,0.268,328
4,2,0,0,0,4,4,2,0.833,296
14,7,0,0,0,5,6,1,1.339,327
4,3,0,0,0,4,4,1,0.858,327
2,2,0,0,0,2,5,2,0.456,295
3,2,0,0,0,2,3,1,0.481,328
4,3,0,0,0,3,4,1,0.694,327
3,2,0,0,0,2,3,1,0.482,328
5,3,0,0,0,1,4,1,0.389,327
6,0,0,0,0,7,4,3,1.320,263
2,1,0,0,0,1,4,1,0.268,328
18,8,0,0,0,8,7,2,1.945,296
27,14,0,0,0,22,6,3,4.566,262
11,6,0,0,0,4,6,1,1.096,327
6,4,0,0,0,5,5,2,1.088,295
25,10,0,0,0,11,9,2,2.642,295
4,4,0,0,0,5,8,3,1.043,264
11,0,0,0,0,4,5,2,0.953,296
1,2,0,0,0,1,3,1,0.268,328
2,0,0,0,0,3,3,1,0.573,328
2,3,0,0,0,2,3,1,0.482,327
1,3,0,0,0,2,3,1,0.457,328
19,6,0,0,0,5,6,1,1.436,327
2,2,0,0,0,2,3,1,0.457,328
3,3,0,0,0,3,5,2,0.669,296
17,7,0,0,0,5,7,1,1.409,327
2,3,0,0,0,3,5,2,0.645,296
17,7,0,0,0,5,7,1,1.411,327
8,0,0,0,0,9,5,3,1.695,263
2,3,0,0,0,3,4,1,0.643,327
3,2,0,0,0,5,4,3,0.973,264
9,5,0,0,0,6,7,2,1.348,296
18,7,0,0,0,8,7,2,1.919,296
2,3,0,0,0,3,5,2,0.645,295
8,5,0,0,0,6,5,2,1.326,296
3,3,0,0,0,2,4,1,0.505,328
21,13,0,0,0,13,6,2,2.958,295
4,3,0,0,0,6,4,1,1.181,327
5,3,0,0,0,7,4,3,1.367,264
3,2,0,0,0,3,5,2,0.643,296
12,7,0,0,0,8,8,2,1.782,295
4,2,0,0,0,3,4,1,0.669,328
3,3,0,0,0,3,7,2,0.668,296
3,0,0,0,0,4,3,2,0.759,296
18,5,0,0,0,6,8,2,1.553,296
3,0,0,0,0,4,3,2,0.759,295
4,0,0,0,0,3,3,2,0.619,295
16,9,0,0,0,8,8,2,1.922,295
14,6,0,0,0,5,6,1,1.334,327
3,2,0,0,0,3,5,2,0.643,296
13,0,0,0,0,5,7,2,1.162,295
5,4,0,0,0,6,6,2,1.231,295
12,6,0,0,0,11,5,1,2.240,327
28,16,0,0,0,15,7,2,3.537,295
6,4,0,0,0,5,4,2,1.091,295
5,3,0,0,0,3,4,1,0.717,327
3,2,0,0,0,2,3,1,0.482,328
11,4,0,0,0,9,6,2,1.862,295
6,2,0,0,0,3,5,2,0.719,296
14,5,0,0,0,4,5,1,1.132,327
20,8,0,0,0,7,7,1,1.850,326
5,0,0,0,0,4,4,3,0.807,264
3,2,0,0,0,3,5,2,0.645,296
6,7,0,0,0,6,10,3,1.329,263
2,2,0,0,0,2,3,1,0.457,328
4,0,0,0,0,3,3,2,0.622,296
3,0,0,0,0,2,3,2,0.432,296
6,4,0,0,0,5,4,2,1.090,295
5,2,0,0,0,4,4,2,0.861,295
2,2,0,0,0,2,5,1,0.457,328
2,1,0,0,0,2,3,2,0.432,296
18,6,0,0,0,7,8,2,1.752,296
29,13,0,0,0,11,7,1,2.810,327
17,0,0,0,0,8,6,2,1.755,295
5,4,0,0,0,4,5,2,0.903,296
3,3,0,0,0,3,4,1,0.669,327
6,0,0,0,0,5,4,2,0.997,295
1,0,0,0,0,2,2,1,0.384,328
14,9,0,0,0,8,5,1,1.873,326
3,2,0,0,0,2,4,1,0.482,327
2,2,0,0,0,3,4,2,0.620,296
4,1,0,0,0,2,3,1,0.481,328
11,3,0,0,0,7,7,2,1.511,295
18,10,0,0,0,10,6,2,2.325,296
4,4,0,0,0,5,6,2,1.042,296
7,3,0,0,0,3,5,1,0.766,327
4,3,0,0,0,8,4,1,1.509,327
6,5,0,0,0,4,4,1,0.953,327
13,9,0,0,0,9,5,2,2.033,296
1,1,0,0,0,1,3,1,0.245,328
2,3,0,0,0,4,6,2,0.807,296
10,5,0,0,0,6,5,1,1.373,327
12,8,0,0,0,11,5,2,2.293,296
1,2,0,0,0,1,3,1,0.268,328
3,2,0,0,0,4,5,2,0.807,296
3,0,0,0,0,2,3,2,0.432,296
5,0,0,0,0,4,4,2,0.809,296
9,4,0,0,0,6,6,2,1.326,296
6,5,0,0,0,4,4,1,0.952,327
10,4,0,0,0,6,6,2,1.348,296
9,5,0,0,0,3,5,1,0.862,327
24,14,0,0,0,13,10,2,3.065,295
11,0,0,0,0,4,4,1,0.952,327
7,7,0,0,0,8,14,5,1.671,199
5,4,0,0,0,4,5,2,0.904,296
1,1,0,0,0,3,3,1,0.572,328
8,8,0,0,0,10,7,2,2.040,295
16,7,0,0,0,5,6,1,1.387,327
7,3,0,0,0,2,5,1,0.601,328
28,15,0,0,0,12,8,2,3.002,295
1,1,0,0,0,1,3,1,0.244,328
4,2,0,0,0,4,4,2,0.833,296
2,1,0,0,0,5,4,2,0.919,295
3,3,0,0,0,3,4,1,0.667,328
12,7,0,0,0,8,5,1,1.790,327
3,2,0,0,0,2,4,1,0.481,328
2,3,0,0,0,2,4,1,0.482,328
11,4,0,0,0,4,5,1,1.046,327
21,8,0,0,0,8,7,2,2.020,296
12,0,0,0,0,19,5,3,3.431,262
3,0,0,0,0,5,4,2,0.922,295
10,0,0,0,0,5,4,2,1.091,294
13,6,0,0,0,5,6,1,1.297,327
2,2,0,0,0,2,5,2,0.457,296
3,3,0,0,0,3,4,2,0.668,296
3,0,0,0,0,4,4,2,0.759,296
9,5,0,0,0,4,7,1,1.024,327
8,4,0,0,0,3,4,1,0.813,328
2,2,0,0,0,3,3,1,0.620,327
9,0,0,0,0,6,4,2,1.229,295
4,3,0,0,0,2,4,1,0.529,327
2,3,0,0,0,1,3,1,0.317,328
45,0,0,0,0,82,7,5,14.384,197
18,0,0,0,0,13,5,3,2.569,262
5,0,0,0,0,6,4,2,1.136,295
17,0,0,0,0,6,5,2,1.417,295
14,9,0,0,0,8,5,1,1.892,327
23,10,0,0,0,9,8,2,2.269,295
3,2,0,0,0,3,7,3,0.643,264
2,2,0,0,0,3,5,2,0.620,296
3,3,0,0,0,2,4,1,0.505,328
8,0,0,0,0,7,4,3,1.370,264
13,5,0,0,0,5,5,1,1.272,327
10,0,0,0,0,5,4,2,1.091,295
18,12,0,0,0,4,7,1,1.385,327
18,7,0,0,0,4,7,1,1.270,327
10,4,0,0,0,6,7,2,1.349,295
2,0,0,0,0,5,3,3,0.898,264
7,3,0,0,0,5,5,1,1.089,327
17,0,0,0,0,14,5,3,2.709,263
7,1,0,0,0,7,5,4,1.367,231
1,0,0,0,0,2,2,1,0.385,328
17,7,0,0,0,5,7,1,1.410,327
3,0,0,0,0,4,3,2,0.760,296
4,0,0,0,0,3,4,2,0.621,295
8,4,0,0,0,5,5,1,1.141,327
2,3,0,0,0,3,4,1,0.644,327
23,10,0,0,0,5,7,1,1.629,326
5,5,0,0,0,5,4,2,1.092,296
4,2,0,0,0,5,4,3,0.997,263
2,1,0,0,0,2,3,1,0.432,328
5,4,0,0,0,6,6,2,1.230,295
13,7,0,0,0,7,5,2,1.653,295
2,2,0,0,0,2,4,2,0.457,296
10,5,0,0,0,6,5,2,1.372,296
2,0,0,0,0,5,3,2,0.898,295
16,9,0,0,0,8,6,1,1.918,327
10,7,0,0,0,5,7,1,1.250,327
20,9,0,0,0,8,7,2,2.018,296
27,0,0,0,0,36,6,4,6.500,229
1,1,0,0,0,2,3,1,0.408,328
5,5,0,0,0,5,4,2,1.091,296
5,3,0,0,0,3,4,2,0.716,296
12,7,0,0,0,8,7,2,1.781,295
8,4,0,0,0,5,5,2,1.138,296
13,8,0,0,0,8,7,2,1.823,296
2,2,0,0,0,1,3,1,0.293,328
2,3,0,0,0,3,4,2,0.644,296
2,2,0,0,0,2,3,1,0.457,328
8,3,0,0,0,4,4,1,0.953,327
16,6,0,0,0,5,6,1,1.373,327
5,4,0,0,0,4,5,2,0.902,296
12,7,0,0,0,6,6,1,1.467,327
3,1,0,0,0,3,4,2,0.621,296
21,0,0,0,0,10,5,2,2.152,294
6,2,0,0,0,3,4,1,0.718,327
7,0,0,0,0,6,4,3,1.180,263
13,9,0,0,0,10,6,2,2.177,295
10,7,0,0,0,7,7,2,1.581,295
3,3,0,0,0,3,4,2,0.669,296
2,1,0,0,0,2,3,1,0.432,328
5,2,0,0,0,8,4,2,1.506,295
6,5,0,0,0,4,4,1,0.953,327
69,0,0,0,0,58,7,5,11.060,198
2,1,0,0,0,2,3,1,0.433,328
3,4,0,0,0,2,4,1,0.528,328
12,6,0,0,0,5,7,2,1.273,296
5,0,0,0,0,4,4,2,0.808,296
17,6,0,0,0,5,7,1,1.397,327
22,10,0,0,0,9,8,2,2.244,295
3,2,0,0,0,2,3,1,0.482,328
4,3,0,0,0,4,5,1,0.859,327
13,7,0,0,0,7,6,1,1.644,327
37,20,0,0,0,12,7,2,3.259,295
7,4,0,0,0,4,4,1,0.953,327
2,3,0,0,0,4,5,2,0.806,296
5,5,0,0,0,5,4,2,1.090,296
4,5,0,0,0,4,4,1,0.905,327
11,8,0,0,0,10,5,3,2.107,263
3,2,0,0,0,2,3,1,0.482,327
6,0,0,0,0,5,5,3,0.998,264
2,0,0,0,0,3,3,2,0.572,296
32,0,0,0,0,19,6,3,3.902,262
5,1,0,0,0,2,4,1,0.505,327
3,2,0,0,0,3,5,2,0.644,296
7,6,0,0,0,6,5,1,1.328,327
2,1,0,0,0,2,3,1,0.432,328
11,4,0,0,0,9,7,2,1.860,295
2,1,0,0,0,3,4,2,0.596,296
2,3,0,0,0,2,3,1,0.482,328
3,2,0,0,0,3,5,2,0.573,296
16,6,0,0,0,5,6,2,1.375,296
5,3,0,0,0,4,5,2,0.882,296
9,0,0,0,0,6,5,2,1.232,295
3,2,0,0,0,2,4,1,0.482,328
3,3,0,0,0,3,4,2,0.669,296
9,5,0,0,0,6,6,2,1.350,296
7,2,0,0,0,5,4,2,1.067,295
4,3,0,0,0,2,4,1,0.529,328
24,0,0,0,0,15,6,3,3.057,262
13,6,0,0,0,7,8,2,1.624,296
35,0,0,0,0,28,6,4,5.395,229
2,2,0,0,0,2,3,1,0.457,328
2,3,0,0,0,2,3,1,0.481,328
8,4,0,0,0,4,5,1,0.977,327
8,0,0,0,0,3,4,1,0.717,327
12,7,0,0,0,8,5,2,1.792,296
18,8,0,0,0,6,7,1,1.622,327
18,7,0,0,0,4,7,1,1.271,327
11,4,0,0,0,4,5,1,1.048,327
11,5,0,0,0,4,5,1,1.072,327
9,5,0,0,0,8,5,2,1.667,296
5,3,0,0,0,3,5,1,0.719,327
1,2,0,0,0,4,3,2,0.760,296
3,2,0,0,0,2,4,1,0.481,328
21,0,0,0,0,10,5,2,2.151,294
3,2,0,0,0,3,4,2,0.621,295
5,0,0,0,0,4,4,2,0.806,296
11,10,0,0,0,10,5,2,2.151,294
2,2,0,0,0,4,5,2,0.782,296
3,1,0,0,0,3,4,2,0.621,296
18,8,0,0,0,7,6,2,1.780,296
6,5,0,0,0,4,4,1,0.952,327
22,8,0,0,0,5,8,2,1.560,296
11,6,0,0,0,6,6,1,1.410,327
9,7,0,0,0,4,5,1,1.069,327
6,5,0,0,0,4,4,1,0.953,327
31,0,0,0,0,32,6,4,5.952,229
7,7,0,0,0,9,8,3,1.826,263
13,5,0,0,0,5,5,1,1.278,327
4,3,0,0,0,4,5,2,0.859,296
8,5,0,0,0,3,5,1,0.835,327
10,0,0,0,0,6,5,2,1.256,295
22,7,0,0,0,7,7,1,1.857,327
3,2,0,0,0,4,5,2,0.808,295
13,5,0,0,0,5,5,1,1.276,327
19,8,0,0,0,4,7,1,1.332,327
5,2,0,0,0,5,9,4,1.019,231
2,1,0,0,0,2,3,1,0.432,328
8,0,0,0,0,7,4,2,1.370,295
3,2,0,0,0,2,4,1,0.480,328
19,6,0,0,0,6,7,1,1.612,327
10,1,0,0,0,12,5,3,2.255,263
15,10,0,0,0,8,6,1,1.918,327
9,0,0,0,0,6,4,2,1.232,295
5,0,0,0,0,6,4,2,1.137,295
11,7,0,0,0,4,6,1,1.106,327
1,1,0,0,0,1,2,1,0.245,328
2,1,0,0,0,2,3,2,0.432,296
6,3,0,0,0,3,5,1,0.743,327
21,0,0,0,0,42,6,5,7.341,198
19,7,0,0,0,5,7,1,1.473,327
9,5,0,0,0,4,6,2,1.018,295
10,4,0,0,0,4,5,1,1.024,327
1,0,0,0,0,2,2,1,0.385,328
11,4,0,0,0,4,5,1,1.046,327
2,2,0,0,0,2,3,1,0.457,328
4,0,0,0,0,3,3,2,0.621,296
5,0,0,0,0,4,4,2,0.808,296
13,9,0,0,0,9,5,2,2.016,296
23,10,0,0,0,10,8,2,2.445,296
7,6,0,0,0,8,11,4,1.650,230
20,13,0,0,0,22,6,2,4.389,294
2,2,0,0,0,1,3,1,0.293,328
3,2,0,0,0,2,3,1,0.482,328
11,10,0,0,0,10,5,2,2.149,294
9,7,0,0,0,7,5,2,1.549,296
13,6,0,0,0,7,7,2,1.623,296
8,3,0,0,0,4,6,2,0.953,296
26,12,0,0,0,9,6,2,2.397,295
1,0,0,0,0,2,2,1,0.384,328
17,5,0,0,0,5,6,2,1.371,295
10,4,0,0,0,6,7,2,1.349,296
9,5,0,0,0,5,5,1,1.185,327
3,0,0,0,0,4,3,3,0.760,264
3,2,0,0,0,3,5,2,0.643,296
24,13,0,0,0,10,7,1,2.531,326
4,2,0,0,0,3,4,2,0.669,296
5,0,0,0,0,6,4,2,1.138,295
35,0,0,0,0,28,6,4,5.388,230
4,5,0,0,0,5,8,3,1.065,264
6,3,0,0,0,4,4,1,0.903,327
2,2,0,0,0,2,3,1,0.456,328
5,0,0,0,0,2,3,1,0.481,328
5,3,0,0,0,3,4,1,0.718,327
5,0,0,0,0,3,4,2,0.643,296
3,3,0,0,0,4,5,2,0.833,296
27,14,0,0,0,17,8,2,3.760,295
23,0,0,0,0,40,6,4,7.056,229
3,4,0,0,0,3,5,1,0.695,327
4,3,0,0,0,2,4,1,0.530,328
3,3,0,0,0,4,5,2,0.832,296
36,20,0,0,0,17,9,2,4.103,295
2,1,0,0,0,2,4,2,0.432,296
27,15,0,0,0,13,7,2,3.148,295
4,0,0,0,0,5,4,2,0.945,296
3,2,0,0,0,4,4,1,0.713,327
1,2,0,0,0,2,3,1,0.432,328
15,5,0,0,0,7,7,1,1.642,327
2,3,0,0,0,2,3,1,0.482,328
9,0,0,0,0,6,4,2,1.231,295
18,6,0,0,0,5,7,1,1.409,327
3,2,0,0,0,3,4,2,0.643,296
10,7,0,0,0,7,6,2,1.583,296
2,1,0,0,0,2,3,1,0.433,328
30,0,0,0,0,33,6,4,6.086,230
19,0,0,0,0,6,6,2,1.472,295
31,18,0,0,0,15,8,2,3.616,296
2,1,0,0,0,2,4,1,0.432,328
8,0,0,0,0,3,5,2,0.718,296
1,1,0,0,0,1,2,1,0.245,328
0,1,0,0,0,2,2,1,0.385,328
28,8,0,0,0,10,8,2,2.504,295
14,5,0,0,0,7,7,2,1.622,296
13,10,0,0,0,8,5,2,1.889,296
5,4,0,0,0,6,8,3,1.231,263
3,1,0,0,0,3,4,2,0.621,296
15,5,0,0,0,5,6,1,1.336,327
6,5,0,0,0,6,7,2,1.277,296
1,2,0,0,0,2,4,1,0.432,328
5,5,0,0,0,5,4,2,1.090,296
4,4,0,0,0,3,5,1,0.717,327
2,2,0,0,0,2,4,2,0.457,296
3,2,0,0,0,2,4,2,0.481,296
4,3,0,0,0,6,5,2,1.183,295
2,0,0,0,0,5,3,3,0.898,264
4,2,0,0,0,5,4,3,0.997,263
5,0,0,0,0,3,4,2,0.644,296
8,0,0,0,0,5,4,2,1.041,295
13,6,0,0,0,6,7,2,1.472,295
6,0,0,0,0,9,4,3,1.646,263
10,7,0,0,0,8,6,2,1.749,296
3,2,0,0,0,4,4,2,0.807,295
20,10,0,0,0,5,8,1,1.569,327
8,0,0,0,0,7,4,3,1.368,263
8,5,0,0,0,5,6,1,1.163,327
16,14,0,0,0,13,6,2,2.848,295
26,9,0,0,0,10,7,2,2.477,296
1,0,0,0,0,2,2,1,0.385,328
21,10,0,0,0,8,6,1,2.065,326
1,1,0,0,0,2,3,1,0.408,328
8,6,0,0,0,5,5,2,1.188,295
4,4,0,0,0,2,4,1,0.554,327
16,6,0,0,0,7,6,2,1.705,296
8,0,0,0,0,7,4,2,1.367,295
2,2,0,0,0,2,5,2,0.457,296
23,0,0,0,0,12,6,3,2.549,263
6,5,0,0,0,6,6,2,1.277,296
26,14,0,0,0,14,9,2,3.240,295
13,6,0,0,0,5,6,2,1.295,296
9,6,0,0,0,4,6,1,1.048,327
1,2,0,0,0,2,3,1,0.433,328
3,1,0,0,0,2,4,2,0.457,296
8,3,0,0,0,4,5,1,0.952,327
6,2,0,0,0,7,4,2,1.369,295
7,4,0,0,0,4,5,2,0.951,296
24,12,0,0,0,12,7,2,2.841,296
9,0,0,0,0,10,5,2,1.880,295
5,3,0,0,0,3,4,1,0.717,327
5,4,0,0,0,2,4,1,0.579,327
11,4,0,0,0,11,10,4,2.185,231
4,0,0,0,0,3,3,2,0.621,296
2,3,0,0,0,2,3,1,0.482,328
3,3,0,0,0,3,5,2,0.669,295
16,0,0,0,0,5,8,2,1.233,296
6,0,0,0,0,5,4,2,0.997,296
5,3,2,0,0,4,6,2,0.558,308
9,6,0,0,0,5,5,2,1.207,296
4,3,0,0,0,4,4,1,0.859,327
28,15,0,0,0,20,11,3,4.294,262
4,3,0,0,0,2,5,1,0.528,327
4,2,0,0,0,3,4,2,0.668,296
4,0,0,0,0,3,4,2,0.621,295
2,2,0,0,0,3,3,1,0.621,328
5,1,0,0,0,2,4,1,0.505,328
1,3,0,0,0,1,3,1,0.293,328
9,3,0,0,0,3,6,1,0.814,327
2,3,0,0,0,3,4,2,0.644,296
3,2,0,0,0,2,4,1,0.481,328
7,0,0,0,0,8,4,3,1.507,263
13,9,0,0,0,9,5,2,2.008,296
4,0,0,0,0,3,3,1,0.620,328
8,4,0,0,0,4,6,2,0.977,296
10,3,0,0,0,4,5,1,0.999,327
14,5,0,0,0,5,7,2,1.295,296
27,11,0,0,0,12,7,2,2.876,296
18,9,0,0,0,10,7,2,2.294,295
2,2,0,0,0,2,3,1,0.456,328
3,3,0,0,0,2,4,1,0.505,328
26,13,0,0,0,12,6,2,2.924,295
6,5,0,0,0,4,4,1,0.951,327
6,0,0,0,0,6,4,2,1.161,295
7,4,0,0,0,4,4,1,0.951,327
4,3,0,0,0,4,4,1,0.859,327
4,1,0,0,0,2,3,1,0.481,328
10,0,0,0,0,5,4,2,1.090,295
14,9,0,0,0,8,5,2,1.875,296
2,1,0,0,0,2,4,2,0.432,296
10,2,0,0,0,3,5,1,0.812,327
6,0,0,0,0,9,4,2,1.645,295
10,0,0,0,0,7,5,3,1.416,264
6,0,0,0,0,7,4,2,1.321,295
6,4,0,0,0,5,4,2,1.091,296
15,3,0,0,0,9,6,1,1.937,327
4,2,0,0,0,3,5,2,0.669,296
6,4,0,0,0,5,4,2,1.089,295
3,3,0,0,0,2,5,1,0.505,327
5,3,0,0,0,4,5,2,0.879,296
5,4,0,0,0,2,4,1,0.577,327
2,1,0,0,0,1,3,1,0.268,328
4,2,0,0,0,3,4,1,0.669,327
6,5,0,0,0,4,4,1,0.952,327
14,7,0,0,0,8,5,2,1.827,296
11,6,0,0,0,5,5,1,1.248,327
3,2,0,0,0,3,4,1,0.644,327
11,10,0,0,0,10,5,2,2.152,295
2,2,0,0,0,2,3,1,0.457,328
2,1,0,0,0,3,4,2,0.595,296
2,2,0,0,0,2,3,1,0.456,328
18,8,0,0,0,4,7,1,1.293,327
15,6,0,0,0,5,7,1,1.340,327
1,1,0,0,0,2,3,1,0.407,328
3,2,0,0,0,3,4,2,0.643,295
4,3,0,0,0,4,4,1,0.858,327
21,8,0,0,0,10,6,2,2.358,296
4,4,0,0,0,3,4,1,0.718,327
3,0,0,0,0,2,3,1,0.433,328
3,2,0,0,0,1,3,1,0.317,328
19,0,0,0,0,12,5,3,2.448,263
11,5,0,0,0,3,5,1,0.910,327
21,9,0,0,0,10,8,2,2.371,296
2,1,0,0,0,3,4,1,0.596,328
1,2,0,0,0,1,3,1,0.268,328
13,0,0,0,0,10,5,2,1.977,295
2,2,0,0,0,2,3,1,0.457,328
7,6,0,0,0,6,6,2,1.328,295
13,4,0,0,0,10,6,2,2.069,295
1,2,0,0,0,2,3,2,0.431,296
21,9,0,0,0,6,7,2,1.728,296
17,14,0,0,0,20,7,3,4.003,262
3,3,0,0,0,3,5,2,0.669,296
6,5,0,0,0,4,4,1,0.953,327
32,16,0,0,0,16,10,2,3.762,295
8,4,0,0,0,5,7,2,1.139,295
17,7,0,0,0,4,7,1,1.251,327
15,0,0,0,0,17,6,3,3.146,262
5,0,0,0,0,6,4,3,1.137,263
6,0,0,0,0,5,4,2,0.997,295
23,7,0,0,0,8,9,2,2.049,295
2,1,0,0,0,1,3,1,0.268,328
5,4,0,0,0,6,5,2,1.230,296
7,0,0,0,0,8,4,2,1.507,295
2,0,0,0,0,2,3,2,0.408,296
3,0,0,0,0,2,3,1,0.433,328
11,7,0,0,0,5,6,2,1.282,295
11,9,0,0,0,10,7,2,2.129,296
11,6,0,0,0,5,7,2,1.249,296
1,1,0,0,0,2,3,1,0.408,328
3,2,0,0,0,3,5,2,0.644,296
10,0,0,0,0,9,5,3,1.744,263
9,6,0,0,0,4,5,1,1.048,327
4,3,0,0,0,3,4,1,0.693,327
6,3,0,0,0,4,4,1,0.904,327
10,7,0,0,0,5,7,2,1.257,296
7,6,0,0,0,7,16,5,1.486,198
2,1,0,0,0,3,4,2,0.595,296
17,6,0,0,0,6,6,1,1.547,327
3,3,0,0,0,3,4,2,0.669,296
4,4,0,0,0,3,4,2,0.717,296
6,5,0,0,0,4,5,1,0.950,327
3,3,0,0,0,4,5,2,0.833,296
7,6,0,0,0,4,6,1,0.996,327
5,4,0,0,0,3,5,1,0.742,327
2,3,0,0,0,2,3,1,0.482,328
11,7,0,0,0,5,6,2,1.278,296
13,9,0,0,0,9,5,2,2.030,296
17,12,0,0,0,10,6,2,2.368,295
15,5,0,0,0,7,7,1,1.645,327
6,0,0,0,0,4,4,2,0.834,296
17,6,0,0,0,6,7,2,1.552,296
9,4,0,0,0,2,4,1,0.675,327
10,5,0,0,0,4,6,1,1.046,327
2,2,0,0,0,4,5,2,0.783,296
9,0,0,0,0,6,4,2,1.232,295
2,2,0,0,0,1,3,1,0.293,328
5,4,0,0,0,4,4,2,0.904,296
24,0,0,0,0,25,25,13,4.664,0
10,8,0,0,0,6,6,1,1.443,327
4,2,0,0,0,3,4,2,0.668,296
4,3,0,0,0,2,4,1,0.529,327
3,2,0,0,0,2,3,1,0.481,328
6,0,0,0,0,7,4,2,1.322,295
10,7,0,0,0,5,7,1,1.248,327
6,0,0,0,0,3,4,2,0.668,296
3,1,0,0,0,3,4,1,0.621,328
16,6,0,0,0,5,7,1,1.367,327
3,2,0,0,0,2,3,2,0.482,296
2,3,0,0,0,3,4,2,0.644,296
6,6,0,0,0,7,12,4,1.464,231
3,4,0,0,0,4,5,2,0.858,296
13,9,0,0,0,9,5,2,2.012,296
10,4,0,0,0,4,7,1,1.021,327
3,2,0,0,0,2,4,1,0.482,328
13,5,0,0,0,5,6,1,1.272,327
23,10,0,0,0,11,8,2,2.612,295
8,5,0,0,0,6,5,1,1.326,327
10,0,0,0,0,5,4,2,1.091,296
8,2,0,0,0,4,5,1,0.928,327
18,10,0,0,0,10,8,2,2.323,295
15,0,0,0,0,8,5,3,1.692,262
19,8,0,0,0,5,8,1,1.483,327
5,3,0,0,0,5,4,1,1.043,327
17,0,0,0,0,14,6,4,2.728,231
13,9,0,0,0,9,5,2,2.010,296
2,2,0,0,0,3,3,2,0.621,296
4,3,0,0,0,3,4,1,0.694,327
6,4,0,0,0,5,8,3,1.092,263
4,0,0,0,0,3,3,2,0.620,295
21,10,0,0,0,16,10,3,3.374,264
5,4,0,0,0,6,4,2,1.230,295
2,1,0,0,0,4,3,1,0.761,328
3,0,0,0,0,2,3,2,0.433,296
12,6,0,0,0,4,6,1,1.108,327
2,1,0,0,0,2,3,2,0.433,296
2,2,0,0,0,2,3,1,0.457,328
29,0,0,0,0,34,6,4,6.223,230
10,4,0,0,0,3,5,1,0.858,327
2,1,0,0,0,2,3,1,0.433,328
5,2,0,0,0,4,4,1,0.808,327
27,12,0,0,0,14,8,2,3.229,295
19,0,0,0,0,12,5,3,2.428,262
4,3,0,0,0,4,5,2,0.859,296
15,6,0,0,0,6,6,2,1.506,296
2,2,0,0,0,3,3,1,0.621,327
4,2,0,0,0,3,4,2,0.669,296
16,7,0,0,0,5,6,1,1.389,327
7,5,0,0,0,1,5,1,0.486,328
6,3,0,0,0,4,4,1,0.904,327
9,0,0,0,0,6,4,2,1.232,295
3,3,0,0,0,3,4,2,0.667,296
13,3,0,0,0,7,6,2,1.560,295
44,14,0,0,0,14,11,2,3.682,295
22,8,0,0,0,9,7,1,2.217,327
3,1,0,0,0,3,3,2,0.622,296
5,2,0,0,0,3,4,1,0.694,327
29,14,0,0,0,14,8,2,3.319,295
3,2,0,0,0,2,3,1,0.481,328
20,6,0,0,0,6,7,2,1.620,296
24,9,0,0,0,7,8,2,1.950,295
2,2,0,0,0,2,3,1,0.457,328
7,0,0,0,0,4,4,2,0.856,295
6,5,0,0,0,4,4,1,0.952,327
2,2,0,0,0,3,3,1,0.620,328
10,6,0,0,0,3,5,1,0.908,327
4,3,0,0,0,4,4,2,0.857,296
16,0,0,0,0,11,6,3,2.206,263
9,0,0,0,0,6,5,2,1.231,295
5,3,0,0,0,3,4,1,0.719,327
4,2,0,0,0,3,6,2,0.668,296
18,7,0,0,0,7,7,2,1.760,296
3,2,0,0,0,2,4,1,0.481,328
21,8,0,0,0,13,7,2,2.822,295
12,5,0,0,0,9,7,2,1.906,295
22,13,0,0,0,6,8,1,1.831,326
18,5,0,0,0,4,8,1,1.224,327
6,5,0,0,0,6,6,2,1.278,295
13,0,0,0,0,7,5,2,1.490,295
16,5,0,0,0,6,8,2,1.511,296
5,4,0,0,0,4,5,2,0.904,296
3,2,0,0,0,2,3,1,0.482,328
2,1,0,0,0,2,5,2,0.433,296
9,4,0,0,0,2,4,1,0.674,327
6,0,0,0,0,8,5,3,1.483,263
6,4,0,0,0,5,4,2,1.093,296
12,0,0,0,0,5,5,2,1.137,295
4,0,0,0,0,4,4,3,0.784,263
2,1,0,0,0,2,3,2,0.432,296
2,2,0,0,0,3,3,1,0.620,328
12,5,0,0,0,5,6,1,1.245,327
4,3,0,0,0,4,4,1,0.856,327
15,7,0,0,0,9,6,2,2.009,295
3,4,0,0,0,4,4,2,0.860,296
4,4,0,0,0,4,4,2,0.882,296
2,2,0,0,0,2,4,1,0.458,328
12,5,0,0,0,8,6,2,1.748,296
5,3,0,0,0,3,4,1,0.718,327
4,2,0,0,0,3,4,2,0.669,296
3,2,0,0,0,1,4,1,0.317,328
2,2,0,0,0,2,3,1,0.457,327
14,0,0,0,0,17,5,3,3.141,263
3,2,0,0,0,2,4,1,0.456,328
1,1,0,0,0,1,2,1,0.246,329
5,5,0,0,0,5,4,2,1.091,296
5,4,0,0,0,5,6,2,1.066,295
3,2,0,0,0,5,5,1,0.971,327
5,2,0,0,0,2,4,1,0.530,328
3,2,0,0,0,1,3,1,0.317,328
25,7,0,0,0,7,7,2,1.940,296
21,7,0,0,0,12,8,2,2.645,295
15,0,0,0,0,6,7,2,1.375,295
11,5,0,0,0,4,5,1,1.068,327
22,9,0,0,0,8,7,2,2.078,296
3,3,0,0,0,2,4,1,0.504,328
2,3,0,0,0,3,4,2,0.644,296
4,3,0,0,0,5,9,4,1.021,231
21,12,0,0,0,10,9,2,2.437,294
12,0,0,0,0,6,5,2,1.303,296
5,0,0,0,0,6,4,2,1.136,295
4,0,0,0,0,3,4,2,0.620,296
16,0,0,0,0,15,5,2,2.861,294
14,0,0,0,0,17,5,3,3.123,262
3,2,0,0,0,4,4,2,0.807,295
21,4,0,0,0,8,8,2,1.919,296
2,2,0,0,0,3,5,2,0.620,296
14,11,0,0,0,12,11,4,2.567,231
6,4,0,0,0,5,7,2,1.091,296
8,2,0,0,0,7,5,3,1.418,264
21,9,0,0,0,5,10,2,1.568,295
19,5,0,0,0,7,7,1,1.755,327
16,6,0,0,0,6,7,1,1.527,327
12,0,0,0,0,12,5,3,2.275,263
3,1,0,0,0,1,3,1,0.293,329
5,5,0,0,0,5,5,2,1.092,295
2,3,0,0,0,3,6,2,0.643,296
1,2,0,0,0,1,3,1,0.268,328
2,2,0,0,0,3,4,2,0.621,296
2,2,0,0,0,3,3,2,0.621,295
4,4,0,0,0,3,7,2,0.716,296
5,0,0,0,0,6,4,2,1.137,295
11,4,0,0,0,4,5,1,1.047,327
2,2,0,0,0,2,3,1,0.457,328
10,5,0,0,0,8,5,2,1.696,296
7,3,0,0,0,4,6,1,0.929,327
6,0,0,0,0,5,4,2,0.997,295
18,8,0,0,0,6,7,1,1.618,327
9,0,0,0,0,6,4,2,1.230,295
13,0,0,0,0,14,6,3,2.616,262
8,0,0,0,0,6,4,2,1.206,295
2,0,0,0,0,3,3,1,0.572,328
2,0,0,0,0,3,3,2,0.572,296
8,5,0,0,0,4,6,2,0.998,296
7,4,0,0,0,4,5,1,0.952,327
2,1,0,0,0,1,3,1,0.268,328
8,3,0,0,0,4,7,2,0.951,296
4,4,0,0,0,3,4,1,0.718,327
3,0,0,0,0,4,3,2,0.759,296
3,2,0,0,0,3,4,2,0.644,295
5,2,0,0,0,2,4,1,0.529,328
2,2,0,0,0,2,4,1,0.457,328
18,7,0,0,0,7,7,2,1.756,296
13,0,0,0,0,11,5,3,2.141,263
2,0,0,0,0,2,3,1,0.407,328
7,7,0,0,0,6,6,2,1.348,296
2,1,0,0,0,2,3,1,0.432,328
4,3,0,0,0,3,4,1,0.693,327
13,7,0,0,0,11,5,2,2.301,296
10,0,0,0,0,8,5,2,1.580,295
5,4,0,0,0,4,4,2,0.903,295
8,3,0,0,0,6,6,2,1.279,295
23,9,0,0,0,6,8,1,1.770,327
2,1,0,0,0,3,3,1,0.596,328
11,4,0,0,0,6,6,2,1.371,295
15,9,0,0,0,9,7,2,2.069,296
2,1,0,0,0,2,3,2,0.432,296
2,2,0,0,0,2,3,1,0.457,328
5,0,0,0,0,10,4,2,1.784,295
4,4,0,0,0,4,5,2,0.882,295
3,1,0,0,0,3,3,2,0.622,296
19,0,0,0,0,10,6,2,2.117,294
5,3,0,0,0,5,5,2,1.043,296
12,7,0,0,0,4,5,1,1.137,327
17,7,0,0,0,9,7,2,2.057,295
18,0,0,0,0,13,5,3,2.570,262
2,1,0,0,0,3,3,1,0.596,328
6,3,0,0,0,6,5,2,1.232,296
2,2,0,0,0,3,3,2,0.620,296
4,3,0,0,0,2,4,1,0.529,328
7,0,0,0,0,4,4,3,0.856,264
10,5,0,0,0,4,5,1,1.050,327
8,0,0,0,0,7,4,3,1.370,264
22,11,0,0,0,6,8,1,1.800,327
14,9,0,0,0,8,5,1,1.878,327
4,0,0,0,0,4,4,3,0.782,264
2,1,0,0,0,2,3,2,0.432,296
40,27,0,0,0,16,8,2,4.198,295
20,11,0,0,0,8,6,1,2.096,326
7,0,0,0,0,4,4,1,0.859,327
1,2,0,0,0,1,3,1,0.268,328
2,2,0,0,0,2,5,2,0.457,296
5,2,0,0,0,4,4,1,0.857,327
16,5,0,0,0,6,7,2,1.519,296
20,10,0,0,0,6,7,2,1.712,296
2,2,0,0,0,3,5,2,0.621,296
19,6,0,0,0,7,7,2,1.757,296
15,10,0,0,0,6,5,1,1.607,327
2,2,0,0,0,2,4,1,0.457,328
23,10,0,0,0,13,8,2,2.921,295
2,2,0,0,0,2,3,1,0.457,328
7,0,0,0,0,8,4,2,1.508,295
4,2,0,0,0,3,4,1,0.668,327
8,0,0,0,0,7,4,3,1.369,263
7,0,0,0,0,8,4,3,1.509,263
20,9,0,0,0,4,7,1,1.364,327
2,3,0,0,0,2,3,1,0.481,327
2,2,0,0,0,2,5,2,0.457,296
6,4,0,0,0,5,4,2,1.091,295
5,3,0,0,0,3,5,1,0.718,327
3,1,0,0,0,2,3,1,0.457,328
5,4,0,0,0,5,5,1,1.063,327
8,7,0,0,0,6,7,2,1.371,295
10,4,0,0,0,5,6,2,1.186,296
2,2,0,0,0,3,3,2,0.621,296
4,2,0,0,0,3,4,2,0.667,296
9,7,0,0,0,3,6,1,0.909,327
4,4,0,0,0,3,4,1,0.718,328
2,2,0,0,0,4,5,1,0.688,327
2,2,0,0,0,2,3,2,0.457,296
37,12,0,0,0,13,9,2,3.305,295
6,5,0,0,0,8,6,2,1.602,295
26,9,0,0,0,10,8,2,2.482,296
10,7,0,0,0,10,10,3,2.070,263
11,4,0,0,0,7,6,2,1.528,296
6,5,0,0,0,4,4,1,0.951,327
16,8,0,0,0,5,7,1,1.409,327
2,0,0,0,0,3,3,2,0.572,296
19,7,0,0,0,7,7,1,1.782,327
27,13,0,0,0,12,9,2,2.940,295
20,12,0,0,0,11,6,2,2.576,295
2,2,0,0,0,3,3,2,0.620,296
4,0,0,0,0,3,3,1,0.621,327
16,6,0,0,0,4,6,1,1.204,327
1,1,0,0,0,1,3,1,0.245,328
3,2,0,0,0,1,3,1,0.316,328
2,1,0,0,0,2,4,2,0.433,296
1,2,0,0,0,2,3,2,0.432,296
2,2,0,0,0,2,4,1,0.457,328
10,5,0,0,0,9,6,2,1.859,296
9,4,0,0,0,5,5,2,1.163,296
11,6,0,0,0,6,6,2,1.419,296
12,7,0,0,0,8,6,2,1.793,296
7,3,0,0,0,5,4,2,1.091,296
2,1,0,0,0,2,4,2,0.433,296
5,4,0,0,0,2,4,1,0.578,328
16,0,0,0,0,15,5,3,2.843,262
15,6,0,0,0,6,7,2,1.505,296
11,6,0,0,0,6,6,1,1.418,327
3,1,0,0,0,4,4,2,0.783,296
7,3,0,0,0,4,6,2,0.928,296
4,5,0,0,0,5,6,2,1.066,296
19,7,0,0,0,5,7,1,1.477,327
10,5,0,0,0,7,6,2,1.525,295
2,2,0,0,0,3,4,1,0.621,328
22,12,0,0,0,13,6,2,2.956,295
27,15,0,0,0,6,8,1,2.010,326
19,8,0,0,0,10,8,2,2.291,295
6,5,0,0,0,4,4,1,0.952,327
4,3,0,0,0,2,4,1,0.529,328
15,12,0,0,0,14,10,3,2.940,263
14,5,0,0,0,5,6,1,1.296,327
10,0,0,0,0,5,4,2,1.092,295
11,5,0,0,0,4,7,1,1.071,327
4,0,0,0,0,4,4,2,0.783,296
21,0,0,0,0,10,5,2,2.151,294
5,2,0,0,0,4,6,3,0.858,264
7,5,0,0,0,7,7,2,1.464,295
6,5,0,0,0,4,4,1,0.953,327
1,2,0,0,0,2,3,1,0.432,328
4,3,0,0,0,3,4,2,0.695,296
6,4,0,0,0,4,5,2,0.927,295
13,10,0,0,0,8,6,2,1.892,296
3,1,0,0,0,3,3,2,0.622,296
2,1,0,0,0,2,3,2,0.433,296
4,3,0,0,0,2,4,1,0.529,327
3,0,0,0,0,4,4,2,0.759,296
8,4,0,0,0,3,5,1,0.815,327
15,7,0,0,0,6,7,1,1.527,327
1,1,0,0,0,2,3,1,0.408,328
6,4,0,0,0,5,4,2,1.092,296
9,0,0,0,0,6,4,2,1.228,295
10,5,0,0,0,4,5,1,1.046,327
2,2,0,0,0,2,4,1,0.457,328
2,2,0,0,0,2,3,1,0.457,328
4,1,0,0,0,3,5,2,0.643,296
3,4,0,0,0,3,4,2,0.693,296
8,4,0,0,0,4,6,2,0.979,296
1,2,0,0,0,4,3,1,0.666,327
5,3,0,0,0,3,4,1,0.718,328
2,2,0,0,0,3,4,1,0.622,327
10,10,0,0,0,10,20,7,2.129,133
17,11,0,0,0,11,6,2,2.495,296
7,3,0,0,0,4,7,2,0.927,296
19,10,0,0,0,7,7,1,1.855,327
45,0,0,0,0,20,8,3,4.339,262
7,2,0,0,0,3,4,1,0.743,328
13,8,0,0,0,7,6,2,1.667,296
5,4,0,0,0,5,4,2,1.065,296
9,0,0,0,0,14,5,3,2.531,263
5,4,0,0,0,2,4,1,0.578,327
88,40,0,0,0,37,11,3,9.026,264
12,7,0,0,0,8,6,1,1.789,327
30,8,0,0,0,8,8,2,2.230,296
5,3,0,0,0,3,4,1,0.718,327
4,3,0,0,0,6,4,1,1.182,327
4,3,0,0,0,6,5,2,1.183,296
6,2,0,0,0,3,4,1,0.718,327
4,3,0,0,0,3,5,2,0.694,296
27,11,0,0,0,11,7,2,2.710,295
2,2,0,0,0,2,4,1,0.458,328
2,3,0,0,0,2,3,1,0.481,328
1,1,0,0,0,1,2,1,0.245,328
6,0,0,0,0,5,4,2,0.998,295
3,2,0,0,0,2,3,1,0.482,328
4,0,0,0,0,4,4,2,0.782,295
4,3,0,0,0,4,4,2,0.860,296
4,3,0,0,0,4,4,1,0.857,327
6,6,0,0,0,7,9,3,1.467,263
1,2,0,0,0,3,3,1,0.598,327
5,3,0,0,0,3,5,2,0.719,296
2,1,0,0,0,2,3,1,0.433,328
18,6,0,0,0,6,7,2,1.576,296
9,6,0,0,0,7,6,2,1.526,296
3,2,0,0,0,2,4,1,0.482,328
2,1,0,0,0,3,4,2,0.597,295
8,0,0,0,0,7,4,3,1.369,264
5,4,0,0,0,4,5,2,0.904,296
2,2,0,0,0,3,3,2,0.622,296
10,4,0,0,0,5,7,2,1.189,296
3,2,0,0,0,6,4,1,1.137,327
15,7,0,0,0,7,7,1,1.687,327
6,0,0,0,0,9,4,3,1.647,263
5,2,0,0,0,6,5,2,1.182,296
3,1,0,0,0,1,3,1,0.293,328
3,2,0,0,0,2,3,1,0.481,328
15,7,0,0,0,4,6,1,1.211,327
3,4,0,0,0,4,5,2,0.859,295
4,3,0,0,0,3,5,1,0.694,327
2,2,0,0,0,5,5,1,0.947,327
1,2,0,0,0,3,3,1,0.596,328
12,6,0,0,0,4,6,1,1.120,327
4,4,0,0,0,4,4,2,0.882,296
21,10,0,0,0,10,8,2,2.386,295
17,6,0,0,0,6,7,1,1.550,327
19,5,0,0,0,5,6,1,1.425,327
2,2,0,0,0,2,4,1,0.457,327
5,4,0,0,0,4,4,2,0.903,296
6,4,0,0,0,5,4,2,1.092,296
9,3,0,0,0,3,5,1,0.813,327
6,0,0,0,0,6,5,2,1.159,295
3,2,0,0,0,3,4,2,0.644,296
5,3,0,0,0,5,5,2,1.042,295
8,3,0,0,0,4,4,1,0.951,328
23,11,0,0,0,14,8,2,3.119,296
9,6,0,0,0,5,7,2,1.207,296
24,10,0,0,0,10,7,1,2.475,326
13,0,0,0,0,6,5,2,1.329,295
4,4,0,0,0,5,5,2,1.040,295
5,2,0,0,0,3,4,1,0.695,327
4,0,0,0,0,5,4,2,0.950,296
7,0,0,0,0,4,4,2,0.858,296
3,3,0,0,0,2,4,1,0.505,328
3,2,0,0,0,3,4,2,0.644,296
4,4,0,0,0,3,4,1,0.718,327
2,2,0,0,0,4,6,3,0.783,264
5,5,0,0,0,6,10,4,1.255,231
5,0,0,0,0,6,4,2,1.138,295
32,0,0,0,0,15,6,2,3.227,294
6,2,0,0,0,5,4,2,1.040,295
2,3,0,0,0,2,3,1,0.482,328
6,5,0,0,0,4,4,2,0.952,296
4,4,0,0,0,4,10,3,0.881,263
13,7,0,0,0,7,7,2,1.652,296
5,0,0,0,0,4,4,2,0.808,296
14,9,0,0,0,8,6,1,1.892,327
5,0,0,0,0,6,4,2,1.136,295
1,2,0,0,0,1,3,1,0.268,328
19,0,0,0,0,12,5,3,2.427,263
6,5,0,0,0,6,5,2,1.274,296
8,0,0,0,0,5,4,2,1.044,295
3,1,0,0,0,1,4,1,0.292,328
8,4,0,0,0,3,4,1,0.814,327
24,13,0,0,0,12,7,2,2.849,295
6,6,0,0,0,6,15,5,1.301,198
3,3,0,0,0,3,5,2,0.669,296
18,7,0,0,0,6,6,1,1.615,327
20,9,0,0,0,8,6,2,2.023,295
11,6,0,0,0,6,5,2,1.411,296
6,4,0,0,0,5,4,2,1.091,295
2,0,0,0,0,2,3,2,0.408,296
18,0,0,0,0,13,5,3,2.570,263
6,5,0,0,0,5,6,2,1.117,296
5,0,0,0,0,5,4,2,0.971,295
9,5,0,0,0,5,7,2,1.186,296
4,3,0,0,0,4,5,1,0.858,327
1,1,0,0,0,2,3,1,0.407,328
4,5,0,0,0,4,4,1,0.904,327
20,7,0,0,0,7,7,1,1.807,326
12,10,0,0,0,10,6,2,2.175,294
21,8,0,0,0,7,7,1,1.863,327
11,5,0,0,0,6,5,1,1.389,327
15,5,0,0,0,5,6,1,1.332,327
13,9,0,0,0,9,6,2,2.012,295
14,6,0,0,0,5,6,1,1.331,327
8,4,0,0,0,5,5,1,1.140,327
4,2,0,0,0,4,4,3,0.833,264
18,9,0,0,0,6,7,1,1.644,327
4,0,0,0,0,5,4,3,0.946,263
2,1,0,0,0,1,3,1,0.268,329
11,7,0,0,0,9,5,2,1.929,296
16,6,0,0,0,6,6,1,1.526,327
19,11,0,0,0,8,8,2,2.045,295
13,7,0,0,0,7,5,1,1.653,327
10,7,0,0,0,8,6,2,1.747,295
16,0,0,0,0,15,5,3,2.846,262
11,0,0,0,0,6,5,2,1.275,295
4,4,0,0,0,5,10,4,1.043,231
3,2,0,0,0,3,4,1,0.643,328
12,7,0,0,0,4,5,1,1.136,327
18,8,0,0,0,9,7,2,2.125,295
15,4,0,0,0,7,7,2,1.623,296
10,6,0,0,0,7,7,2,1.556,296
3,3,0,0,0,3,5,2,0.670,296
8,0,0,0,0,5,5,2,1.044,296
14,9,0,0,0,6,5,1,1.547,327
10,3,0,0,0,6,5,1,1.325,327
35,19,0,0,0,11,8,2,3.116,295
17,6,0,0,0,6,7,1,1.550,327
16,5,0,0,0,5,7,1,1.341,327
5,0,0,0,0,6,4,3,1.136,263
5,0,0,0,0,6,4,2,1.136,295
5,3,0,0,0,4,5,2,0.879,296
3,1,0,0,0,3,4,2,0.620,296
4,4,0,0,0,3,4,1,0.716,327
12,6,0,0,0,7,6,2,1.609,295
4,3,0,0,0,4,5,1,0.858,327
3,2,0,0,0,2,3,1,0.457,328
22,9,0,0,0,11,8,2,2.553,295
3,2,0,0,0,2,4,1,0.482,328
3,3,0,0,0,4,4,2,0.833,296
3,1,0,0,0,2,4,1,0.457,328
6,5,0,0,0,4,4,2,0.952,296
15,6,0,0,0,5,6,1,1.342,327
18,5,0,0,0,7,7,2,1.716,296
12,6,0,0,0,5,5,2,1.276,295
3,0,0,0,0,3,4,2,0.596,296
17,13,0,0,0,17,6,3,3.497,262
1,1,0,0,0,2,4,2,0.408,296
2,3,0,0,0,2,3,1,0.481,328
4,3,0,0,0,3,4,1,0.695,327
12,6,0,0,0,7,6,1,1.607,327
7,0,0,0,0,4,6,2,0.859,295
2,2,0,0,0,3,4,2,0.621,296
15,6,0,0,0,4,8,2,1.193,296
4,3,0,0,0,8,4,1,1.507,327
3,0,0,0,0,2,3,2,0.432,296
31,16,0,0,0,16,7,2,3.738,295
2,2,0,0,0,2,4,2,0.457,296
3,0,0,0,0,2,3,2,0.432,296
9,0,0,0,0,6,5,3,1.231,264
8,5,0,0,0,8,7,3,1.650,263
9,0,0,0,0,6,4,2,1.232,295
4,3,0,0,0,2,4,1,0.529,327
2,2,0,0,0,3,4,2,0.622,296
53,0,0,0,0,74,7,5,13.258,197
7,7,0,0,0,7,14,5,1.512,198
5,0,0,0,0,4,4,2,0.807,296
7,0,0,0,0,4,4,2,0.858,296
3,2,0,0,0,3,4,2,0.644,296
5,3,0,0,0,3,5,2,0.717,296
13,10,0,0,0,9,6,2,2.038,295
29,11,0,0,0,17,7,2,3.742,295
4,3,0,0,0,3,4,1,0.693,327
2,2,0,0,0,1,3,1,0.293,328
2,3,0,0,0,3,4,1,0.644,327
6,0,0,0,0,4,4,3,0.832,264
25,7,0,0,0,7,8,2,1.940,296
5,5,0,0,0,6,8,3,1.252,263
2,1,0,0,0,1,3,1,0.268,328
6,5,0,0,0,6,6,2,1.278,295
12,0,0,0,0,13,6,4,2.448,231
3,0,0,0,0,2,4,1,0.432,328
2,2,0,0,0,2,3,1,0.458,328
8,7,0,0,0,8,5,2,1.697,295
44,27,0,0,0,25,8,2,5.745,294
4,1,0,0,0,6,4,1,1.137,327
3,3,0,0,0,4,5,2,0.832,296
3,1,0,0,0,3,3,2,0.621,296
6,0,0,0,0,9,4,3,1.645,263
27,10,0,0,0,10,8,2,2.552,295
7,0,0,0,0,6,5,2,1.184,295
2,2,0,0,0,5,5,1,0.827,327
3,3,0,0,0,3,5,1,0.667,327
4,3,0,0,0,4,4,2,0.858,296
6,4,0,0,0,5,4,2,1.090,296
3,2,0,0,0,4,5,2,0.808,296
8,5,0,0,0,14,5,3,2.621,263
3,2,0,0,0,2,3,1,0.481,328
20,6,0,0,0,9,7,2,2.128,296
34,11,0,0,0,7,10,2,2.239,296
7,4,2,0,0,6,6,2,0.888,308
4,0,0,0,0,4,4,2,0.783,296
2,1,0,0,0,2,4,2,0.432,296
31,8,0,0,0,8,8,2,2.271,296
3,3,0,0,0,3,4,1,0.667,328
11,7,0,0,0,5,5,1,1.279,327
11,5,0,0,0,5,7,2,1.233,296
2,1,0,0,0,2,3,1,0.433,328
3,2,0,0,0,3,4,1,0.644,327
8,3,0,0,0,4,5,1,0.954,327
3,3,0,0,0,2,4,1,0.505,328
3,1,0,0,0,3,4,2,0.621,296
14,9,0,0,0,8,5,1,1.876,327
5,3,0,0,0,4,7,2,0.880,296
22,0,0,0,0,41,6,5,7.201,198
8,6,0,0,0,4,6,1,1.018,327
15,9,0,0,0,7,5,2,1.750,296
7,4,0,0,0,2,4,1,0.626,327
7,2,0,0,0,4,5,1,0.903,327
5,2,0,0,0,3,4,2,0.693,296
6,5,0,0,0,4,4,1,0.952,327
31,14,0,0,0,11,8,2,2.881,296
13,0,0,0,0,7,7,2,1.491,295
3,1,0,0,0,3,3,1,0.621,328
5,5,0,0,0,5,4,2,1.089,295
2,2,0,0,0,2,3,1,0.457,328
10,0,0,0,0,5,4,2,1.091,295
6,5,0,0,0,6,6,2,1.279,296
7,6,0,0,0,5,5,1,1.161,327
11,6,0,0,0,5,5,1,1.249,327
6,5,0,0,0,6,5,2,1.278,295
5,3,0,0,0,3,4,1,0.717,328
17,7,0,0,0,12,8,3,2.545,264
9,4,0,0,0,2,4,1,0.675,327
10,8,0,0,0,7,6,2,1.608,296
19,8,0,0,0,11,7,2,2.462,296
4,0,0,0,0,3,3,2,0.619,295
13,0,0,0,0,18,5,3,3.263,262
23,8,0,0,0,6,7,2,1.755,296
25,15,0,0,0,9,7,1,2.429,326
43,0,0,0,0,84,7,6,14.661,166
4,5,0,0,0,4,6,2,0.904,296
8,0,0,0,0,7,4,2,1.367,295
7,3,0,0,0,5,6,1,1.092,327
2,1,0,0,0,2,4,2,0.432,296
11,7,0,0,0,5,5,1,1.272,327
10,5,0,0,0,6,6,2,1.373,296
9,4,0,0,0,6,6,2,1.328,296
13,8,0,0,0,8,5,1,1.827,327
18,7,0,0,0,6,7,2,1.614,296
28,14,0,0,0,13,7,2,3.145,296
26,0,0,0,0,21,6,3,4.050,261
3,3,0,0,0,4,6,3,0.833,264
10,4,0,0,0,4,7,2,1.022,296
2,0,0,0,0,1,3,1,0.245,328
2,2,0,0,0,3,4,2,0.621,296
20,11,0,0,0,8,6,2,2.076,295
20,7,0,0,0,8,7,1,1.987,327
5,5,1,0,0,5,6,2,0.871,296
14,9,0,0,0,8,5,1,1.874,327
2,2,0,0,0,2,4,1,0.457,328
13,5,0,0,0,4,6,2,1.109,296
2,1,0,0,0,2,4,1,0.432,328
10,0,0,0,0,5,4,2,1.092,295
22,8,0,0,0,9,7,2,2.219,295
19,7,0,0,0,9,8,2,2.127,295
7,3,0,0,0,1,4,1,0.438,328
2,1,0,0,0,3,4,2,0.597,296
1,1,0,0,0,2,3,1,0.384,328
14,5,0,0,0,8,9,2,1.783,295
15,0,0,0,0,8,5,2,1.701,295
3,3,0,0,0,3,4,2,0.668,296
3,0,0,0,0,4,3,3,0.758,264
3,2,0,0,0,5,7,3,0.971,263
3,4,0,0,0,5,5,2,1.022,296
25,8,0,0,0,11,7,2,2.614,295
2,2,0,0,0,2,4,2,0.457,296
2,1,0,0,0,2,3,1,0.433,328
7,5,0,0,0,6,10,3,1.302,264
2,2,0,0,0,2,3,1,0.457,327
20,6,0,0,0,6,7,2,1.623,296
7,0,0,0,0,8,4,3,1.507,263
38,11,0,0,0,10,8,2,2.841,296
4,3,0,0,0,6,9,4,1.181,231
1,2,0,0,0,1,3,1,0.268,328
14,6,0,0,0,5,6,1,1.334,326
6,5,0,0,0,4,4,1,0.952,327
37,24,0,0,0,14,9,2,3.784,294
3,2,0,0,0,2,5,1,0.482,327
4,4,0,0,0,4,8,3,0.880,264
6,0,0,0,0,5,4,2,0.997,295
5,4,0,0,0,4,4,2,0.905,296
7,0,0,0,0,8,4,3,1.507,263
7,0,0,0,0,9,5,2,1.670,295
3,0,0,0,0,3,3,2,0.596,296
17,0,0,0,0,14,5,3,2.708,263
27,12,0,0,0,10,7,2,2.572,296
2,2,0,0,0,3,3,1,0.621,328
2,2,0,0,0,2,4,1,0.457,328
2,1,0,0,0,2,3,1,0.432,328
6,0,0,0,0,4,5,2,0.833,295
2,1,0,0,0,2,3,1,0.432,328
2,2,0,0,0,2,3,1,0.457,328
3,0,0,0,0,2,4,2,0.432,296
6,0,0,0,0,9,4,3,1.647,263
27,0,0,0,0,36,6,4,6.497,229
3,3,0,0,0,3,5,2,0.669,296
7,4,0,0,0,10,8,4,1.928,231
10,3,0,0,0,4,6,1,1.001,327
3,3,0,0,0,3,5,2,0.669,296
3,1,0,0,0,3,3,2,0.622,297
19,6,0,0,0,6,7,1,1.615,327
27,18,0,0,0,16,10,3,3.684,264
13,5,0,0,0,5,5,1,1.269,327
10,4,0,0,0,8,6,2,1.669,296
3,4,0,0,0,3,4,2,0.695,296
2,3,0,0,0,2,3,1,0.482,328
27,14,0,0,0,11,9,2,2.808,295
1,0,0,0,1,1,3,1,0.219,328
2,1,0,0,0,1,3,1,0.268,328
16,7,0,0,0,6,6,1,1.562,327
15,0,0,0,0,16,5,3,2.997,263
4,2,0,0,0,1,3,1,0.342,328
2,2,0,0,0,2,4,1,0.457,328
3,2,0,0,0,2,4,1,0.481,328
4,2,0,0,0,2,4,1,0.504,328
5,4,0,0,0,2,4,1,0.577,328
18,6,0,0,0,7,7,2,1.752,296
5,4,0,0,0,4,5,2,0.904,295
4,5,0,0,0,4,5,1,0.905,327
9,5,0,0,0,4,6,1,1.020,327
2,1,0,0,0,2,3,1,0.432,328
19,6,0,0,0,6,7,1,1.614,327
2,3,0,0,0,2,3,1,0.482,328
3,2,0,0,0,3,4,1,0.645,328
15,6,0,0,0,8,6,2,1.824,296
3,3,0,0,0,2,4,1,0.504,328
3,2,0,0,0,4,5,2,0.808,296
4,3,0,0,0,5,7,3,1.021,263
33,10,0,0,0,8,8,2,2.369,295
1,1,0,0,0,2,3,2,0.408,296
16,8,0,0,0,7,7,2,1.753,296
1,1,0,0,0,1,3,1,0.245,328
3,2,0,0,0,2,3,1,0.482,328
20,5,0,0,0,8,8,2,1.920,296
21,10,0,0,0,8,9,2,2.075,295
17,11,0,0,0,11,6,2,2.500,295
3,2,0,0,0,2,4,1,0.480,327
16,7,0,0,0,7,6,2,1.715,296
9,0,0,0,0,6,4,2,1.231,295
3,4,0,0,0,4,8,3,0.858,263
2,2,0,0,0,4,4,2,0.784,295
2,1,0,0,0,1,3,1,0.268,328
8,6,0,0,0,5,5,2,1.188,296
4,3,0,0,0,4,4,1,0.858,327
3,0,0,0,0,3,3,2,0.596,296
1,3,0,0,0,2,3,1,0.457,328
17,7,0,0,0,5,6,1,1.410,327
14,5,0,0,0,4,7,2,1.133,296
1,2,0,0,0,2,3,1,0.433,328
5,3,0,0,0,3,4,1,0.719,327
10,5,0,0,0,6,6,2,1.372,296
13,0,0,0,0,18,5,2,3.262,294
3,0,0,0,0,4,3,2,0.759,296
4,4,0,0,0,3,4,1,0.718,327
10,7,0,0,0,6,5,1,1.416,327
4,2,0,0,0,4,7,3,0.833,263
5,4,0,0,0,4,4,1,0.903,327
18,11,0,0,0,11,7,2,2.514,295
2,2,0,0,0,1,3,1,0.293,328
34,16,0,0,0,13,7,2,3.347,295
12,4,0,0,0,4,6,1,1.072,327
8,3,0,0,0,5,5,2,1.114,296
3,0,0,0,0,4,3,1,0.760,327
10,4,0,0,0,5,6,2,1.189,295
21,6,0,0,0,6,7,1,1.642,327
2,3,0,0,0,2,4,1,0.457,328
21,2,0,0,4,8,7,1,1.892,327
30,13,0,0,0,11,8,2,2.824,296
7,3,0,0,0,3,6,1,0.764,327
1,1,0,0,0,3,3,2,0.571,296
2,1,0,0,0,2,4,2,0.433,296
20,6,0,0,0,7,7,1,1.778,327
15,9,0,0,0,7,5,1,1.736,327
12,7,0,0,0,8,5,1,1.789,327
12,6,0,0,0,5,7,2,1.270,296
18,7,0,0,0,7,7,2,1.761,296
10,0,0,0,0,5,4,2,1.091,296
11,8,0,0,0,7,6,1,1.628,327
2,3,0,0,0,3,4,1,0.644,328
2,1,0,0,0,3,4,2,0.596,296
8,4,0,0,0,3,4,1,0.813,327
30,17,0,0,0,14,7,2,3.411,295
5,5,0,0,0,5,4,2,1.090,296
7,4,0,0,0,4,5,1,0.952,327
6,0,0,0,0,4,4,2,0.833,296
22,0,0,0,0,41,6,5,7.216,198
7,0,0,0,0,4,4,2,0.858,296
16,5,0,0,0,6,7,1,1.506,327
3,2,0,0,0,3,5,2,0.644,296
59,0,0,0,0,68,7,5,12.432,197
3,3,0,0,0,3,5,2,0.670,296
14,9,0,0,0,8,5,1,1.874,327
4,3,0,0,0,2,4,1,0.528,327
3,0,0,0,0,3,4,2,0.597,295
2,2,0,0,0,3,4,1,0.621,327
16,5,0,0,0,5,7,2,1.342,296
2,1,0,0,0,2,3,1,0.433,328
10,5,0,0,0,6,5,1,1.373,327
23,8,0,0,0,6,7,1,1.741,327
18,9,0,0,0,4,8,1,1.337,327
10,3,0,0,0,4,7,2,0.999,296
17,7,0,0,0,5,8,2,1.408,296
2,1,0,0,0,2,3,2,0.432,296
2,3,0,0,0,3,5,2,0.645,296
4,2,0,0,0,3,4,1,0.669,327
11,8,0,0,0,6,6,2,1.475,296
12,0,0,0,0,9,5,3,1.790,262
6,5,0,0,0,4,4,1,0.951,327
4,0,0,0,0,3,4,2,0.621,295
3,2,0,0,0,2,3,1,0.482,328
11,4,0,0,0,5,6,1,1.212,327
3,3,0,0,0,3,6,2,0.669,296
6,5,0,0,0,6,6,2,1.275,295
2,1,0,0,0,1,3,1,0.268,328
8,5,0,0,0,5,6,1,1.157,327
8,3,0,0,0,4,4,2,0.953,296
20,11,0,0,0,8,7,2,2.086,296
3,2,0,0,0,2,4,2,0.481,296
11,6,0,0,0,7,7,2,1.579,295
3,2,0,0,0,3,4,2,0.644,295
4,4,0,0,0,2,4,1,0.554,327
10,0,0,0,0,5,4,2,1.090,296
4,0,0,0,0,3,3,2,0.621,296
2,1,0,0,0,1,3,1,0.268,328
1,2,0,0,0,2,3,1,0.433,328
2,0,0,0,0,3,3,2,0.573,296
7,4,0,0,0,4,4,1,0.952,327
19,8,0,0,0,5,7,1,1.480,327
2,2,0,0,0,2,4,1,0.457,328
25,11,0,0,0,9,8,2,2.343,295
3,2,0,0,0,5,6,3,0.971,263
2,2,0,0,0,2,4,1,0.458,328
3,1,0,0,0,2,4,1,0.457,328
22,9,0,0,0,5,8,1,1.573,326
21,6,0,0,0,7,7,1,1.810,327
4,3,0,0,0,3,5,2,0.693,296
19,7,0,0,0,6,8,1,1.622,327
21,6,0,0,0,8,7,1,1.986,327
3,0,0,0,0,6,4,3,1.086,264
3,0,0,0,0,2,3,1,0.432,328
3,2,0,0,0,3,5,1,0.643,328
6,5,0,0,0,4,5,1,0.952,327
4,0,0,0,0,3,3,1,0.621,327
5,3,0,0,0,4,5,2,0.881,296
10,7,0,0,0,6,5,1,1.416,327
5,0,0,0,0,4,4,2,0.809,296
1,1,0,0,0,1,2,1,0.245,329
13,5,0,0,0,5,6,1,1.271,327
6,0,0,0,0,7,5,2,1.319,295
18,7,0,0,0,6,7,1,1.613,327
5,0,0,0,0,6,4,3,1.137,263
9,7,0,0,0,7,5,2,1.553,296
4,1,0,0,0,2,3,2,0.481,296
7,4,0,0,0,6,6,2,1.276,295
3,0,0,0,0,4,4,3,0.759,264
12,5,0,0,0,13,7,2,2.543,295
9,0,0,0,0,6,4,3,1.231,263
27,14,0,0,0,15,8,2,3.446,295
3,2,0,0,0,2,6,2,0.482,296
10,5,0,0,0,6,5,1,1.375,327
2,2,0,0,0,2,5,2,0.457,296
6,2,0,0,0,3,4,2,0.719,296
5,4,0,0,0,4,4,1,0.904,327
5,0,0,0,0,4,4,2,0.808,296
22,7,0,0,0,9,7,2,2.182,296
7,0,0,0,0,4,4,2,0.858,296
8,6,0,0,0,6,6,2,1.349,296
11,0,0,0,0,20,5,4,3.558,231
26,13,0,0,0,14,9,2,3.231,295
4,4,0,0,0,3,4,1,0.717,327
2,2,0,0,0,1,3,1,0.293,328
5,0,0,0,0,4,4,2,0.807,295
5,4,0,0,0,4,5,1,0.903,327
6,4,0,0,0,5,4,2,1.091,296
6,3,0,0,0,3,5,2,0.742,296
20,8,0,0,0,5,8,2,1.503,296
7,3,0,0,0,3,6,1,0.766,327
3,2,0,0,0,4,4,2,0.809,295
3,0,0,0,0,4,3,2,0.759,296
3,2,0,0,0,2,4,1,0.481,328
23,11,0,0,0,12,7,2,2.778,295
2,2,0,0,0,3,3,2,0.620,296
3,2,0,0,0,3,4,2,0.644,296
3,2,0,0,0,2,3,1,0.482,327
3,3,0,0,0,4,5,2,0.833,296
10,5,0,0,0,4,5,1,1.049,327
12,11,0,0,0,8,5,1,1.890,327
9,4,0,0,0,5,6,2,1.157,296
6,4,0,0,0,5,6,2,1.089,296
11,5,0,0,0,5,7,2,1.235,296
11,10,0,0,0,10,5,2,2.167,295
15,6,0,0,0,6,6,2,1.518,296
8,3,0,0,0,4,7,2,0.950,296
16,10,0,0,0,8,7,2,1.947,296
5,2,0,0,0,3,4,1,0.695,327
6,3,0,0,0,6,5,2,1.230,295
35,12,0,0,0,12,7,2,3.080,295
4,1,0,0,0,2,3,1,0.481,328
2,2,0,0,0,2,3,1,0.457,328
11,6,0,0,0,6,6,1,1.415,327
2,2,0,0,0,3,3,2,0.620,296
2,2,0,0,0,2,3,2,0.456,296
17,8,0,0,0,8,8,2,1.919,295
3,3,0,0,0,3,4,2,0.668,296
4,2,0,0,0,5,4,2,0.997,296
6,0,0,0,0,6,4,3,1.159,264
2,2,0,0,0,2,3,2,0.457,296
3,2,0,0,0,3,5,2,0.644,296
8,3,0,0,0,3,6,1,0.788,327
1,2,0,0,0,2,3,1,0.432,328
10,5,0,0,0,5,5,1,1.208,327
7,4,0,0,0,4,4,1,0.952,327
2,1,0,0,0,2,4,2,0.433,296
7,6,0,0,0,7,12,4,1.485,231
29,9,0,0,0,6,8,1,1.912,326
8,6,0,0,0,9,6,2,1.833,295
21,10,0,0,0,8,6,1,2.079,327
25,6,0,0,0,8,8,1,2.090,326
17,0,0,0,0,14,5,2,2.706,294
34,15,0,0,0,10,8,2,2.806,295
2,2,0,0,0,2,4,1,0.456,328
6,0,0,0,0,9,4,3,1.646,264
7,6,0,0,0,5,5,2,1.163,295
4,0,0,0,0,3,3,1,0.621,327
3,0,0,0,0,2,3,2,0.432,296
6,2,0,0,0,3,5,1,0.719,328
32,16,0,0,0,15,7,2,3.593,295
16,6,0,0,0,5,6,1,1.365,327
22,6,0,0,0,5,7,1,1.517,327
1,1,0,0,0,3,3,2,0.571,296
4,0,0,0,0,2,3,1,0.457,328
3,3,0,0,0,3,4,2,0.668,296
5,2,0,0,0,4,4,1,0.859,327
22,0,0,0,0,6,8,2,1.537,296
17,7,0,0,0,9,8,2,2.056,296
9,5,0,0,0,5,5,1,1.187,327
6,0,0,0,0,9,4,3,1.646,263
10,6,0,0,0,7,7,2,1.552,296
11,6,0,0,0,4,5,1,1.094,327
7,3,0,0,0,3,5,1,0.768,327
18,6,0,0,0,4,7,1,1.248,327
3,2,0,0,0,3,4,1,0.644,327
10,0,0,0,0,5,4,2,1.089,295
9,0,0,0,0,6,4,2,1.231,295
4,2,0,0,0,2,4,1,0.504,328
20,11,0,0,0,8,8,2,2.079,295
4,0,0,0,0,6,6,4,1.113,231
20,8,0,0,0,9,7,2,2.158,296
2,2,0,0,0,2,3,1,0.456,328
2,1,0,0,0,1,3,1,0.268,328
1,2,0,0,0,2,3,1,0.432,328
10,4,0,0,0,4,6,1,1.021,327
3,3,0,0,0,3,5,1,0.669,327
23,10,0,0,0,9,6,2,2.274,296
10,5,0,0,0,5,6,1,1.210,327
16,6,0,0,0,5,7,1,1.365,327
4,5,0,0,0,3,5,1,0.742,327
6,5,0,0,0,4,6,2,0.953,295
3,2,0,0,0,2,3,1,0.481,328
15,9,0,0,0,7,9,2,1.752,295
8,3,0,0,0,6,5,1,1.279,327
15,7,0,0,0,9,7,2,2.014,295
13,5,0,0,0,5,5,1,1.283,327
18,7,0,0,0,6,8,1,1.613,327
8,3,0,0,0,4,5,1,0.953,327
19,6,0,0,0,6,7,1,1.613,327
20,6,0,0,0,6,7,1,1.623,327
7,4,0,0,0,4,4,1,0.953,327
5,4,0,0,0,4,5,2,0.904,296
4,0,0,0,0,3,3,2,0.620,296
5,4,0,0,0,2,4,1,0.576,327
15,5,0,0,0,6,6,1,1.483,327
26,12,0,0,0,14,9,2,3.218,295
4,3,0,0,0,4,4,1,0.859,327
4,2,0,0,0,3,4,2,0.669,296
2,1,0,0,0,2,3,1,0.432,328
3,3,0,0,0,3,4,2,0.669,296
2,2,0,0,0,3,3,1,0.621,328
2,2,0,0,0,2,3,2,0.457,296
6,5,0,0,0,4,5,1,0.952,327
6,5,0,0,0,4,4,1,0.952,327
6,5,0,0,0,6,6,2,1.277,295
5,3,0,0,0,3,4,2,0.717,296
5,3,0,0,0,3,4,1,0.718,327
3,0,0,0,0,4,3,2,0.760,295
4,2,0,0,0,2,4,1,0.505,328
9,0,0,0,0,14,5,4,2.533,231
4,4,0,0,0,3,4,2,0.718,296
10,6,0,0,0,6,6,2,1.386,296
27,0,0,0,0,20,6,4,3.917,231
3,1,0,0,0,2,3,1,0.457,328
4,3,0,0,0,2,4,1,0.529,327
12,3,0,0,0,10,6,2,2.028,295
4,0,0,0,0,3,3,2,0.619,295
11,7,0,0,0,7,8,2,1.612,296
10,6,0,0,0,5,6,1,1.233,327
3,3,0,0,0,3,4,1,0.669,327
1,2,0,0,0,2,3,1,0.433,328
5,2,0,0,0,4,4,1,0.859,327
6,5,0,0,0,6,5,2,1.279,296
18,5,0,0,0,7,6,2,1.714,296
8,4,0,0,0,5,6,2,1.141,296
5,4,0,0,0,4,4,2,0.905,296
7,4,0,0,0,6,6,2,1.276,295
20,10,0,0,0,8,9,2,2.042,296
4,4,0,0,0,5,6,2,1.043,296
15,5,0,0,0,8,6,2,1.806,296
9,5,0,0,0,3,6,1,0.859,327
19,0,0,0,0,20,6,4,3.743,230
3,2,0,0,0,3,4,2,0.645,296
5,4,0,0,0,4,5,1,0.902,327
2,2,0,0,0,2,4,2,0.456,296
5,1,0,0,0,4,4,2,0.833,296
7,3,0,0,0,4,7,2,0.927,296
9,0,0,0,0,6,4,2,1.231,295
6,0,0,0,0,9,4,3,1.647,263
5,4,0,0,0,4,6,2,0.904,295
15,12,0,0,0,14,8,2,2.941,295
22,11,0,0,0,10,9,1,2.438,327
5,4,0,0,0,6,4,2,1.230,295
2,1,0,0,0,2,3,2,0.432,296
2,3,0,0,0,2,3,1,0.481,328
7,2,0,0,0,6,4,2,1.230,295
3,2,0,0,0,2,4,1,0.481,328
3,3,0,0,0,2,5,1,0.504,328
0,1,0,0,0,2,2,1,0.385,328
3,2,0,0,0,4,4,2,0.808,296
6,0,0,0,0,4,4,2,0.833,296
3,0,0,0,0,3,3,1,0.596,327
3,0,0,0,0,2,3,1,0.433,328
4,2,0,0,0,3,4,2,0.669,296
12,5,0,0,0,5,6,1,1.250,327
4,5,0,0,0,5,4,2,1.067,296
13,8,0,0,0,7,7,1,1.673,327
11,7,0,0,0,7,6,1,1.611,327
6,0,0,0,0,9,4,3,1.645,263
22,10,0,0,0,9,7,2,2.244,295
8,3,0,0,0,5,5,1,1.117,327
25,10,0,0,0,10,6,2,2.505,296
7,4,0,0,0,6,6,2,1.278,296
21,9,0,0,0,5,7,1,1.571,327
10,0,0,0,0,5,4,2,1.090,295
6,0,0,0,0,9,4,3,1.650,263
9,0,0,0,0,6,4,2,1.230,295
2,1,0,0,0,2,3,1,0.433,328
4,0,0,0,0,4,4,2,0.782,295
4,0,0,0,0,2,4,2,0.457,296
17,9,0,0,0,5,5,1,1.475,326
16,5,0,0,0,6,7,1,1.505,327
2,2,0,0,0,2,3,2,0.456,296
2,2,0,0,0,3,4,2,0.620,296
2,2,0,0,0,3,3,2,0.622,296
5,0,0,0,0,4,4,2,0.806,295
7,5,0,0,0,7,5,2,1.465,295
2,3,0,0,0,3,4,2,0.643,296
20,14,0,0,0,14,8,2,3.125,294
4,2,0,0,0,3,5,2,0.668,296
16,9,0,0,0,6,7,1,1.614,327
16,6,0,0,0,5,7,1,1.368,327
19,7,0,0,0,5,7,1,1.476,327
4,3,0,0,0,2,4,1,0.529,328
6,2,0,0,0,4,4,2,0.880,295
30,14,0,0,0,13,7,2,3.173,295
16,8,0,0,0,5,6,1,1.410,327
19,8,0,0,0,7,7,2,1.805,296
5,4,0,0,0,1,4,1,0.413,328
5,4,0,0,0,4,5,1,0.902,327
4,3,0,0,0,4,4,1,0.858,328
3,2,0,0,0,2,4,1,0.482,327
7,0,0,0,0,6,5,2,1.183,295
14,10,0,0,0,6,8,2,1.575,295
6,4,0,0,0,4,5,2,0.927,296
8,0,0,0,0,7,4,3,1.367,263
5,4,0,0,0,4,4,1,0.904,327
8,0,0,0,0,7,4,2,1.368,295
6,4,0,0,0,4,4,2,0.932,296
25,12,0,0,0,11,8,2,2.705,296
1,1,0,0,0,3,3,1,0.572,327
27,10,0,0,0,10,10,2,2.529,296
11,0,0,0,0,20,5,4,3.536,231
10,5,0,0,0,4,7,2,1.047,296
10,5,0,0,0,6,6,2,1.372,296
9,4,0,0,0,6,7,2,1.328,295
17,5,0,0,0,6,9,1,1.528,327
7,4,0,0,0,4,4,1,0.952,327
3,2,0,0,0,3,4,2,0.643,296
20,7,0,0,0,8,8,2,1.988,296
22,9,0,0,0,11,8,2,2.550,295
2,1,0,0,0,3,3,2,0.595,296
20,6,0,0,0,7,8,2,1.796,296
2,2,0,0,0,3,4,2,0.622,296
4,1,0,0,0,4,4,2,0.807,296
20,5,0,0,0,6,6,1,1.596,327
1,0,0,0,0,2,2,1,0.359,328
21,9,0,0,0,5,7,1,1.562,327
2,2,0,0,0,3,3,1,0.621,328
4,3,0,0,0,3,4,1,0.693,328
1,1,0,0,0,2,3,2,0.408,296
27,15,0,0,0,13,7,2,3.128,295
2,2,0,0,0,3,3,1,0.621,328
15,0,0,0,0,16,5,4,2.979,231
17,5,0,0,1,6,8,1,1.529,327
6,5,0,0,0,5,6,2,1.109,296
21,0,0,0,0,10,5,2,2.151,294
1,0,0,0,0,2,2,2,0.385,296
2,1,0,0,0,1,3,1,0.268,328
2,1,0,0,0,4,3,1,0.760,327
2,1,0,0,0,2,3,2,0.433,296
14,10,0,0,0,7,5,2,1.733,296
7,0,0,0,0,5,5,2,1.019,295
1,2,0,0,0,1,3,1,0.268,328
24,9,0,0,0,7,8,2,1.955,296
10,0,0,0,0,5,4,2,1.092,295
13,9,0,0,0,9,5,1,2.012,327
5,5,0,0,0,5,9,3,1.091,263
4,2,0,0,0,4,6,2,0.833,296
25,0,0,0,0,10,8,2,2.268,295
4,2,0,0,0,2,4,1,0.504,328
3,2,0,0,0,2,4,1,0.482,328
18,6,0,0,0,6,6,1,1.574,327
9,5,0,0,0,2,5,1,0.699,327
19,7,0,0,0,6,7,1,1.624,327
2,0,0,0,0,5,3,3,0.899,263
6,1,0,0,0,4,4,2,0.858,296
4,0,0,0,0,3,3,2,0.619,295
18,0,0,0,0,13,5,3,2.570,262
18,7,0,0,0,7,8,1,1.760,327
18,8,0,0,0,7,8,2,1.784,296
2,2,0,0,0,3,5,2,0.620,296
4,4,0,0,0,6,6,2,1.208,295
3,2,0,0,0,2,6,2,0.482,296
1,1,0,0,0,2,3,1,0.407,328
17,6,0,0,0,6,7,2,1.568,296
5,3,0,0,0,3,4,1,0.719,327
11,6,0,0,0,7,6,2,1.584,296
6,0,0,0,0,9,4,2,1.646,295
10,7,0,0,0,6,6,1,1.418,327
2,1,0,0,0,4,3,3,0.761,264
30,10,0,0,0,14,8,2,3.249,296
9,6,0,0,0,5,6,1,1.208,327
18,7,0,0,0,6,7,2,1.617,296
15,6,0,0,0,4,6,1,1.191,327
16,7,0,0,0,6,7,2,1.550,296
2,1,0,0,0,1,3,1,0.268,329
13,9,0,0,0,9,6,2,2.013,296
2,2,0,0,0,2,3,1,0.456,328
15,0,0,0,0,6,7,2,1.364,295
26,6,0,0,0,7,9,1,1.937,327
3,2,0,0,0,4,5,2,0.689,296
20,7,0,0,0,6,7,2,1.644,296
26,9,0,0,0,12,10,2,2.819,295
18,8,0,0,0,8,7,2,1.946,296
11,0,0,0,0,6,5,2,1.274,295
20,9,0,0,0,9,7,2,2.185,295
1,2,0,0,0,2,3,1,0.433,328
3,2,0,0,0,2,3,1,0.482,328
6,4,0,0,0,5,4,2,1.091,296
13,0,0,0,0,18,5,2,3.282,294
2,1,0,0,0,3,3,1,0.597,327
26,11,0,0,0,11,7,2,2.700,296
3,1,0,0,0,2,4,1,0.457,327
5,4,0,0,0,4,4,1,0.903,327
23,0,0,0,0,40,6,4,7.057,229
5,5,0,0,0,5,5,2,1.090,296
3,2,0,0,0,2,4,2,0.482,296
4,4,0,0,0,3,4,1,0.717,327
14,8,0,0,0,9,6,2,2.010,296
1,2,0,0,0,2,3,1,0.432,328
2,4,0,0,0,4,4,2,0.832,296
13,0,0,0,0,8,5,3,1.651,264
8,4,0,0,0,4,5,1,0.977,327
13,4,0,0,0,5,7,2,1.257,296
20,6,0,0,0,7,7,2,1.782,296
11,0,0,0,0,4,4,1,0.954,327
3,1,0,0,0,3,3,1,0.621,328
4,4,0,0,0,3,6,2,0.718,295
3,1,0,0,0,2,3,1,0.457,328
6,0,0,0,0,5,4,3,0.997,264
11,10,0,0,0,10,5,2,2.148,295
8,0,0,0,0,7,4,2,1.370,295
5,0,0,0,0,6,4,2,1.136,296
12,7,0,0,0,7,6,2,1.632,296
10,7,0,0,0,2,6,1,0.767,327
31,17,0,0,0,17,8,2,3.920,295
5,5,0,0,0,5,4,2,1.090,296
4,2,0,0,0,3,4,1,0.670,328
10,5,0,0,0,5,6,1,1.209,327
6,3,0,0,0,6,4,2,1.230,295
5,5,0,0,0,5,4,2,1.090,296
14,9,0,0,0,10,10,3,2.198,263
6,5,0,0,0,6,6,2,1.278,296
16,6,0,0,0,5,6,1,1.368,327
22,0,0,0,0,41,6,5,7.202,198
2,3,0,0,0,2,4,1,0.481,327
9,0,0,0,0,6,4,2,1.228,295
2,1,0,0,0,4,3,1,0.760,327
7,0,0,0,0,8,4,3,1.505,263
1,1,0,0,0,2,3,2,0.407,296
2,2,0,0,0,3,3,2,0.621,296
9,4,0,0,0,6,7,2,1.327,296
24,8,0,0,0,9,7,2,2.246,295
3,0,0,0,0,4,3,3,0.759,264
4,3,0,0,0,3,4,2,0.694,296
2,2,0,0,0,3,3,1,0.620,328
2,1,0,0,0,4,3,2,0.759,295
6,4,0,0,0,4,5,1,0.927,327
3,2,0,0,0,2,3,1,0.481,328
3,0,0,0,0,3,4,3,0.597,263
29,0,0,0,0,34,6,4,6.229,230
5,1,0,0,0,5,4,3,0.997,264
3,2,0,0,0,2,4,1,0.456,328
21,8,0,0,0,6,7,1,1.711,327
16,7,0,0,0,6,7,2,1.550,296
5,4,0,0,0,4,4,1,0.904,327
7,0,0,0,0,8,4,2,1.508,295
18,7,0,0,0,8,7,2,1.922,296
18,8,0,0,0,6,7,1,1.623,327
5,0,0,0,0,2,3,1,0.481,327
12,10,0,0,0,9,7,2,2.010,295
19,0,0,0,0,12,5,3,2.425,263
3,2,0,0,0,2,3,1,0.482,328
3,2,0,0,0,2,3,1,0.482,328
5,5,0,0,0,6,8,3,1.252,264
6,4,0,0,0,5,4,2,1.090,295
20,0,0,0,0,9,6,2,1.966,295
8,4,0,0,0,4,6,2,0.977,296
19,6,0,0,0,4,7,1,1.270,327
3,2,0,0,0,2,3,1,0.481,328
9,0,0,0,0,6,4,2,1.233,295
18,7,0,0,0,6,7,2,1.615,296
2,1,0,0,0,1,3,1,0.269,328
2,2,0,0,0,2,4,1,0.457,328
16,7,0,0,0,4,7,1,1.228,327
3,4,0,0,0,5,6,2,1.020,295
21,9,0,0,0,7,7,1,1.879,327
8,6,0,0,0,5,6,2,1.186,296
2,3,0,0,0,2,3,1,0.482,328
15,0,0,0,0,12,5,3,2.338,264
5,3,0,0,0,7,4,2,1.366,295
9,6,0,0,0,4,5,1,1.047,327
4,1,0,0,0,3,4,2,0.645,296
4,3,0,0,0,4,4,2,0.857,296
13,5,0,0,0,5,6,1,1.270,327
4,2,0,0,0,3,4,2,0.668,296
4,4,0,0,0,3,4,1,0.717,327
6,0,0,0,0,4,4,2,0.834,296
5,4,0,0,0,4,5,1,0.903,327
4,0,0,0,0,5,4,3,0.946,264
6,5,0,0,0,4,4,1,0.952,327
13,6,0,0,0,8,5,2,1.792,295
17,8,0,0,0,6,7,1,1.615,327
10,7,0,0,0,10,7,2,2.070,295
3,3,0,0,0,2,4,1,0.505,328
4,3,0,0,0,4,5,1,0.858,327
3,3,0,0,0,4,5,2,0.832,296
4,4,0,0,0,3,4,2,0.718,296
5,4,0,0,0,6,4,2,1.228,295
9,0,0,0,0,8,5,2,1.554,295
11,5,0,0,0,6,7,2,1.391,295
3,2,0,0,0,3,4,1,0.645,327
7,4,0,0,0,3,5,1,0.787,327
5,4,0,0,0,5,5,2,1.067,296
2,2,0,0,0,2,3,1,0.457,328
7,0,0,0,0,8,4,2,1.505,295
4,0,0,0,0,4,4,3,0.782,264
26,13,0,0,0,18,7,2,3.871,295
3,4,0,0,0,3,5,2,0.693,296
5,5,0,0,0,5,4,2,1.091,296
27,15,0,0,0,14,9,2,3.303,295
2,2,0,0,0,4,4,2,0.783,296
8,6,0,0,0,7,5,2,1.515,296
22,11,0,0,0,12,7,2,2.753,295
4,3,0,0,0,4,6,2,0.858,295
4,0,0,0,0,3,4,2,0.621,296
9,0,0,0,0,6,4,2,1.232,295
26,12,0,0,0,7,8,2,2.065,295
10,5,0,0,0,4,5,1,1.049,327
3,2,0,0,0,2,3,1,0.480,328
17,7,0,0,0,7,8,2,1.754,295
4,0,0,0,0,4,4,2,0.783,296
4,2,0,0,0,3,4,2,0.668,296
15,6,0,0,0,4,5,1,1.194,327
3,4,0,0,0,4,4,1,0.859,327
10,5,0,0,0,4,6,1,1.049,327
6,0,0,0,0,9,4,3,1.649,263
9,6,0,0,0,5,6,2,1.206,296
6,4,0,0,0,5,4,2,1.090,295
18,7,0,0,0,4,8,1,1.271,327
5,4,0,0,0,6,4,2,1.230,295
10,3,0,0,0,6,5,1,1.328,327
11,7,0,0,0,6,7,2,1.433,295
6,3,0,0,0,4,5,1,0.902,328
8,0,0,0,0,6,4,2,1.205,295
2,1,0,0,0,3,3,1,0.595,328
9,3,0,0,0,4,5,1,0.977,327
23,10,0,0,0,8,7,1,2.107,327
3,1,0,0,0,2,4,1,0.457,328
3,1,0,0,0,3,3,1,0.621,328
1,2,0,0,0,2,3,2,0.433,296
3,2,0,0,0,2,4,1,0.482,328
3,3,0,0,0,3,5,2,0.668,296
20,10,0,0,0,9,7,2,2.219,295
4,2,0,0,0,3,4,2,0.669,296
6,4,0,0,0,5,4,2,1.089,296
2,0,0,0,0,3,4,2,0.548,296
10,11,0,0,0,10,5,2,2.151,295
6,5,0,0,0,4,4,1,0.952,327
10,4,0,0,0,6,6,2,1.348,296
2,3,0,0,0,2,4,2,0.481,296
19,6,0,0,0,6,7,1,1.614,327
9,4,0,0,0,7,5,2,1.490,295
1,1,0,0,0,2,3,1,0.384,328
5,0,0,0,0,4,4,2,0.808,296
10,0,0,0,0,9,5,3,1.743,263
2,3,0,0,0,2,3,1,0.481,328
5,2,0,0,0,4,5,2,0.858,296
17,11,0,0,0,11,6,2,2.497,295
5,3,0,0,0,3,4,2,0.719,296
31,14,0,0,0,22,12,3,4.670,263
3,3,0,0,0,3,4,1,0.669,327
8,5,0,0,0,6,5,2,1.324,295
6,0,0,0,0,5,4,2,0.997,295
2,3,0,0,0,2,3,2,0.482,296
8,0,0,0,0,7,4,3,1.370,264
2,3,0,0,0,3,4,1,0.645,327
15,4,0,0,0,4,7,1,1.131,327
1,1,0,0,0,1,2,1,0.245,328
3,2,0,0,0,2,4,1,0.482,328
6,0,0,0,0,1,3,1,0.342,327
5,5,0,0,0,5,11,3,1.092,263
19,8,0,0,0,5,8,1,1.477,327
5,4,0,0,0,2,4,1,0.577,328
21,7,0,0,0,7,8,1,1.851,327
2,2,0,0,0,2,3,1,0.409,327
6,4,0,0,0,5,4,2,1.091,295
21,8,0,0,0,8,7,2,2.021,296
4,0,0,0,0,5,4,2,0.947,295
2,2,0,0,0,2,4,2,0.457,296
3,2,0,0,0,2,3,1,0.482,327
2,1,0,0,0,4,3,1,0.759,328
2,2,0,0,0,1,4,1,0.293,328
2,3,0,0,0,3,4,1,0.644,327
9,4,0,0,0,6,6,2,1.327,296
18,8,0,0,0,5,8,1,1.474,327
3,1,0,0,0,1,3,1,0.293,328
2,1,0,0,0,3,4,2,0.596,296
14,0,0,0,0,11,5,3,2.171,262
26,8,0,0,0,6,7,2,1.815,296
3,3,0,0,0,3,4,1,0.670,327
25,11,0,0,0,9,8,2,2.342,296
2,2,0,0,0,2,3,1,0.458,328
4,2,0,0,0,3,4,1,0.670,327
5,3,0,0,0,3,6,2,0.717,296
11,0,0,0,0,9,6,2,1.766,295
13,10,0,0,0,10,8,2,2.212,295
10,9,0,0,0,12,6,3,2.427,263
6,3,0,0,0,5,4,2,1.068,296
13,0,0,0,0,9,7,2,1.804,295
4,2,0,0,0,2,4,1,0.506,328
3,0,0,0,0,2,3,1,0.432,328
3,4,0,0,0,4,7,3,0.858,264
4,0,0,0,0,2,4,1,0.457,328
2,1,0,0,0,1,3,1,0.268,328
19,6,0,0,0,5,8,1,1.432,327
1,0,0,0,0,2,2,1,0.336,327
13,7,0,0,0,7,6,2,1.654,296
6,4,0,0,0,4,6,2,0.927,296
11,0,0,0,0,6,5,2,1.275,295
3,2,0,0,0,2,3,1,0.481,328
2,2,0,0,0,3,3,2,0.621,296
7,0,0,0,0,4,4,2,0.858,296
11,0,0,0,0,5,6,2,1.115,296
11,7,0,0,0,10,7,2,2.094,296
9,7,0,0,0,4,6,1,1.068,327
8,0,0,0,0,7,4,2,1.368,295
2,1,0,0,0,2,3,1,0.432,328
2,2,0,0,0,5,5,1,0.829,327
7,4,0,0,0,6,6,2,1.277,296
7,3,0,0,0,3,6,2,0.766,296
37,13,0,0,0,15,7,2,3.640,295
6,5,0,0,0,4,5,2,0.951,296
8,0,0,0,0,3,4,2,0.718,296
4,0,0,0,0,4,4,2,0.784,296
9,0,0,0,0,4,4,2,0.904,296
14,0,0,0,0,17,5,3,3.123,262
2,2,0,0,0,2,4,1,0.457,328
6,3,0,0,0,4,6,2,0.905,296
1,1,0,0,0,1,3,1,0.245,328
1,0,0,0,0,2,2,2,0.385,296
2,2,0,0,0,4,4,2,0.783,296
11,5,0,0,0,7,6,2,1.554,296
27,13,0,0,0,16,10,3,3.577,263
5,5,0,0,0,5,4,2,1.091,296
11,5,0,0,0,3,5,1,0.909,327
4,2,0,0,0,1,3,1,0.342,327
5,0,0,0,0,6,4,2,1.136,296
22,12,0,0,0,9,6,1,2.301,326
8,4,0,0,0,3,4,1,0.814,327
3,2,0,0,0,2,3,1,0.482,328
5,4,0,0,0,4,7,2,0.903,295
5,4,0,0,0,2,4,1,0.579,328
7,4,0,0,0,6,5,2,1.279,296
3,2,0,0,0,2,4,1,0.482,328
20,8,0,0,0,10,7,2,2.330,295
11,8,0,0,0,8,5,2,1.783,296
8,4,0,0,0,5,7,2,1.139,296
10,4,0,0,0,5,5,1,1.189,327
18,0,0,0,0,8,7,2,1.771,295
12,5,0,0,0,4,7,2,1.094,295
2,3,0,0,0,2,3,1,0.482,328
19,8,0,0,0,9,8,2,2.132,295
5,0,0,0,0,4,4,2,0.808,296
11,0,0,0,0,10,5,3,1.928,263
8,5,0,0,0,8,6,2,1.654,296
8,3,0,0,0,4,5,1,0.953,327
5,0,0,0,0,10,4,2,1.782,295
11,5,0,0,0,6,6,1,1.389,327
2,1,0,0,0,1,3,1,0.268,328
3,4,0,0,0,4,4,2,0.859,295
4,3,0,0,0,4,4,1,0.858,327
4,3,0,0,0,3,4,1,0.693,328
3,1,0,0,0,1,3,1,0.293,328
4,5,0,0,0,4,9,3,0.903,263
10,4,0,0,0,5,5,1,1.187,327
21,5,0,0,0,5,6,1,1.471,327
5,3,0,0,0,7,4,2,1.368,295
12,7,0,0,0,14,8,3,2.753,263
8,0,0,0,0,5,5,2,1.041,296
24,8,0,0,0,9,7,2,2.247,296
17,6,0,0,0,6,8,2,1.550,296
1,2,0,0,0,1,3,1,0.268,328
5,4,0,0,0,4,4,1,0.904,327
4,3,0,0,0,4,6,2,0.859,295
19,7,0,0,0,9,7,2,2.124,295
5,3,0,0,0,7,11,5,1.368,198
3,1,0,0,0,3,3,1,0.621,327
2,1,0,0,0,2,3,1,0.433,328
10,5,0,0,0,5,5,1,1.210,327
16,6,0,0,0,6,7,2,1.541,296
18,9,0,0,0,8,7,2,1.990,296
10,0,0,0,0,13,5,4,2.394,231
10,4,0,0,0,4,5,2,1.025,296
11,0,0,0,0,20,5,3,3.546,262
9,2,0,0,0,6,5,3,1.277,264
9,6,0,0,0,8,5,2,1.698,295
12,7,0,0,0,6,6,1,1.472,327
9,4,0,0,0,4,5,1,0.998,327
1,1,0,0,0,2,3,1,0.408,328
6,5,0,0,0,7,10,4,1.443,231
5,4,0,0,0,2,4,1,0.578,327
31,10,0,0,0,7,9,2,2.146,296
5,4,0,0,0,6,6,2,1.231,296
5,3,0,0,0,3,5,2,0.718,295
19,5,0,0,0,6,7,1,1.576,327
5,3,0,0,0,2,4,1,0.555,327
3,3,0,0,0,2,4,1,0.504,328
2,2,0,0,0,2,4,2,0.457,296
19,12,0,0,0,11,7,2,2.548,296
6,6,0,0,0,6,11,4,1.302,231
7,4,0,0,0,2,4,1,0.625,327
3,1,0,0,0,2,4,2,0.457,296
3,4,0,0,0,3,4,1,0.695,328
27,12,0,0,0,6,7,2,1.923,296
18,9,0,0,0,9,7,2,2.138,296
4,2,0,0,0,3,4,1,0.669,327
13,0,0,0,0,18,5,5,3.262,198
4,4,0,0,0,3,5,1,0.718,327
13,6,0,0,0,12,5,3,2.428,263
24,8,0,0,0,8,7,2,2.094,296
3,3,0,0,0,4,5,2,0.834,296
2,2,0,0,0,3,5,2,0.621,296
5,5,0,0,0,5,4,2,1.091,296
2,2,0,0,0,4,5,2,0.783,296
10,5,0,0,0,5,5,2,1.208,296
2,2,0,0,0,2,3,1,0.456,328
1,2,0,0,0,2,3,1,0.433,328
6,0,0,0,0,9,4,2,1.644,295
3,2,0,0,0,4,4,1,0.808,327
1,2,0,0,0,1,3,1,0.268,328
5,5,0,0,0,4,6,2,0.929,296
1,2,0,0,0,3,3,1,0.598,328
3,2,0,0,0,2,4,2,0.481,296
4,3,0,0,0,6,4,1,1.182,327
6,0,0,0,0,9,4,2,1.646,295
15,5,0,0,0,5,6,1,1.336,327
4,3,0,0,0,4,6,2,0.859,295
3,2,0,0,0,2,3,2,0.481,296
14,8,0,0,0,9,5,2,2.010,296
11,8,0,0,0,12,7,2,2.430,295
4,1,0,0,0,3,4,2,0.641,295
3,0,0,0,0,4,3,2,0.759,296
2,1,0,0,0,2,3,1,0.433,328
3,2,0,0,0,3,4,2,0.644,296
2,3,0,0,0,2,4,1,0.482,328
10,6,0,0,0,6,7,2,1.391,296
4,0,0,0,0,3,4,2,0.621,296
3,0,0,0,0,4,4,2,0.759,295
5,5,0,0,0,5,4,2,1.089,295
9,4,0,0,0,4,6,1,0.998,327
26,6,0,0,0,6,7,1,1.764,327
14,0,0,0,0,17,5,4,3.119,231
4,3,0,0,0,4,4,1,0.858,327
6,4,0,0,0,5,4,2,1.092,295
3,1,0,0,0,2,3,1,0.457,328
3,3,0,0,0,3,4,1,0.669,327
2,2,0,0,0,3,4,1,0.621,327
3,3,0,0,0,3,4,1,0.669,327
26,13,0,0,0,13,7,2,3.083,295
4,3,0,0,0,2,4,1,0.531,328
8,0,0,0,0,7,4,2,1.368,295
9,8,0,0,0,6,5,1,1.422,327
1,2,0,0,0,2,3,1,0.432,328
5,3,0,0,0,4,5,2,0.881,296
6,0,0,0,0,9,4,3,1.646,264
8,5,0,0,0,4,5,1,1.000,327
2,3,0,0,0,2,3,2,0.481,296
5,2,0,0,0,2,5,1,0.530,328
30,14,0,0,0,11,8,2,2.865,296
4,3,0,0,0,4,10,4,0.858,232
5,4,0,0,0,6,4,3,1.229,264
16,6,0,0,0,6,6,2,1.530,296
18,7,0,0,0,11,7,2,2.414,295
17,7,0,0,0,6,7,1,1.572,327
3,2,0,0,0,3,5,2,0.643,296
3,2,0,0,0,2,3,1,0.481,328
10,4,0,0,0,6,5,2,1.348,296
13,5,0,0,0,4,6,2,1.108,296
8,0,0,0,0,7,4,3,1.369,263
9,5,0,0,0,5,6,2,1.187,296
32,22,0,0,0,24,13,4,5.201,231
4,4,0,0,0,6,9,4,1.205,231
20,8,0,0,0,8,7,1,1.994,326
3,3,0,0,0,3,5,1,0.669,327
10,5,0,0,0,8,5,1,1.692,327
16,7,0,0,0,6,7,2,1.548,296
9,4,0,0,0,4,6,1,1.000,327
2,1,0,0,0,2,3,1,0.432,328
5,4,0,0,0,3,4,1,0.743,327
5,2,0,0,0,3,5,1,0.694,327
1,2,0,0,0,2,3,2,0.432,296
20,0,0,0,0,11,5,3,2.287,262
11,5,0,0,0,9,6,2,1.889,295
16,8,0,0,0,10,7,2,2.230,295
8,0,0,0,0,7,4,3,1.367,264
16,10,0,0,0,8,7,2,1.944,296
11,0,0,0,0,8,5,3,1.604,263
9,4,0,0,0,4,6,1,1.005,327
24,6,0,0,0,8,7,2,2.046,296
9,6,0,0,0,6,6,1,1.370,327
12,6,0,0,0,6,7,2,1.439,295
7,4,0,0,0,3,5,1,0.789,327
12,8,0,0,0,7,6,1,1.653,326
14,4,0,0,0,5,7,1,1.272,327
10,5,0,0,0,5,6,2,1.210,295
18,9,0,0,0,5,8,1,1.479,327
5,5,0,0,0,5,5,2,1.092,296
10,4,0,0,0,7,6,3,1.510,264
10,5,0,0,0,6,5,1,1.372,327
4,3,0,0,0,4,4,1,0.860,327
3,2,0,0,0,2,3,1,0.481,328
9,7,0,0,0,8,7,2,1.720,295
23,9,0,0,0,11,9,2,2.582,295
6,5,0,0,0,6,14,5,1.277,198
9,6,0,0,0,7,7,2,1.528,295
2,0,0,0,0,3,3,2,0.572,296
10,0,0,0,0,5,5,1,1.093,327
5,4,0,0,0,5,8,3,1.066,263
2,2,0,0,0,2,4,2,0.457,296
5,6,0,0,0,5,14,5,1.114,198
5,6,0,0,0,6,13,5,1.279,199
10,4,0,0,0,5,5,1,1.187,327
24,10,0,0,0,9,7,2,2.307,296
4,1,0,0,0,2,3,2,0.481,296
16,6,0,0,0,10,8,2,2.175,295
15,9,0,0,0,7,5,1,1.735,327
15,0,0,0,0,16,5,4,2.982,230
17,8,0,0,0,13,11,4,2.737,230
13,5,0,0,0,6,8,2,1.437,296
3,2,0,0,0,2,3,1,0.481,328
3,2,0,0,0,2,4,1,0.481,327
12,6,0,0,0,8,7,2,1.766,295
16,0,0,0,0,15,5,3,2.841,263
3,4,0,0,0,4,4,2,0.859,296
2,2,0,0,0,2,4,1,0.457,328
3,1,0,0,0,2,3,1,0.457,328
7,0,0,0,0,4,4,2,0.858,296
3,2,0,0,0,2,4,1,0.481,328
2,3,0,0,0,2,4,1,0.485,328
3,2,0,0,0,4,7,3,0.807,264
7,3,0,0,0,3,5,1,0.765,327
5,3,0,0,0,3,4,1,0.717,327
5,4,0,0,0,6,4,2,1.230,295
6,5,0,0,0,4,5,1,0.951,327
5,4,0,0,0,2,4,1,0.579,328
16,5,0,0,0,6,6,1,1.505,327
6,0,0,0,0,3,4,2,0.668,296
2,2,0,0,0,3,3,2,0.622,295
4,0,0,0,0,5,4,3,0.946,263
43,32,0,0,0,52,7,5,10.207,197
7,4,0,0,0,4,6,1,0.952,327
2,2,0,0,0,3,4,2,0.622,296
2,2,0,0,0,2,3,1,0.457,328
2,1,0,0,0,2,3,1,0.433,328
2,2,0,0,0,3,3,2,0.621,296
4,3,0,0,0,4,7,3,0.859,264
2,2,0,0,0,2,3,1,0.457,328
3,1,0,0,0,3,3,1,0.621,327
4,5,0,0,0,4,6,2,0.903,296
6,3,0,0,0,8,6,3,1.557,263
9,6,0,0,0,4,5,1,1.049,327
30,18,0,0,0,14,8,2,3.428,295
8,5,0,0,0,5,5,1,1.162,327
11,10,0,0,0,10,5,2,2.148,294
1,0,0,0,0,2,2,1,0.385,328
5,0,0,0,0,4,4,2,0.807,295
5,2,0,0,0,6,5,2,1.183,296
11,5,0,0,0,6,6,2,1.389,296
9,5,0,0,0,4,5,2,1.017,296
8,0,0,0,0,7,5,3,1.368,263
5,0,0,0,0,10,4,3,1.785,262
9,5,0,0,0,13,5,1,2.487,327
9,0,0,0,0,14,5,3,2.531,263
3,2,0,0,0,3,5,2,0.643,296
5,4,0,0,0,3,4,1,0.743,327
4,3,0,0,0,4,5,2,0.859,296
4,1,0,0,0,2,3,1,0.482,328
7,0,0,0,0,5,5,2,1.022,295
1,2,0,0,0,2,4,1,0.432,328
23,0,0,0,0,40,6,5,7.055,198
15,8,0,0,0,6,7,1,1.551,327
18,5,0,0,0,6,7,1,1.551,327
17,0,0,0,0,10,6,3,2.061,264
3,2,0,0,0,2,3,1,0.481,328
4,3,0,0,0,2,4,1,0.530,328
2,2,0,0,0,3,3,1,0.597,327
3,2,0,0,0,3,4,2,0.643,296
3,2,0,0,0,3,4,2,0.643,295
18,6,0,0,0,6,8,2,1.573,296
1,1,0,0,0,1,2,1,0.245,328
16,6,0,0,0,9,7,2,2.031,295
17,6,0,0,0,9,8,2,2.053,296
1,2,0,0,0,2,3,1,0.433,328
5,0,0,0,0,3,4,2,0.644,296
19,6,0,0,0,7,7,1,1.755,327
7,2,0,0,0,6,4,2,1.230,295
11,6,0,0,0,6,6,2,1.411,296
8,5,0,0,0,4,6,1,1.001,327
12,0,0,0,0,19,5,4,3.404,230
3,2,0,0,0,2,3,1,0.482,327
11,3,0,0,0,11,6,2,2.166,296
3,2,0,0,0,2,3,1,0.481,327
4,1,0,0,0,3,4,2,0.644,295
4,4,0,0,0,3,4,1,0.716,327
6,5,0,0,0,4,4,2,0.952,296
3,0,0,0,0,3,4,2,0.597,296
10,5,0,0,0,8,7,2,1.694,295
19,9,0,0,0,4,8,1,1.341,327
1,2,0,0,0,2,4,2,0.432,296
4,4,0,0,0,4,7,2,0.880,296
2,2,0,0,0,2,4,2,0.457,296
6,3,0,0,0,2,4,1,0.577,327
17,7,0,0,0,6,8,2,1.573,296
13,5,0,0,0,5,6,1,1.283,327
4,2,0,0,0,4,4,2,0.832,295
20,0,0,0,0,27,6,3,4.879,262
3,1,0,0,0,1,3,1,0.293,328
8,0,0,0,0,7,4,2,1.368,295
17,14,0,0,0,18,9,2,3.683,294
1,0,0,0,0,2,2,2,0.385,296
15,3,0,0,0,5,7,1,1.273,327
22,9,0,0,0,5,8,1,1.574,327
8,6,0,0,0,5,5,1,1.185,327
1,4,0,0,0,4,5,4,0.807,231
4,4,0,0,0,5,8,2,1.043,296
3,3,0,0,0,3,5,2,0.668,296
6,5,0,0,0,4,4,2,0.953,296
28,8,0,0,0,6,9,1,1.860,326
8,0,0,0,0,5,5,2,1.044,296
13,4,0,0,0,4,7,1,1.094,327
6,7,0,0,0,6,12,4,1.325,231
16,6,0,0,0,8,7,2,1.855,295
1,3,0,0,0,2,4,1,0.457,328
1,2,0,0,0,1,3,1,0.268,328
5,0,0,0,0,6,4,2,1.136,295
3,2,0,0,0,3,4,2,0.644,296
2,2,0,0,0,2,4,1,0.457,328
12,6,0,0,0,6,5,2,1.444,296
7,5,0,0,0,4,5,1,0.976,327
15,9,0,0,0,7,8,2,1.753,295
22,11,0,0,0,8,8,1,2.105,326
18,7,0,0,0,5,7,1,1.437,327
10,8,0,0,0,7,5,1,1.607,327
19,0,0,0,0,12,5,3,2.427,263
1,3,0,0,0,2,4,1,0.458,328
4,2,0,0,0,5,4,2,0.999,296
2,3,0,0,0,1,4,1,0.317,328
3,2,0,0,0,3,5,2,0.644,296
5,0,0,0,0,10,4,3,1.784,263
10,0,0,0,0,5,4,2,1.091,296
3,2,0,0,0,4,4,2,0.808,295
2,2,0,0,0,2,4,1,0.457,328
17,6,0,0,0,16,6,2,3.202,295
3,0,0,0,0,2,3,1,0.433,328
4,0,0,0,0,5,4,2,0.948,295
22,10,0,0,0,11,8,2,2.584,295
2,2,0,0,0,2,4,1,0.457,328
4,0,0,0,0,4,4,2,0.783,295
10,0,0,0,0,5,4,2,1.093,296
21,8,0,0,0,9,7,2,2.185,296
8,4,0,0,0,8,5,3,1.625,263
3,2,0,0,0,4,5,2,0.807,296
2,0,0,0,0,3,3,2,0.573,296
2,2,0,0,0,2,4,2,0.457,296
21,10,0,0,0,6,8,1,1.739,327
1,4,0,0,0,2,3,1,0.481,327
6,6,0,0,0,6,14,4,1.303,231
15,6,0,0,0,6,5,1,1.504,327
6,5,0,0,0,5,5,2,1.114,295
3,3,0,0,0,4,5,2,0.833,296
2,2,0,0,0,3,3,1,0.621,328
4,3,0,0,0,4,4,2,0.858,296
7,1,0,0,0,5,5,1,1.043,327
6,2,0,0,0,7,4,3,1.368,263
3,2,0,0,0,2,4,1,0.481,328
10,6,0,0,0,6,7,2,1.391,295
19,0,0,0,0,7,7,2,1.624,295
5,4,0,0,0,6,4,2,1.231,295
5,4,0,0,0,6,13,5,1.231,199
1,0,0,0,0,2,2,1,0.385,328
31,11,0,0,0,5,9,1,1.838,327
8,0,0,0,0,7,4,3,1.367,264
2,0,0,0,0,5,3,3,0.899,264
5,0,0,0,0,10,4,3,1.786,263
13,5,0,0,0,5,5,1,1.270,327
7,0,0,0,0,10,5,3,1.830,263
1,1,0,0,0,3,3,1,0.572,328
1,2,0,0,0,1,3,1,0.268,328
19,5,0,0,0,7,7,1,1.752,327
4,2,0,0,0,2,4,1,0.504,328
2,2,0,0,0,2,3,1,0.457,327
14,8,0,0,0,9,5,2,2.014,296
15,8,0,0,0,8,5,2,1.892,296
4,2,0,0,0,2,4,1,0.505,327
13,8,0,0,0,9,6,2,1.991,296
25,8,0,0,0,7,8,2,1.952,296
6,5,0,0,0,4,4,1,0.952,327
27,14,0,0,0,8,7,2,2.290,296
6,6,0,0,0,7,6,3,1.465,263
9,4,0,0,0,6,6,1,1.328,327
27,9,0,0,0,8,9,2,2.184,296
3,0,0,0,0,6,4,2,1.084,295
15,7,0,0,0,4,6,1,1.203,327
1,2,0,0,0,2,3,1,0.432,328
29,0,0,0,0,34,6,4,6.235,229
12,9,0,0,0,9,5,2,1.990,296
5,4,0,0,0,4,4,1,0.904,327
16,0,0,0,0,15,5,3,2.842,262
8,0,0,0,0,7,4,2,1.370,295
5,5,0,0,0,4,5,1,0.927,327
26,10,0,0,0,11,6,1,2.676,327
4,2,0,0,0,2,4,1,0.506,328
13,0,0,0,0,18,5,3,3.261,262
4,4,0,0,0,4,5,2,0.880,296
15,6,0,0,0,7,7,1,1.667,327
29,16,0,0,0,14,7,2,3.395,295
3,1,0,0,0,3,4,2,0.620,296
3,2,0,0,0,3,5,2,0.644,296
2,3,0,0,0,1,4,1,0.317,328
15,5,0,0,0,6,7,2,1.484,296
11,4,0,0,0,4,6,1,1.049,327
19,9,0,0,0,5,7,1,1.516,327
10,5,0,0,0,6,5,1,1.373,327
14,7,0,0,0,9,6,2,1.990,295
2,0,0,0,0,2,3,2,0.409,296
4,0,0,0,0,1,3,1,0.293,328
12,9,0,0,0,10,6,2,2.152,296
2,2,0,0,0,2,3,1,0.457,328
13,0,0,0,0,18,5,4,3.260,231
8,0,0,0,0,7,4,2,1.369,295
5,3,0,0,0,3,4,1,0.718,327
11,5,0,0,0,3,5,1,0.905,327
2,0,0,0,0,5,3,2,0.899,295
9,4,0,0,0,7,7,2,1.488,295
17,0,0,0,0,10,5,3,2.064,263
5,4,0,0,0,6,5,2,1.231,296
6,5,0,0,0,4,5,1,0.952,327
2,1,0,0,0,2,3,2,0.384,296
2,2,0,0,0,2,4,1,0.457,328
1,2,0,0,0,1,3,1,0.268,328
21,12,0,0,0,9,7,1,2.267,327
20,9,0,0,0,8,8,2,2.020,296
3,3,0,0,0,3,4,1,0.668,327
9,0,0,0,0,6,4,2,1.231,295
2,2,0,0,0,1,3,1,0.293,328
21,0,0,0,0,42,6,5,7.339,199
8,3,0,0,0,4,5,1,0.951,327
20,8,0,0,0,8,8,1,1.995,327
6,5,0,0,0,4,4,1,0.952,327
1,0,0,0,0,2,2,1,0.336,328
1,2,0,0,0,2,4,2,0.432,296
15,7,0,0,0,8,9,2,1.853,296
1,1,0,0,0,2,3,1,0.408,328
4,0,0,0,0,3,3,1,0.620,328
7,0,0,0,0,4,5,2,0.860,296
6,0,0,0,0,7,4,2,1.321,296
10,4,0,0,0,6,7,2,1.347,296
5,4,0,0,0,2,4,1,0.577,327
5,4,0,0,0,4,5,2,0.902,296
17,14,0,0,0,10,7,2,2.383,295
2,0,0,0,0,7,4,3,1.223,263
3,3,0,0,0,2,4,2,0.505,296
2,1,0,0,0,4,3,1,0.760,328
9,0,0,0,0,8,5,3,1.555,263
5,2,0,0,0,6,4,1,1.181,327
4,0,0,0,0,1,3,1,0.293,328
10,0,0,0,0,5,4,2,1.092,295
20,9,0,0,0,12,9,2,2.662,295
1,0,0,0,0,2,2,2,0.383,296
5,0,0,0,0,4,4,2,0.808,296
3,2,0,0,0,3,5,2,0.644,296
14,9,0,0,0,8,6,1,1.870,327
6,0,0,0,0,5,4,2,0.998,295
2,2,0,0,0,3,4,2,0.621,295
11,10,0,0,0,10,5,2,2.153,294
6,5,0,0,0,4,4,1,0.951,327
18,7,0,0,0,10,8,2,2.267,295
2,2,0,0,0,3,3,2,0.621,296
3,2,0,0,0,4,5,2,0.807,296
10,6,0,0,0,9,5,1,1.890,327
7,6,0,0,0,6,7,2,1.325,296
10,7,0,0,0,5,6,2,1.250,296
1,2,0,0,0,4,3,1,0.760,327
18,11,0,0,0,12,7,2,2.664,295
1,1,0,0,0,1,3,1,0.245,328
12,7,0,0,0,8,6,2,1.790,296
3,2,0,0,0,2,3,1,0.482,328
9,5,0,0,0,9,7,2,1.830,296
5,5,0,0,0,5,4,2,1.092,296
1,1,0,0,0,1,2,1,0.245,328
5,4,0,0,0,6,4,2,1.230,295
2,3,0,0,0,2,3,1,0.361,328
5,2,0,0,0,3,4,1,0.695,328
3,2,0,0,0,3,4,2,0.644,296
5,2,0,0,0,5,4,3,1.021,264
5,0,0,0,0,3,4,2,0.644,296
3,0,0,0,0,3,4,1,0.597,328
4,3,0,0,0,2,4,1,0.530,328
8,3,0,0,0,4,4,2,0.953,296
5,4,0,0,0,4,4,2,0.905,296
4,3,0,0,0,4,4,1,0.857,327
10,3,0,0,0,5,5,1,1.163,327
2,1,0,0,0,4,3,1,0.760,327
2,2,0,0,0,3,3,2,0.621,296
8,4,0,0,0,4,5,2,0.978,296
11,5,3,0,0,6,7,2,0.855,309
1,2,0,0,0,1,3,1,0.268,328
2,1,0,0,0,2,3,1,0.433,328
2,2,0,0,0,1,4,1,0.293,328
4,3,0,0,0,4,5,1,0.859,327
4,3,0,0,0,2,4,1,0.531,328
5,2,0,0,0,2,4,2,0.529,296
2,2,0,0,0,1,3,1,0.293,328
2,4,0,0,0,3,4,2,0.669,296
19,0,0,0,0,10,6,2,2.116,294
12,8,0,0,0,7,5,2,1.653,296
5,6,0,0,0,5,12,4,1.114,231
4,3,0,0,0,3,4,1,0.693,327
28,16,0,0,0,15,7,2,3.537,295
3,3,0,0,0,3,7,2,0.669,296
6,3,0,0,0,4,6,2,0.904,296
6,0,0,0,0,11,5,4,1.969,230
8,4,0,0,0,5,5,2,1.139,296
2,0,0,0,0,3,4,2,0.548,296
7,3,0,0,0,7,6,2,1.416,296
2,3,0,0,0,3,4,1,0.644,328
18,8,0,0,0,7,7,2,1.782,296
21,8,0,0,0,6,7,2,1.700,295
19,7,0,0,0,7,8,2,1.780,296
2,2,0,0,0,3,4,2,0.620,296
10,0,0,0,0,4,6,2,0.926,296
3,2,0,0,0,4,6,2,0.807,296
4,0,0,0,0,3,4,2,0.621,295
6,0,0,0,0,2,4,1,0.504,327
4,3,0,0,0,4,4,2,0.858,296
3,2,0,0,0,2,4,1,0.482,328
8,5,0,0,0,6,5,2,1.326,296
6,4,0,0,0,4,6,2,0.928,296
24,7,0,0,0,8,7,2,2.078,296
21,10,0,0,0,12,7,2,2.722,296
4,0,0,0,0,3,4,2,0.621,296
8,0,0,0,0,6,5,2,1.207,295
4,3,0,0,0,6,4,1,1.182,327
3,2,0,0,0,4,6,2,0.807,295
5,4,0,0,0,5,6,2,1.061,296
7,4,0,0,0,6,7,2,1.277,295
3,2,0,0,0,2,3,1,0.433,327
18,5,0,0,0,6,7,1,1.551,327
2,2,0,0,0,2,5,2,0.456,296
13,9,0,0,0,9,6,2,2.011,295
5,3,0,0,0,3,4,1,0.718,328
9,3,0,0,0,4,5,1,0.970,327
6,6,0,0,0,7,11,4,1.462,231
26,13,0,0,0,13,10,2,3.080,295
13,5,0,0,0,5,5,1,1.269,327
2,3,0,0,0,1,3,1,0.317,328
16,7,0,0,0,6,7,2,1.553,296
5,3,0,0,0,3,5,1,0.718,327
25,13,0,0,0,12,7,2,2.880,296
11,5,0,0,0,5,6,2,1.234,296
18,6,0,0,0,5,6,1,1.412,327
4,4,0,0,0,4,4,1,0.881,327
2,2,0,0,0,3,4,2,0.622,296
1,2,0,0,0,2,3,1,0.433,328
10,7,0,0,0,10,6,2,2.070,296
15,10,0,0,0,9,7,2,2.091,295
6,0,0,0,0,6,4,3,1.159,264
3,3,0,0,0,4,5,2,0.833,296
8,0,0,0,0,5,5,2,1.043,295
5,4,0,0,0,4,4,1,0.904,327
1,0,0,0,0,2,2,1,0.385,328
20,6,0,0,0,8,7,2,1.947,295
2,0,0,0,0,3,3,2,0.572,296
28,11,0,0,0,9,7,2,2.425,295
4,4,0,0,0,4,4,1,0.882,327
6,6,0,0,0,6,11,4,1.302,231
8,3,0,0,0,5,5,1,1.115,327
26,9,0,0,0,9,7,2,2.335,296
5,4,0,0,0,4,4,1,0.903,327
14,7,0,0,0,4,5,1,1.186,327
7,0,0,0,0,8,4,2,1.507,295
5,0,0,0,0,4,5,4,0.808,231
6,5,0,0,0,4,5,1,0.954,327
5,0,0,0,0,6,4,2,1.136,295
2,2,0,0,0,3,4,2,0.622,296
3,3,0,0,0,3,6,2,0.668,296
2,1,0,0,0,2,3,1,0.432,328
7,0,0,0,0,8,4,2,1.506,295
4,0,0,0,0,5,4,2,0.945,296
5,4,0,0,0,6,4,1,1.231,327
2,2,0,0,0,3,3,2,0.621,296
9,6,0,0,0,7,5,2,1.528,295
10,9,0,0,0,6,5,2,1.469,296
5,4,0,0,0,4,5,2,0.904,296
18,9,0,0,0,7,7,2,1.804,296
2,2,0,0,0,3,3,1,0.621,328
3,1,0,0,0,3,4,2,0.597,296
11,0,0,0,0,10,5,3,1.931,263
2,3,0,0,0,3,5,1,0.644,327
5,2,0,0,0,4,5,2,0.858,296
2,1,0,0,0,4,3,1,0.761,327
12,5,0,0,0,6,6,2,1.417,296
14,9,0,0,0,10,7,2,2.197,295
4,2,0,0,0,3,4,2,0.668,296
9,7,0,0,0,6,5,2,1.387,296
18,7,0,0,0,9,7,2,2.088,295
2,1,0,0,0,3,3,2,0.597,296
3,1,0,0,0,3,4,2,0.621,296
3,3,0,0,0,2,4,1,0.503,328
17,10,0,0,0,9,6,2,2.133,296
10,4,0,0,0,3,6,1,0.859,327
19,6,0,0,0,8,7,2,1.917,296
2,1,0,0,0,2,4,2,0.432,296
19,8,0,0,0,8,7,2,1.968,296
7,2,0,0,0,7,15,7,1.394,133
2,1,0,0,0,1,3,1,0.268,328
8,0,0,0,0,7,4,2,1.368,295
3,3,0,0,0,3,4,1,0.669,327
28,10,0,0,0,7,9,2,2.091,296
10,3,0,0,0,4,5,2,0.999,296
6,5,0,0,0,4,5,2,0.952,296
10,0,0,0,0,13,5,4,2.394,230
2,2,0,0,0,4,4,2,0.783,295
5,0,0,0,0,6,4,2,1.136,295
10,7,0,0,0,6,6,1,1.417,327
5,4,0,0,0,6,4,1,1.229,327
18,0,0,0,0,29,6,5,5.155,197
11,7,0,0,0,8,5,1,1.769,327
10,0,0,0,0,5,4,2,1.091,295
16,6,0,0,0,6,7,1,1.529,327
4,0,0,0,0,3,4,2,0.622,295
21,8,0,0,0,8,7,2,2.023,296
21,7,0,0,0,8,7,2,1.995,296
21,21,0,0,0,21,6,3,4.417,263
2,1,0,0,0,2,3,2,0.433,296
15,0,0,0,0,11,6,3,2.176,263
21,8,0,0,0,7,7,1,1.858,327
2,2,0,0,0,3,3,1,0.621,327
2,1,0,0,0,3,3,1,0.572,327
12,6,0,0,0,5,5,1,1.279,327
11,6,0,0,0,7,5,1,1.588,327
3,2,0,0,0,3,7,3,0.642,263
4,3,0,0,0,4,4,2,0.858,296
2,1,0,0,0,2,3,1,0.433,328
3,4,0,0,0,3,4,2,0.694,296
5,4,0,0,0,4,5,2,0.904,296
6,0,0,0,0,5,4,2,0.998,296
6,0,0,0,0,5,4,2,0.997,295
7,4,0,0,0,5,6,2,1.116,295
6,0,0,0,0,5,5,2,0.999,295
11,6,0,0,0,4,6,1,1.095,327
1,2,0,0,0,2,3,1,0.432,328
5,4,0,0,0,4,5,2,0.902,296
8,6,0,0,0,6,5,2,1.349,296
37,13,0,0,0,8,9,1,2.509,326
17,10,0,0,0,6,6,2,1.644,295
23,8,0,0,0,8,7,2,2.079,295
5,4,0,0,0,5,5,2,1.064,295
4,3,0,0,0,4,4,1,0.857,327
20,9,0,0,0,8,7,2,2.016,296
4,0,0,0,0,7,4,3,1.276,263
45,19,0,0,0,27,9,2,5.908,294
11,5,0,0,0,6,6,2,1.389,296
4,2,0,0,0,6,8,2,1.061,296
4,2,0,0,0,1,4,1,0.342,329
22,12,0,0,0,5,8,1,1.659,327
5,0,0,0,0,4,4,2,0.809,296
2,0,0,0,0,3,3,3,0.572,264
37,11,0,0,0,10,8,2,2.787,296
10,9,0,0,0,10,9,3,2.118,263
9,0,0,0,0,5,6,2,1.069,296
2,2,0,0,0,3,3,2,0.620,296
17,5,0,0,0,7,6,1,1.687,327
5,1,0,0,0,3,4,2,0.668,296
7,4,0,0,0,4,5,1,0.952,327
24,10,0,0,0,10,7,2,2.471,296
7,5,0,0,0,4,6,2,0.978,296
14,5,0,0,0,4,7,2,1.131,296
10,3,0,0,0,3,5,1,0.837,328
35,10,0,0,0,12,9,2,3.064,296
2,2,0,0,0,2,4,1,0.457,328
5,4,0,0,0,4,4,2,0.904,296
1,2,0,0,0,3,3,2,0.594,296
10,0,0,0,0,9,5,3,1.741,264
2,2,0,0,0,3,4,2,0.620,295
18,8,0,0,0,8,8,2,1.946,296
6,0,0,0,0,9,4,3,1.646,263
2,2,0,0,0,2,3,1,0.457,328
34,0,0,0,0,29,6,4,5.528,230
20,8,0,0,0,4,7,1,1.343,327
1,0,0,0,0,2,2,1,0.385,328
19,7,0,0,0,4,7,1,1.298,327
9,0,0,0,0,7,6,2,1.395,295
23,10,0,0,0,8,8,2,2.106,295
1,2,0,0,0,2,4,2,0.433,296
3,2,0,0,0,4,5,2,0.806,296
9,4,0,0,0,5,6,1,1.164,327
4,0,0,0,0,3,3,2,0.621,296
8,7,0,0,0,8,5,2,1.687,295
4,1,0,0,0,2,3,1,0.482,328
1,2,0,0,0,1,3,1,0.268,328
6,0,0,0,0,3,4,2,0.668,296
7,6,0,0,0,5,7,2,1.161,295
13,7,0,0,0,3,6,1,0.993,327
18,5,0,0,0,9,7,1,2.036,327
20,8,0,0,0,6,7,2,1.668,296
5,4,0,0,0,4,5,1,0.902,327
2,1,0,0,0,3,4,2,0.597,296
14,4,0,0,0,3,6,1,0.953,327
30,17,0,0,0,14,10,2,3.419,294
13,7,0,0,0,7,6,2,1.641,296
4,3,0,0,0,4,4,2,0.859,296
12,7,0,0,0,7,6,2,1.628,296
3,3,0,0,0,3,4,2,0.670,296
13,11,0,0,0,7,6,2,1.745,296
1,2,0,0,0,2,4,1,0.432,328
4,2,0,0,0,5,9,4,0.997,231
6,4,0,0,0,5,4,2,1.089,296
5,0,0,0,0,2,4,2,0.482,296
8,4,0,0,0,4,7,2,0.976,296
19,12,0,0,0,12,9,3,2.720,264
19,5,0,0,0,10,8,2,2.224,295
3,2,0,0,0,2,3,1,0.481,328
8,5,0,0,0,2,5,1,0.673,327
13,6,0,0,0,4,5,1,1.135,327
11,5,0,0,0,3,5,1,0.910,327
2,2,0,0,0,2,4,1,0.457,328
2,0,0,0,0,2,3,1,0.408,328
4,3,0,0,0,4,4,1,0.859,327
2,1,0,0,0,2,3,1,0.432,328
12,4,0,0,0,8,10,3,1.723,263
2,1,0,0,0,2,3,2,0.432,296
3,2,0,0,0,2,3,1,0.482,327
9,6,0,0,0,4,5,1,1.047,327
1,0,0,0,0,2,2,1,0.385,328
3,0,0,0,0,2,3,1,0.433,328
8,7,0,0,0,4,5,1,1.049,327
4,4,0,0,0,3,4,2,0.718,296
21,9,0,0,0,9,8,2,2.219,296
4,2,0,0,0,4,4,2,0.831,296
24,11,0,0,0,5,7,1,1.674,327
3,2,0,0,0,4,4,2,0.807,296
6,5,0,0,0,4,4,1,0.952,327
3,1,0,0,0,2,4,1,0.457,328
4,2,0,0,0,1,3,1,0.341,327
5,4,0,0,0,6,4,2,1.229,295
11,8,0,0,0,8,5,2,1.789,296
20,6,0,0,0,8,7,2,1.943,296
25,9,0,0,0,8,7,2,2.131,296
4,3,0,0,0,4,4,1,0.858,327
8,7,0,0,0,5,5,2,1.211,296
5,4,0,0,0,6,4,1,1.230,327
13,6,0,0,0,4,5,1,1.131,327
9,6,0,0,0,6,7,2,1.373,296
18,0,0,0,0,13,5,3,2.570,262
3,2,0,0,0,3,4,1,0.644,327
5,3,0,0,0,4,5,2,0.882,296
24,9,0,0,0,11,7,2,2.614,295
7,3,0,0,0,3,5,2,0.766,296
4,3,0,0,0,4,4,1,0.859,327
3,3,0,0,0,3,5,2,0.669,296
11,6,0,0,0,7,5,2,1.574,296
6,0,0,0,0,9,4,3,1.647,263
13,0,0,0,0,10,7,3,1.981,262
3,3,0,0,0,2,5,2,0.504,296
16,9,0,0,0,6,8,2,1.612,296
11,0,0,0,0,7,6,2,1.440,295
13,8,0,0,0,12,6,2,2.477,295
10,5,0,0,0,6,6,2,1.370,296
3,3,0,0,0,3,4,2,0.669,296
8,4,0,0,0,1,4,1,0.485,327
3,2,0,0,0,3,4,2,0.644,296
2,1,0,0,0,3,3,1,0.597,328
2,3,0,0,0,2,4,1,0.481,328
3,1,0,0,0,3,3,1,0.621,328
5,2,0,0,0,4,4,1,0.859,327
4,2,0,0,0,4,7,3,0.832,263
4,2,0,0,0,2,4,1,0.504,327
17,11,0,0,0,13,6,2,2.802,295
7,4,0,0,0,4,6,2,0.953,295
7,6,0,0,0,6,5,2,1.327,296
3,2,0,0,0,2,4,1,0.482,327
5,5,0,0,0,5,4,2,1.090,295
2,3,0,0,0,2,4,1,0.481,328
6,4,0,0,0,4,7,2,0.925,296
19,11,0,0,0,9,7,2,2.218,295
4,2,0,0,0,5,4,3,0.998,263
5,0,0,0,0,3,4,1,0.644,327
10,7,0,0,0,7,7,2,1.582,296
3,2,0,0,0,3,4,2,0.644,296
9,4,0,0,0,5,5,1,1.157,327
6,5,0,0,0,4,4,1,0.951,327
2,2,0,0,0,3,3,2,0.622,296
1,1,0,0,0,3,3,1,0.571,328
12,4,0,0,0,5,6,1,1.235,327
1,2,0,0,0,2,3,1,0.433,328
12,5,0,0,0,2,7,1,0.769,327
5,5,0,0,0,5,4,2,1.090,295
4,3,0,0,0,2,4,1,0.529,328
5,4,0,0,0,4,5,1,0.903,327
9,4,0,0,0,7,6,2,1.486,296
5,3,0,0,0,4,4,2,0.882,296
11,6,0,0,0,10,5,1,2.071,327
5,6,0,0,0,5,7,2,1.116,296
2,2,0,0,0,2,3,1,0.458,328
7,4,0,0,0,4,4,1,0.954,327
16,0,0,0,0,11,6,2,2.199,295
5,0,0,0,0,2,4,2,0.481,296
12,6,0,0,0,8,7,2,1.766,295
1,2,0,0,0,2,3,2,0.433,296
2,2,0,0,0,2,4,1,0.456,328
23,9,0,0,0,11,7,2,2.584,295
12,4,0,0,0,7,7,2,1.556,296
10,4,0,0,0,5,6,2,1.188,296
4,4,0,0,0,3,5,2,0.719,296
2,3,0,0,0,2,3,1,0.481,328
6,0,0,0,0,6,5,2,1.160,295
20,10,0,0,0,7,10,2,1.880,295
18,7,0,0,0,9,8,2,2.085,296
4,2,0,0,0,3,4,2,0.669,296
11,8,0,0,0,8,5,2,1.787,296
13,9,0,0,0,9,6,2,2.013,295
13,4,0,0,0,6,6,2,1.412,296
7,0,0,0,0,8,4,2,1.507,295
11,7,0,0,0,6,6,1,1.433,327
6,7,0,0,0,6,12,3,1.325,264
25,15,0,0,0,17,9,2,3.739,294
3,2,0,0,0,3,4,2,0.644,296
6,4,0,0,0,5,4,2,1.091,296
3,1,0,0,0,3,4,2,0.621,295
13,6,0,0,0,12,7,2,2.428,295
5,4,0,0,0,4,4,1,0.903,327
17,0,0,0,0,14,5,3,2.709,262
5,3,0,0,0,3,4,1,0.720,328
3,2,0,0,0,2,3,1,0.481,328
5,2,0,0,0,4,4,1,0.857,327
3,2,0,0,0,4,5,2,0.807,296
7,6,0,0,0,6,6,2,1.327,295
9,6,0,0,0,4,5,2,1.047,296
23,5,0,0,0,6,8,1,1.680,327
12,7,0,0,0,6,7,2,1.467,295
8,2,0,0,0,9,5,2,1.744,296
1,1,0,0,0,2,3,2,0.408,296
31,17,0,0,0,14,7,2,3.435,295
6,0,0,0,0,5,4,2,0.998,296
5,2,0,0,0,5,7,3,1.021,263
11,5,0,0,0,5,6,1,1.236,327
15,5,0,0,0,5,5,1,1.333,327
15,7,0,0,0,6,6,1,1.528,327
11,8,0,0,0,6,6,1,1.475,327
8,4,0,0,0,3,4,1,0.813,327
3,2,0,0,0,3,5,2,0.644,296
13,12,0,0,0,10,7,2,2.246,295
2,2,0,0,0,1,3,1,0.293,328
18,6,0,0,0,6,7,1,1.576,327
3,0,0,0,0,3,3,2,0.596,296
11,5,0,0,0,12,7,3,2.367,264
5,4,0,0,0,6,5,2,1.230,295
8,3,0,0,0,4,6,2,0.954,296
7,0,0,0,0,8,4,3,1.505,263
4,2,0,0,0,3,4,2,0.670,296
14,8,0,0,0,9,6,2,2.011,296
5,4,0,0,0,3,5,1,0.743,327
2,2,0,0,0,2,4,1,0.457,328
20,10,0,0,0,6,7,1,1.717,326
8,4,0,0,0,3,4,1,0.813,327
20,11,0,0,0,9,8,2,2.233,296
6,5,0,0,0,4,4,1,0.952,327
2,3,0,0,0,3,5,2,0.644,296
26,14,0,0,0,10,8,2,2.593,296
17,8,0,0,0,8,6,2,1.920,296
20,12,0,0,0,7,6,2,1.937,296
6,4,0,0,0,7,5,3,1.416,264
7,3,0,0,0,4,5,2,0.926,296
2,0,0,0,0,5,3,2,0.899,295
4,0,0,0,0,3,4,2,0.621,296
21,0,0,0,0,12,7,2,2.476,295
3,2,0,0,0,3,4,2,0.643,296
18,5,0,0,0,5,8,1,1.398,327
11,4,0,0,0,5,6,2,1.210,296
16,7,0,0,0,4,6,1,1.239,327
4,4,0,0,0,3,4,1,0.719,327
3,0,0,0,0,2,3,1,0.432,328
4,4,0,0,0,4,4,2,0.881,296
10,5,0,0,0,8,5,1,1.692,327
23,13,0,0,0,6,7,1,1.852,327
11,3,0,0,0,5,6,2,1.189,296
7,4,0,0,0,4,4,2,0.952,296
13,0,0,0,0,18,5,3,3.263,262
18,7,0,0,0,5,7,1,1.437,327
3,2,0,0,0,2,3,1,0.482,328
1,3,0,0,0,1,3,1,0.293,328
11,6,0,0,0,14,5,3,2.708,263
2,3,0,0,0,2,4,1,0.481,328
7,4,0,0,0,4,4,1,0.953,327
15,6,0,0,0,6,7,1,1.503,327
4,3,0,0,0,4,4,2,0.858,296
6,0,0,0,0,3,4,1,0.668,327
4,2,0,0,1,2,4,1,0.481,328
14,0,0,0,0,14,6,3,2.641,262
4,4,0,0,0,3,4,2,0.717,296
12,6,0,0,0,5,5,1,1.282,327
15,0,0,0,0,16,5,3,2.983,262
6,0,0,0,0,4,4,2,0.832,295
3,0,0,0,0,3,3,2,0.596,296
3,2,0,0,0,3,4,2,0.643,296
2,1,0,0,0,2,4,1,0.433,328
2,1,0,0,0,4,3,1,0.760,327
28,9,0,0,0,7,9,2,2.040,296
12,10,0,0,0,9,5,2,2.011,294
10,5,0,0,0,6,6,2,1.370,296
16,7,0,0,0,7,6,2,1.713,296
3,2,0,0,0,3,4,1,0.644,327
11,6,0,0,0,14,5,3,2.710,263
19,6,0,0,0,6,7,1,1.613,327
3,2,0,0,0,2,4,1,0.481,327
5,5,0,0,0,4,8,2,0.928,296
3,3,0,0,0,5,5,2,0.998,295
2,2,0,0,0,3,3,1,0.598,327
5,4,0,0,0,2,4,1,0.578,328
25,11,0,0,0,8,8,2,2.194,296
3,2,0,0,0,2,4,2,0.480,296
26,18,0,0,0,13,7,2,3.176,295
8,4,0,0,0,6,6,2,1.307,296
3,2,0,0,0,4,5,2,0.808,296
2,2,0,0,0,3,3,2,0.620,296
9,5,0,0,0,6,6,2,1.349,296
16,7,0,0,0,6,7,1,1.549,327
6,5,0,0,0,4,4,1,0.952,327
3,0,0,0,0,3,4,2,0.597,296
4,0,0,0,0,3,3,2,0.622,296
8,0,0,0,0,7,4,2,1.369,295
2,2,0,0,0,2,3,2,0.456,296
20,10,0,0,0,8,7,2,2.047,295
18,12,0,0,0,9,7,2,2.209,296
5,0,0,0,0,4,4,2,0.807,296
3,3,0,0,0,3,5,2,0.670,296
7,4,0,0,0,2,5,1,0.625,327
4,1,0,0,0,9,6,3,1.623,263
16,0,0,0,0,15,5,3,2.847,263
2,2,0,0,0,3,4,2,0.621,296
2,2,0,0,0,4,5,2,0.782,296
2,2,0,0,0,3,4,2,0.621,296
8,7,0,0,0,6,6,2,1.372,295
3,4,0,0,0,4,6,2,0.857,295
8,0,0,0,0,3,4,1,0.717,327
6,2,0,0,0,3,5,1,0.716,327
11,5,0,0,0,8,7,2,1.722,295
2,1,0,0,0,2,3,1,0.432,328
4,1,0,0,0,3,4,2,0.643,296
11,5,0,0,0,3,5,1,0.909,327
5,5,0,0,0,6,12,5,1.255,199
5,4,0,0,0,4,4,1,0.903,328
6,0,0,0,0,5,5,3,0.999,263
5,0,0,0,0,8,4,3,1.458,263
6,4,0,0,0,5,6,2,1.090,296
16,6,0,0,0,7,7,2,1.701,295
8,7,0,0,0,8,5,2,1.700,295
19,12,0,0,0,13,8,2,2.889,295
6,5,0,0,0,4,4,1,0.950,327
1,1,0,0,0,2,3,2,0.408,296
7,0,0,0,0,8,4,2,1.508,295
3,3,0,0,0,3,4,1,0.668,327
4,3,0,0,0,3,5,2,0.693,296
17,6,0,0,0,9,7,2,2.054,295
3,2,0,0,0,2,4,1,0.481,327
2,1,0,0,0,2,3,1,0.433,328
3,1,0,0,0,2,3,1,0.457,328
16,5,0,0,0,5,7,1,1.341,327
6,5,0,0,0,6,5,1,1.278,327
18,6,0,0,0,8,7,2,1.899,296
21,7,0,0,0,8,7,1,2.001,326
3,1,0,0,0,3,4,2,0.620,296
10,5,0,0,0,5,6,2,1.209,296
15,8,0,0,0,9,7,2,2.032,295
2,0,0,0,0,2,3,2,0.407,296
3,2,0,0,0,2,3,1,0.481,328
10,5,0,0,0,7,5,1,1.527,327
29,12,0,0,0,12,7,2,2.949,296
4,1,0,0,0,2,4,2,0.481,296
2,2,0,0,0,2,4,2,0.456,296
15,4,0,0,0,6,6,1,1.476,327
3,3,0,0,0,3,4,1,0.668,327
4,0,0,0,0,3,3,2,0.621,296
6,0,0,0,0,5,4,2,0.998,295
3,0,0,0,0,3,4,2,0.596,296
3,2,0,0,0,2,3,2,0.481,296
5,6,0,0,0,4,4,2,0.952,296
5,4,0,0,0,4,5,2,0.904,296
8,5,0,0,0,6,5,1,1.328,327
6,2,0,0,0,6,4,3,1.205,264
6,5,0,0,0,4,4,1,0.951,327
3,0,0,0,0,4,3,2,0.759,295
16,6,0,0,0,6,7,2,1.545,296
3,2,0,0,0,3,4,2,0.644,296
17,0,0,0,0,12,6,3,2.381,262
5,0,0,0,0,4,4,2,0.808,296
2,2,0,0,0,2,3,1,0.457,328
21,14,0,0,0,14,7,2,3.129,295
1,0,0,0,0,2,2,1,0.384,328
5,0,0,0,0,4,4,2,0.808,295
23,13,0,0,0,11,7,2,2.677,295
20,7,0,0,0,7,8,1,1.808,327
2,2,0,0,0,2,4,1,0.457,328
7,6,0,0,0,4,5,2,1.001,296
3,0,0,0,0,4,3,2,0.759,295
5,5,0,0,0,6,11,4,1.231,231
4,3,0,0,0,4,4,1,0.860,328
15,0,0,0,0,10,5,2,2.034,295
5,4,0,0,0,4,5,2,0.904,296
6,4,0,0,0,5,4,2,1.092,296
6,6,0,0,0,5,5,2,1.138,296
8,6,0,0,0,5,5,1,1.187,327
3,2,0,0,0,2,3,1,0.482,327
20,11,0,0,0,6,7,1,1.739,327
3,1,0,0,0,3,4,2,0.621,296
3,1,0,0,0,3,3,1,0.621,328
54,24,0,0,0,21,8,2,5.268,295
14,6,0,0,0,9,7,2,1.967,296
4,4,0,0,0,4,4,2,0.881,296
5,0,0,0,0,6,4,3,1.137,263
3,2,0,0,0,2,5,2,0.481,296
19,7,0,0,0,6,7,1,1.617,327
12,5,0,0,0,6,5,2,1.420,296
5,3,2,0,0,4,6,2,0.583,308
11,5,0,0,0,5,6,2,1.232,296
3,1,0,0,0,3,4,2,0.621,296
23,13,0,0,0,13,9,2,2.988,295
1,3,0,0,0,1,3,1,0.293,328
26,14,0,0,0,14,10,2,3.244,294
4,2,0,0,0,3,4,2,0.669,296
23,10,0,0,0,9,8,2,2.268,296
9,5,0,0,0,5,5,2,1.186,296
4,2,0,0,0,2,4,1,0.505,328
18,7,0,0,0,8,7,1,1.921,327
11,0,0,0,0,16,5,3,2.895,262
12,5,0,0,0,6,5,1,1.409,327
7,4,0,0,0,3,5,1,0.790,327
12,5,0,0,0,8,6,1,1.747,327
19,7,0,0,0,5,6,1,1.475,327
12,7,0,0,0,6,6,2,1.475,296
3,2,0,0,0,2,3,1,0.482,328
2,2,0,0,0,5,4,1,0.948,327
3,3,0,0,0,3,5,2,0.667,296
2,4,0,0,0,2,4,1,0.504,328
16,5,0,0,0,8,5,2,1.826,296
4,4,0,0,0,2,5,1,0.554,327
7,4,0,0,0,4,4,1,0.952,327
6,5,0,0,0,7,16,6,1.443,165
1,1,0,0,0,1,3,1,0.245,328
12,4,0,0,0,6,5,2,1.385,295
9,0,0,0,0,6,5,2,1.232,295
6,5,0,0,0,4,4,1,0.952,327
9,5,0,0,0,8,6,2,1.666,296
4,3,0,0,0,4,4,1,0.858,327
3,1,0,0,0,2,3,1,0.457,328
1,2,0,0,0,4,3,1,0.760,328
3,2,0,0,0,2,4,1,0.482,327
6,5,0,0,0,4,5,1,0.954,327
3,2,0,0,0,2,4,1,0.481,328
2,2,0,0,0,2,4,2,0.457,296
2,2,0,0,0,2,3,1,0.457,328
13,6,0,0,0,7,6,1,1.619,327
10,3,0,0,0,5,6,2,1.159,296
2,2,0,0,0,2,4,2,0.457,296
10,7,0,0,0,8,5,2,1.748,296
14,9,0,0,0,8,5,2,1.889,296
12,8,0,0,0,7,5,1,1.651,327
6,0,0,0,0,9,4,3,1.648,264
49,20,0,0,0,27,14,4,6.031,231
7,1,0,0,0,4,5,2,0.882,296
19,7,0,0,0,6,7,1,1.622,327
2,3,0,0,0,2,3,1,0.482,328
10,1,0,0,0,4,7,2,0.953,295
10,0,0,0,0,6,6,2,1.254,295
4,3,0,0,0,4,8,3,0.858,263
12,0,0,0,0,10,5,3,1.946,262
16,6,0,0,0,5,6,1,1.365,327
17,6,0,0,0,5,6,1,1.387,327
10,5,0,0,0,5,6,2,1.208,296
8,5,0,0,0,4,5,1,1.000,327
23,8,0,0,0,8,7,2,2.075,296
8,4,0,0,0,3,5,1,0.814,327
10,6,0,0,0,7,5,2,1.555,296
12,6,0,0,0,9,8,3,1.929,264
6,3,0,0,0,7,11,5,1.394,198
7,3,0,0,0,5,5,2,1.091,296
14,6,0,0,0,5,7,1,1.335,327
9,0,0,0,0,6,4,2,1.231,295
3,3,0,0,0,3,4,2,0.669,296
19,11,0,0,0,13,8,2,2.859,295
18,15,0,0,0,15,7,2,3.252,294
7,5,0,0,0,6,7,3,1.297,264
9,3,0,0,0,5,6,2,1.140,296
25,11,0,0,0,12,7,1,2.843,326
8,4,0,0,0,3,5,1,0.814,327
6,4,0,0,0,5,4,2,1.090,296
6,0,0,0,0,9,4,2,1.648,295
14,9,0,0,0,8,5,1,1.890,327
3,2,0,0,0,3,4,2,0.644,296
4,3,0,0,0,4,7,3,0.859,264
5,2,0,0,0,6,5,2,1.181,296
5,2,0,0,0,3,5,2,0.694,296
10,4,0,0,0,3,5,1,0.861,327
3,3,0,0,0,4,6,2,0.833,296
7,3,0,0,0,4,7,2,0.927,296
16,6,0,0,0,6,6,1,1.529,327
8,5,0,0,0,4,6,1,1.000,327
6,0,0,0,0,9,4,3,1.646,264
10,4,0,0,0,5,5,1,1.188,327
3,0,0,0,0,4,3,1,0.760,328
4,4,0,0,0,5,11,4,1.041,231
1,0,0,0,0,2,2,1,0.385,328
15,10,0,0,0,9,7,2,2.082,296
22,10,0,0,0,14,11,3,3.050,263
2,2,0,0,0,3,4,2,0.621,296
19,9,0,0,0,7,8,2,1.850,296
10,6,0,0,0,7,5,2,1.562,296
2,1,0,0,0,2,3,2,0.432,296
4,4,0,0,0,5,9,3,1.042,263
8,5,0,0,0,6,5,2,1.326,296
5,0,0,0,0,6,4,2,1.136,295
4,4,0,0,0,3,4,2,0.717,296
32,0,0,0,0,31,6,5,5.809,198
3,4,0,0,0,2,4,1,0.529,327
3,3,0,0,0,3,6,2,0.668,296
9,0,0,0,0,6,5,2,1.231,295
5,6,0,0,0,5,7,2,1.113,295
17,0,0,0,0,14,5,3,2.705,262
3,3,0,0,0,4,4,2,0.833,296
3,3,0,0,0,3,4,2,0.670,296
14,7,0,0,0,8,6,1,1.826,327
1,1,0,0,0,3,3,1,0.573,328
22,10,0,0,0,9,9,2,2.265,295
31,17,0,0,0,17,10,3,3.926,263
4,2,0,0,0,5,4,3,0.998,264
9,5,0,0,0,6,6,2,1.348,296
11,5,0,0,0,4,5,1,1.072,327
11,4,0,0,0,4,5,1,1.050,327
2,1,0,0,0,2,4,2,0.433,296
10,0,0,0,0,9,5,3,1.744,263
5,4,0,0,0,4,5,1,0.904,327
3,2,0,0,0,2,5,2,0.481,296
5,4,0,0,0,4,4,1,0.904,327
2,0,0,0,0,2,3,1,0.407,328
6,3,0,0,0,4,4,1,0.903,327
1,2,0,0,0,1,3,1,0.268,328
13,4,0,0,0,5,5,1,1.248,327
6,2,0,0,0,5,5,1,1.040,327
15,8,0,0,0,7,6,2,1.710,296
2,1,0,0,0,2,3,2,0.432,296
2,3,0,0,0,3,5,2,0.644,296
26,10,0,0,0,9,8,2,2.341,296
5,0,0,0,0,3,4,2,0.644,296
2,2,0,0,0,2,4,2,0.457,296
29,0,0,0,0,34,6,4,6.233,229
12,9,0,0,0,11,7,2,2.315,295
3,0,0,0,0,4,4,3,0.760,264
20,8,0,0,0,5,7,2,1.519,296
9,0,0,0,0,6,4,2,1.231,294
6,0,0,0,0,5,4,3,0.996,264
4,2,0,0,0,2,4,1,0.505,328
6,4,0,0,0,7,13,5,1.417,198
6,4,0,0,0,5,7,2,1.090,295
3,2,0,0,0,2,3,1,0.481,327
12,8,0,0,0,7,5,2,1.654,296
3,0,0,0,0,4,3,1,0.760,328
6,4,0,0,0,5,6,2,1.092,296
2,1,0,0,0,1,3,1,0.269,328
3,2,0,0,0,3,4,2,0.644,296
6,5,0,0,0,8,5,2,1.604,295
2,1,0,0,0,2,4,1,0.432,328
14,6,0,0,0,6,5,1,1.483,327
4,0,0,0,0,6,4,3,1.111,264
19,8,0,0,0,8,7,2,1.989,296
3,4,0,0,0,2,4,1,0.529,327
6,0,0,0,0,9,4,3,1.645,264
4,3,0,0,0,2,4,1,0.529,328
8,3,0,0,0,6,6,2,1.279,296
10,6,0,0,0,8,6,2,1.722,295
9,1,0,0,0,10,5,3,1.903,263
3,3,0,0,0,4,5,2,0.833,296
12,8,0,0,0,13,7,2,2.618,295
29,11,0,0,0,9,7,2,2.426,296
4,3,0,0,0,4,4,1,0.858,327
2,1,0,0,0,3,3,1,0.597,328
20,9,0,0,0,7,7,2,1.858,296
13,5,0,0,0,5,5,1,1.283,327
20,10,0,0,0,11,6,1,2.523,327
3,1,0,0,0,3,3,2,0.622,296
0,1,0,0,0,2,2,1,0.335,327
11,7,0,0,0,6,5,2,1.442,296
6,4,0,0,0,3,4,1,0.765,327
13,5,0,0,0,5,6,1,1.270,327
1,1,0,0,0,1,2,1,0.220,328
3,3,0,0,0,2,4,1,0.504,328
10,5,0,0,0,6,6,2,1.370,296
3,2,0,0,0,3,4,1,0.644,327
3,2,0,0,0,2,5,2,0.482,295
19,14,0,0,0,14,7,2,3.079,295
19,8,0,0,0,7,7,2,1.804,296
16,6,0,0,0,8,7,2,1.852,296
3,1,0,0,0,2,4,2,0.457,296
7,3,0,0,0,3,6,2,0.765,296
4,3,0,0,0,4,4,1,0.859,327
25,9,0,0,0,7,8,2,1.966,296
2,2,0,0,0,2,4,2,0.456,296
2,1,0,0,0,2,3,1,0.432,328
17,8,0,0,0,7,7,2,1.755,296
4,4,0,0,0,3,4,1,0.719,328
6,0,0,0,0,7,4,2,1.320,295
16,5,0,0,0,5,7,1,1.342,327
18,6,0,0,0,5,7,1,1.408,327
2,2,0,0,0,2,3,1,0.456,327
12,6,0,0,0,8,6,2,1.768,296
42,11,0,0,0,9,9,1,2.742,326
2,2,0,0,0,3,4,1,0.550,327
3,2,0,0,0,2,3,1,0.482,328
4,3,0,0,0,4,4,1,0.858,327
1,2,0,0,0,1,3,1,0.268,328
10,0,0,0,0,5,4,2,1.092,295
5,0,0,0,0,4,4,2,0.809,295
18,7,0,0,0,5,6,1,1.449,327
4,0,0,0,0,3,4,2,0.622,296
3,0,0,0,0,3,3,2,0.596,296
6,0,0,0,0,5,5,2,0.997,295
2,2,0,0,0,2,3,1,0.457,328
10,0,0,0,0,5,4,2,1.090,295
2,1,0,0,0,3,4,2,0.598,295
11,5,0,0,0,4,7,2,1.071,296
20,7,0,0,0,9,7,2,2.140,295
3,2,0,0,0,2,4,1,0.481,328
7,5,0,0,0,3,4,1,0.815,327
19,4,0,0,0,5,6,1,1.388,327
5,4,0,0,0,5,5,2,1.068,296
25,9,0,0,0,11,7,2,2.618,295
21,8,0,0,0,6,7,1,1.711,327
4,3,0,0,0,3,7,2,0.694,296
3,2,0,0,0,2,4,1,0.481,328
21,11,0,0,0,12,7,2,2.745,296
16,4,0,0,0,6,7,2,1.484,296
9,6,0,0,0,4,5,1,1.048,327
3,2,0,0,0,2,3,1,0.481,328
4,0,0,0,0,3,3,1,0.621,327
2,3,0,0,0,2,5,2,0.481,296
3,2,0,0,0,2,3,1,0.482,328
34,12,0,0,0,9,8,2,2.581,295
3,2,0,0,0,3,5,2,0.644,296
3,3,0,0,0,3,5,2,0.669,296
3,3,0,0,0,3,5,2,0.670,296
4,4,0,0,0,4,4,2,0.880,296
4,2,0,0,0,4,5,2,0.835,296
3,0,0,0,0,3,3,2,0.596,296
6,0,0,0,0,5,4,2,0.997,295
12,4,0,0,0,5,7,2,1.234,296
8,5,0,0,0,5,6,2,1.156,295
33,22,0,0,0,24,8,2,5.239,294
22,12,0,0,0,5,8,1,1.655,327
3,1,0,0,0,2,4,2,0.457,296
5,3,0,0,0,4,4,1,0.882,327
1,2,0,0,0,2,3,1,0.432,328
9,1,0,0,0,5,4,2,1.091,295
4,4,0,0,0,3,4,2,0.717,296
2,2,0,0,0,3,4,2,0.621,296
25,14,0,0,0,13,7,2,3.077,295
6,5,0,0,0,6,5,2,1.278,296
2,1,0,0,0,2,4,1,0.432,328
9,3,0,0,0,4,5,1,0.976,327
18,6,0,0,0,7,7,2,1.751,295
7,0,0,0,0,4,4,2,0.858,295
13,7,0,0,0,8,7,2,1.814,296
2,2,0,0,0,3,3,2,0.621,295
3,0,0,0,0,4,3,2,0.759,295
24,14,0,0,0,13,6,2,3.060,295
6,0,0,0,0,3,4,2,0.669,296
6,5,0,0,0,6,5,2,1.277,296
11,5,0,0,0,6,5,1,1.388,327
22,7,0,0,0,8,7,1,2.024,327
6,4,0,0,0,5,4,2,1.091,295
5,3,0,0,0,6,11,5,1.206,198
6,6,0,0,0,4,7,1,0.975,327
18,6,0,0,0,6,7,1,1.574,327
22,7,0,0,0,8,7,1,2.019,327
10,6,0,0,0,6,5,1,1.387,327
19,6,0,0,0,7,7,1,1.760,327
25,9,0,0,0,9,8,2,2.308,295
8,7,0,0,0,8,6,2,1.695,295
2,1,0,0,0,2,3,1,0.433,328
1,1,0,0,0,2,4,2,0.407,296
2,1,0,0,0,3,3,2,0.597,296
6,0,0,0,0,9,4,3,1.645,264
5,5,0,0,0,6,6,2,1.254,295
8,5,0,0,0,6,5,1,1.327,327
19,0,0,0,0,12,5,3,2.430,262
15,0,0,0,0,16,5,3,2.985,262
5,3,0,0,0,3,4,2,0.718,296
16,5,0,0,0,10,7,2,2.170,295
8,0,0,0,0,15,5,5,2.654,199
8,5,0,0,0,9,6,3,1.806,263
12,8,0,0,0,7,5,2,1.642,296
6,4,0,0,0,5,5,2,1.091,295
3,3,0,0,0,2,7,2,0.505,295
6,0,0,0,0,9,4,2,1.650,294
2,2,0,0,0,1,3,1,0.293,328
8,5,0,0,0,5,5,1,1.159,327
4,4,0,0,0,3,4,1,0.719,327
4,3,0,0,0,4,4,1,0.857,327
8,6,0,0,0,4,6,2,1.024,296
8,5,0,0,0,5,5,1,1.165,327
12,7,0,0,0,4,5,1,1.139,327
5,4,0,0,0,4,4,1,0.904,327
16,5,0,0,0,5,7,1,1.341,327
10,6,0,0,0,3,6,1,0.909,327
2,3,0,0,0,2,3,1,0.482,328
4,0,0,0,0,3,4,2,0.621,295
8,4,0,0,0,4,5,1,0.977,327
3,2,0,0,0,2,4,1,0.482,327
5,5,0,0,0,5,4,1,1.091,327
14,9,0,0,0,8,5,1,1.875,327
23,9,0,0,0,8,7,2,2.093,296
2,2,0,0,0,3,3,1,0.549,327
10,5,0,0,0,8,5,2,1.695,295
6,0,0,0,0,4,5,2,0.833,296
23,11,0,0,0,12,10,3,2.783,264
3,1,0,0,0,2,4,1,0.458,328
3,3,0,0,0,3,7,3,0.669,264
6,5,0,0,0,4,8,2,0.950,295
3,2,0,0,0,3,4,2,0.644,296
3,4,0,0,0,3,6,2,0.695,296
5,0,0,0,0,4,5,2,0.806,295
10,5,0,0,0,9,6,2,1.861,296
17,6,0,0,0,6,6,1,1.552,327
16,0,0,0,0,9,6,2,1.893,295
3,3,0,0,0,3,5,2,0.669,296
4,5,0,0,0,5,6,2,1.068,295
8,5,0,0,0,6,5,2,1.328,296
9,0,0,0,0,6,4,2,1.230,295
29,0,0,0,0,34,6,4,6.227,229
11,0,0,0,0,12,5,3,2.244,263
5,4,0,0,0,5,11,4,1.065,231
11,8,0,0,0,12,5,3,2.430,263
8,3,0,0,0,2,5,1,0.625,327
5,5,0,0,0,5,4,2,1.090,296
6,0,0,0,0,6,5,3,1.161,264
6,4,0,0,0,5,4,2,1.091,296
2,2,0,0,0,2,5,2,0.457,296
7,0,0,0,0,6,5,2,1.182,295
9,0,0,0,0,6,4,2,1.232,295
19,6,0,0,0,9,7,2,2.084,296
7,6,0,0,0,4,5,2,0.999,296
7,4,0,0,0,4,6,1,0.952,327
3,3,0,0,0,3,4,2,0.670,295
18,5,0,0,0,5,8,2,1.390,296
11,4,0,0,0,4,5,1,1.048,327
13,6,0,0,0,7,6,2,1.632,296
23,11,0,0,0,5,7,1,1.656,326
16,7,0,0,0,10,8,2,2.198,295
1,0,0,0,0,4,3,2,0.711,296
5,5,0,0,0,5,4,2,1.089,296
1,1,0,0,0,1,2,1,0.245,328
1,1,0,0,0,1,2,1,0.244,329
9,0,0,0,0,6,4,2,1.230,295
3,1,0,0,0,3,3,2,0.621,296
3,4,0,0,0,4,5,2,0.858,296
15,9,0,0,0,8,6,1,1.898,327
8,0,0,0,0,5,6,2,1.044,295
7,0,0,0,0,8,4,2,1.507,295
2,2,0,0,0,3,3,1,0.620,328
2,0,0,0,0,2,3,2,0.408,296
5,4,0,0,0,4,4,1,0.904,327
3,3,0,0,0,2,4,1,0.483,328
2,2,0,0,0,2,4,1,0.456,328
8,4,0,0,0,4,6,1,0.977,327
7,0,0,0,0,4,4,2,0.859,295
2,2,0,0,0,2,3,2,0.456,296
21,8,0,0,0,6,7,1,1.710,327
26,14,0,0,0,13,8,2,3.090,295
2,2,0,0,0,3,3,1,0.621,327
1,1,0,0,0,1,3,1,0.245,328
5,0,0,0,0,7,4,3,1.301,263
20,9,0,0,0,11,8,2,2.512,295
2,2,0,0,0,2,3,1,0.457,328
12,0,0,0,0,7,5,1,1.467,327
18,8,0,0,0,7,7,2,1.785,296
22,8,0,0,0,8,7,2,2.045,296
6,4,0,0,0,5,4,2,1.092,296
14,0,0,0,0,21,6,4,3.793,231
6,0,0,0,0,4,4,2,0.834,296
7,6,0,0,0,6,6,2,1.326,295
4,3,0,0,0,4,4,1,0.857,327
7,6,0,0,0,4,5,1,1.001,327
6,4,0,0,0,3,4,2,0.765,296
10,6,0,0,0,5,6,1,1.231,327
2,2,0,0,0,3,4,1,0.620,327
5,4,0,0,0,4,4,1,0.905,327
5,0,0,0,0,2,3,1,0.482,328
7,4,0,0,0,6,7,2,1.279,295
12,7,0,0,0,5,6,2,1.295,296
5,6,0,0,0,6,10,3,1.278,263
14,6,0,0,0,7,6,2,1.654,295
7,4,0,0,0,4,4,1,0.952,327
3,3,0,0,0,3,5,2,0.669,296
4,2,0,0,0,4,4,2,0.833,296
10,4,0,0,0,7,6,2,1.512,296
4,3,0,0,0,3,4,1,0.694,327
24,10,0,0,0,14,10,2,3.120,295
2,2,0,0,0,3,3,2,0.621,296
4,1,0,0,0,2,5,1,0.481,328
25,14,0,0,0,10,7,2,2.571,296
2,1,0,0,0,2,3,1,0.432,328
12,6,0,0,0,5,5,1,1.279,327
6,5,0,0,0,4,4,1,0.953,327
11,7,0,0,0,7,6,2,1.612,296
22,8,0,0,0,8,7,2,2.048,296
4,3,0,0,0,4,5,2,0.857,296
7,6,0,0,0,6,5,2,1.231,295
1,1,0,0,0,2,3,1,0.408,328
8,0,0,0,0,3,4,1,0.718,327
17,4,0,0,0,4,7,1,1.192,327
4,4,0,0,0,4,6,2,0.882,296
5,3,0,0,0,3,4,1,0.718,327
5,3,0,0,0,3,4,2,0.718,296
12,7,0,0,0,9,7,2,1.949,296
2,2,0,0,0,3,4,2,0.621,296
11,0,0,0,0,12,5,3,2.255,263
4,3,0,0,0,5,5,2,1.019,295
7,6,0,0,0,5,5,2,1.161,296
23,8,0,0,0,9,7,2,2.233,295
2,1,0,0,0,2,3,2,0.433,296
1,1,0,0,0,2,3,2,0.408,296
10,3,0,0,0,8,6,2,1.651,295
2,2,0,0,0,2,5,1,0.456,328
3,1,0,0,0,3,3,1,0.621,327
15,0,0,0,0,16,5,3,2.988,263
27,12,0,0,0,12,7,2,2.926,296
7,4,0,0,0,4,4,1,0.952,327
4,4,0,0,0,4,8,3,0.880,263
6,5,0,0,0,4,4,1,0.951,327
3,3,0,0,0,3,4,2,0.670,296
11,0,0,0,0,4,6,2,0.953,296
12,0,0,0,0,7,7,2,1.463,295
25,13,0,0,0,11,8,2,2.710,296
3,0,0,0,0,4,4,3,0.760,264
6,7,0,0,0,7,7,2,1.487,295
2,1,0,0,0,2,3,2,0.433,296
3,2,0,0,0,3,5,2,0.643,296
14,6,0,0,0,5,6,1,1.333,327
7,0,0,0,0,8,4,2,1.508,295
2,2,0,0,0,2,3,1,0.460,328
20,9,0,0,0,9,7,2,2.184,296
7,0,0,0,0,7,4,2,1.343,295
20,8,0,0,0,10,9,2,2.328,295
4,3,0,0,0,4,7,2,0.858,296
5,4,0,0,0,6,4,2,1.228,295
12,6,0,0,0,5,6,1,1.271,327
6,5,0,0,0,6,6,2,1.279,295
2,3,0,0,0,3,5,2,0.643,296
9,8,0,0,0,6,5,1,1.416,327
4,2,0,0,0,3,4,2,0.667,296
19,6,0,0,0,6,7,1,1.613,327
5,0,0,0,0,6,4,2,1.136,295
11,0,0,0,0,9,5,2,1.771,295
2,1,0,0,0,1,3,1,0.268,328
17,6,0,0,0,6,6,1,1.550,327
12,9,0,0,0,8,6,2,1.826,295
5,4,0,0,0,6,5,2,1.231,296
2,1,0,0,0,1,3,1,0.268,328
4,0,0,0,0,3,3,1,0.621,328
8,7,0,0,0,6,5,2,1.372,296
11,0,0,0,0,4,6,2,0.952,296
25,15,0,0,0,15,6,2,3.427,295
2,2,0,0,0,2,4,1,0.457,328
3,3,0,0,0,2,4,1,0.504,328
7,3,0,0,0,3,4,1,0.767,327
44,25,0,0,0,25,9,3,5.717,263
12,0,0,0,0,5,5,2,1.137,295
7,0,0,0,0,8,4,2,1.506,295
8,0,0,0,0,7,5,3,1.368,264
15,6,0,0,0,6,7,2,1.503,296
17,5,0,0,0,5,7,1,1.368,327
6,3,0,0,0,4,4,2,0.902,296
7,3,0,0,0,3,5,1,0.767,327
6,5,0,0,0,4,4,1,0.953,327
15,0,0,0,0,23,6,4,4.121,231
6,4,0,0,0,3,5,1,0.765,327
2,3,0,0,0,2,3,2,0.481,296
4,4,0,0,0,4,6,2,0.881,296
8,0,0,0,0,7,4,2,1.369,295
3,3,0,0,0,3,5,2,0.670,296
3,2,0,0,0,3,5,2,0.643,296
17,5,0,0,0,5,7,1,1.366,327
6,4,0,0,0,7,11,5,1.419,198
3,3,0,0,0,2,4,1,0.504,327
25,0,0,0,0,14,8,2,2.921,294
5,2,0,0,2,4,4,2,0.812,296
11,6,0,0,0,6,6,1,1.418,327
8,8,0,0,0,7,16,5,1.560,198
5,4,0,0,0,2,4,1,0.577,328
21,7,0,0,0,5,6,1,1.516,327
11,6,0,0,0,6,6,2,1.418,295
7,4,0,0,0,6,5,2,1.276,296
9,6,0,0,0,5,7,1,1.212,327
15,0,0,0,0,16,5,3,2.987,262
6,4,0,0,0,5,4,2,1.090,296
3,2,0,0,0,2,4,1,0.481,328
4,0,0,0,0,7,4,3,1.274,262
3,4,0,0,0,6,7,2,1.182,296
2,1,0,0,0,3,3,1,0.596,328
7,4,0,0,0,4,4,1,0.951,328
21,11,0,0,0,6,7,2,1.767,296
3,1,0,0,0,3,3,2,0.621,296
20,9,0,0,0,8,7,2,2.021,296
15,3,0,0,0,4,6,1,1.108,327
4,3,0,0,0,3,4,1,0.693,327
2,2,0,0,0,1,4,1,0.293,328
14,9,0,0,0,10,7,2,2.198,295
10,10,0,0,0,11,5,3,2.290,262
7,4,0,0,0,8,6,2,1.606,296
22,9,0,0,0,8,7,2,2.077,295
9,5,0,0,0,5,6,2,1.185,296
13,8,0,0,0,6,8,2,1.503,295
11,8,0,0,0,12,5,3,2.425,262
3,0,0,0,0,6,4,2,1.084,295
4,4,0,0,0,5,4,2,1.040,296
18,6,0,0,0,7,7,2,1.752,296
14,9,0,0,0,8,8,2,1.870,295
2,3,0,0,0,2,5,2,0.481,296
11,5,0,0,0,7,6,2,1.553,296
2,2,0,0,0,1,3,1,0.293,328
4,2,0,0,0,2,4,1,0.505,327
21,8,0,0,0,8,7,2,2.016,296
4,3,0,0,0,4,4,1,0.858,327
18,11,0,0,0,12,6,1,2.660,327
4,0,0,0,0,4,4,2,0.783,296
3,2,0,0,0,3,4,1,0.643,327
11,5,0,0,0,8,6,2,1.714,296
3,2,0,0,0,3,5,2,0.644,296
21,8,0,0,0,7,8,2,1.855,296
7,0,0,0,0,8,4,2,1.505,295
24,12,0,0,0,11,7,2,2.682,296
3,2,0,0,0,4,5,2,0.808,296
3,1,0,0,0,3,4,2,0.621,295
1,2,0,0,0,3,4,2,0.597,296
10,5,0,0,0,7,6,2,1.530,296
5,4,0,0,0,4,4,1,0.903,327
3,2,0,0,0,2,3,1,0.482,328
3,2,0,0,0,4,5,2,0.808,296
4,4,0,0,0,3,5,2,0.717,296
3,1,0,0,0,2,4,1,0.457,328
9,5,0,0,0,5,5,1,1.189,327
5,5,0,0,0,5,14,5,1.092,198
6,5,0,0,0,6,6,2,1.277,296
3,3,0,0,0,2,4,1,0.504,328
3,1,0,0,0,2,4,1,0.457,328
22,9,0,0,0,6,8,2,1.751,296
30,10,0,0,0,9,8,2,2.460,296
10,5,0,0,0,5,5,1,1.208,327
3,2,0,0,0,3,6,2,0.643,296
5,3,0,0,0,1,4,1,0.389,327
13,9,0,0,0,7,5,1,1.687,327
2,2,0,0,0,1,3,1,0.293,328
5,4,0,0,0,4,6,2,0.902,295
8,3,0,0,0,4,5,1,0.953,327
17,7,0,0,0,10,7,2,2.229,295
2,3,0,0,0,3,5,2,0.644,296
5,2,0,0,0,4,4,1,0.857,327
3,0,0,0,0,4,3,2,0.759,296
9,4,0,0,0,4,6,1,1.001,327
2,2,0,0,0,2,4,2,0.456,296
3,3,0,0,0,3,5,2,0.669,296
5,0,0,0,0,2,3,1,0.482,327
11,8,0,0,0,8,5,2,1.787,296
4,3,0,0,0,4,4,1,0.858,327
2,0,0,0,0,1,2,1,0.245,328
7,7,0,0,0,6,5,2,1.348,296
14,0,0,0,0,19,6,4,3.447,231
2,0,0,0,0,1,2,1,0.245,328
14,8,0,0,0,8,6,2,1.852,296
22,8,0,0,0,9,7,2,2.220,296
4,3,0,0,0,4,4,2,0.860,296
7,5,0,0,0,3,4,1,0.815,327
8,5,0,0,0,8,6,2,1.649,295
19,9,0,0,0,6,7,2,1.664,296
12,6,0,0,0,5,5,1,1.278,327
12,6,0,0,0,8,6,2,1.768,295
6,0,0,0,0,2,5,2,0.505,296
27,10,0,0,0,8,7,2,2.205,296
3,2,0,0,0,2,3,1,0.481,327
5,3,0,0,0,3,4,1,0.717,327
19,10,0,0,0,6,8,2,1.711,296
5,0,0,0,0,3,4,2,0.644,296
17,7,0,0,0,5,7,1,1.411,327
3,1,0,0,0,3,3,2,0.622,296
7,8,0,0,0,6,6,2,1.372,295
6,5,0,0,0,5,7,2,1.114,296
6,1,0,0,0,4,5,2,0.859,296
5,4,0,0,0,4,5,1,0.903,327
5,3,0,0,0,3,4,1,0.717,327
11,0,0,0,0,9,6,2,1.762,295
2,2,0,0,0,2,4,1,0.457,328
10,4,0,0,0,5,7,2,1.183,296
16,6,0,0,0,6,8,2,1.529,296
9,7,0,0,0,9,7,2,1.885,295
20,0,0,0,0,27,6,3,4.894,262
6,5,0,0,0,6,5,2,1.277,296
9,3,0,0,0,3,4,1,0.815,327
4,0,0,0,0,5,4,2,0.947,295
17,0,0,0,0,7,6,3,1.574,263
1,2,0,0,0,2,3,1,0.432,328
7,0,0,0,0,6,5,2,1.182,295
11,0,0,0,0,10,5,3,1.930,264
16,0,0,0,0,11,6,3,2.199,264
6,0,0,0,0,7,4,3,1.321,263
6,5,0,0,0,4,4,1,0.952,327
2,2,0,0,0,2,4,1,0.458,328
5,4,0,0,0,5,8,3,1.068,263
3,2,0,0,0,3,5,2,0.644,296
3,2,0,0,0,3,4,2,0.644,296
2,0,0,0,0,1,2,1,0.245,329
13,9,0,0,0,9,5,2,2.035,296
4,3,0,0,0,3,4,1,0.695,327
11,7,0,0,0,5,5,1,1.277,327
6,2,0,0,0,5,4,2,1.042,295
6,0,0,0,0,9,4,3,1.647,263
3,0,0,0,0,2,4,2,0.433,296
5,0,0,0,0,4,4,2,0.807,296
1,1,0,0,0,1,3,1,0.245,328
7,4,0,0,0,4,5,1,0.953,327
12,7,0,0,0,8,5,2,1.784,295
3,1,0,0,0,3,3,1,0.621,327
2,2,0,0,0,3,4,2,0.621,296
1,2,0,0,0,1,3,1,0.269,328
3,2,0,0,0,2,4,1,0.482,328
4,2,0,0,0,1,3,1,0.342,328
20,7,0,0,0,8,7,2,1.987,296
19,0,0,0,0,6,6,2,1.474,295
1,1,0,0,0,1,3,1,0.245,328
7,5,0,0,0,3,4,1,0.814,327
14,10,0,0,0,10,7,2,2.225,295
8,7,0,0,0,8,5,2,1.689,295
3,1,0,0,0,3,3,2,0.620,296
12,5,0,0,0,4,5,1,1.098,327
16,7,0,0,0,8,6,2,1.892,295
3,2,0,0,0,3,5,2,0.644,296
20,10,0,0,0,8,8,2,2.045,296
3,3,0,0,0,3,4,2,0.669,296
10,3,0,0,0,5,5,1,1.165,327
5,3,0,0,0,3,4,1,0.717,327
35,0,0,0,0,13,8,3,2.985,264
8,5,0,0,0,4,6,2,0.998,296
8,0,0,0,0,7,4,3,1.367,264
7,6,0,0,0,6,6,2,1.328,296
6,4,0,0,0,6,6,2,1.253,295
6,5,0,0,0,2,4,1,0.626,328
43,31,0,0,0,29,8,2,6.480,294
4,3,0,0,0,3,4,2,0.695,296
20,11,0,0,0,8,7,2,2.075,296
3,1,0,0,0,2,3,1,0.457,328
5,0,0,0,0,4,4,2,0.808,296
3,3,0,0,0,3,5,2,0.669,296
3,3,0,0,0,3,4,1,0.668,327
5,0,0,0,0,4,4,2,0.808,296
3,3,0,0,0,3,5,2,0.671,296
14,5,0,0,0,5,6,1,1.296,327
4,4,0,0,0,5,12,4,1.043,231
11,0,0,0,0,4,5,2,0.953,296
8,0,0,0,0,5,5,3,1.042,263
8,3,0,0,0,4,4,1,0.953,327
24,10,0,0,0,10,7,2,2.469,296
11,8,0,0,0,10,7,2,2.106,295
5,3,0,0,0,3,4,1,0.724,327
3,3,0,0,0,2,5,1,0.505,328
5,0,0,0,0,2,4,2,0.481,296
6,0,0,0,0,1,3,1,0.341,328
20,8,0,0,0,6,8,2,1.667,296
4,3,0,0,0,5,8,3,1.019,263
3,0,0,0,0,4,3,2,0.759,296
23,10,0,0,0,9,8,2,2.267,295
7,4,0,0,0,5,6,2,1.116,296
7,6,0,0,0,7,14,5,1.484,199
1,2,0,0,0,3,3,1,0.597,327
7,3,0,0,0,5,4,2,1.091,296
3,2,0,0,0,2,3,1,0.481,327
10,3,0,0,0,3,5,1,0.837,327
8,4,0,0,0,3,4,1,0.815,327
5,2,0,0,0,4,4,2,0.857,295
4,4,0,0,0,4,5,2,0.881,295
2,3,0,0,0,2,4,1,0.482,328
13,1,0,0,0,5,6,2,1.187,296
3,0,0,0,0,2,3,2,0.433,296
1,3,0,0,0,2,3,1,0.457,328
3,2,0,0,0,3,6,2,0.645,295
17,8,0,0,0,5,7,1,1.435,327
10,5,0,0,0,5,5,1,1.211,327
4,0,0,0,0,4,4,2,0.783,296
21,6,0,0,0,8,8,2,1.981,296
4,2,0,0,0,3,4,2,0.667,296
8,0,0,0,0,7,4,2,1.369,295
5,4,0,0,0,4,6,2,0.903,296
36,11,0,0,0,16,11,2,3.730,295
4,2,0,0,0,5,5,2,0.998,295
3,4,0,0,0,4,5,2,0.858,296
3,2,0,0,0,2,3,1,0.481,328
9,0,0,0,0,6,4,2,1.231,295
6,0,0,0,0,8,4,3,1.482,263
18,10,0,0,0,8,8,2,1.992,295
13,8,0,0,0,10,5,2,2.150,295
16,9,0,0,0,6,5,1,1.596,326
6,4,0,0,0,7,5,2,1.414,295
6,5,0,0,0,8,6,2,1.603,295
3,3,0,0,0,4,6,2,0.832,295
4,2,0,0,0,3,4,2,0.667,296
3,0,0,0,0,0,2,0,0.099,360
32,10,0,0,0,15,7,2,3.457,295
9,6,0,0,0,4,5,1,1.050,327
5,5,0,0,0,5,4,2,1.089,295
15,0,0,0,0,7,7,2,1.535,296
7,0,0,0,0,7,4,3,1.345,264
21,10,0,0,0,11,8,2,2.546,295
2,1,0,0,0,3,4,2,0.596,296
4,4,0,0,0,5,8,3,1.041,263
4,5,0,0,0,4,6,2,0.904,296
2,2,0,0,0,2,3,2,0.457,296
7,0,0,0,0,6,4,2,1.182,295
9,4,0,0,0,5,7,2,1.162,296
7,0,0,0,0,8,4,2,1.509,295
5,3,0,0,0,3,4,1,0.719,327
7,0,0,0,0,8,4,3,1.505,263
40,23,0,0,0,18,8,2,4.438,295
1,1,0,0,0,3,3,2,0.571,296
3,1,0,0,0,3,4,1,0.621,328
11,0,0,0,0,16,5,3,2.895,263
5,4,0,0,0,3,5,1,0.743,327
10,6,0,0,0,6,5,1,1.389,327
11,3,0,0,0,11,5,3,2.171,263
2,1,0,0,0,1,4,1,0.268,328
5,2,0,0,0,2,4,1,0.529,328
14,5,0,0,0,5,5,1,1.294,327
20,6,0,0,0,7,7,2,1.782,296
13,5,0,0,0,4,6,1,1.107,327
10,6,0,0,0,9,6,2,1.888,296
9,7,0,0,0,7,5,2,1.558,296
28,11,0,0,0,9,8,2,2.423,296
4,0,0,0,0,3,3,2,0.619,295
3,1,0,0,0,3,3,2,0.622,296
18,9,0,0,0,7,7,2,1.807,296
1,2,0,0,0,0,2,0,0.099,360
6,5,0,0,0,2,5,1,0.626,328
2,2,0,0,0,4,5,2,0.783,296
6,5,0,0,0,4,5,2,0.954,296
4,0,0,0,0,4,5,4,0.782,231
5,0,0,0,0,3,4,2,0.644,296
4,0,0,0,0,5,4,4,0.946,231
6,4,0,0,0,3,5,2,0.762,296
2,2,0,0,0,3,4,2,0.621,295
74,21,0,0,0,16,10,2,4.881,296
8,0,0,0,0,8,5,3,1.531,264
3,1,0,0,0,3,4,2,0.620,296
11,8,0,0,0,6,6,2,1.469,296
8,3,0,0,1,5,5,1,1.092,327
23,13,0,0,0,7,7,2,2.025,296
6,4,0,0,0,3,5,1,0.766,327
3,2,0,0,0,3,4,1,0.597,327
5,0,0,0,0,3,4,2,0.644,296
2,1,0,0,0,2,3,1,0.432,328
2,2,0,0,0,2,4,1,0.457,328
3,0,0,0,0,3,4,3,0.596,264
3,4,0,0,0,4,6,2,0.859,296
20,7,0,0,0,6,7,1,1.646,327
3,4,0,0,0,4,4,2,0.858,296
4,3,0,0,0,4,4,2,0.859,296
7,0,0,0,0,4,4,2,0.860,296
4,3,0,0,0,4,7,2,0.859,295
2,3,0,0,0,3,4,2,0.644,296
7,6,0,0,0,7,14,5,1.487,198
26,0,0,0,0,29,6,4,5.359,229
6,5,0,0,0,4,5,1,0.953,327
17,7,0,0,0,7,6,1,1.753,327
2,1,0,0,0,3,3,1,0.597,328
17,6,0,0,0,7,7,1,1.715,327
28,10,0,0,0,8,8,2,2.231,296
15,8,0,0,0,3,6,1,1.061,327
3,2,0,0,0,2,5,2,0.481,296
12,6,0,0,0,8,7,2,1.768,295
6,5,0,0,0,4,7,2,0.952,295
1,2,0,0,0,2,4,1,0.433,328
8,6,0,0,0,5,5,2,1.186,296
2,3,0,0,0,2,3,1,0.481,328
3,0,0,0,0,2,3,1,0.433,328
5,0,0,0,0,4,4,2,0.807,296
2,0,0,0,0,3,3,2,0.573,296
13,5,0,0,0,7,12,4,1.607,232
3,2,0,0,0,3,4,2,0.644,296
7,4,0,0,0,6,6,2,1.276,295
2,1,0,0,0,2,4,2,0.432,296
20,9,0,0,0,8,8,2,2.018,296
2,2,0,0,0,2,4,1,0.457,328
39,11,0,0,0,8,8,2,2.511,296
27,9,0,0,0,8,8,2,2.180,296
10,0,0,0,0,8,5,3,1.580,264
22,0,0,0,0,41,6,5,7.202,199
3,3,0,0,0,4,6,2,0.834,296
12,6,0,0,0,7,6,2,1.611,296
2,1,0,0,0,2,3,1,0.432,328
1,2,0,0,0,2,3,1,0.433,328
11,6,0,0,0,5,5,1,1.248,327
6,7,0,0,0,6,5,2,1.322,295
4,3,0,0,0,2,4,1,0.529,328
3,2,0,0,0,3,4,2,0.644,296
2,2,0,0,0,2,3,1,0.457,328
3,3,0,0,0,3,4,2,0.669,296
8,3,0,0,0,4,4,1,0.952,327
30,0,0,0,0,33,6,4,6.083,230
10,7,0,0,0,4,6,1,1.094,327
5,4,0,0,0,6,4,2,1.231,295
10,0,0,0,0,5,4,2,1.089,295
11,6,0,0,0,6,8,2,1.418,296
11,5,0,0,0,4,7,2,1.071,296
4,3,0,0,0,4,5,2,0.857,296
3,1,0,0,0,4,4,1,0.783,328
14,5,0,0,0,6,7,2,1.474,296
41,22,0,0,0,34,10,3,7.017,263
2,1,0,0,0,2,3,2,0.431,296
2,0,0,0,0,3,3,1,0.572,328
4,1,0,0,0,2,3,1,0.482,328
4,3,0,0,0,3,4,1,0.694,327
4,4,0,0,0,3,5,2,0.719,296
11,0,0,0,0,8,5,3,1.601,264
3,3,0,0,0,3,5,2,0.669,296
4,3,0,0,0,3,4,1,0.694,327
2,1,0,0,0,2,3,2,0.433,296
5,4,0,0,0,6,5,2,1.230,296
6,0,0,0,0,5,4,2,0.998,295
7,0,0,0,0,6,4,2,1.182,295
11,8,0,0,0,8,6,2,1.790,295
2,1,0,0,0,1,3,1,0.268,328
13,6,0,0,0,6,6,1,1.473,327
4,3,0,0,0,4,4,1,0.858,327
8,2,0,0,0,5,5,2,1.089,295
7,4,0,0,0,4,4,1,0.953,327
28,15,0,0,0,14,6,2,3.312,295
8,4,0,0,0,3,5,1,0.814,327
29,14,0,0,0,11,7,2,2.834,296
17,9,0,0,0,7,7,2,1.784,296
4,1,0,0,0,4,4,2,0.809,296
20,13,0,0,0,10,6,2,2.456,296
20,9,0,0,0,11,8,2,2.511,295
29,15,0,0,0,15,7,2,3.532,295
3,3,0,0,0,3,8,3,0.670,264
17,10,0,0,0,11,6,2,2.453,295
15,6,0,0,0,4,6,1,1.195,327
33,10,0,0,0,6,8,1,2.019,326
11,7,0,0,0,5,5,1,1.277,327
6,3,0,0,0,2,5,1,0.579,328
3,2,0,0,0,2,3,1,0.482,328
11,6,0,0,0,13,6,2,2.547,295
32,9,0,0,0,10,8,2,2.651,295
4,2,0,0,0,5,4,2,0.998,296
3,3,0,0,0,2,5,2,0.504,296
11,7,0,0,0,7,6,1,1.610,327
3,2,0,0,0,3,5,2,0.643,296
14,8,0,0,0,7,6,2,1.705,296
2,1,0,0,0,3,3,2,0.596,296
15,0,0,0,0,16,5,3,2.985,262
24,10,0,0,0,9,8,1,2.303,326
10,0,0,0,0,6,5,2,1.254,295
2,2,0,0,0,2,5,2,0.456,295
3,4,0,0,0,3,6,2,0.693,296
9,0,0,0,0,4,5,2,0.906,296
14,7,0,0,0,6,6,2,1.502,295
13,9,0,0,0,9,6,2,2.014,295
20,9,0,0,0,8,7,1,2.019,326
2,2,0,0,0,2,4,1,0.457,328
2,2,0,0,0,2,5,2,0.457,296
15,9,0,0,0,11,6,2,2.384,295
7,6,0,0,0,6,5,2,1.322,296
2,2,0,0,0,2,4,2,0.457,296
23,12,0,0,0,10,7,2,2.485,296
5,0,0,0,0,4,4,2,0.808,296
13,4,0,0,0,6,8,2,1.417,296
18,13,0,0,0,12,9,2,2.714,295
7,0,0,0,0,5,4,2,1.020,296
3,3,0,0,0,2,4,1,0.504,328
15,7,0,0,0,7,6,2,1.687,296
7,0,0,0,0,4,5,2,0.859,296
5,4,0,0,0,6,5,2,1.231,296
3,2,0,0,0,3,4,2,0.647,296
3,3,0,0,0,2,5,2,0.504,296
7,5,0,0,0,3,5,1,0.814,327
5,2,0,0,0,6,5,2,1.182,296
18,7,0,0,0,8,8,2,1.920,295
4,3,0,0,0,4,4,1,0.859,327
6,0,0,0,0,5,4,2,0.997,295
2,1,0,0,0,1,3,1,0.268,328
1,2,0,0,0,2,3,2,0.433,296
3,4,0,0,0,4,5,2,0.859,296
3,2,0,0,0,6,4,3,1.134,264
5,4,0,0,0,5,5,2,1.065,296
3,2,0,0,0,2,4,1,0.481,328
16,0,0,0,0,7,5,2,1.559,295
4,2,0,0,0,3,4,1,0.670,327
2,1,0,0,0,1,3,1,0.268,328
3,3,0,0,0,3,4,2,0.669,296
5,4,0,0,0,4,6,2,0.903,295
1,2,0,0,0,2,3,2,0.431,296
6,2,0,0,0,7,4,3,1.368,263
21,11,0,0,0,6,8,1,1.771,326
37,0,0,0,0,26,6,3,5.108,261
2,2,0,0,0,2,4,2,0.457,296
5,0,0,0,0,6,4,2,1.137,296
6,5,0,0,0,6,6,2,1.278,295
14,5,0,0,0,4,7,2,1.138,296
6,5,0,0,0,4,4,1,0.952,327
5,5,0,0,0,6,11,4,1.256,231
2,1,0,0,0,2,3,2,0.432,296
26,5,0,0,0,8,8,1,2.076,326
4,3,0,0,0,4,4,2,0.858,296
17,6,0,0,0,6,7,2,1.547,296
4,3,0,0,0,3,5,1,0.694,327
11,4,0,0,0,5,7,2,1.209,296
4,2,0,0,0,4,4,2,0.832,296
10,5,0,0,0,16,5,1,2.989,327
8,4,0,0,0,6,6,2,1.303,296
5,3,0,0,0,3,4,1,0.718,328
17,6,0,0,0,6,7,2,1.549,296
6,0,0,0,0,3,4,2,0.669,296
2,2,0,0,0,3,4,1,0.621,328
2,0,0,0,0,2,3,1,0.408,328
16,4,0,0,0,6,6,2,1.483,296
21,0,0,0,0,10,6,2,2.171,295
17,6,0,0,0,6,8,2,1.552,296
5,3,0,0,0,3,4,1,0.718,327
6,0,0,0,0,6,4,3,1.159,263
16,6,0,0,0,5,7,1,1.366,327
3,2,0,0,0,4,5,2,0.809,296
12,6,0,0,0,5,6,1,1.272,327
1,2,0,0,0,1,3,1,0.268,328
4,3,0,0,0,2,4,1,0.530,328
7,0,0,0,0,6,4,2,1.183,295
22,11,0,0,0,13,9,2,2.918,294
8,0,0,0,0,7,4,2,1.370,295
15,9,0,0,0,7,7,2,1.754,296
16,7,0,0,0,6,7,1,1.551,327
13,5,0,0,0,5,5,1,1.271,327
2,3,0,0,0,3,4,2,0.643,296
12,0,0,0,0,9,6,3,1.788,264
2,4,0,0,0,3,5,2,0.669,295
4,0,0,0,0,5,4,2,0.945,295
3,3,0,0,0,3,4,2,0.668,296
18,7,0,0,0,10,7,2,2.270,296
26,14,0,0,0,21,6,2,4.390,294
18,9,0,0,0,16,8,2,3.259,295
14,9,0,0,0,8,5,2,1.874,296
8,0,0,0,0,7,4,2,1.371,295
6,6,0,0,0,6,6,2,1.299,296
4,3,0,0,0,2,4,1,0.531,327
3,3,0,0,0,3,4,1,0.669,328
3,0,0,0,0,0,2,0,0.100,360
1,0,0,0,0,3,3,2,0.523,295
20,15,0,0,0,24,8,2,4.754,294
13,0,0,0,0,6,6,2,1.327,295
1,2,0,0,0,2,3,1,0.432,327
28,8,0,0,0,12,8,2,2.843,295
8,5,0,0,0,4,6,1,0.998,327
2,2,0,0,0,3,4,2,0.621,296
5,0,0,0,0,4,4,2,0.807,296
2,1,0,0,0,2,3,2,0.432,296
3,2,0,0,0,2,3,1,0.482,327
10,6,0,0,0,6,6,2,1.389,296
5,4,0,0,0,2,4,1,0.578,328
12,5,0,0,0,4,5,1,1.093,327
3,3,0,0,0,2,5,2,0.504,296
20,8,0,0,0,6,7,1,1.667,327
2,2,0,0,0,3,5,2,0.620,295
27,15,0,0,0,15,7,2,3.457,295
2,1,0,0,0,4,3,2,0.759,295
5,3,0,0,0,3,5,2,0.718,295
10,7,0,0,0,6,5,2,1.416,296
17,0,0,0,0,14,5,4,2.705,229
4,3,0,0,0,5,5,2,1.020,295
6,0,0,0,0,4,4,2,0.834,296
13,0,0,0,0,18,5,3,3.260,262
4,3,0,0,0,4,4,1,0.858,327
5,2,0,0,0,2,4,1,0.530,328
5,1,0,0,0,3,4,2,0.667,296
5,2,0,0,0,4,4,2,0.859,296
21,9,0,0,0,5,7,1,1.570,326
24,13,0,0,0,14,6,2,3.174,295
2,2,0,0,0,3,4,2,0.621,296
8,4,0,0,0,4,5,1,0.977,327
2,1,0,0,0,2,4,1,0.433,328
7,4,0,0,0,4,4,1,0.952,327
1,2,0,0,0,4,3,1,0.760,327
15,7,0,0,0,7,7,2,1.688,296
3,2,0,0,0,3,4,1,0.643,328
3,3,0,0,0,3,4,1,0.669,327
5,4,0,0,0,6,5,2,1.230,295
10,4,0,0,0,5,5,1,1.187,327
1,2,0,0,0,2,3,1,0.432,328
1,2,0,0,0,2,3,2,0.433,296
2,2,0,0,0,2,4,1,0.458,328
1,1,0,0,0,2,3,1,0.408,328
4,3,0,0,0,2,5,1,0.529,328
31,19,0,0,0,11,8,2,2.996,295
2,0,0,0,0,1,2,1,0.245,329
25,0,0,0,0,38,6,4,6.788,230
1,1,0,0,0,1,3,1,0.245,328
3,1,0,0,0,3,4,2,0.621,296
6,4,0,0,0,5,5,2,1.091,296
5,4,0,0,0,4,4,2,0.905,296
11,6,0,0,0,7,6,1,1.581,327
10,4,0,0,0,7,7,2,1.512,295
13,8,0,0,0,6,6,1,1.512,327
2,2,0,0,0,2,4,1,0.457,328
3,2,0,0,0,2,4,1,0.482,327
8,5,0,0,0,5,5,1,1.163,327
21,8,0,0,0,7,7,2,1.855,296
26,11,0,0,0,11,9,2,2.699,296
19,9,0,0,0,9,7,2,2.156,296
3,3,0,0,0,3,4,1,0.669,328
8,0,0,0,0,7,5,3,1.370,264
19,5,0,0,0,6,7,1,1.575,327
3,3,0,0,0,4,6,3,0.832,264
3,1,0,0,0,2,3,1,0.457,328
8,4,0,0,0,3,4,1,0.813,327
3,1,0,0,0,4,4,2,0.784,295
15,0,0,0,0,12,5,3,2.344,262
7,3,0,0,0,3,4,1,0.764,327
2,1,0,0,0,2,3,2,0.432,295
4,3,0,0,0,4,5,2,0.857,296
22,10,0,0,0,7,7,1,1.937,327
9,7,0,0,0,8,7,2,1.720,295
15,8,0,0,0,3,7,1,1.063,327
3,1,0,0,0,2,3,1,0.457,328
7,4,0,0,0,4,5,2,0.951,295
5,5,0,0,0,3,4,2,0.765,296
4,2,0,0,0,2,4,1,0.504,327
5,3,0,0,0,3,5,1,0.719,327
15,5,0,0,0,5,5,1,1.332,327
5,5,0,0,0,5,14,4,1.091,230
16,0,0,0,0,7,5,2,1.549,295
7,0,0,0,0,8,4,2,1.506,295
26,17,0,0,0,13,7,2,3.173,295
2,2,0,0,0,3,3,1,0.620,328
10,0,0,0,0,10,5,3,1.902,262
21,11,0,0,0,9,8,2,2.247,296
2,1,0,0,0,1,3,1,0.268,328
19,7,0,0,0,6,7,1,1.621,327
3,2,0,0,0,2,4,1,0.482,328
7,5,0,0,0,5,5,2,1.138,295
13,5,0,0,0,7,5,2,1.614,296
3,4,0,0,0,5,6,2,1.021,296
23,7,0,0,0,9,7,2,2.215,296
10,3,0,0,0,4,6,2,0.997,296
12,7,0,0,0,9,7,2,1.948,295
3,2,0,0,0,2,3,1,0.481,328
11,3,0,0,0,6,6,2,1.346,296
9,7,0,0,0,7,22,7,1.558,133
45,20,0,0,0,18,7,2,4.476,295
2,2,0,0,0,4,5,2,0.737,296
4,3,0,0,0,4,4,1,0.857,327
4,3,0,0,0,4,6,2,0.857,295
24,11,0,0,0,12,9,2,2.816,295
3,3,0,0,0,3,4,1,0.669,328
19,7,0,0,0,9,7,1,2.123,327
3,2,0,0,0,2,4,1,0.481,328
2,2,0,0,0,3,4,2,0.621,296
26,10,0,0,0,9,6,2,2.336,295
6,7,0,0,0,5,8,2,1.164,295
13,5,0,0,0,5,7,2,1.284,296
4,5,0,0,0,6,6,2,1.231,295
10,5,0,0,0,7,7,2,1.527,295
7,0,0,0,0,8,4,3,1.506,262
18,9,0,0,0,8,7,2,1.985,296
9,0,0,0,0,6,5,3,1.231,264
2,2,0,0,0,2,3,1,0.457,327
7,6,0,0,0,4,6,1,0.999,327
2,0,0,0,0,3,3,2,0.572,296
14,6,0,0,0,5,7,2,1.332,296
4,0,0,0,0,4,4,2,0.782,295
5,4,0,0,0,2,4,1,0.578,327
9,3,0,0,0,5,5,2,1.139,296
23,13,0,0,0,11,6,2,2.676,295
2,2,0,0,0,2,3,1,0.433,328
13,9,0,0,0,10,6,2,2.176,295
6,4,0,0,0,5,4,2,1.090,296
5,5,0,0,0,6,13,4,1.256,231
34,17,0,0,0,20,8,2,4.485,294
13,8,0,0,0,7,6,2,1.675,295
30,16,0,0,0,15,10,2,3.555,295
9,4,0,0,0,6,6,2,1.325,296
13,9,0,0,0,9,6,2,2.028,295
41,0,0,0,0,22,6,3,4.558,262
3,1,0,0,0,3,4,2,0.620,296
4,3,0,0,0,4,5,2,0.858,295
22,10,0,0,0,8,9,2,2.092,295
3,2,0,0,0,2,4,1,0.482,328
3,3,0,0,0,3,4,1,0.670,328
18,9,0,0,0,8,7,2,1.987,296
10,0,0,0,0,8,5,3,1.579,264
4,3,0,0,0,2,4,1,0.529,328
14,5,0,0,0,6,6,2,1.473,296
12,9,0,0,0,8,5,2,1.825,296
3,3,0,0,0,2,4,1,0.504,328
9,0,0,0,0,6,4,2,1.231,295
3,3,0,0,0,3,5,1,0.668,327
17,7,0,0,0,7,7,1,1.751,327
4,3,0,0,0,4,4,1,0.859,327
8,3,0,0,0,9,7,3,1.766,264
1,1,0,0,0,1,2,1,0.245,328
6,0,0,0,0,4,5,2,0.833,295
16,5,0,0,0,7,7,2,1.666,296
6,6,0,0,0,13,13,1,2.139,326
13,5,0,0,0,5,6,1,1.270,327
11,0,0,0,0,20,5,4,3.536,231
12,7,0,0,0,4,5,1,1.135,327
27,14,0,0,0,15,7,2,3.445,295
3,2,0,0,0,3,6,2,0.645,296
1,2,0,0,0,2,3,1,0.433,328
5,2,0,0,0,4,5,2,0.858,296
18,17,0,0,0,16,6,2,3.477,294
4,4,0,0,0,5,6,2,1.044,295
3,0,0,0,0,2,3,1,0.433,328
14,9,0,0,0,8,5,1,1.889,327
10,0,0,0,0,5,4,2,1.090,295
1,2,0,0,0,2,3,2,0.432,296
9,6,0,0,0,6,6,1,1.372,327
4,3,0,0,0,4,4,1,0.858,327
5,0,0,0,0,2,3,1,0.482,327
6,4,0,0,0,5,4,2,1.089,296
11,7,0,0,0,7,5,1,1.609,327
3,2,0,0,0,2,3,1,0.481,328
9,5,0,0,0,6,5,2,1.351,296
10,6,0,0,0,5,5,1,1.233,327
18,6,0,0,0,5,7,1,1.410,327
31,11,0,0,0,9,10,2,2.480,296
18,9,0,0,0,7,7,2,1.805,296
16,6,0,0,0,5,6,1,1.365,327
9,7,0,0,0,7,5,2,1.554,296
14,9,0,0,0,8,5,1,1.872,326
1,1,0,0,0,1,2,1,0.245,328
7,5,0,0,0,5,6,2,1.139,296
31,13,0,0,0,14,7,2,3.342,295
2,2,0,0,0,3,3,2,0.620,296
3,3,0,0,0,3,6,2,0.668,295
9,4,0,0,0,5,6,2,1.159,295
8,4,0,0,0,5,5,1,1.141,327
6,4,0,0,0,3,4,1,0.766,327
9,6,0,0,0,6,6,2,1.371,296
3,2,0,0,0,4,5,2,0.807,296
15,0,0,0,0,14,6,4,2.658,231
20,8,0,0,0,10,7,2,2.334,296
4,4,0,0,0,4,4,2,0.880,296
3,2,0,0,0,4,5,2,0.808,296
19,6,0,0,0,9,7,2,2.098,296
2,2,0,0,0,2,4,2,0.456,296
17,5,0,0,0,7,7,2,1.707,296
3,0,0,0,0,4,3,3,0.759,264
7,6,0,0,0,6,6,2,1.326,295
5,4,0,0,0,4,7,2,0.904,296
3,3,0,0,0,3,5,2,0.669,296
22,9,0,0,0,7,7,1,1.906,326
9,0,0,0,0,10,5,2,1.881,295
2,1,0,0,0,1,3,1,0.268,328
21,8,0,0,0,8,7,2,2.018,296
3,2,0,0,0,2,4,2,0.480,296
11,6,0,0,0,5,6,2,1.250,296
20,1,0,0,0,10,5,2,2.147,294
14,9,0,0,0,8,5,1,1.873,327
9,10,0,0,0,8,16,5,1.790,198
11,6,0,0,0,6,5,2,1.410,296
15,0,0,0,0,16,5,3,2.979,262
12,0,0,0,0,11,5,3,2.113,263
4,4,0,0,0,5,8,3,1.042,264
13,9,0,0,0,9,5,2,2.031,295
11,5,0,0,0,6,8,2,1.391,295
12,8,0,0,0,7,5,1,1.653,327
20,8,0,0,0,8,7,2,1.994,296
1,2,0,0,0,1,3,1,0.268,328
8,0,0,0,0,7,5,3,1.367,264
2,2,0,0,0,2,5,2,0.456,296
4,2,0,0,0,2,4,1,0.505,328
10,3,0,0,0,4,5,2,0.998,296
12,7,0,0,0,8,6,2,1.788,296
20,6,0,0,0,5,7,1,1.473,327
5,4,0,0,0,4,5,2,0.903,296
27,0,0,0,0,36,6,4,6.496,229
4,0,0,0,0,5,4,3,0.946,264
6,5,0,0,0,4,6,1,0.952,327
2,2,0,0,0,1,4,1,0.293,328
12,7,0,0,0,8,6,2,1.790,296
17,8,0,0,0,8,8,2,1.920,295
1,2,0,0,0,2,3,1,0.433,328
1,2,0,0,0,2,4,1,0.432,328
2,2,0,0,0,2,3,1,0.457,328
7,3,0,0,0,2,5,1,0.602,328
14,0,0,0,0,5,5,2,1.187,295
14,7,0,0,0,6,6,2,1.510,296
17,6,0,0,0,7,7,2,1.716,296
19,8,0,0,0,6,8,1,1.644,327
9,7,0,0,0,7,5,2,1.560,295
23,9,0,0,0,5,7,1,1.603,327
15,6,0,0,0,6,6,1,1.503,327
3,2,0,0,0,3,5,2,0.550,295
11,7,0,0,0,5,5,2,1.277,296
3,2,0,0,0,4,4,2,0.783,296
8,3,0,0,0,4,5,1,0.952,327
5,4,0,0,0,3,4,1,0.742,327
5,4,0,0,0,6,7,3,1.231,263
4,0,0,0,0,3,3,2,0.621,296
3,1,0,0,0,3,4,2,0.621,296
6,1,0,0,0,5,4,3,1.021,264
5,4,0,0,0,6,6,2,1.229,295
17,11,0,0,0,11,6,2,2.497,296
3,0,0,0,0,4,4,1,0.761,327
3,3,0,0,0,5,6,3,0.997,263
6,5,0,0,0,4,4,1,0.952,327
7,4,0,0,0,2,5,1,0.625,327
5,3,0,0,0,3,4,1,0.719,328
9,0,0,0,0,7,5,2,1.391,295
13,0,0,0,0,5,6,2,1.162,296
16,7,0,0,0,8,7,2,1.894,296
21,10,0,0,0,10,7,2,2.382,295
5,0,0,0,0,2,3,1,0.482,328
6,0,0,0,0,9,4,4,1.649,231
5,3,0,0,0,3,4,1,0.718,327
3,3,0,0,0,4,5,2,0.832,295
3,2,0,0,0,2,3,1,0.481,328
5,0,0,0,0,5,5,2,0.971,296
25,8,0,0,0,8,8,2,2.132,295
14,7,0,0,0,6,6,1,1.503,327
16,6,0,0,0,4,7,1,1.200,327
17,7,0,0,0,8,6,2,1.899,296
27,15,0,0,0,16,8,2,3.616,295
7,3,0,0,0,5,4,2,1.090,295
12,6,0,0,0,5,5,1,1.277,327
4,4,0,0,0,4,5,2,0.881,296
8,4,0,0,0,3,6,1,0.814,327
8,0,0,0,0,11,5,3,2.025,264
13,5,0,0,0,4,7,1,1.108,327
7,2,0,0,0,2,4,1,0.578,327
4,2,0,0,0,3,6,2,0.669,296
8,0,0,0,0,7,4,3,1.367,263
15,6,0,0,0,5,7,1,1.342,327
3,2,0,0,0,3,5,2,0.643,296
5,0,0,0,0,3,4,2,0.644,296
8,0,0,0,0,7,4,3,1.368,263
34,9,0,0,0,8,8,2,2.369,296
8,4,0,0,0,5,6,1,1.139,327
2,2,0,0,0,3,5,2,0.620,296
6,4,0,0,0,5,4,2,1.091,296
3,2,0,0,0,3,5,2,0.644,296
5,3,0,0,0,5,4,2,1.041,295
6,0,0,0,0,6,5,3,1.158,264
8,5,0,0,0,6,5,1,1.326,327
3,3,0,0,0,3,5,1,0.668,327
11,7,0,0,0,10,7,2,2.093,295
3,2,0,0,0,4,6,3,0.808,263
3,2,0,0,0,2,3,1,0.482,327
13,7,0,0,0,8,7,2,1.814,296
6,4,0,0,0,5,4,2,1.091,296
11,5,0,0,0,6,6,2,1.391,296
10,0,0,0,0,7,5,2,1.416,295
3,3,0,0,0,2,4,1,0.505,328
16,0,0,0,0,9,5,3,1.892,263
5,2,0,0,0,3,4,1,0.693,327
2,0,0,0,0,4,3,2,0.736,295
3,2,0,0,0,2,3,1,0.481,328
18,0,0,0,0,29,6,4,5.157,231
5,4,0,0,0,4,6,2,0.903,296
3,3,0,0,0,3,4,2,0.669,296
8,3,0,0,0,4,5,1,0.952,327
4,0,0,0,0,3,3,2,0.621,296
7,3,0,0,0,11,6,1,2.069,327
22,8,0,0,0,5,7,1,1.573,326
5,4,0,0,0,6,4,1,1.231,327
3,0,0,0,0,3,4,2,0.596,295
2,0,0,0,0,1,2,1,0.245,328
2,2,0,0,0,1,3,1,0.293,328
2,3,0,0,0,2,4,2,0.481,296
2,1,0,0,0,4,3,1,0.666,327
7,5,0,0,0,5,6,2,1.140,295
12,0,0,0,0,7,7,2,1.467,296
4,2,0,0,0,2,4,1,0.505,328
5,1,0,0,0,3,4,2,0.669,296
8,4,0,0,0,4,5,1,0.977,327
4,2,0,0,0,1,3,1,0.341,328
20,7,0,0,0,5,7,2,1.479,296
18,7,0,0,0,7,7,1,1.762,327
7,0,0,0,0,8,4,3,1.505,263
3,2,0,0,0,3,5,2,0.642,296
15,12,0,0,0,9,7,2,2.130,296
14,9,0,0,0,8,5,1,1.871,327
1,1,0,0,0,1,2,1,0.220,328
6,5,0,0,0,5,5,2,1.110,296
6,3,0,0,0,8,5,3,1.558,263
5,0,0,0,0,10,4,4,1.785,231
8,0,0,0,0,15,5,4,2.666,231
6,4,0,0,0,3,5,2,0.765,296
2,2,0,0,0,1,3,1,0.293,328
13,5,0,0,0,7,7,2,1.612,296
13,5,0,0,0,5,6,2,1.285,296
3,2,0,0,0,2,3,1,0.481,328
22,0,0,0,0,41,6,4,7.204,229
3,3,0,0,0,3,5,2,0.669,295
3,2,0,0,0,3,4,2,0.644,296
20,6,0,0,0,7,9,2,1.785,296
2,2,0,0,0,1,3,1,0.293,328
4,4,0,0,0,4,4,2,0.880,296
1,2,0,0,0,2,3,1,0.432,328
5,4,0,0,0,5,6,2,1.067,295
2,2,0,0,0,3,3,1,0.622,327
10,6,0,0,0,8,6,2,1.722,296
21,6,0,0,0,8,7,2,1.979,296
10,6,0,0,0,7,5,2,1.549,295
6,5,0,0,0,4,4,1,0.952,327
4,5,0,0,0,4,4,1,0.903,327
26,10,0,0,0,9,8,1,2.338,326
4,3,0,0,0,3,4,1,0.695,328
13,8,0,0,0,10,5,2,2.166,295
8,2,0,0,0,4,5,1,0.927,327
4,4,0,0,0,3,4,2,0.719,296
21,6,0,0,0,7,7,1,1.817,327
2,1,0,0,0,1,3,1,0.268,328
18,7,0,0,0,6,7,2,1.616,296
3,2,0,0,0,2,4,1,0.482,328
9,5,0,0,0,3,6,1,0.859,327
3,2,0,0,0,4,4,2,0.807,296
6,0,0,0,0,9,4,3,1.645,263
15,8,0,0,0,6,7,2,1.549,296
16,6,0,0,0,6,6,1,1.529,327
5,4,0,0,0,4,5,1,0.904,327
11,8,0,0,0,7,5,2,1.627,296
2,1,0,0,0,1,4,1,0.268,328
9,4,0,0,0,3,5,1,0.836,327
3,2,0,0,0,3,4,2,0.644,296
5,4,0,0,0,4,4,1,0.904,327
4,2,0,0,0,4,4,2,0.833,296
12,8,0,0,0,6,6,2,1.488,296
1,1,0,0,0,2,3,1,0.408,328
15,9,0,0,0,9,6,2,2.058,295
11,4,0,0,0,7,6,2,1.537,295
20,8,0,0,0,6,8,2,1.668,296
6,0,0,0,0,7,4,3,1.321,263
2,3,0,0,0,2,3,1,0.482,328
6,5,0,0,0,6,6,2,1.277,295
4,3,0,0,0,3,5,1,0.694,327
2,1,0,0,0,4,3,1,0.761,328
4,5,0,0,0,5,8,2,1.066,296
9,4,0,0,0,2,4,1,0.674,327
3,0,0,0,0,4,3,2,0.760,295
10,4,0,0,0,6,6,2,1.349,296
6,0,0,0,0,4,4,2,0.831,296
16,6,0,0,0,7,7,2,1.687,296
16,8,0,0,0,6,7,1,1.573,327
16,6,0,0,0,5,7,1,1.366,327
18,7,0,0,0,5,9,2,1.433,296
2,3,0,0,0,2,3,2,0.482,296
12,4,0,0,0,4,6,1,1.072,327
7,6,0,0,0,6,10,3,1.326,263
3,3,0,0,0,3,5,2,0.669,295
11,0,0,0,0,16,5,3,2.897,262
4,2,0,0,0,2,4,1,0.506,327
14,6,0,0,0,7,5,1,1.652,327
9,0,0,0,0,6,4,2,1.233,295
6,0,0,0,0,3,4,2,0.669,296
3,4,0,0,0,3,4,1,0.695,327
4,0,0,0,0,11,4,3,1.925,262
3,1,0,0,0,3,3,2,0.621,296
1,2,0,0,0,3,3,1,0.596,328
5,2,0,0,0,2,4,1,0.529,328
3,2,0,0,0,4,4,1,0.807,327
27,6,0,0,0,12,8,2,2.773,295
9,5,0,0,0,2,7,1,0.697,327
8,0,0,0,0,7,4,2,1.368,295
4,0,0,0,0,5,4,2,0.945,296
5,4,0,0,0,3,4,2,0.744,296
23,11,0,0,0,9,8,2,2.302,296
24,10,0,0,0,9,7,1,2.303,327
2,2,0,0,0,2,3,1,0.456,328
3,4,0,0,0,3,5,2,0.694,296
10,6,0,0,0,5,5,1,1.234,327
3,3,0,0,0,2,4,1,0.505,328
6,2,0,0,0,5,4,2,1.041,295
20,8,0,0,0,6,8,2,1.668,296
22,11,0,0,0,11,8,1,2.612,326
23,11,0,0,0,12,8,2,2.773,295
3,2,0,0,0,1,4,1,0.316,328
8,6,0,0,0,8,5,2,1.663,296
10,3,0,0,0,4,5,1,0.998,327
8,3,0,0,0,4,5,1,0.952,327
37,12,0,0,0,14,7,2,3.453,295
3,2,0,0,0,3,5,2,0.643,296
3,4,0,0,0,3,6,2,0.694,296
25,10,0,0,0,10,8,2,2.480,296
9,6,0,0,0,6,5,2,1.372,296
8,4,0,0,0,4,6,2,0.976,296
6,3,0,0,0,1,4,1,0.414,328
36,9,0,0,0,10,8,1,2.715,327
9,5,0,0,0,9,5,1,1.831,327
2,2,0,0,0,3,4,2,0.622,296
3,0,0,0,0,4,4,1,0.760,327
7,0,0,0,0,4,4,2,0.860,295
15,9,0,0,0,7,6,2,1.751,296
6,5,0,0,0,6,6,2,1.276,295
22,14,0,0,0,12,8,2,2.843,295
6,4,0,0,0,5,4,2,1.089,295
6,0,0,0,0,5,4,2,0.997,295
13,0,0,0,0,8,5,3,1.649,264
8,6,0,0,0,9,5,2,1.837,295
14,4,0,0,0,7,7,1,1.617,327
6,0,0,0,0,9,4,3,1.649,263
4,3,0,0,0,4,5,2,0.859,296
1,1,0,0,0,2,4,2,0.409,296
11,4,0,0,0,5,5,1,1.206,327
3,2,0,0,0,3,5,2,0.643,296
10,5,0,0,0,6,6,2,1.374,296
3,2,0,0,0,2,3,1,0.482,328
3,2,0,0,0,3,5,2,0.643,296
2,0,0,0,0,3,3,2,0.573,295
5,5,0,0,0,5,4,2,1.090,295
19,6,0,0,0,6,6,2,1.614,296
3,3,0,0,0,3,6,2,0.669,296
14,4,0,0,0,5,5,2,1.281,296
8,0,0,0,0,3,4,1,0.717,327
8,7,0,0,0,6,5,1,1.374,327
2,2,0,0,0,2,4,1,0.457,328
4,0,0,0,0,5,4,2,0.946,295
10,4,0,0,0,8,8,2,1.665,295
13,4,0,0,0,5,7,2,1.246,296
7,0,0,0,0,4,5,2,0.861,296
12,7,0,0,0,4,5,1,1.130,327
12,7,0,0,0,6,6,2,1.473,296
20,10,0,0,0,7,7,2,1.877,295
12,6,0,0,0,7,5,2,1.610,296
7,4,0,0,0,4,4,1,0.952,327
10,5,0,0,0,6,5,1,1.372,327
4,3,0,0,0,3,4,1,0.694,327
1,2,0,0,0,4,3,1,0.759,328
4,1,0,0,0,5,4,2,0.971,295
8,0,0,0,0,7,4,2,1.366,295
7,5,0,0,0,4,6,1,0.978,327
3,3,0,0,0,3,4,1,0.669,327
7,2,0,0,0,6,4,3,1.229,264
13,8,0,0,0,9,7,2,2.008,296
3,2,0,0,0,3,5,2,0.643,296
2,1,0,0,0,1,3,1,0.268,329
5,4,0,0,0,6,5,2,1.230,296
15,5,0,0,0,6,7,2,1.484,296
21,8,0,0,0,8,8,2,2.018,296
6,5,0,0,0,6,5,2,1.281,296
1,2,0,0,0,3,4,2,0.596,296
3,1,0,0,0,4,4,2,0.784,296
32,11,0,0,0,8,8,2,2.367,295
8,5,0,0,0,5,5,1,1.158,327
14,4,0,0,0,5,6,2,1.272,296
11,4,0,0,0,4,5,1,1.048,327
2,3,0,0,0,2,4,1,0.481,328
18,6,0,0,0,8,8,1,1.901,327
24,14,0,0,0,12,9,3,2.879,264
14,5,0,0,0,6,6,1,1.471,327
6,4,0,0,0,5,4,2,1.090,295
11,5,0,0,0,7,6,2,1.554,296
19,7,0,0,0,6,7,1,1.622,327
24,12,0,0,0,9,7,2,2.338,295
3,2,0,0,0,3,4,1,0.645,327
5,4,0,0,0,4,6,2,0.904,295
8,3,0,0,0,4,5,1,0.951,327
19,11,0,0,0,7,6,2,1.877,296
14,6,0,0,0,5,5,1,1.334,327
7,0,0,0,0,4,4,2,0.858,295
3,3,0,0,0,3,4,1,0.669,327
2,1,0,0,0,1,3,1,0.268,328
2,2,0,0,0,2,4,1,0.458,328
18,10,0,0,0,5,8,1,1.508,327
8,5,0,0,0,5,6,2,1.162,296
12,0,0,0,0,6,6,2,1.302,295
22,11,0,0,0,11,9,2,2.610,296
18,6,0,0,0,10,8,2,2.223,295
5,0,0,0,0,4,4,2,0.807,295
7,0,0,0,0,7,5,3,1.345,264
3,0,0,0,0,3,4,2,0.597,296
9,3,0,0,0,5,6,1,1.140,327
27,9,0,0,0,8,9,1,2.182,327
9,6,0,0,0,5,5,2,1.206,296
6,0,0,0,0,6,4,2,1.162,295
5,0,0,0,0,4,5,2,0.808,296
15,0,0,0,0,14,5,3,2.662,262
3,4,0,0,0,4,4,2,0.859,296
8,0,0,0,0,7,4,2,1.367,295
4,0,0,0,0,4,4,2,0.783,296
22,8,0,0,0,6,7,2,1.717,296
4,2,0,0,0,3,5,2,0.669,296
2,0,0,0,0,3,3,2,0.572,296
6,0,0,0,0,5,4,2,0.998,295
13,8,0,0,0,6,6,2,1.514,296
3,2,0,0,0,2,3,1,0.482,328
7,4,0,0,0,4,4,1,0.953,327
7,4,0,0,0,4,5,1,0.953,327
5,4,0,0,0,4,4,1,0.903,327
15,6,0,0,0,6,6,1,1.506,327
31,9,0,0,0,5,8,1,1.792,326
3,2,0,0,0,2,4,1,0.482,328
18,7,0,0,0,7,6,2,1.762,296
7,0,0,0,0,7,5,2,1.345,296
15,7,0,0,0,4,6,1,1.203,327
23,9,0,0,0,7,7,1,1.936,327
19,6,0,0,0,4,7,1,1.270,327
23,9,0,0,0,6,7,2,1.765,296
14,6,0,0,0,5,7,1,1.334,327
9,0,0,0,0,14,5,3,2.520,263
5,3,0,0,0,4,5,2,0.882,296
4,3,0,0,0,4,5,2,0.859,295
7,3,0,0,0,3,4,1,0.766,327
6,0,0,0,0,2,4,1,0.505,327
16,6,0,0,0,7,7,2,1.687,296
7,1,0,0,0,4,4,2,0.879,295
15,5,0,0,0,5,7,2,1.335,296
3,1,0,0,0,3,3,2,0.621,296
13,6,0,0,0,6,6,1,1.473,327
12,7,0,0,0,8,6,2,1.792,296
18,5,0,0,0,4,8,1,1.228,327
5,4,0,0,0,2,5,1,0.578,327
8,6,0,0,0,9,6,2,1.828,296
37,0,0,0,0,58,7,4,10.327,229
5,4,0,0,0,4,4,1,0.904,327
18,5,0,0,0,5,7,1,1.387,327
21,10,0,0,0,9,7,2,2.237,296
12,7,0,0,0,4,5,1,1.139,327
21,7,0,0,0,6,7,1,1.668,327
5,1,0,0,0,2,4,1,0.505,328
10,5,0,0,0,6,5,1,1.373,327
3,2,0,0,0,3,4,2,0.644,296
2,2,0,0,0,1,3,1,0.293,328
6,4,0,0,0,6,6,2,1.255,295
16,9,0,0,0,6,7,2,1.597,296
5,3,0,0,0,3,4,1,0.717,327
3,2,0,0,0,6,4,1,0.990,327
14,0,0,0,0,17,5,3,3.123,262
6,5,0,0,0,4,4,1,0.952,327
20,6,0,0,0,9,8,2,2.125,296
22,21,0,0,0,20,7,2,4.286,293
11,7,0,0,0,11,6,2,2.242,295
23,9,0,0,0,9,8,2,2.248,295
6,0,0,0,0,7,4,3,1.319,262
16,5,0,0,0,5,8,1,1.346,327
15,5,0,0,0,7,6,2,1.645,296
3,2,0,0,0,2,3,1,0.481,328
11,0,0,0,0,4,4,1,0.952,327
28,12,0,0,0,11,6,2,2.787,296
2,2,0,0,0,3,3,1,0.621,328
7,0,0,0,0,6,5,2,1.182,295
4,0,0,0,0,7,4,3,1.273,264
17,9,0,0,0,9,7,2,2.125,296
8,3,0,0,0,3,6,1,0.788,327
2,2,0,0,0,4,6,3,0.781,264
11,5,0,0,0,5,6,2,1.237,296
2,3,0,0,0,3,5,2,0.644,296
25,11,0,0,0,9,7,2,2.341,295
17,6,0,0,0,8,7,1,1.894,327
4,3,0,0,0,6,5,2,1.182,296
10,0,0,0,0,5,4,2,1.089,295
13,8,0,0,0,6,5,1,1.512,327
11,8,0,0,0,8,6,2,1.791,296
20,7,0,0,0,6,7,1,1.662,327
3,2,0,0,0,2,3,1,0.481,328
21,9,0,0,0,9,7,2,2.215,296
4,2,0,0,0,2,4,1,0.505,328
8,6,4,0,0,10,8,3,1.402,276
41,11,0,0,0,10,8,2,2.887,296
2,2,0,0,0,2,3,1,0.457,328
16,6,0,0,0,6,6,1,1.527,327
12,4,0,0,0,5,7,1,1.234,327
9,5,0,0,0,5,6,1,1.188,327
8,3,0,0,0,3,4,1,0.781,328
4,2,0,0,0,2,4,1,0.504,328
28,12,0,0,0,12,7,2,2.937,295
13,5,0,0,0,5,6,1,1.271,327
2,3,0,0,0,3,4,2,0.642,296
1,1,0,0,0,1,2,1,0.245,328
5,5,0,0,0,6,6,2,1.255,296
18,7,0,0,0,6,7,2,1.610,296
4,2,0,0,0,3,4,1,0.669,327
19,9,0,0,0,8,7,2,1.996,296
3,2,0,0,0,8,4,2,1.458,295
3,2,0,0,0,2,3,1,0.481,328
18,0,0,0,0,13,6,2,2.580,295
16,7,0,0,0,8,7,2,1.890,296
3,2,0,0,0,2,4,1,0.482,328
11,4,0,0,0,8,9,3,1.694,263
2,2,0,0,0,2,3,1,0.457,328
3,2,0,0,0,2,3,1,0.481,328
11,5,0,0,0,5,6,2,1.234,296
22,6,0,0,0,5,7,1,1.522,327
17,0,0,0,0,6,6,2,1.412,295
1,1,0,0,0,0,2,0,0.074,360
5,0,0,0,0,5,4,2,0.972,295
8,5,0,0,0,4,5,1,1.000,327
11,3,0,0,0,7,7,2,1.439,295
9,7,0,0,0,7,5,2,1.563,296
3,3,0,0,0,4,4,2,0.833,295
19,7,0,0,0,11,9,2,2.435,295
9,7,0,0,0,8,6,2,1.722,295
6,4,0,0,0,5,4,2,1.091,296
4,3,0,0,0,4,4,1,0.859,327
5,2,0,0,0,4,4,2,0.857,295
2,3,0,0,0,5,7,3,0.972,264
29,13,0,0,0,11,7,2,2.809,296
12,6,0,0,0,8,6,2,1.773,296
3,3,0,0,0,3,5,2,0.670,296
5,2,0,0,0,3,4,2,0.694,296
3,2,0,0,0,2,3,1,0.482,328
3,4,0,0,0,4,6,2,0.858,296
5,5,0,0,0,6,7,3,1.254,264
4,3,0,0,0,4,4,2,0.858,296
28,0,0,0,0,35,6,4,6.365,228
12,6,0,0,0,7,6,2,1.607,296
4,3,0,0,0,6,4,1,1.182,327
18,5,0,0,0,5,7,1,1.387,327
2,1,0,0,0,3,4,2,0.596,296
23,7,0,0,0,9,7,1,2.218,327
6,3,0,0,0,4,4,1,0.902,327
5,0,0,0,0,10,4,4,1.785,231
9,6,0,0,0,8,5,2,1.692,295
6,5,0,0,0,4,4,1,0.951,327
11,5,0,0,0,5,5,1,1.233,327
21,7,0,0,0,12,8,2,2.646,295
17,6,0,0,0,5,6,1,1.400,327
8,4,0,0,0,3,5,1,0.814,327
11,4,0,0,0,3,6,1,0.885,327
18,0,0,0,0,21,6,3,3.887,262
6,4,0,0,0,5,4,2,1.090,296
19,7,0,0,0,5,6,1,1.476,327
7,0,0,0,0,4,4,2,0.859,296
2,2,0,0,0,2,3,1,0.456,328
1,1,0,0,0,1,2,1,0.245,328
2,2,0,0,0,3,4,1,0.621,328
5,0,0,0,0,3,4,2,0.643,296
11,5,0,0,0,4,7,1,1.073,327
3,3,0,0,0,3,5,2,0.668,296
1,1,0,0,0,2,3,2,0.409,296
38,20,0,0,0,18,8,2,4.320,295
13,6,0,0,0,6,6,2,1.474,296
4,3,0,0,0,2,4,1,0.530,328
14,5,0,0,0,6,7,2,1.477,296
2,2,0,0,0,2,4,2,0.458,296
14,6,0,0,0,9,8,2,1.965,295
2,1,0,0,0,4,3,2,0.708,295
2,0,0,0,0,5,3,2,0.898,295
13,8,0,0,0,6,7,2,1.505,296
2,3,0,0,0,3,4,1,0.644,327
32,9,0,0,0,9,11,2,2.461,295
6,0,0,0,0,5,4,2,0.996,295
2,2,0,0,0,2,4,1,0.457,328
6,3,0,0,0,6,4,2,1.230,296
3,2,0,0,0,2,4,1,0.482,327
9,7,0,0,0,7,5,2,1.550,296
20,0,0,0,0,27,6,3,4.891,262
5,5,0,0,0,4,5,1,0.927,327
4,3,0,0,0,4,4,2,0.857,296
5,0,0,0,0,4,4,2,0.808,296
2,2,0,0,0,1,4,1,0.293,328
15,8,0,0,0,7,6,1,1.709,327
16,0,0,0,0,12,6,3,2.361,263
5,3,0,0,0,3,4,1,0.717,327
2,2,0,0,0,3,4,2,0.620,296
6,4,0,0,0,3,4,1,0.764,327
3,2,0,0,0,2,3,2,0.482,296
5,0,0,0,0,5,4,2,0.972,295
5,2,0,0,0,2,4,1,0.529,328
3,3,0,0,0,3,4,1,0.668,327
2,1,0,0,0,4,4,3,0.759,264
45,22,0,0,0,20,8,2,4.843,295
3,3,0,0,0,3,4,2,0.670,296
4,0,0,0,0,3,3,2,0.619,296
8,0,0,0,0,7,4,3,1.367,263
2,1,0,0,0,2,4,1,0.432,328
6,4,0,0,0,6,6,2,1.254,296
3,2,0,0,0,4,6,3,0.808,264
17,8,0,0,0,6,7,1,1.614,327
3,2,0,0,0,2,3,2,0.481,295
7,0,0,0,0,5,4,2,1.018,295
17,5,0,0,0,5,7,1,1.364,327
5,2,0,0,0,2,4,1,0.529,328
1,2,0,0,0,2,3,1,0.432,328
3,1,0,0,0,3,3,2,0.622,296
3,2,0,0,0,2,4,2,0.481,296
8,0,0,0,0,7,5,2,1.369,295
6,5,0,0,0,6,5,2,1.278,296
24,10,0,0,0,9,8,1,2.301,326
9,0,0,0,0,4,4,2,0.903,296
20,10,0,0,0,8,6,2,2.048,296
19,10,0,0,0,6,6,2,1.712,295
6,0,0,0,0,1,3,1,0.342,327
19,6,0,0,0,6,7,1,1.615,327
3,2,0,0,0,4,5,2,0.808,296
2,1,0,0,0,2,3,1,0.385,327
7,3,0,0,0,5,5,1,1.093,327
1,2,0,0,0,2,3,1,0.407,328
10,0,0,0,0,14,5,2,2.553,294
15,5,0,0,0,7,6,2,1.669,296
15,9,0,0,0,7,6,2,1.752,295
17,6,0,0,0,7,8,2,1.712,296
10,0,0,0,0,5,4,2,1.090,296
23,8,0,0,0,5,8,1,1.587,327
18,6,0,0,0,6,7,1,1.571,327
3,1,0,0,0,6,4,2,1.084,295
8,3,0,0,0,5,6,2,1.115,296
5,0,0,0,0,2,3,1,0.482,328
3,3,0,0,0,2,4,1,0.505,328
19,15,0,0,0,15,7,2,3.259,295
13,5,0,0,0,9,5,2,1.931,296
1,2,0,0,0,3,3,1,0.596,328
2,0,0,0,0,3,4,2,0.573,296
9,6,0,0,0,5,5,1,1.207,327
24,0,0,0,0,23,6,4,4.341,231
4,5,0,0,0,6,6,3,1.230,263
3,0,0,0,0,4,4,1,0.760,328
3,2,0,0,0,2,4,1,0.481,328
10,0,0,0,0,5,6,2,1.091,296
31,12,0,0,0,13,9,2,3.160,295
41,18,0,0,0,17,7,2,4.177,295
3,0,0,0,0,3,4,2,0.597,296
11,10,0,0,0,10,5,2,2.152,295
1,2,0,0,0,4,4,2,0.758,295
2,2,0,0,0,4,5,2,0.782,296
10,0,0,0,0,13,6,4,2.392,230
24,7,0,0,0,8,6,2,2.075,296
2,2,0,0,0,1,3,1,0.293,328
4,0,0,0,0,2,3,1,0.456,328
3,3,0,0,0,3,4,1,0.669,327
4,3,0,0,0,4,4,1,0.858,327
6,3,0,0,0,2,4,1,0.577,327
33,9,0,0,0,8,9,2,2.320,296
2,3,0,0,0,2,4,1,0.482,328
18,6,0,0,0,10,8,2,2.225,295
2,2,0,0,0,2,5,1,0.457,328
19,8,0,0,0,6,8,2,1.640,296
27,10,0,0,0,8,8,1,2.199,327
21,7,0,0,0,7,7,1,1.847,327
5,2,0,0,0,3,4,1,0.694,327
39,0,0,0,0,24,7,5,4.838,197
13,3,0,0,0,5,7,2,1.231,296
4,1,0,0,0,4,4,2,0.806,296
28,7,0,0,0,8,8,2,2.175,296
7,0,0,0,0,8,4,3,1.508,263
12,5,0,0,0,7,5,1,1.580,327
5,2,0,0,0,2,4,1,0.530,328
8,0,0,0,0,7,4,2,1.369,295
15,4,0,0,0,6,6,2,1.475,296
11,7,0,0,0,10,7,2,2.091,296
2,2,0,0,0,2,3,1,0.457,328
8,6,0,0,0,6,8,2,1.352,295
16,6,0,0,0,5,7,1,1.366,327
5,0,0,0,0,4,4,2,0.808,295
3,3,0,0,0,3,5,2,0.669,296
21,7,0,0,0,8,7,2,1.995,296
10,5,0,0,0,8,6,1,1.693,327
2,1,0,0,0,4,3,1,0.761,328
5,0,0,0,0,5,4,2,0.972,295
4,0,0,0,0,3,5,2,0.620,296
7,4,0,0,0,3,5,1,0.789,327
2,2,0,0,0,3,3,1,0.621,327
15,0,0,0,0,16,5,3,2.984,262
2,2,0,0,0,3,6,3,0.622,264
8,3,0,0,0,2,5,2,0.626,296
5,4,0,0,0,3,4,1,0.743,327
3,0,0,0,0,3,4,2,0.597,296
4,0,0,0,0,4,5,3,0.782,263
9,0,0,0,0,6,4,2,1.231,295
5,0,0,0,0,10,4,3,1.783,263
9,3,0,0,0,7,8,3,1.464,264
5,4,0,0,0,3,4,1,0.742,327
5,5,0,0,0,5,4,2,1.092,296
2,1,0,0,0,3,3,2,0.597,296
19,6,0,0,0,6,7,1,1.616,327
2,1,0,0,0,3,3,2,0.595,296
1,1,0,0,0,1,2,1,0.245,328
6,5,0,0,0,4,4,1,0.952,327
14,6,0,0,0,5,6,2,1.337,296
23,13,0,0,0,11,7,2,2.678,296
8,0,0,0,0,5,4,2,1.043,295
11,0,0,0,0,16,5,3,2.897,263
7,4,0,0,0,4,4,1,0.952,327
15,7,0,0,0,5,7,1,1.367,327
2,3,0,0,0,2,4,2,0.480,296
22,0,0,0,0,12,7,3,2.499,264
5,0,0,0,0,4,4,2,0.807,295
4,3,0,0,0,4,4,1,0.858,328
4,4,0,0,0,3,5,1,0.718,328
8,3,0,0,0,4,4,1,0.952,327
32,9,0,0,0,10,8,2,2.642,295
5,3,0,0,0,3,4,1,0.719,328
23,7,0,0,0,8,8,2,2.050,295
19,2,0,0,0,7,7,2,1.664,295
16,10,0,0,0,10,6,2,2.272,295
3,1,0,0,0,3,3,2,0.620,296
4,3,0,0,0,5,9,4,1.020,231
8,5,0,0,0,5,6,1,1.156,327
18,6,0,0,0,7,7,2,1.748,296
12,8,0,0,0,7,7,2,1.652,295
19,5,0,0,0,6,7,2,1.572,296
11,0,0,0,0,6,5,2,1.279,295
10,5,0,0,0,5,6,2,1.208,296
10,4,0,0,0,4,7,2,1.025,296
12,4,0,0,0,6,6,2,1.387,295
3,0,0,0,0,4,3,2,0.759,296
8,8,0,0,0,9,17,6,1.890,166
11,7,0,0,0,7,6,2,1.611,296
5,0,0,0,0,10,4,3,1.785,263
9,0,0,0,0,6,4,3,1.230,264
14,6,0,0,0,3,6,1,1.002,327
3,2,0,0,0,2,3,1,0.482,328
5,0,0,0,0,6,4,2,1.137,295
34,18,0,0,0,13,8,2,3.371,295
4,4,0,0,0,4,8,2,0.881,295
4,3,0,0,0,3,5,2,0.694,296
19,5,0,0,0,7,7,1,1.754,327
3,2,0,0,0,3,4,2,0.644,296
18,0,0,0,0,13,5,3,2.584,263
16,6,0,0,0,5,5,1,1.366,327
18,7,0,0,0,7,8,2,1.755,296
14,0,0,0,0,5,6,3,1.187,264
7,0,0,0,0,7,4,2,1.343,295
8,3,0,0,0,4,5,1,0.953,327
9,5,0,0,0,5,5,1,1.187,327
12,8,0,0,0,9,6,2,1.966,296
9,0,0,0,0,4,4,2,0.904,296
3,3,0,0,0,3,4,1,0.669,327
15,6,0,0,0,6,7,2,1.507,296
16,6,0,0,0,5,6,1,1.366,327
15,11,0,0,0,10,8,2,2.268,295
11,8,0,0,0,8,6,2,1.790,295
6,4,0,0,0,7,6,3,1.416,264
15,4,0,0,0,6,6,2,1.475,296
4,4,0,0,0,3,6,1,0.717,327
14,8,0,0,0,9,7,2,2.032,295
6,3,0,0,0,2,5,1,0.578,328
12,11,0,0,0,8,5,1,1.875,327
27,12,0,0,0,7,7,1,2.085,326
5,3,0,0,0,1,4,1,0.390,327
9,4,0,0,0,9,6,1,1.723,327
9,0,0,0,0,4,4,2,0.904,296
13,4,0,0,0,6,7,2,1.423,296
4,4,0,0,0,3,7,3,0.716,263
2,2,0,0,0,2,5,2,0.457,296
3,2,0,0,0,2,4,1,0.481,328
10,7,0,0,0,8,5,2,1.748,296
5,0,0,0,0,5,4,2,0.972,296
11,2,0,0,0,4,6,2,0.999,296
2,3,0,0,0,2,3,1,0.481,328
4,0,0,0,0,4,4,2,0.784,296
2,2,0,0,0,2,4,2,0.457,296
6,0,0,0,0,9,4,3,1.646,264
6,0,0,0,0,4,4,2,0.832,295
6,4,0,0,0,5,4,2,1.090,296
4,0,0,0,0,5,4,2,0.946,295
2,2,0,0,0,2,3,1,0.457,328
28,15,0,0,0,16,7,2,3.675,295
6,5,0,0,0,4,5,1,0.952,327
5,5,0,0,0,5,4,2,1.090,296
4,1,0,0,0,2,3,1,0.481,328
19,6,0,0,0,5,7,1,1.434,327
8,4,0,0,0,4,8,2,0.978,296
27,9,0,0,0,10,8,2,2.501,295
2,2,0,0,0,3,3,1,0.621,328
6,5,0,0,0,4,4,1,0.952,327
15,5,0,0,0,5,6,1,1.333,327
14,0,0,0,0,17,5,3,3.120,262
28,11,0,0,0,11,8,2,2.732,295
16,11,0,0,0,12,6,2,2.628,295
11,8,0,0,0,8,6,2,1.791,296
3,2,0,0,0,2,4,1,0.481,327
6,4,0,0,0,3,5,1,0.765,327
19,8,0,0,0,8,7,1,1.989,327
19,6,0,0,0,9,7,1,2.094,327
3,0,0,0,0,6,4,2,1.085,295
6,5,0,0,0,5,5,1,1.108,327
21,8,0,0,0,6,7,1,1.710,326
7,5,0,0,0,3,5,1,0.815,327
3,4,0,0,0,4,6,2,0.859,296
3,4,0,0,0,7,4,1,1.344,327
12,6,0,0,0,7,7,2,1.608,295
7,0,0,0,0,7,5,3,1.345,264
8,4,0,0,0,7,6,2,1.466,295
3,2,0,0,0,3,5,2,0.643,296
24,15,0,0,0,14,6,2,3.232,295
10,5,0,0,0,7,5,1,1.525,327
31,17,0,0,0,23,8,3,4.892,264
3,2,0,0,0,3,5,2,0.645,295
15,7,0,0,0,5,7,1,1.366,327
9,5,0,0,0,4,5,1,1.026,327
17,5,0,0,0,6,8,1,1.530,327
3,0,0,0,0,2,4,2,0.432,296
6,3,0,0,0,2,5,1,0.578,328
3,5,0,0,0,3,5,2,0.718,296
8,5,0,0,0,4,5,1,1.000,327
23,10,0,0,0,8,8,2,2.106,296
2,0,0,0,0,3,3,2,0.573,296
7,4,0,0,0,4,5,1,0.952,327
40,12,0,0,0,11,9,2,3.076,296
14,6,0,0,0,7,6,2,1.642,296
9,0,0,0,0,6,4,2,1.228,295
34,0,0,0,0,29,6,4,5.534,230
2,2,0,0,0,3,3,1,0.622,328
1,2,0,0,0,1,3,1,0.269,328
3,2,0,0,0,3,5,2,0.644,295
5,3,0,0,0,5,6,2,1.041,296
6,0,0,0,0,7,4,3,1.319,263
6,0,0,0,0,5,4,2,0.997,295
5,4,0,0,0,4,4,1,0.904,327
10,6,0,0,0,6,6,2,1.391,296
14,6,0,0,0,5,6,1,1.333,327
3,3,0,0,0,4,5,2,0.834,296
20,9,0,0,0,8,7,1,2.020,327
10,0,0,0,0,7,5,2,1.418,295
1,2,0,0,0,4,3,1,0.760,327
17,5,0,0,0,7,8,2,1.688,295
5,2,0,0,0,4,4,2,0.858,296
4,3,0,0,0,4,4,1,0.857,327
17,6,0,0,0,7,6,1,1.715,327
5,6,0,0,0,5,8,3,1.114,263
3,3,0,0,0,3,6,2,0.670,296
19,6,0,0,0,7,7,1,1.761,327
5,2,0,0,0,8,4,2,1.506,295
9,5,0,0,0,7,6,2,1.510,295
14,8,0,0,0,5,6,1,1.363,327
6,0,0,0,0,5,4,2,0.997,295
6,5,0,0,0,6,5,1,1.279,327
3,2,0,0,0,2,5,2,0.480,296
3,3,0,0,0,3,4,1,0.669,328
13,11,0,0,0,9,6,2,2.060,296
7,4,0,0,0,4,5,1,0.950,327
3,3,0,0,0,3,4,1,0.669,328
15,9,0,0,0,7,8,2,1.754,296
23,11,0,0,0,12,7,2,2.778,295
1,3,0,0,0,2,3,1,0.457,328
2,2,0,0,0,2,5,2,0.456,296
4,0,0,0,0,1,3,1,0.293,328
3,3,0,0,0,2,4,1,0.505,328
5,4,0,0,0,2,5,1,0.578,327
3,0,0,0,0,3,4,3,0.596,264
15,6,0,0,0,5,6,1,1.344,327
2,1,0,0,0,2,3,2,0.432,296
2,1,0,0,0,2,3,1,0.433,328
6,5,0,0,0,6,5,3,1.276,264
3,2,0,0,0,2,4,1,0.481,328
1,2,0,0,0,1,3,1,0.269,328
9,0,0,0,0,8,5,3,1.558,263
12,5,0,0,0,2,6,1,0.768,327
5,6,0,0,0,5,15,5,1.113,198
8,7,0,0,0,6,6,1,1.373,327
7,5,0,0,0,12,7,3,2.277,264
17,8,0,0,0,4,7,1,1.271,327
5,3,0,0,0,4,6,2,0.880,296
3,0,0,0,0,0,2,0,0.100,360
9,0,0,0,0,2,4,1,0.577,327
15,0,0,0,0,8,5,3,1.693,262
6,4,0,0,0,5,4,2,1.092,296
42,19,0,0,0,18,8,2,4.436,295
12,7,0,0,0,6,5,2,1.474,296
2,1,0,0,0,2,3,1,0.432,328
4,4,0,0,0,4,5,2,0.880,296
23,13,0,0,0,13,7,2,2.986,295
11,5,0,0,0,5,5,1,1.234,327
7,3,0,0,0,5,4,2,1.091,296
6,4,0,0,0,5,4,2,1.091,296
12,0,0,0,0,19,5,4,3.401,231
3,3,0,0,0,3,6,2,0.668,296
17,8,0,0,0,8,7,1,1.922,327
2,1,0,0,0,2,4,2,0.433,296
15,8,0,0,0,7,7,2,1.716,296
3,0,0,0,0,2,3,2,0.433,296
11,6,0,0,0,6,5,2,1.418,296
13,9,0,0,0,9,6,2,2.011,296
2,0,0,0,0,3,3,2,0.573,296
13,9,0,0,0,9,5,2,2.012,296
12,7,0,0,0,13,7,3,2.590,264
1,2,0,0,0,2,3,2,0.433,296
18,7,0,0,0,8,7,1,1.923,327
6,0,0,0,0,9,4,3,1.647,263
7,0,0,0,0,8,4,3,1.507,264
5,4,0,0,0,6,4,1,1.231,327
10,4,0,0,0,3,5,1,0.861,327
18,6,0,0,0,5,7,1,1.412,327
2,1,0,0,0,2,3,1,0.432,328
20,7,0,0,0,6,6,2,1.658,296
5,6,0,0,0,6,7,3,1.277,264
11,7,0,0,0,13,5,3,2.565,263
2,1,0,0,0,2,3,2,0.432,296
2,3,0,0,0,2,3,1,0.481,328
16,8,0,0,0,10,7,2,2.225,296
5,1,0,0,0,3,4,2,0.669,296
6,5,0,0,0,4,5,2,0.952,296
30,14,0,0,0,14,8,2,3.342,295
10,5,0,0,0,4,5,1,1.049,327
22,7,0,0,0,6,7,1,1.709,327
9,5,0,0,0,4,5,1,1.027,327
10,6,0,0,0,6,5,1,1.390,327
24,10,0,0,0,5,7,1,1.653,326
8,4,0,0,0,5,5,1,1.137,327
4,1,0,0,0,4,5,2,0.807,296
2,3,0,0,0,3,5,2,0.644,296
5,4,0,0,0,2,4,1,0.578,327
2,2,0,0,0,2,3,2,0.457,296
18,11,0,0,0,8,7,2,2.019,296
4,3,0,0,0,3,5,2,0.693,296
6,5,0,0,0,4,4,1,0.952,327
5,5,0,0,0,4,4,2,0.927,296
7,0,0,0,0,4,4,2,0.858,296
25,12,0,0,0,18,11,3,3.835,263
19,7,0,0,0,9,7,2,2.126,296
1,1,0,0,0,3,3,1,0.572,328
3,0,0,0,0,4,3,2,0.759,296
5,3,0,0,0,5,4,2,1.043,295
27,15,0,0,0,15,9,2,3.450,295
1,2,0,0,0,2,3,1,0.433,328
13,0,0,0,0,18,5,3,3.261,262
1,2,0,0,0,2,3,1,0.432,328
14,8,0,0,0,5,7,2,1.365,296
13,7,0,0,0,8,5,1,1.806,327
2,1,0,0,0,2,3,1,0.433,328
2,0,0,0,0,3,3,2,0.573,296
5,4,0,0,0,4,4,2,0.903,296
3,3,0,0,0,3,4,1,0.667,327
5,4,0,0,0,1,4,1,0.413,327
9,5,0,0,0,4,6,2,1.019,296
3,2,0,0,0,3,4,2,0.643,296
3,2,0,0,0,4,5,2,0.806,296
6,4,0,0,0,4,4,1,0.928,327
27,13,0,0,0,9,7,2,2.432,295
5,4,0,0,0,4,6,2,0.902,296
5,0,0,0,0,4,5,2,0.809,295
3,3,0,0,0,3,5,2,0.669,296
3,2,0,0,0,2,3,1,0.482,327
5,1,0,0,0,4,4,2,0.833,295
15,9,0,0,0,7,8,2,1.752,296
12,5,0,0,0,4,6,1,1.094,327
16,5,0,0,0,8,6,2,1.827,296
9,0,0,0,0,6,4,2,1.232,296
9,7,0,0,0,10,6,2,2.048,295
19,0,0,0,0,12,5,2,2.426,294
16,6,0,0,0,5,7,1,1.365,327
11,5,0,0,0,6,6,2,1.391,296
3,1,0,0,0,3,3,1,0.620,327
3,2,0,0,0,2,3,1,0.481,327
9,4,0,0,0,5,5,1,1.161,327
19,6,0,0,0,9,7,1,2.093,327
13,5,0,0,0,5,5,1,1.269,327
2,2,0,0,0,3,3,2,0.621,296
9,5,0,0,0,7,6,2,1.513,296
8,4,0,0,0,3,5,1,0.813,327
5,4,0,0,0,3,4,1,0.742,328
12,0,0,0,0,19,5,3,3.405,262
10,5,0,0,0,5,6,1,1.208,327
3,2,0,0,0,3,4,2,0.644,296
22,0,0,0,0,7,7,3,1.686,264
35,20,0,0,0,16,8,2,3.922,295
23,8,0,0,0,8,8,2,2.077,296
5,2,0,0,0,3,4,1,0.695,327
15,5,0,0,0,5,6,2,1.335,296
5,3,0,0,0,4,5,2,0.882,296
12,6,0,0,0,5,6,1,1.277,327
14,6,0,0,0,5,6,1,1.332,327
11,10,0,0,0,9,5,2,1.989,296
6,0,0,0,0,11,5,2,1.968,295
11,5,0,0,0,7,6,2,1.558,296
5,4,0,0,0,4,4,1,0.903,327
7,5,0,0,0,6,6,2,1.305,296
20,7,0,0,0,6,6,2,1.655,296
18,7,0,0,0,7,8,2,1.759,296
14,5,0,0,0,6,7,2,1.475,296
7,4,0,0,0,8,5,3,1.602,263
4,3,0,0,0,4,4,1,0.859,327
8,4,0,0,0,3,4,1,0.815,327
4,3,0,0,0,4,5,2,0.858,296
25,0,0,0,0,14,6,3,2.905,262
12,5,0,0,0,8,7,2,1.748,295
11,6,0,0,0,8,6,2,1.748,296
16,5,0,0,0,7,6,1,1.666,327
3,1,0,0,0,2,3,1,0.457,327
21,9,0,0,0,7,7,2,1.880,296
24,11,0,0,0,10,7,2,2.507,295
6,0,0,0,0,5,4,2,0.996,295
4,4,0,0,0,4,11,4,0.882,231
4,3,0,0,0,4,5,2,0.857,295
17,6,0,0,0,5,7,1,1.406,327
2,1,0,0,0,3,3,1,0.597,328
3,0,0,0,0,3,4,2,0.597,296
9,5,0,0,0,5,5,1,1.189,327
4,2,0,0,0,4,7,3,0.832,264
9,5,0,0,0,6,6,2,1.347,296
13,4,0,0,0,6,7,2,1.415,295
13,5,0,0,0,5,5,1,1.271,327
2,3,0,0,0,1,3,1,0.317,328
3,2,0,0,0,3,4,2,0.643,296
24,6,0,0,0,7,8,1,1.885,327
31,17,0,0,0,15,8,2,3.598,295
5,0,0,0,0,5,4,2,0.970,295
6,3,0,0,0,6,4,1,1.231,327
1,2,0,0,0,4,3,1,0.760,327
5,2,0,0,0,2,5,1,0.529,328
4,0,0,0,0,5,4,2,0.945,295
5,2,0,0,0,4,4,1,0.856,327
2,2,0,0,0,3,3,2,0.621,296
6,4,0,0,0,7,5,3,1.418,264
10,4,0,0,0,6,6,2,1.348,296
4,4,0,0,0,4,6,2,0.880,296
16,9,0,0,0,8,7,2,1.933,296
12,6,0,0,0,6,5,2,1.442,296
3,3,0,0,0,4,9,4,0.832,231
10,5,0,0,0,6,6,2,1.372,295
4,3,0,0,0,6,5,1,1.180,327
11,0,0,0,0,6,5,2,1.276,295
4,0,0,0,0,4,4,2,0.783,295
3,2,0,0,0,3,5,2,0.647,296
7,4,0,0,0,4,5,2,0.951,296
2,3,0,0,0,3,4,2,0.644,296
7,4,0,0,0,8,6,2,1.603,295
8,4,0,0,0,3,5,1,0.814,327
2,1,0,0,0,2,3,2,0.432,296
48,0,0,0,0,79,7,6,13.936,165
6,4,0,0,0,5,4,2,1.090,296
5,4,0,0,0,3,4,1,0.743,327
2,1,0,0,0,3,3,2,0.595,296
2,3,0,0,0,3,4,2,0.644,295
17,6,0,0,0,6,6,2,1.551,296
11,6,0,0,0,6,6,2,1.414,295
9,0,0,0,0,6,4,3,1.231,263
17,5,0,0,0,6,7,1,1.526,327
22,11,0,0,0,8,7,2,2.128,296
8,5,0,0,0,7,5,2,1.488,296
17,7,0,0,0,6,7,2,1.575,296
11,6,0,0,0,6,5,2,1.410,296
15,6,0,0,0,6,7,1,1.504,327
22,11,0,0,0,8,8,2,2.103,295
10,5,0,0,0,6,6,2,1.373,296
8,4,0,0,0,3,5,1,0.814,327
6,0,0,0,0,4,4,2,0.834,295
11,0,0,0,0,3,6,2,0.788,296
6,5,0,0,0,2,5,1,0.624,327
4,3,0,0,0,4,5,1,0.858,327
5,0,0,0,0,10,4,4,1.784,231
3,2,0,0,0,3,4,1,0.644,328
4,1,0,0,0,5,6,3,0.970,264
2,3,0,0,0,3,4,2,0.644,296
2,2,0,0,0,2,3,1,0.457,328
5,3,0,0,0,6,6,3,1.207,264
1,1,0,0,0,1,2,1,0.245,328
16,10,0,0,0,16,9,3,3.245,263
1,2,0,0,0,2,3,2,0.433,296
2,2,0,0,0,3,5,2,0.620,296
2,1,0,0,0,4,3,1,0.763,327
12,7,0,0,0,7,7,2,1.620,295
1,2,0,0,0,1,3,1,0.268,328
17,6,0,0,0,6,7,1,1.550,327
9,3,0,0,0,6,7,2,1.297,295
23,14,0,0,0,11,10,2,2.701,295
8,4,0,0,0,9,5,3,1.791,263
10,7,0,0,0,6,5,2,1.415,296
3,2,0,0,0,4,4,2,0.807,295
5,4,0,0,0,4,5,1,0.903,327
7,4,0,0,0,4,6,2,0.953,296
9,4,0,0,0,6,5,2,1.322,295
6,4,0,0,0,5,6,2,1.091,296
10,8,0,0,0,6,7,2,1.443,296
2,3,0,0,0,2,4,1,0.481,328
4,2,0,0,0,1,3,1,0.342,327
10,5,0,0,0,6,5,2,1.372,296
7,4,0,0,0,4,4,1,0.953,327
5,5,0,0,0,6,14,5,1.254,199
2,0,0,0,0,1,2,1,0.245,328
9,7,0,0,0,7,5,2,1.548,296
15,0,0,0,0,16,5,3,2.981,263
5,3,0,0,0,2,4,1,0.555,328
5,4,0,0,0,2,4,1,0.578,328
4,3,0,0,0,4,6,2,0.858,296
8,3,0,0,0,5,5,2,1.114,296
8,4,0,0,0,3,4,1,0.814,328
10,7,0,0,0,9,6,2,1.905,295
15,8,0,0,0,7,6,2,1.710,296
20,11,0,0,0,8,6,1,2.078,326
6,3,0,0,0,3,4,1,0.744,327
30,14,0,0,0,13,7,2,3.181,295
2,2,0,0,0,3,4,2,0.622,296
1,2,0,0,0,1,4,1,0.268,328
2,1,0,0,0,3,4,1,0.549,327
12,4,0,0,0,7,6,2,1.549,296
11,6,0,0,0,8,6,1,1.750,327
6,0,0,0,0,4,5,2,0.833,295
11,5,0,0,0,7,5,2,1.553,296
6,6,0,0,0,5,11,3,1.138,263
20,6,0,0,0,5,7,2,1.473,296
18,5,0,0,0,6,6,1,1.552,327
14,6,0,0,0,9,7,2,1.962,296
4,4,0,0,0,5,8,3,1.041,263
3,2,0,0,0,2,4,1,0.482,328
19,0,0,0,0,20,6,4,3.743,231
22,8,0,0,0,5,8,2,1.561,296
2,3,0,0,0,2,4,1,0.481,328
23,13,0,0,0,16,8,2,3.496,295
8,0,0,0,0,7,4,3,1.367,264
13,5,0,0,0,5,6,2,1.280,296
6,4,0,0,0,3,4,2,0.766,296
4,0,0,0,0,4,4,2,0.784,296
12,6,0,0,0,5,5,1,1.273,327
4,0,0,0,0,3,4,3,0.620,263
4,3,0,0,0,2,4,1,0.528,327
3,0,0,0,0,4,3,2,0.758,295
6,6,0,0,0,5,5,2,1.138,296
17,5,0,0,0,4,6,1,1.201,327
11,4,0,0,0,4,5,1,1.048,327
30,17,0,0,0,15,7,2,3.569,295
20,5,0,0,0,9,8,2,2.084,295
17,6,0,0,0,10,7,2,2.198,296
16,6,0,0,0,5,6,1,1.367,327
4,3,0,0,0,4,4,1,0.857,327
6,4,0,0,0,5,4,2,1.090,295
3,3,0,0,0,4,4,2,0.833,296
4,4,0,0,0,3,5,1,0.716,327
4,4,0,0,0,5,8,3,1.042,263
12,6,0,0,0,7,5,1,1.606,327
16,6,0,0,0,6,7,1,1.530,327
24,10,0,0,0,5,8,1,1.657,327
10,11,0,0,0,10,5,2,2.172,295
42,17,0,0,0,20,8,2,4.676,295
1,2,0,0,0,2,3,1,0.432,328
2,2,0,0,0,2,3,1,0.457,328
17,6,0,0,0,6,7,2,1.568,296
3,2,0,0,0,3,4,1,0.644,328
15,0,0,0,0,6,5,2,1.372,295
5,1,0,0,0,3,5,1,0.669,327
24,9,0,0,0,6,8,1,1.797,327
14,0,0,0,0,17,5,4,3.118,230
3,0,0,0,0,2,3,1,0.433,328
7,6,0,0,0,6,12,4,1.325,231
19,7,0,0,0,7,9,2,1.783,296
14,9,0,0,0,8,5,1,1.876,327
12,3,0,0,0,4,6,1,1.048,327
2,0,0,0,0,1,2,1,0.245,328
10,6,0,0,0,4,7,2,1.069,296
16,0,0,0,0,8,7,2,1.722,295
13,4,0,0,0,8,7,3,1.753,264
13,5,0,0,0,5,5,1,1.270,327
29,15,0,0,0,15,7,2,3.538,295
10,5,0,0,0,2,5,1,0.721,327
4,2,0,0,0,3,4,2,0.669,296
9,0,0,0,0,8,5,3,1.556,263
3,2,0,0,0,3,5,2,0.643,296
7,0,0,0,0,8,4,2,1.507,295
16,3,0,0,0,9,7,2,1.792,295
12,0,0,0,0,6,5,2,1.304,296
19,10,0,0,0,5,7,1,1.527,327
22,7,0,0,0,7,7,1,1.851,326
8,6,0,0,0,9,5,2,1.835,296
3,0,0,0,0,2,3,1,0.432,328
3,4,0,0,0,3,5,2,0.694,296
13,6,0,0,0,4,5,1,1.138,327
2,1,0,0,0,2,3,2,0.433,296
2,0,0,0,0,2,3,2,0.407,296
21,9,0,0,0,9,7,2,2.220,295
33,16,0,0,0,15,8,2,3.623,295
14,8,0,0,0,9,5,2,2.024,295
15,7,0,0,0,5,7,1,1.365,327
13,7,0,0,0,7,5,2,1.656,295
12,7,0,0,0,9,7,2,1.950,295
6,0,0,0,0,4,5,2,0.831,296
13,0,0,0,0,14,5,3,2.618,263
5,4,0,0,0,4,4,1,0.905,327
10,8,0,0,0,7,6,1,1.609,327
9,3,0,0,0,3,5,1,0.813,327
5,2,0,0,0,4,4,2,0.859,296
18,13,0,0,0,12,6,2,2.716,295
3,2,0,0,0,3,5,2,0.645,296
9,5,0,0,0,6,5,1,1.348,327
16,0,0,0,0,15,5,3,2.846,262
7,0,0,0,0,2,4,1,0.529,327
4,2,0,0,0,3,4,1,0.669,328
1,1,0,0,0,1,2,1,0.220,328
5,5,0,0,0,7,14,6,1.416,166
21,7,0,0,0,5,7,1,1.505,327
5,4,0,0,0,4,4,1,0.903,327
3,2,0,0,0,3,5,2,0.644,296
4,4,0,0,0,2,4,1,0.555,328
16,7,0,0,0,6,6,1,1.552,327
10,6,0,0,0,8,5,2,1.720,296
5,3,0,0,0,3,5,2,0.718,296
6,4,0,0,0,5,6,2,1.089,296
3,3,0,0,0,2,4,1,0.505,328
14,6,0,0,0,12,8,2,2.450,295
20,6,0,0,0,6,8,1,1.623,327
2,1,0,0,0,2,4,2,0.433,296
2,3,0,0,0,3,4,2,0.643,296
33,19,0,0,0,17,9,2,4.018,295
7,8,0,0,0,6,7,2,1.374,295
10,0,0,0,0,7,6,2,1.415,295
12,10,0,0,0,9,5,2,2.010,294
19,5,0,0,0,5,6,1,1.408,327
21,8,0,0,0,7,7,1,1.855,326
3,1,0,0,0,3,3,2,0.620,296
3,2,0,0,0,3,4,1,0.644,327
5,3,0,0,0,4,6,2,0.881,296
12,3,0,0,0,5,6,2,1.210,296
8,7,0,0,0,8,15,5,1.697,198
26,7,0,0,0,7,8,2,1.958,296
5,0,0,0,0,4,5,3,0.807,264
5,4,0,0,0,4,4,1,0.903,327
3,2,0,0,0,2,3,1,0.482,328
3,2,0,0,0,3,4,1,0.643,327
2,2,0,0,0,2,4,2,0.457,296
8,3,0,0,0,6,5,1,1.278,327
15,6,0,0,0,6,6,2,1.512,296
20,12,0,0,0,8,7,2,2.089,296
9,0,0,0,0,6,4,3,1.230,263
26,14,0,0,0,15,7,2,3.427,295
2,2,0,0,0,3,3,1,0.621,327
2,1,0,0,0,1,3,1,0.269,328
3,0,0,0,0,2,3,1,0.432,328
6,0,0,0,0,5,4,2,0.997,295
7,5,0,0,0,5,5,2,1.138,296
7,5,0,0,0,7,5,2,1.467,295
20,7,0,0,0,6,8,2,1.644,296
24,11,0,0,0,7,7,1,1.994,327
6,5,0,0,0,7,8,3,1.442,263
1,2,0,0,0,2,4,1,0.433,328
3,1,0,0,0,2,4,2,0.457,296
4,3,0,0,0,4,4,1,0.858,327
20,8,0,0,0,7,7,1,1.845,326
5,4,0,0,0,4,4,1,0.903,327
3,2,0,0,0,2,3,1,0.482,328
2,1,0,0,0,1,3,1,0.245,327
21,10,0,0,0,14,8,2,3.038,295
9,6,0,0,0,6,6,2,1.374,296
10,5,0,0,0,7,7,2,1.528,296
12,10,0,0,0,9,5,2,2.012,296
13,5,0,0,0,5,6,1,1.270,327
4,2,0,0,0,2,4,1,0.504,328
27,8,0,0,0,8,7,2,2.164,296
14,5,0,0,0,6,6,1,1.476,327
2,3,0,0,0,2,4,2,0.481,296
13,7,0,0,0,7,7,2,1.652,296
16,10,0,0,0,8,7,2,1.942,296
5,3,0,0,0,3,4,2,0.717,296
13,7,0,0,0,9,5,2,1.964,296
6,3,0,0,0,6,5,2,1.231,296
9,5,0,0,0,5,8,2,1.187,295
20,6,0,0,0,5,7,1,1.478,327
6,2,0,0,0,3,5,2,0.717,296
31,19,0,0,0,20,9,3,4.458,263
8,0,0,0,0,6,4,2,1.207,295
9,0,0,0,0,6,4,2,1.233,295
1,1,0,0,0,1,2,1,0.245,328
7,5,0,0,0,7,6,2,1.467,295
28,13,0,0,0,12,8,1,2.960,326
10,7,0,0,0,7,5,1,1.583,327
5,2,0,0,0,7,11,5,1.346,198
7,3,0,0,0,3,5,1,0.766,327
5,4,0,0,0,5,8,3,1.067,264
3,0,0,0,0,4,4,2,0.759,295
26,10,0,0,0,9,6,2,2.339,295
5,2,0,0,0,4,4,2,0.858,296
3,2,0,0,0,2,3,1,0.481,327
40,18,0,0,0,13,9,2,3.510,295
5,4,0,0,0,5,6,2,1.066,295
4,1,0,0,0,3,4,2,0.644,296
2,2,0,0,0,3,4,1,0.621,328
3,4,0,0,0,4,5,2,0.859,296
5,4,0,0,0,5,5,2,1.066,295
8,4,0,0,0,3,4,1,0.813,327
6,5,0,0,0,4,4,1,0.951,327
5,3,0,0,0,5,9,3,1.041,263
9,5,0,0,0,5,6,2,1.188,296
6,5,0,0,0,4,4,1,0.952,327
3,3,0,0,0,2,4,1,0.505,328
3,3,0,0,0,4,5,2,0.833,296
3,2,0,0,0,3,4,2,0.643,296
3,4,0,0,0,4,8,3,0.858,263
5,4,0,0,0,2,4,1,0.578,327
8,3,0,0,0,8,5,2,1.603,295
6,4,0,0,0,4,5,2,0.928,296
7,4,0,0,0,4,4,1,0.952,327
5,0,0,0,0,5,4,2,0.971,295
17,7,0,0,0,5,7,1,1.410,327
3,2,0,0,0,2,3,1,0.482,327
3,2,0,0,0,4,4,2,0.805,295
5,4,0,0,0,4,7,2,0.904,296
11,7,0,0,0,7,6,2,1.611,296
4,1,0,0,0,4,4,2,0.806,296
5,0,0,0,0,6,4,3,1.138,263
2,2,0,0,0,3,4,2,0.622,296
12,0,0,0,0,19,5,4,3.400,230
10,3,0,0,0,7,6,1,1.489,327
3,3,0,0,0,3,5,2,0.669,296
24,11,0,0,0,10,8,2,2.478,295
15,5,0,0,0,5,7,1,1.334,327
14,4,0,0,0,7,9,3,1.606,264
5,2,0,0,0,5,5,3,1.021,264
21,10,0,0,0,10,6,2,2.385,296
1,2,0,0,0,2,3,1,0.432,328
21,8,0,0,0,8,7,2,2.015,296
2,2,0,0,0,2,4,1,0.457,328
10,0,0,0,0,5,4,2,1.090,295
8,8,0,0,0,7,5,2,1.555,295
9,0,0,0,0,6,4,2,1.231,295
2,1,0,0,0,2,3,2,0.432,296
6,5,0,0,0,6,6,2,1.279,295
4,0,0,0,0,3,3,2,0.621,296
4,5,0,0,0,4,4,1,0.905,327
16,6,0,0,0,6,6,1,1.529,327
5,0,0,0,0,5,4,3,0.972,263
12,0,0,0,0,19,5,4,3.404,231
31,0,0,0,0,32,6,4,5.955,229
2,3,0,0,0,2,4,1,0.482,328
7,0,0,0,0,4,4,2,0.859,295
3,4,0,0,0,3,5,2,0.694,295
21,6,0,0,0,6,8,1,1.646,327
3,3,0,0,0,3,5,2,0.668,296
29,19,0,0,0,23,7,3,4.892,264
11,4,0,0,0,4,6,2,1.046,295
2,2,0,0,0,3,4,2,0.622,296
2,2,0,0,0,2,4,2,0.456,296
20,7,0,0,0,9,7,2,2.128,296
13,0,0,0,0,18,5,3,3.258,263
16,4,0,0,0,7,6,2,1.648,296
1,0,0,0,0,2,2,1,0.385,328
4,3,0,0,0,3,4,1,0.694,327
5,4,0,0,0,4,4,1,0.905,327
5,0,0,0,0,4,4,2,0.810,295
5,1,0,0,0,3,4,2,0.669,296
2,2,0,0,0,3,3,2,0.621,296
3,0,0,0,0,2,3,2,0.432,296
2,3,0,0,0,3,7,2,0.645,296
9,5,0,0,0,5,5,1,1.187,327
10,7,0,0,0,6,5,1,1.416,327
2,2,0,0,0,3,6,2,0.621,295
11,4,0,0,0,7,6,1,1.527,327
16,10,0,0,0,9,6,2,2.102,296
17,0,0,0,0,14,5,3,2.704,263
2,2,0,0,0,3,3,1,0.622,327
10,0,0,0,0,9,5,3,1.742,263
4,4,0,0,0,4,9,3,0.881,264
9,4,0,0,0,6,5,1,1.328,327
23,10,0,0,0,13,8,2,2.917,295
4,3,0,0,0,2,4,1,0.530,327
2,3,0,0,0,3,4,1,0.643,327
5,4,0,0,0,6,4,1,1.232,327
18,8,0,0,0,5,6,1,1.478,327
5,5,0,0,0,4,4,2,0.926,296
22,8,0,0,0,8,8,2,2.050,295
5,2,0,0,0,4,4,2,0.858,296
2,3,0,0,0,3,5,2,0.643,296
5,1,0,0,0,4,4,2,0.832,296
11,5,0,0,0,4,6,1,1.071,327
11,5,0,0,0,5,5,1,1.234,327
22,7,0,0,0,9,7,2,2.184,296
3,4,0,0,0,4,6,2,0.857,295
5,0,0,0,0,5,6,5,0.971,198
30,14,0,0,0,14,8,2,3.341,296
1,1,0,0,0,1,3,1,0.245,328
19,9,0,0,0,9,7,1,2.160,326
5,3,0,0,0,3,4,1,0.719,327
11,6,0,0,0,4,5,1,1.094,327
12,8,0,0,0,7,7,2,1.650,296
5,2,0,0,0,4,4,1,0.867,327
5,4,0,0,0,2,4,1,0.577,328
9,0,0,0,0,6,4,2,1.232,295
14,4,0,0,0,4,7,1,1.106,327
7,0,0,0,0,8,4,2,1.505,295
3,0,0,0,0,4,3,2,0.760,296
2,2,0,0,0,1,3,1,0.293,328
10,5,0,0,0,5,5,1,1.206,327
11,8,0,0,0,12,5,3,2.431,263
6,0,0,0,0,5,4,2,0.997,295
2,1,0,0,0,2,3,1,0.432,328
8,3,0,0,0,9,6,1,1.765,327
6,5,0,0,0,4,4,1,0.952,327
11,4,0,0,0,7,7,3,1.528,264
2,1,0,0,0,3,3,1,0.597,328
1,1,0,0,0,2,3,1,0.408,328
11,7,0,0,0,7,5,2,1.611,296
16,9,0,0,0,10,6,2,2.247,296
1,1,0,0,0,1,2,1,0.245,329
4,1,0,0,0,3,5,2,0.645,296
16,6,0,0,0,6,7,2,1.528,296
9,4,0,0,0,4,5,1,1.000,327
22,8,0,0,0,11,7,2,2.523,296
3,3,0,0,0,4,5,2,0.833,296
5,4,0,0,0,4,5,1,0.903,327
21,6,0,0,0,7,7,1,1.805,327
12,8,0,0,0,9,7,2,1.965,296
22,12,0,0,0,10,7,2,2.472,295
25,12,0,0,0,10,8,1,2.540,326
6,4,0,0,0,6,6,2,1.254,295
4,3,0,0,0,4,8,3,0.857,264
2,1,0,0,0,1,3,1,0.268,329
4,0,0,0,0,3,3,2,0.619,296
21,6,0,0,0,6,7,2,1.660,296
9,5,0,0,0,7,5,2,1.514,296
8,3,0,0,0,2,5,1,0.625,328
3,2,0,0,0,4,5,2,0.806,296
8,4,0,0,0,3,5,1,0.814,327
16,6,0,0,0,4,7,1,1.203,327
10,7,0,0,0,11,7,2,2.227,295
31,15,0,0,0,17,7,2,3.876,295
16,5,0,0,0,6,7,2,1.504,296
11,0,0,0,0,20,5,3,3.542,262
2,2,0,0,0,3,3,2,0.620,296
10,4,0,0,0,9,5,2,1.826,295
3,2,0,0,0,2,4,1,0.482,328
3,3,0,0,0,3,5,2,0.669,296
6,0,0,0,0,9,4,3,1.646,263
8,0,0,0,0,7,4,3,1.369,263
15,5,0,0,0,5,6,1,1.332,327
4,0,0,0,0,5,5,1,0.947,327
15,6,0,0,0,7,7,2,1.666,295
23,17,0,0,0,16,8,2,3.580,295
12,6,0,0,0,5,7,1,1.278,327
13,5,0,0,0,5,5,1,1.271,327
20,9,0,0,0,6,7,2,1.712,296
5,3,0,0,0,2,5,1,0.553,327
2,2,0,0,0,3,3,1,0.621,327
26,12,0,0,0,13,6,2,3.062,296
40,23,0,0,0,18,8,2,4.450,295
7,6,0,0,0,6,5,2,1.327,296
3,4,0,0,0,2,4,1,0.528,327
10,4,0,0,0,6,6,2,1.346,296
6,0,0,0,0,9,4,4,1.646,231
2,1,0,0,0,2,3,1,0.432,328
2,2,0,0,0,3,3,1,0.622,328
7,4,0,0,0,5,5,2,1.116,296
9,6,0,0,0,6,6,2,1.371,296
3,2,0,0,0,2,3,1,0.481,328
8,3,0,0,0,4,6,2,0.953,296
3,3,0,0,0,4,6,2,0.833,296
2,1,0,0,0,1,3,1,0.268,328
2,3,0,0,0,2,3,1,0.482,328
5,5,0,0,0,5,4,1,1.090,327
3,2,0,0,0,2,4,2,0.481,296
3,4,0,0,0,3,4,1,0.694,327
4,3,0,0,0,4,4,1,0.858,327
9,6,0,0,0,6,7,2,1.375,295
13,10,0,0,0,9,6,2,2.036,295
8,4,0,0,0,6,8,3,1.298,263
5,2,0,0,0,5,7,3,1.019,264
17,5,0,0,0,5,7,1,1.378,327
1,2,0,0,0,2,4,2,0.433,296
8,0,0,0,0,10,5,3,1.858,264
2,2,0,0,0,2,4,1,0.457,328
8,4,0,0,0,4,6,2,0.979,296
16,6,0,0,0,5,7,2,1.366,296
1,0,0,0,0,2,2,1,0.385,328
3,2,0,0,0,3,5,2,0.643,296
26,14,0,0,0,12,6,2,2.943,296
5,4,0,0,0,5,5,2,1.066,296
12,0,0,0,0,3,4,1,0.814,327
4,0,0,0,0,2,4,1,0.457,328
8,4,0,0,0,8,6,2,1.631,295
5,0,0,0,0,10,4,3,1.784,264
1,3,0,0,0,3,4,2,0.621,296
7,6,0,0,0,6,7,2,1.327,295
13,0,0,0,0,18,5,3,3.261,262
8,0,0,0,0,7,4,3,1.368,263
4,2,0,0,0,5,4,2,0.996,296
2,1,0,0,0,4,3,2,0.759,295
11,7,0,0,0,6,5,2,1.442,296
1,2,0,0,0,1,3,1,0.268,329
11,5,0,0,0,4,6,1,1.073,327
14,5,0,0,0,6,8,2,1.471,296
4,2,0,0,0,3,4,2,0.668,296
1,0,0,0,0,3,3,2,0.548,296
13,4,0,0,0,6,8,1,1.411,327
12,7,0,0,0,5,7,1,1.304,327
2,1,0,0,0,3,3,1,0.596,327
10,6,0,0,0,8,7,2,1.722,295
12,5,0,0,0,5,6,1,1.248,327
11,6,0,0,0,4,6,1,1.092,327
3,1,0,0,0,3,4,1,0.620,328
6,5,0,0,0,4,4,1,0.860,327
25,9,0,0,0,14,7,2,3.122,296
10,0,0,0,0,7,5,2,1.416,295
2,2,0,0,0,3,4,2,0.620,296
4,4,0,0,0,4,10,4,0.882,231
3,2,0,0,0,2,3,1,0.481,328
6,5,0,0,0,4,4,1,0.952,327
6,4,0,0,0,5,4,2,1.090,296
13,5,0,0,0,5,5,1,1.270,327
7,4,0,0,0,4,6,1,0.953,327
11,4,0,0,0,7,8,2,1.528,295
4,0,0,0,0,3,3,1,0.621,327
15,0,0,0,0,0,4,0,0.389,359
3,4,0,0,0,4,6,2,0.858,295
6,5,0,0,0,4,4,1,0.952,327
9,0,0,0,0,7,5,3,1.391,264
5,4,0,0,0,2,4,1,0.578,327
3,1,0,0,0,3,4,2,0.621,296
2,3,0,0,0,3,5,2,0.644,296
17,6,0,0,0,7,7,2,1.711,296
6,3,0,0,0,5,5,1,1.067,327
6,4,0,0,0,5,5,2,1.090,296
7,4,0,0,0,4,4,1,0.950,327
8,4,0,0,0,3,6,1,0.814,327
3,1,0,0,0,2,3,2,0.456,296
8,4,0,0,0,5,6,2,1.139,296
9,4,0,0,0,3,5,1,0.836,327
18,6,0,0,0,5,6,1,1.409,327
24,14,0,0,0,15,6,2,3.370,294
16,7,0,0,0,7,7,1,1.713,327
9,4,0,0,0,5,6,1,1.156,327
23,11,0,0,0,13,8,2,2.959,295
19,0,0,0,0,12,6,3,2.449,264
16,7,0,0,0,6,6,1,1.549,327
11,7,0,0,0,5,6,1,1.277,327
3,2,0,0,0,3,5,1,0.644,328
7,4,0,0,0,2,5,1,0.625,328
18,9,0,0,0,7,7,2,1.808,296
7,5,0,0,0,5,5,2,1.140,296
2,2,0,0,0,3,4,2,0.621,296
4,3,0,0,0,4,5,2,0.859,296
7,4,0,0,0,2,5,1,0.624,327
3,0,0,0,0,3,4,2,0.596,296
9,0,0,0,0,6,5,2,1.229,295
5,4,0,0,0,4,4,1,0.904,327
2,2,0,0,0,3,5,2,0.620,296
4,4,0,0,0,5,6,2,1.043,295
5,2,0,0,0,4,4,1,0.858,327
7,5,0,0,0,6,6,2,1.300,295
4,3,0,0,0,2,4,1,0.529,328
4,3,0,0,0,8,4,1,1.509,327
15,5,0,0,0,7,7,2,1.644,296
13,9,0,0,0,9,5,2,2.029,296
15,8,0,0,0,10,7,2,2.197,295
21,13,0,0,0,13,6,2,2.957,295
2,3,0,0,0,2,4,1,0.481,328
14,9,0,0,0,16,9,3,3.184,263
5,0,0,0,0,6,4,2,1.136,295
7,2,0,0,0,6,4,2,1.228,295
5,6,0,0,0,5,5,2,1.115,296
2,2,0,0,0,4,4,2,0.783,296
1,2,0,0,0,2,3,1,0.433,328
24,11,0,0,0,8,8,2,2.159,295
4,3,0,0,0,4,4,2,0.857,296
8,4,0,0,0,4,6,2,0.977,296
6,4,0,0,0,3,5,1,0.766,327
2,0,0,0,0,2,3,1,0.408,328
13,6,0,0,0,7,5,1,1.626,327
2,1,0,0,0,3,3,2,0.596,296
4,4,0,0,0,3,4,2,0.717,296
3,2,0,0,0,3,5,2,0.643,296
17,8,0,0,0,6,7,1,1.615,327
22,11,0,0,0,5,8,1,1.627,327
7,4,0,0,0,4,4,1,0.953,327
29,10,0,0,0,10,7,2,2.569,296
1,2,0,0,0,1,3,1,0.268,328
10,6,0,0,0,5,6,2,1.233,296
2,2,0,0,0,1,3,1,0.293,328
2,2,0,0,0,3,4,1,0.621,328
1,2,0,0,0,2,3,1,0.432,327
3,1,0,0,0,3,3,1,0.622,328
2,2,0,0,0,2,4,1,0.458,328
18,7,0,0,0,6,7,1,1.615,327
17,6,0,0,0,7,7,1,1.714,327
15,6,0,0,0,5,7,1,1.341,327
22,11,0,0,0,10,8,2,2.439,295
2,2,0,0,0,3,3,2,0.621,296
7,5,0,0,0,5,5,1,1.140,327
4,3,0,0,0,3,4,2,0.693,296
5,5,0,0,0,5,4,2,1.090,295
7,2,0,0,0,5,5,2,1.066,295
12,6,0,0,0,4,6,1,1.112,327
20,8,0,0,0,11,6,2,2.498,295
16,9,0,0,0,5,7,1,1.437,327
21,9,0,0,0,6,7,1,1.716,327
14,9,0,0,0,8,5,1,1.873,327
4,2,0,0,0,3,4,1,0.669,327
10,0,0,0,0,11,5,3,2.069,264
5,4,0,0,0,4,4,1,0.903,327
2,3,0,0,0,2,4,1,0.482,328
2,3,0,0,0,3,4,1,0.644,328
4,2,0,0,0,1,4,1,0.342,328
12,9,0,0,0,11,7,3,2.312,264
7,4,0,0,0,4,5,1,0.952,327
2,3,0,0,0,3,5,2,0.644,296
9,7,0,0,0,7,5,2,1.555,296
5,5,0,0,0,4,6,2,0.927,296
2,2,0,0,0,2,4,2,0.457,296
2,2,0,0,0,2,4,2,0.457,296
2,2,0,0,0,3,3,1,0.620,328
14,0,0,0,0,17,5,3,3.118,262
2,2,0,0,0,3,3,1,0.620,327
2,2,0,0,0,2,3,2,0.458,296
5,0,0,0,0,6,4,2,1.135,295
2,1,0,0,0,2,3,1,0.432,328
3,3,0,0,0,3,5,2,0.668,296
3,2,0,0,0,4,4,2,0.807,295
2,2,0,0,0,3,4,2,0.619,296
8,3,0,0,0,4,6,1,0.953,327
5,2,0,0,0,4,4,1,0.859,327
2,2,0,0,0,2,5,2,0.456,296
2,1,0,0,0,2,3,2,0.432,296
2,3,0,0,0,2,5,2,0.481,296
9,0,0,0,0,6,4,2,1.229,295
13,4,0,0,0,6,7,2,1.422,295
13,9,0,0,0,11,7,2,2.335,295
1,2,0,0,0,2,4,2,0.434,296
21,6,0,0,0,10,7,2,2.291,296
3,0,0,0,0,3,4,2,0.596,296
19,7,0,0,0,8,8,2,1.945,295
8,0,0,0,0,7,4,3,1.368,264
24,12,0,0,0,18,13,4,3.796,230
4,3,0,0,0,4,7,3,0.859,264
5,3,0,0,0,3,4,1,0.718,327
11,9,0,0,0,8,7,2,1.809,296
19,5,0,0,0,7,7,1,1.752,327
12,0,0,0,0,10,5,3,1.947,262
20,9,0,0,0,6,7,1,1.707,327
3,3,0,0,0,3,4,2,0.669,296
22,9,0,0,0,5,7,1,1.573,327
1,2,0,0,0,2,3,1,0.409,328
5,6,0,0,0,5,8,2,1.114,295
17,0,0,0,0,14,5,3,2.705,263
21,6,0,0,0,4,6,1,1.327,327
4,3,0,0,0,4,4,1,0.858,327
23,8,0,0,0,7,7,1,1.906,327
2,1,0,0,0,4,3,1,0.760,327
5,4,0,0,0,5,8,3,1.066,263
7,0,0,0,0,8,4,3,1.507,263
2,3,0,0,0,3,4,2,0.644,296
3,2,0,0,0,3,5,2,0.643,296
4,0,0,0,0,11,4,2,1.923,295
5,2,0,0,0,8,4,1,1.509,327
12,6,0,0,0,6,6,2,1.442,296
5,3,0,0,0,3,4,1,0.718,327
1,1,0,0,0,2,3,2,0.407,296
19,9,0,0,0,11,7,2,2.494,295
9,0,0,0,0,6,4,2,1.231,295
10,4,0,0,0,3,5,1,0.860,327
17,0,0,0,0,8,7,2,1.753,295
4,5,0,0,0,4,4,1,0.903,327
20,7,0,0,0,5,7,1,1.481,327
8,2,0,0,0,3,4,1,0.765,328
13,6,0,0,0,12,5,3,2.430,263
6,0,0,0,0,7,5,2,1.322,295
28,15,0,0,0,12,9,2,3.006,295
7,2,0,0,0,6,5,2,1.231,295
6,5,0,0,0,4,4,1,0.951,327
17,7,0,0,0,7,7,2,1.750,296
9,8,0,0,0,10,5,3,2.065,262
25,8,0,0,0,7,7,2,1.953,296
19,8,0,0,0,6,7,1,1.640,327
6,5,0,0,0,4,4,1,0.951,327
7,0,0,0,0,8,4,1,1.508,327
17,0,0,0,0,38,6,4,6.617,229
10,5,0,0,0,8,6,2,1.691,296
7,0,0,0,0,8,4,2,1.510,295
5,5,0,0,0,4,4,2,0.928,296
17,7,0,0,0,7,6,1,1.736,327
5,4,0,0,0,4,6,2,0.903,296
23,8,0,0,0,10,7,2,2.385,296
4,3,0,0,0,4,4,2,0.859,296
7,3,0,0,0,7,6,2,1.417,295
2,1,0,0,0,2,3,2,0.433,296
10,5,0,0,0,4,5,1,1.049,327
16,5,0,0,0,6,8,2,1.504,295
9,5,0,0,0,4,6,1,1.020,327
14,0,0,0,0,17,5,3,3.122,262
10,7,0,0,0,6,5,1,1.416,327
10,7,0,0,0,7,5,2,1.579,296
8,1,0,0,0,10,16,8,1.884,101
19,11,0,0,0,11,8,2,2.525,295
6,0,0,0,0,6,5,2,1.162,295
12,0,0,0,0,6,6,2,1.302,296
16,11,0,0,0,14,12,4,2.942,231
4,3,0,0,0,2,5,1,0.529,327
7,4,0,0,0,4,4,1,0.948,328
3,2,0,0,0,6,4,1,0.991,327
2,2,0,0,0,2,3,1,0.457,328
3,2,0,0,0,2,3,1,0.481,328
2,1,0,0,0,1,3,1,0.268,328
4,0,0,0,0,3,4,3,0.621,263
2,2,0,0,0,4,4,3,0.782,264
5,2,0,0,0,2,4,1,0.528,328
3,3,0,0,0,4,5,2,0.832,296
5,0,0,0,0,2,3,1,0.483,328
11,7,0,0,0,5,6,2,1.279,296
3,2,0,0,0,2,3,1,0.482,328
18,9,0,0,0,9,7,2,2.133,295
5,5,0,0,0,5,4,2,1.091,295
14,9,0,0,0,16,6,2,3.188,295
19,8,0,0,0,8,7,2,1.985,296
10,4,0,0,0,5,5,1,1.188,327
8,6,0,0,0,7,7,3,1.512,264
3,1,0,0,0,2,3,1,0.457,328
6,2,0,0,0,4,4,1,0.881,327
5,2,0,0,0,5,4,2,1.020,295
21,7,0,0,0,5,7,1,1.502,327
20,8,0,0,0,7,6,1,1.851,327
6,5,0,0,0,4,4,1,0.952,327
1,2,0,0,0,3,3,1,0.597,327
9,4,0,0,0,5,7,2,1.157,296
19,7,0,0,0,4,7,1,1.293,327
2,2,0,0,0,1,3,1,0.293,328
17,7,0,0,0,7,7,1,1.753,327
6,4,0,0,0,4,5,2,0.927,296
7,3,0,0,0,3,6,1,0.766,327
17,5,0,0,0,5,7,1,1.364,327
5,5,0,0,0,5,14,4,1.090,230
5,3,0,0,0,4,4,1,0.881,327
4,5,0,0,0,6,9,3,1.231,264
6,5,0,0,0,4,4,1,0.950,327
8,4,0,0,0,3,5,1,0.813,327
5,3,0,0,0,7,12,4,1.299,231
20,9,0,0,0,7,6,2,1.854,296
15,7,0,0,0,9,7,2,2.011,295
20,9,0,0,0,11,7,2,2.514,296
6,0,0,0,0,5,4,2,0.997,295
4,3,0,0,0,5,5,2,1.020,296
36,13,0,0,0,11,8,2,2.970,295
9,5,0,0,0,7,6,2,1.511,296
28,11,0,0,0,10,7,2,2.570,295
8,4,0,0,0,5,6,2,1.138,296
5,4,0,0,0,4,6,1,0.902,327
5,0,0,0,0,4,4,2,0.808,296
8,0,0,0,0,7,4,3,1.367,264
16,6,0,0,0,7,7,2,1.687,295
27,9,0,0,0,8,8,2,2.187,296
6,4,0,0,0,5,5,2,1.091,296
4,4,0,0,0,5,11,3,1.043,264
3,0,0,0,0,2,3,1,0.433,328
22,9,0,0,0,7,7,1,1.906,326
15,8,0,0,0,8,5,1,1.872,327
33,7,0,0,0,9,9,2,2.461,295
6,5,0,0,0,4,7,2,0.953,295
2,2,0,0,0,2,3,1,0.457,328
25,10,0,0,0,8,8,1,2.159,327
9,7,0,0,0,9,6,2,1.887,295
9,5,0,0,0,5,5,2,1.187,296
19,7,0,0,0,6,7,2,1.632,296
16,6,0,0,0,6,7,1,1.529,327
15,6,0,0,0,6,7,1,1.503,327
11,10,0,0,0,10,5,2,2.150,295
17,6,0,0,0,6,6,1,1.547,327
7,0,0,0,0,8,4,2,1.509,295
10,0,0,0,0,13,5,3,2.390,263
11,10,0,0,0,10,5,2,2.171,295
2,2,0,0,0,2,6,2,0.456,296
7,0,0,0,0,3,4,2,0.694,296
25,12,0,0,0,11,9,2,2.702,296
13,7,0,0,0,6,6,1,1.490,327
3,2,0,0,0,1,3,1,0.317,328
14,6,0,0,0,4,7,1,1.159,327
5,5,0,0,0,6,11,4,1.253,231
16,10,0,0,0,7,7,2,1.784,296
16,8,0,0,0,6,7,2,1.574,296
25,9,0,0,0,7,8,2,1.968,296
16,6,0,0,0,6,7,2,1.538,296
13,6,0,0,0,8,8,2,1.790,295
15,8,0,0,0,12,7,2,2.527,295
24,8,0,0,0,9,8,2,2.246,296
3,0,0,0,0,3,4,2,0.597,296
4,3,0,0,0,3,4,1,0.694,327
15,0,0,0,0,18,6,3,3.313,262
2,3,0,0,0,3,4,2,0.644,296
5,3,0,0,0,6,7,3,1.205,264
6,5,0,0,0,6,8,3,1.277,263
12,8,0,0,0,11,7,2,2.290,295
10,6,0,0,0,6,7,2,1.389,296
2,2,0,0,0,2,3,1,0.457,328
18,7,0,0,0,6,7,1,1.614,327
3,3,0,0,0,3,5,2,0.667,296
8,0,0,0,0,7,4,3,1.366,262
5,4,0,0,0,4,4,1,0.904,327
29,14,0,0,0,11,9,2,2.825,295
6,3,0,0,0,6,4,2,1.230,295
6,3,0,0,0,6,4,2,1.232,295
14,4,0,0,0,5,7,1,1.272,327
22,11,0,0,0,8,8,2,2.106,296
6,3,0,0,0,3,6,2,0.742,296
2,0,0,0,0,3,3,2,0.571,296
27,12,0,0,0,11,8,2,2.730,296
23,9,0,0,0,8,8,2,2.090,296
12,9,0,0,0,10,6,2,2.155,295
20,0,0,0,0,11,5,2,2.288,295
5,4,0,0,0,4,4,2,0.904,296
17,6,0,0,0,7,8,2,1.714,296
22,0,0,0,0,41,6,5,7.192,198
3,2,0,0,0,3,4,1,0.644,328
5,3,0,0,0,3,5,2,0.717,295
6,5,0,0,0,4,4,1,0.953,327
6,4,0,0,0,5,4,2,1.089,296
4,3,0,0,0,4,4,2,0.858,295
12,9,0,0,0,7,7,2,1.666,296
17,0,0,0,0,14,5,3,2.709,262
6,5,0,0,0,7,5,2,1.441,295
27,24,0,0,0,28,7,3,5.798,261
20,10,0,0,0,9,7,2,2.214,295
2,3,0,0,0,2,3,1,0.482,328
5,3,0,0,0,3,4,1,0.719,327
22,0,0,0,0,41,6,5,7.204,198
1,1,0,0,0,2,3,2,0.408,296
8,5,0,0,0,5,5,1,1.161,327
3,0,0,0,0,4,3,2,0.759,296
27,11,0,0,0,9,7,2,2.395,296
7,6,0,0,0,6,6,1,1.329,327
8,5,0,0,0,5,6,2,1.162,296
15,6,0,0,0,5,6,1,1.342,327
10,5,0,0,0,6,7,2,1.371,296
19,9,0,0,0,10,11,2,2.322,295
9,0,0,0,0,4,5,2,0.905,296
10,7,0,0,0,6,5,2,1.417,296
6,5,0,0,0,4,5,1,0.953,327
18,0,0,0,0,29,6,4,5.168,229
22,8,0,0,0,7,7,1,1.879,327
16,6,0,0,0,6,8,2,1.528,296
5,0,0,0,0,6,4,2,1.137,295
1,2,0,0,0,2,3,2,0.432,296
4,0,0,0,0,2,3,1,0.457,328
6,3,0,0,0,5,4,1,1.062,327
9,4,0,0,0,14,5,3,2.621,263
17,6,0,0,0,6,7,1,1.549,327
1,1,0,0,0,2,3,2,0.407,296
2,0,0,0,0,3,3,3,0.572,264
16,5,0,0,0,6,6,1,1.504,327
6,5,0,0,0,4,5,1,0.951,327
6,6,0,0,0,7,17,5,1.465,198
21,7,0,0,0,9,8,2,2.164,296
12,5,0,0,0,7,6,1,1.572,327
13,3,0,0,0,5,6,1,1.235,327
2,3,0,0,0,4,5,2,0.807,296
2,1,0,0,0,2,3,2,0.433,296
7,2,0,0,0,6,4,2,1.230,295
3,1,0,0,0,3,3,1,0.622,328
5,0,0,0,0,2,3,1,0.482,327
7,4,0,0,0,3,5,1,0.788,327
12,9,0,0,0,8,5,2,1.825,296
5,0,0,0,0,3,4,2,0.644,296
10,5,0,0,0,4,5,1,1.048,327
5,3,0,0,0,3,4,1,0.718,327
5,1,0,0,0,3,5,2,0.668,296
5,4,0,0,0,4,5,2,0.904,296
11,10,0,0,0,10,5,2,2.150,295
13,5,0,0,0,5,5,1,1.283,327
4,6,0,0,0,4,8,4,0.928,231
4,3,0,0,0,4,4,1,0.857,327
24,7,0,0,0,6,7,2,1.741,296
5,2,0,0,0,4,4,2,0.857,296
4,6,0,0,0,5,4,2,1.092,296
16,7,0,0,0,6,6,1,1.561,327
5,0,0,0,0,4,4,2,0.808,296
3,1,0,0,1,2,4,1,0.458,328
4,2,0,0,0,3,5,1,0.669,328
5,2,0,0,0,2,4,2,0.529,296
3,1,0,0,0,3,4,2,0.621,296
9,5,0,0,0,6,6,2,1.349,296
6,4,0,0,0,5,4,2,1.090,296
6,6,0,0,0,7,10,4,1.465,231
4,3,0,0,0,3,5,2,0.694,296
12,7,0,0,0,8,6,2,1.788,295
3,4,0,0,0,4,6,2,0.859,296
15,5,0,0,0,4,8,2,1.161,296
6,5,0,0,0,4,4,1,0.953,327
25,9,0,0,0,11,7,2,2.618,296
5,3,0,0,0,4,5,2,0.881,296
12,7,0,0,0,5,5,1,1.302,327
8,3,0,0,0,4,5,1,0.951,327
3,3,0,0,0,4,5,2,0.832,296
13,8,0,0,0,7,6,2,1.682,296
1,1,0,0,0,1,2,1,0.220,328
11,5,0,0,0,8,9,3,1.721,264
13,3,0,0,0,5,6,1,1.236,327
10,4,0,0,0,7,6,2,1.512,295
13,7,0,0,0,7,5,1,1.649,327
2,1,0,0,0,2,4,2,0.432,296
16,6,0,0,0,5,7,1,1.363,327
2,1,0,0,0,1,3,1,0.268,328
5,3,0,0,0,3,4,1,0.719,327
2,2,0,0,0,3,4,2,0.622,296
7,7,0,0,0,7,14,5,1.511,199
3,3,0,0,0,4,5,2,0.833,296
4,3,0,0,0,3,4,1,0.694,327
11,7,0,0,0,8,11,4,1.768,231
11,5,0,0,0,7,9,3,1.556,263
10,6,0,0,0,5,5,1,1.236,327
7,0,0,0,0,8,4,3,1.507,263
10,0,0,0,0,7,5,3,1.415,263
8,0,0,0,0,7,4,2,1.366,295
7,4,0,0,0,4,4,1,0.952,327
22,12,0,0,0,9,7,2,2.303,295
21,8,0,0,0,8,7,2,2.016,296
6,4,0,0,0,5,4,2,1.091,295
5,1,0,0,0,3,4,2,0.670,296
9,0,0,0,0,6,4,2,1.231,295
11,5,0,0,0,7,5,2,1.551,295
12,5,0,0,0,4,5,1,1.095,327
10,0,0,0,0,5,4,2,1.091,295
3,1,0,0,0,1,3,1,0.293,328
6,4,0,0,0,5,4,2,1.090,296
14,6,0,0,0,6,6,2,1.488,296
16,5,0,0,0,6,7,1,1.505,327
7,0,0,0,0,8,4,3,1.508,263
4,0,0,0,0,3,4,2,0.621,295
3,3,0,0,0,3,5,2,0.668,296
20,7,0,0,0,8,8,2,1.984,295
17,8,0,0,0,6,7,2,1.617,296
3,1,0,0,0,3,4,2,0.620,296
6,0,0,0,0,5,4,2,0.999,295
9,4,0,0,0,6,6,2,1.328,296
1,2,0,0,0,2,4,1,0.433,328
5,5,0,0,0,5,12,4,1.091,231
2,2,0,0,0,3,3,2,0.620,296
3,0,0,0,0,3,4,3,0.596,264
3,4,0,0,0,3,6,2,0.694,296
23,11,0,0,0,11,7,2,2.623,295
25,10,0,0,0,4,7,1,1.514,326
14,9,0,0,0,6,7,1,1.548,327
11,9,0,0,0,11,5,3,2.288,263
13,4,0,0,0,5,8,2,1.248,296
10,0,0,0,0,9,5,2,1.742,295
20,11,0,0,0,10,9,2,2.383,295
2,1,0,0,0,2,3,1,0.433,328
3,0,0,0,0,2,3,1,0.432,328
9,4,0,0,0,6,6,2,1.328,296
2,1,0,0,0,2,3,2,0.432,296
5,2,0,0,0,4,5,2,0.859,296
11,0,0,0,0,20,5,3,3.538,262
5,4,0,0,0,6,15,6,1.229,167
16,7,0,0,0,6,7,2,1.553,296
3,4,0,0,0,4,5,2,0.858,296
6,3,0,0,0,4,4,1,0.904,327
3,2,0,0,0,2,4,1,0.481,327
6,4,0,0,0,5,4,2,1.092,296
2,1,0,0,0,2,4,1,0.432,328
19,9,0,0,0,7,7,2,1.849,296
15,8,0,0,0,6,7,1,1.549,327
15,7,0,0,0,4,7,1,1.200,327
4,2,0,0,0,3,4,2,0.669,296
6,5,0,0,0,4,4,1,0.952,327
6,0,0,0,0,4,4,2,0.831,296
20,5,0,0,0,6,7,1,1.614,327
3,3,0,0,0,3,5,2,0.669,296
10,5,0,0,0,4,5,1,1.046,327
4,3,0,0,0,4,4,1,0.858,327
23,10,0,0,0,13,7,2,2.917,296
2,1,0,0,0,2,3,2,0.433,296
2,3,0,0,0,2,4,1,0.481,328
3,2,0,0,0,6,4,1,1.138,327
3,1,0,0,1,3,4,1,0.621,327
14,0,0,0,0,17,5,3,3.127,263
1,2,0,0,0,1,3,1,0.268,328
3,3,0,0,0,3,4,1,0.668,327
3,2,0,0,0,4,5,2,0.807,295
1,1,0,0,0,2,3,1,0.408,328
33,17,0,0,0,17,7,2,3.970,295
14,4,0,0,0,6,6,1,1.433,327
6,5,0,0,0,4,5,1,0.950,327
1,2,0,0,0,1,3,1,0.268,328
20,7,0,0,0,7,7,1,1.808,327
11,0,0,0,0,4,5,2,0.954,296
5,1,0,0,0,5,4,2,0.998,295
8,4,0,0,0,5,7,1,1.139,327
13,6,0,0,0,8,6,2,1.790,296
11,6,0,0,0,4,6,1,1.092,327
3,1,0,0,0,2,5,2,0.457,296
10,5,0,0,0,5,5,1,1.209,327
18,6,0,0,0,8,8,2,1.899,296
13,11,0,0,0,11,6,2,2.387,295
17,5,0,0,0,5,7,1,1.365,327
7,0,0,0,0,8,4,2,1.509,295
15,4,0,0,0,6,7,1,1.475,327
3,0,0,0,0,2,3,1,0.433,328
3,2,0,0,0,2,4,1,0.481,328
22,6,0,0,0,9,7,2,2.157,296
23,0,0,0,0,10,7,3,2.198,263
4,2,0,0,0,4,4,2,0.833,296
2,3,0,0,0,2,3,2,0.482,296
6,0,0,0,0,9,4,3,1.648,264
6,0,0,0,0,5,4,2,0.996,295
5,0,0,0,0,5,5,2,0.971,295
18,6,0,0,0,6,7,1,1.571,327
2,2,0,0,0,3,4,2,0.622,296
6,4,0,0,0,5,4,2,1.091,296
7,0,0,0,0,12,5,2,2.163,295
7,4,0,0,0,7,6,2,1.441,295
12,7,0,0,0,10,7,2,2.107,295
5,5,0,0,0,3,4,1,0.764,327
7,4,0,0,0,2,5,1,0.625,327
3,2,0,0,0,3,5,2,0.644,295
6,3,0,0,0,6,9,4,1.231,231
2,2,0,0,0,3,3,1,0.621,328
10,0,0,0,0,5,4,2,1.090,295
15,6,0,0,0,6,7,1,1.504,327
10,10,0,0,0,10,17,6,2.131,165
22,7,0,0,0,8,7,1,2.021,327
3,0,0,0,0,4,3,3,0.760,264
11,10,0,0,0,10,5,2,2.150,295
5,3,0,0,0,6,9,4,1.206,231
16,5,0,0,0,4,6,1,1.194,327
4,4,0,0,0,4,5,2,0.880,296
9,8,0,0,0,10,5,2,2.059,295
3,2,0,0,0,2,3,1,0.481,328
13,6,0,0,0,4,7,1,1.130,327
14,8,0,0,0,11,6,2,2.337,296
4,1,0,0,0,3,4,2,0.643,296
32,16,0,0,0,15,7,2,3.597,296
3,2,0,0,0,2,4,2,0.481,296
4,2,0,0,0,3,4,1,0.668,328
13,6,0,0,0,8,8,2,1.785,295
12,5,0,0,0,6,8,1,1.424,327
2,3,0,0,0,2,3,1,0.482,328
11,7,0,0,0,7,6,2,1.609,296
4,0,0,0,0,3,4,2,0.620,296
5,4,0,0,0,5,5,2,1.066,296
3,2,0,0,0,3,4,1,0.644,327
15,4,0,0,0,6,7,2,1.475,296
6,0,0,0,0,5,5,3,0.997,263
17,7,0,0,0,5,8,1,1.407,327
14,4,0,0,0,5,7,1,1.272,327
5,6,0,0,0,6,9,3,1.283,264
14,9,0,0,0,8,7,2,1.877,296
2,3,0,0,0,2,4,1,0.482,328
19,10,0,0,0,6,7,1,1.713,327
6,5,0,0,0,4,6,2,0.952,295
2,1,0,0,0,2,3,2,0.433,296
11,7,0,0,0,7,6,2,1.610,296
3,0,0,0,0,1,3,1,0.268,328
4,2,0,0,0,2,4,1,0.505,328
2,0,0,0,0,3,3,2,0.571,296
10,5,0,0,0,7,6,2,1.525,295
6,4,0,0,0,5,4,2,1.092,296
17,7,0,0,0,6,7,2,1.572,296
4,4,0,0,0,4,4,2,0.882,296
3,3,0,0,0,3,5,2,0.670,295
20,9,0,0,0,7,7,1,1.853,326
4,2,0,0,0,4,7,3,0.833,264
14,8,0,0,0,4,6,1,1.209,327
21,8,0,0,0,8,7,2,2.017,296
12,9,0,0,0,10,7,2,2.152,295
16,8,0,0,0,6,7,2,1.578,296
2,0,0,0,0,3,3,2,0.573,295
5,0,0,0,0,4,4,2,0.808,296
6,0,0,0,0,5,4,2,0.997,295
4,1,0,0,0,4,4,3,0.807,264
4,2,0,0,0,2,5,1,0.505,328
4,0,0,0,0,3,4,2,0.620,296
3,0,0,0,0,2,3,2,0.432,296
4,4,0,0,0,3,4,2,0.718,296
20,10,0,0,0,9,6,2,2.213,295
23,7,0,0,0,9,6,2,2.218,296
4,3,0,0,0,5,7,3,1.019,264
3,4,0,0,0,3,6,2,0.693,296
2,2,0,0,0,3,4,1,0.478,327
12,6,0,0,0,6,5,2,1.442,296
19,6,0,0,0,5,7,1,1.444,327
17,5,0,0,0,8,7,2,1.849,295
8,0,0,0,0,3,4,1,0.716,327
14,8,0,0,0,9,7,2,2.030,296
10,7,0,0,0,6,6,2,1.411,295
5,4,0,0,0,4,4,1,0.904,327
36,19,0,0,0,17,9,2,4.087,295
3,3,0,0,0,2,4,1,0.504,328
11,0,0,0,0,6,5,2,1.277,295
4,2,0,0,0,4,4,1,0.832,327
2,3,0,0,0,2,3,1,0.481,327
30,16,0,0,0,15,7,2,3.547,295
34,0,0,0,0,29,6,4,5.529,230
9,0,0,0,0,10,5,2,1.881,295
18,7,0,0,0,6,8,2,1.616,296
3,4,0,0,0,5,5,2,1.019,295
2,0,0,0,0,5,3,2,0.898,295
17,6,0,0,0,6,6,1,1.550,327
5,3,0,0,0,3,4,1,0.717,328
5,1,0,0,0,3,4,2,0.669,296
5,3,0,0,0,3,5,1,0.717,327
9,7,0,0,0,5,7,2,1.232,296
18,7,0,0,0,8,7,2,1.920,296
1,2,0,0,0,4,3,1,0.760,327
9,4,0,0,0,5,6,1,1.156,327
3,4,0,0,0,4,4,2,0.858,296
2,1,0,0,0,2,3,1,0.433,328
10,4,0,0,0,4,7,1,1.025,327
5,0,0,0,0,5,4,2,0.971,295
2,3,0,0,0,2,4,1,0.481,328
3,3,0,0,0,3,4,1,0.669,327
16,13,0,0,0,10,6,2,2.349,296
24,12,0,0,0,11,7,2,2.681,295
3,0,0,0,0,3,3,1,0.596,328
7,3,0,0,0,3,5,1,0.765,328
3,1,0,0,0,3,3,2,0.621,296
4,0,0,0,0,3,3,2,0.621,296
7,0,0,0,0,8,4,2,1.510,295
8,5,0,0,0,4,6,2,1.002,296
20,10,0,0,0,5,7,1,1.572,327
3,0,0,0,0,2,3,2,0.432,296
16,6,0,0,0,7,7,1,1.687,327
11,5,0,0,0,7,6,2,1.550,296
3,2,0,0,0,2,3,1,0.481,328
13,1,0,0,0,4,6,2,1.025,296
12,8,0,0,0,7,5,2,1.645,296
16,6,0,0,0,9,5,2,2.014,295
14,0,0,0,0,33,6,3,5.722,261
13,9,0,0,0,10,6,2,2.176,296
29,14,0,0,0,21,11,3,4.454,263
14,4,0,0,0,5,5,1,1.278,327
5,4,0,0,0,6,5,2,1.231,295
4,2,0,0,0,3,4,1,0.669,327
15,6,0,0,0,6,7,1,1.506,327
6,4,0,0,0,5,4,2,1.091,296
5,0,0,0,0,10,4,3,1.784,264
8,7,0,0,0,4,5,1,1.048,327
24,8,0,0,0,7,7,1,1.938,327
4,5,0,0,0,3,6,2,0.743,295
3,2,0,0,0,3,4,2,0.644,296
2,2,0,0,0,2,3,2,0.456,296
9,5,0,0,0,8,6,2,1.667,296
3,2,0,0,0,3,5,2,0.644,296
6,0,0,0,0,9,4,2,1.647,295
5,4,0,0,0,2,4,1,0.576,327
5,3,0,0,0,7,4,2,1.367,295
8,6,0,0,0,6,9,3,1.345,263
8,4,0,0,0,5,6,1,1.139,327
4,1,0,0,0,2,3,1,0.482,327
28,8,0,0,0,9,8,2,2.371,296
10,6,0,0,0,5,6,2,1.233,295
16,0,0,0,0,9,6,2,1.893,295
6,5,0,0,0,6,6,2,1.277,296
2,2,0,0,0,2,5,2,0.457,296
13,3,0,0,0,7,9,3,1.554,264
2,3,0,0,0,3,5,2,0.646,296
12,5,0,0,0,4,6,2,1.096,296
4,4,0,0,0,3,4,2,0.717,295
2,4,0,0,0,3,4,1,0.669,327
5,2,0,0,0,4,4,1,0.858,327
6,5,0,0,0,4,5,2,0.951,296
4,6,0,0,0,2,5,1,0.603,327
9,3,0,0,0,3,5,2,0.815,296
17,8,0,0,0,6,7,2,1.613,296
7,0,0,0,0,4,6,2,0.859,296
11,5,0,0,0,5,7,2,1.236,296
2,1,0,0,0,2,4,1,0.433,328
6,3,0,0,0,2,5,1,0.579,327
14,0,0,0,0,17,5,3,3.121,262
7,4,0,0,0,4,4,1,0.954,327
10,5,0,0,0,5,6,1,1.209,327
4,3,0,0,0,4,4,2,0.858,296
4,3,0,0,0,4,4,1,0.858,327
9,7,0,0,0,7,5,2,1.556,296
14,6,0,0,0,7,5,2,1.644,296
5,2,0,0,0,2,5,1,0.529,328
9,5,0,0,0,17,5,2,3.129,295
17,5,0,0,0,5,7,2,1.362,296
10,4,0,0,0,5,5,1,1.189,327
28,10,0,0,0,8,7,2,2.193,296
3,2,0,0,0,3,4,2,0.643,296
8,0,0,0,0,7,4,3,1.368,264
16,7,0,0,0,4,6,1,1.227,327
10,7,0,0,0,8,7,2,1.749,295
9,7,0,0,0,7,5,2,1.555,296
10,7,0,0,0,8,7,2,1.752,295
10,0,0,0,0,9,5,3,1.745,263
12,4,0,0,0,5,6,2,1.234,296
4,3,0,0,0,4,4,1,0.859,327
12,7,0,0,0,8,5,1,1.792,327
5,4,0,0,0,4,6,2,0.904,296
1,0,0,0,0,4,3,2,0.711,296
4,3,0,0,0,4,4,1,0.858,327
6,0,0,0,0,7,4,2,1.321,295
8,4,0,0,0,5,5,1,1.141,327
9,6,0,0,0,2,6,1,0.719,327
3,0,0,0,0,4,4,2,0.760,295
7,5,0,0,0,7,6,2,1.466,296
6,2,0,0,0,3,4,2,0.718,296
3,2,0,0,0,3,5,2,0.644,296
10,7,0,0,0,8,7,2,1.746,295
32,13,0,0,0,11,7,2,2.883,295
9,5,0,0,0,5,6,1,1.190,327
21,7,0,0,0,7,7,1,1.850,327
2,1,0,0,0,1,3,1,0.268,328
24,13,0,0,0,13,9,2,3.012,295
1,2,0,0,0,2,4,1,0.432,328
3,2,0,0,0,4,5,2,0.758,296
7,3,0,0,0,1,4,1,0.438,328
5,0,0,0,0,4,5,4,0.808,231
10,0,0,0,0,16,6,5,2.882,198
8,8,0,0,0,9,13,5,1.890,198
2,1,0,0,0,1,3,1,0.269,328
8,3,0,0,0,2,5,1,0.625,327
12,9,0,0,0,9,8,2,1.992,295
10,9,0,0,0,10,5,2,2.104,295
10,4,0,0,0,6,6,1,1.349,327
2,2,0,0,0,2,3,2,0.457,296
39,16,0,0,0,16,9,1,3.930,326
14,9,0,0,0,8,5,1,1.876,327
1,1,0,0,0,2,3,1,0.407,328
10,5,0,0,0,5,5,1,1.208,327
6,0,0,0,0,5,4,2,0.997,295
5,6,0,0,0,4,10,3,0.951,264
1,1,0,0,0,1,2,1,0.245,328
2,1,0,0,0,2,3,1,0.433,328
2,3,0,0,0,3,5,2,0.644,296
8,5,0,0,0,5,6,1,1.165,327
12,10,0,0,0,9,5,2,2.014,296
3,3,0,0,0,3,5,1,0.668,328
2,2,0,0,0,3,4,1,0.621,327
5,0,0,0,0,4,4,2,0.807,295
9,4,0,0,0,4,7,2,0.999,296
16,9,0,0,0,8,6,1,1.918,326
17,7,0,0,0,5,6,1,1.409,327
4,2,0,0,0,3,6,2,0.668,296
12,4,0,0,0,5,6,2,1.234,296
7,0,0,0,0,4,4,2,0.857,295
13,3,0,0,0,5,6,1,1.233,327
10,2,0,0,0,4,5,1,0.973,327
20,12,0,0,0,11,7,2,2.584,296
13,7,0,0,0,7,7,2,1.654,296
5,3,0,0,0,4,4,2,0.881,296
4,0,0,0,0,3,3,2,0.621,296
2,2,0,0,0,3,3,1,0.622,328
16,9,0,0,0,12,6,2,2.581,295
2,2,0,0,0,3,3,2,0.620,296
9,4,0,0,0,4,6,1,0.999,327
9,7,0,0,0,7,5,2,1.549,296
12,7,0,0,0,9,7,2,1.948,295
2,2,0,0,0,2,3,2,0.457,296
5,2,0,0,0,2,4,1,0.529,327
12,5,0,0,0,5,6,1,1.254,327
24,7,0,0,0,8,7,2,2.079,296
6,3,0,0,0,3,5,1,0.742,327
11,9,0,0,0,11,5,3,2.293,263
5,4,0,0,0,6,4,2,1.230,295
2,1,0,0,0,2,4,1,0.432,328
3,4,0,0,0,2,5,1,0.528,327
20,8,0,0,0,7,7,2,1.850,296
11,10,0,0,0,10,5,2,2.151,295
14,3,0,0,0,4,6,1,1.093,327
11,6,0,0,0,8,5,2,1.748,296
21,9,0,0,0,8,8,2,2.045,296
13,8,0,0,0,8,6,2,1.824,296
13,7,0,0,0,6,6,1,1.482,327
4,3,0,0,0,4,4,1,0.857,327
5,0,0,0,0,4,4,2,0.807,296
20,7,0,0,0,8,8,2,1.992,295
7,4,0,0,0,4,4,1,0.951,327
2,2,0,0,0,1,3,1,0.293,329
3,2,0,0,0,2,3,1,0.482,328
8,6,0,0,0,7,5,2,1.511,295
10,6,0,0,0,6,6,2,1.389,296
8,0,0,0,0,7,4,2,1.370,295
4,0,0,0,0,1,3,1,0.293,328
16,7,0,0,0,7,6,1,1.713,327
10,5,0,0,0,6,5,2,1.372,296
31,13,0,0,0,15,7,2,3.537,295
18,7,0,0,0,7,7,2,1.758,296
4,5,0,0,0,5,6,2,1.066,296
4,1,0,0,0,2,3,1,0.481,327
14,5,0,0,0,6,6,1,1.472,327
6,3,0,0,0,4,4,1,0.904,327
4,3,0,0,0,3,5,2,0.693,296
1,2,0,0,0,3,3,1,0.596,327
3,2,0,0,0,4,4,1,0.808,328
16,6,0,0,0,7,7,2,1.688,296
3,2,0,0,0,2,4,1,0.481,328
5,0,0,0,0,5,4,2,0.972,295
5,1,0,0,0,4,5,2,0.833,296
32,15,0,0,0,14,7,2,3.418,296
7,5,0,0,0,7,11,4,1.466,231
18,7,0,0,0,8,9,2,1.921,296
10,5,0,0,0,8,6,2,1.693,296
5,7,0,0,0,6,9,3,1.303,263
3,2,0,0,0,2,3,1,0.387,328
12,6,0,0,0,8,7,2,1.766,295
3,1,0,0,0,3,3,2,0.622,296
27,14,0,0,0,13,9,2,3.108,295
6,3,0,0,0,8,6,2,1.557,296
18,6,0,0,0,5,7,1,1.408,327
6,4,0,0,0,3,4,1,0.766,327
1,1,0,0,0,2,3,2,0.408,296
5,4,0,0,0,1,4,1,0.414,327
6,0,0,0,0,7,4,2,1.322,295
14,5,0,0,0,4,6,1,1.133,327
7,0,0,0,0,8,4,3,1.510,263
15,10,0,0,0,10,6,2,2.250,296
31,19,0,0,0,16,8,2,3.821,295
5,6,0,0,0,4,5,2,0.952,296
6,0,0,0,0,7,4,3,1.319,263
2,2,0,0,0,2,4,2,0.457,296
5,5,0,0,0,5,8,3,1.090,263
8,6,0,0,0,9,6,2,1.833,295
30,14,0,0,0,15,8,2,3.530,295
18,0,0,0,0,13,5,3,2.564,262
13,9,0,0,0,9,5,2,2.009,296
4,0,0,0,0,2,3,1,0.457,327
2,2,0,0,0,2,3,2,0.456,296
3,1,0,0,0,3,4,2,0.620,296
10,0,0,0,0,9,5,3,1.742,264
13,4,0,0,0,4,7,2,1.096,295
12,6,0,0,0,6,7,2,1.433,296
1,1,0,0,0,2,4,2,0.408,296
10,5,0,0,0,6,6,2,1.374,296
4,2,0,0,0,3,4,2,0.668,296
9,5,0,0,0,4,7,2,1.018,296
5,4,0,0,0,2,4,1,0.578,327
5,4,0,0,0,4,4,1,0.902,327
5,4,0,0,0,6,5,2,1.229,296
11,0,0,0,0,4,4,1,0.952,327
16,7,0,0,0,8,7,2,1.891,296
5,4,0,0,0,4,4,2,0.905,296
11,7,0,0,0,6,6,2,1.440,296
21,9,0,0,0,11,7,2,2.524,295
5,4,0,0,0,5,7,3,1.067,264
3,2,0,0,0,3,4,1,0.644,328
3,3,0,0,0,3,4,1,0.668,328
3,3,0,0,0,3,4,2,0.668,296
1,1,0,0,0,5,3,2,0.898,295
8,4,0,0,0,5,5,1,1.139,327
14,11,0,0,0,10,7,2,2.262,295
4,2,0,0,0,3,4,1,0.668,327
3,3,0,0,0,3,4,2,0.667,296
4,4,0,0,0,5,7,2,1.042,295
5,6,0,0,0,5,12,3,1.116,263
2,3,0,0,0,2,5,2,0.481,296
2,3,0,0,0,2,4,1,0.481,328
1,1,0,0,0,1,3,1,0.245,329
2,2,0,0,0,3,4,2,0.620,296
20,7,0,0,0,6,7,1,1.659,327
22,6,0,0,0,9,8,2,2.166,295
9,4,0,0,0,5,5,1,1.158,327
4,2,0,0,0,3,4,1,0.668,327
3,3,0,0,0,3,6,2,0.668,296
14,9,0,0,0,10,7,2,2.194,295
11,7,0,0,0,7,6,2,1.610,296
11,4,0,0,0,9,7,2,1.861,295
3,2,0,0,0,2,7,2,0.481,296
5,3,0,0,0,3,5,1,0.647,328
21,6,0,0,0,8,7,2,1.990,296
12,0,0,0,0,5,7,2,1.138,295
2,2,0,0,0,2,3,1,0.458,328
21,11,0,0,0,13,9,2,2.896,295
5,3,0,0,0,3,4,1,0.625,328
13,9,0,0,0,7,5,1,1.683,327
20,7,0,0,0,6,7,1,1.643,327
17,6,0,0,0,6,7,1,1.549,327
4,3,0,0,0,3,6,2,0.694,296
4,5,0,0,0,4,4,1,0.905,327
10,4,0,0,0,4,6,2,1.025,296
24,12,0,0,0,15,7,2,3.344,295
5,1,0,0,0,5,4,3,0.999,264
3,1,0,0,0,2,4,1,0.456,328
3,0,0,0,0,4,3,1,0.761,327
11,8,0,0,0,7,5,2,1.631,296
7,5,0,0,0,5,6,2,1.139,295
8,0,0,0,0,6,5,2,1.202,295
16,6,0,0,0,5,6,1,1.374,327
6,3,0,0,0,6,4,2,1.230,295
10,6,0,0,0,6,6,2,1.393,296
5,0,0,0,0,2,3,1,0.482,327
15,9,0,0,0,13,9,3,2.715,264
5,4,0,0,0,4,5,2,0.904,296
48,15,0,0,0,14,12,2,3.823,295
8,5,0,0,0,5,6,2,1.117,296
16,5,0,0,0,4,7,1,1.193,327
4,2,0,0,0,3,4,2,0.669,296
2,3,0,0,0,3,5,2,0.644,296
15,5,0,0,0,5,7,1,1.335,327
11,5,0,0,0,7,6,1,1.554,327
4,5,0,0,0,4,5,1,0.815,328
10,6,0,0,0,8,7,2,1.721,296
7,0,0,0,0,10,5,3,1.832,264
3,2,0,0,0,2,3,1,0.482,328
5,3,0,0,0,3,4,1,0.719,327
20,6,0,0,0,5,7,1,1.478,327
3,2,0,0,0,2,3,1,0.482,327
15,4,0,0,0,6,6,2,1.475,295
7,3,0,0,0,5,4,2,1.090,294
4,3,0,0,0,2,4,1,0.530,327
3,3,0,0,0,2,4,1,0.504,328
4,3,0,0,0,3,4,1,0.695,327
6,0,0,0,0,7,5,2,1.322,295
18,8,0,0,0,9,6,2,2.123,294
17,6,0,0,0,6,7,2,1.568,296
2,2,0,0,0,2,3,1,0.457,328
7,4,0,0,0,4,4,1,0.950,327
13,9,0,0,0,9,6,2,2.028,296
2,2,0,0,0,2,4,2,0.456,296
5,4,0,0,0,2,4,1,0.577,327
7,0,0,0,0,6,4,2,1.180,295
5,3,0,0,0,1,4,1,0.390,327
8,1,0,0,0,6,4,2,1.230,295
2,2,0,0,0,1,3,1,0.293,328
2,1,0,0,0,2,4,1,0.433,328
24,15,0,0,0,16,6,2,3.554,295
9,5,0,0,0,6,6,2,1.347,296
5,0,0,0,0,6,4,3,1.138,264
3,2,0,0,0,2,4,1,0.482,328
16,7,0,0,0,4,7,2,1.224,296
13,7,0,0,0,8,8,2,1.804,295
8,4,0,0,0,4,5,1,0.976,327
9,4,0,0,0,2,4,1,0.675,327
6,6,0,0,0,5,13,4,1.139,231
8,0,0,0,0,3,4,2,0.718,295
10,4,0,0,0,4,6,1,1.025,327
14,9,0,0,0,8,5,2,1.873,296
19,9,0,0,0,8,7,2,1.994,295
9,5,0,0,0,5,5,1,1.186,327
44,12,0,0,0,11,10,2,3.175,295
2,3,0,0,0,2,4,1,0.481,328
4,3,0,0,0,4,5,1,0.857,327
18,9,0,0,0,9,8,2,2.131,295
19,7,0,0,0,8,7,1,1.946,326
5,0,0,0,0,3,4,2,0.644,296
4,3,0,0,0,4,6,2,0.857,296
1,0,0,0,0,2,2,1,0.336,327
6,6,0,0,0,7,10,4,1.465,231
22,11,0,0,0,10,9,2,2.441,295
4,4,0,0,0,3,4,1,0.718,328
8,3,0,0,0,4,5,1,0.952,327
4,2,0,0,0,3,4,1,0.669,327
18,10,0,0,0,7,7,1,1.846,327
1,1,0,0,0,2,3,2,0.408,296
16,6,0,0,0,8,8,2,1.849,295
9,0,0,0,0,6,4,2,1.233,295
4,3,0,0,0,3,4,1,0.695,327
3,2,0,0,0,3,5,2,0.644,295
4,3,0,0,0,3,4,1,0.695,327
23,8,0,0,0,7,8,2,1.908,296
8,6,0,0,0,5,5,1,1.187,327
7,0,0,0,0,6,4,3,1.182,263
26,14,0,0,0,14,7,2,3.245,295
11,8,0,0,0,9,7,2,1.949,296
3,2,0,0,0,3,4,1,0.643,327
25,0,0,0,0,38,6,4,6.784,230
6,0,0,0,0,5,4,2,0.997,295
2,0,0,0,0,2,3,1,0.408,328
19,6,0,0,0,6,7,1,1.607,327
13,4,0,0,0,14,5,3,2.707,263
3,3,0,0,0,3,5,2,0.669,296
23,10,0,0,0,10,8,2,2.441,296
3,0,0,0,0,4,3,1,0.665,327
11,0,0,0,0,10,5,2,1.929,294
3,3,0,0,0,2,4,1,0.503,328
9,6,0,0,0,4,7,2,1.048,296
6,0,0,0,0,5,4,2,0.997,295
2,1,0,0,0,2,3,2,0.433,296
2,1,0,0,0,2,3,2,0.433,296
8,0,0,0,0,7,4,3,1.369,263
3,3,0,0,0,2,4,1,0.504,328
1,1,0,0,0,2,3,1,0.408,328
4,3,0,0,0,2,4,1,0.530,328
3,2,0,0,0,3,4,1,0.643,327
5,4,0,0,0,4,6,1,0.904,327
3,4,0,0,0,4,5,2,0.860,296
9,4,0,0,0,4,6,2,0.996,296
11,0,0,0,0,4,5,2,0.953,295
9,3,0,0,0,4,5,1,0.977,327
38,20,0,0,0,12,9,2,3.188,295
5,4,0,0,0,4,4,1,0.904,327
5,4,0,0,0,4,4,2,0.901,296
9,5,0,0,0,4,5,1,1.017,327
9,0,0,0,0,2,4,1,0.577,327
21,6,0,0,0,6,8,1,1.646,327
2,0,0,0,0,3,3,2,0.572,296
22,6,0,0,0,7,7,1,1.851,327
1,1,0,0,0,2,3,2,0.408,296
1,0,0,0,0,2,2,2,0.384,296
7,0,0,0,0,7,4,2,1.344,295
4,3,0,0,0,3,4,1,0.694,327
12,7,0,0,0,8,7,2,1.784,295
9,0,0,0,0,8,5,2,1.553,295
21,0,0,0,0,42,6,4,7.340,229
23,11,0,0,0,11,7,2,2.620,295
18,8,0,0,0,5,7,1,1.472,327
3,4,0,0,0,3,4,1,0.694,328
14,9,0,0,0,8,5,1,1.892,327
14,9,0,0,0,8,5,1,1.889,327
19,0,0,0,0,7,7,2,1.627,295
21,7,0,0,0,7,7,1,1.846,326
6,0,0,0,0,9,4,3,1.647,263
5,4,0,0,0,2,4,1,0.577,327
4,0,0,0,0,1,3,1,0.293,328
2,1,0,0,0,1,3,1,0.268,328
4,3,0,0,0,8,4,1,1.509,327
8,4,0,0,0,4,6,1,0.978,327
3,2,0,0,0,2,4,1,0.481,328
10,6,0,0,0,11,6,2,2.208,295
3,3,0,0,0,3,5,2,0.670,296
4,4,0,0,0,3,4,2,0.717,296
5,3,0,0,0,4,5,2,0.883,296
7,0,0,0,0,8,5,2,1.507,295
9,6,0,0,0,6,6,2,1.371,296
17,8,0,0,0,11,8,2,2.408,295
3,0,0,0,0,3,3,2,0.596,296
30,12,0,0,0,13,8,2,3.145,295
6,0,0,0,0,5,4,2,0.996,295
1,2,0,0,0,1,3,1,0.268,328
4,3,0,0,0,4,6,2,0.858,296
12,7,0,0,0,4,5,1,1.137,327
12,7,0,0,0,7,6,2,1.620,296
20,9,0,0,0,8,7,2,2.016,296
5,3,0,0,0,6,8,3,1.204,263
27,14,0,0,0,11,7,1,2.797,326
13,5,0,0,0,5,5,1,1.279,327
4,3,0,0,0,4,5,2,0.859,296
3,0,0,0,0,4,3,2,0.760,296
15,7,0,0,0,4,7,1,1.202,327
11,0,0,0,0,10,5,3,1.928,263
67,0,0,0,0,38,14,5,7.763,198
1,0,0,0,0,6,4,3,1.039,263
31,17,0,0,0,15,7,2,3.600,295
3,3,0,0,0,3,4,1,0.669,327
24,9,0,0,0,11,8,2,2.599,296
10,5,0,0,0,6,5,1,1.372,327
28,10,0,0,0,13,8,2,3.062,296
2,2,0,0,0,3,4,1,0.622,327
19,11,0,0,0,11,7,2,2.525,295
5,3,0,0,0,3,4,2,0.717,296
5,4,0,0,0,5,8,3,1.067,264
1,1,0,0,0,5,3,2,0.898,295
8,7,0,0,0,6,7,2,1.374,295
4,0,0,0,0,4,4,2,0.783,295
13,6,0,0,0,4,6,1,1.131,327
14,0,0,0,0,17,5,3,3.122,262
2,1,0,0,0,3,4,2,0.597,296
15,4,0,0,0,8,6,2,1.791,296
12,10,0,0,0,13,6,3,2.664,262
3,4,0,0,0,5,5,2,1.019,296
8,5,0,0,0,6,6,1,1.327,327
6,2,0,0,0,3,5,1,0.717,327
10,0,0,0,0,5,4,2,1.091,296
5,1,0,0,0,3,4,2,0.669,296
23,9,0,0,0,5,7,1,1.603,327
12,6,0,0,0,5,5,1,1.278,327
12,9,0,0,0,8,5,2,1.826,296
2,1,0,0,0,3,3,2,0.597,296
2,1,0,0,0,2,3,1,0.432,328
4,1,0,0,0,5,6,3,0.971,264
22,10,0,0,0,11,9,2,2.581,295
5,3,0,0,0,3,4,1,0.717,327
2,2,0,0,0,1,3,1,0.221,327
5,2,0,0,0,4,5,2,0.858,296
2,2,0,0,0,2,3,2,0.457,296
32,16,0,0,0,9,7,2,2.616,296
18,5,0,0,0,6,7,1,1.551,327
25,8,0,0,0,7,8,2,1.954,296
10,9,0,0,0,9,6,2,1.949,295
2,0,0,0,0,3,3,1,0.572,328
4,4,0,0,0,3,4,1,0.717,327
9,2,0,0,0,8,7,3,1.606,263
33,13,0,0,0,14,9,2,3.390,295
2,2,0,0,0,2,4,2,0.457,296
3,3,0,0,0,4,6,2,0.833,296
17,5,0,0,0,5,6,1,1.364,327
4,0,0,0,0,3,3,2,0.622,296
3,0,0,0,0,4,3,1,0.665,327
3,3,0,0,0,5,4,1,0.999,327
4,2,0,0,0,2,4,1,0.503,328
9,9,0,0,0,8,7,2,1.772,295
3,0,0,0,0,4,3,2,0.759,295
7,6,0,0,0,8,17,6,1.652,166
2,1,0,0,0,3,4,1,0.549,327
2,2,0,0,0,2,4,2,0.456,296
2,1,0,0,0,2,3,1,0.433,328
22,8,0,0,0,7,7,2,1.878,296
5,0,0,0,0,5,4,2,0.972,295
11,5,0,0,0,8,6,2,1.714,296
14,4,0,0,0,5,7,2,1.282,296
19,0,0,0,0,6,7,2,1.473,295
5,5,0,0,0,5,5,2,1.091,296
3,3,0,0,0,2,4,1,0.504,327
1,0,0,0,0,2,2,1,0.384,328
15,4,0,0,0,4,7,2,1.145,296
10,6,0,0,0,6,6,2,1.391,296
14,5,0,0,0,7,7,2,1.622,296
9,0,0,0,0,6,4,2,1.230,295
10,0,0,0,0,5,6,2,1.090,296
23,8,0,0,0,8,7,2,2.074,296
6,5,0,0,0,5,6,2,1.117,296
5,2,0,0,0,6,4,1,1.181,327
4,0,0,0,0,1,3,1,0.293,328
12,6,0,0,0,5,5,1,1.273,327
3,5,0,0,0,3,5,2,0.718,296
2,3,0,0,0,2,4,1,0.482,328
5,3,0,0,0,3,4,1,0.718,327
5,4,0,0,0,7,9,4,1.392,231
6,0,0,0,0,5,4,2,0.998,295
17,7,0,0,0,6,7,1,1.573,327
3,4,0,0,0,3,5,1,0.693,327
11,6,0,0,0,6,6,2,1.415,296
10,6,0,0,0,6,6,2,1.388,296
3,2,1,0,0,4,5,2,0.633,296
20,6,0,0,0,7,7,1,1.778,327
11,5,0,0,0,4,6,2,1.073,296
3,2,0,0,0,2,4,1,0.481,328
16,8,0,0,0,5,8,1,1.410,327
3,2,0,0,0,4,4,2,0.808,296
9,4,0,0,0,4,5,1,1.001,327
12,5,0,0,0,8,6,1,1.748,327
4,3,0,0,0,8,4,1,1.508,327
7,4,0,0,0,4,4,1,0.953,327
7,7,0,0,0,8,17,6,1.670,165
6,0,0,0,0,9,5,3,1.647,262
13,5,0,0,0,8,5,1,1.764,327
5,5,0,0,0,5,4,2,1.089,296
1,0,0,0,0,1,2,1,0.220,328
13,9,0,0,0,8,7,1,1.850,327
5,4,0,0,0,4,4,2,0.904,296
5,0,0,0,0,4,4,2,0.808,296
17,10,0,0,0,11,10,3,2.454,263
10,7,0,0,0,6,5,1,1.414,327
6,5,0,0,0,6,6,2,1.278,295
14,0,0,0,0,9,5,2,1.831,295
13,6,0,0,0,5,6,2,1.296,296
6,5,0,0,0,4,4,1,0.952,327
19,6,0,0,0,6,7,1,1.615,327
2,3,0,0,0,2,4,1,0.481,328
5,0,0,0,0,10,4,4,1.787,231
17,7,0,0,0,7,6,2,1.755,296
5,3,0,0,0,3,4,2,0.718,296
1,2,0,0,0,1,3,1,0.268,328
5,0,0,0,0,3,4,2,0.644,296
3,3,0,0,0,3,4,2,0.669,296
17,7,0,0,0,4,8,1,1.249,327
5,3,0,0,0,5,5,2,1.042,295
6,4,0,0,0,3,5,1,0.768,328
14,4,0,0,0,6,7,2,1.437,296
20,7,0,0,0,7,7,1,1.807,327
2,2,0,0,0,3,3,2,0.620,296
7,3,0,0,0,3,5,1,0.766,327
12,7,0,0,0,4,5,1,1.137,327
27,15,0,0,0,17,7,2,3.816,295
5,0,0,0,0,6,4,2,1.135,295
3,2,0,0,0,4,4,2,0.807,296
20,8,0,0,0,10,9,2,2.321,295
5,5,0,0,0,5,4,2,1.090,295
13,3,0,0,0,3,6,1,0.906,327
2,3,0,0,0,3,5,2,0.645,296
5,0,0,0,0,4,4,2,0.808,296
6,5,0,0,0,4,5,1,0.951,327
12,9,0,0,0,10,5,2,2.165,295
11,7,0,0,0,7,6,1,1.615,327
9,0,0,0,0,6,5,3,1.231,263
11,6,0,0,0,7,6,2,1.581,296
8,7,0,0,0,8,5,2,1.693,295
11,3,0,0,0,5,7,2,1.187,296
4,3,0,0,0,4,5,2,0.858,296
26,0,0,0,0,37,6,4,6.640,229
39,17,0,0,0,21,9,2,4.757,294
2,0,0,0,0,3,3,2,0.572,296
13,9,0,0,0,9,6,2,2.033,295
4,3,0,0,0,2,4,1,0.528,328
4,5,0,0,0,4,6,2,0.902,296
4,0,0,0,0,4,4,3,0.783,263
2,1,0,0,0,3,3,1,0.548,327
5,3,0,0,0,2,4,1,0.554,327
14,9,0,0,0,8,5,1,1.873,327
10,2,0,0,0,3,4,1,0.815,327
30,9,0,0,0,8,9,2,2.274,295
10,0,0,0,0,3,5,2,0.766,296
16,7,0,0,0,5,8,1,1.386,327
11,6,0,0,0,6,5,2,1.412,296
10,7,0,0,0,6,6,2,1.419,296
4,0,0,0,0,4,4,3,0.783,264
9,4,0,0,0,4,6,2,1.002,296
2,0,0,0,0,3,3,1,0.500,327
8,5,0,0,0,4,5,1,0.997,327
13,0,0,0,0,12,5,3,2.310,263
6,0,0,0,0,5,4,3,0.999,263
4,2,0,0,0,3,4,2,0.669,296
8,7,0,0,0,8,5,2,1.694,295
7,5,0,0,0,3,5,1,0.815,327
20,6,0,0,0,4,7,1,1.296,327
4,2,0,0,0,5,4,2,0.996,295
6,2,0,0,0,3,4,1,0.717,328
7,6,0,0,0,10,7,2,1.979,295
6,2,0,0,0,3,4,1,0.717,327
6,5,0,0,0,4,4,1,0.952,327
21,9,0,0,0,8,8,2,2.044,296
8,4,0,0,0,6,6,1,1.297,327
4,3,0,0,0,3,4,2,0.693,296
4,0,0,0,0,3,3,2,0.621,296
15,8,0,0,0,8,10,3,1.888,264
4,1,0,0,0,2,3,1,0.482,327
14,9,0,0,0,8,5,1,1.896,327
4,5,0,0,0,4,5,2,0.903,296
14,12,0,0,0,7,7,2,1.781,295
8,5,0,0,0,6,7,1,1.328,327
4,0,0,0,0,3,4,2,0.621,295
2,0,0,0,0,2,3,1,0.408,328
1,2,0,0,0,2,3,1,0.432,328
8,0,0,0,0,5,4,2,1.043,296
8,4,0,0,0,8,6,2,1.623,295
5,3,0,0,0,3,6,2,0.718,296
9,0,0,0,0,6,4,2,1.231,295
2,2,0,0,0,1,3,1,0.293,328
3,0,0,0,0,2,3,2,0.432,296
9,6,0,0,0,6,7,2,1.372,296
5,3,0,0,0,4,7,2,0.881,296
19,6,0,0,0,6,9,2,1.609,295
7,5,0,0,0,5,5,2,1.139,296
1,2,0,0,0,1,3,1,0.268,328
5,6,0,0,0,6,13,5,1.279,198
4,5,0,0,0,4,4,1,0.904,327
13,8,0,0,0,7,6,1,1.672,327
11,0,0,0,0,20,5,3,3.542,262
3,3,0,0,0,3,4,2,0.668,295
23,8,0,0,0,6,7,1,1.737,326
7,6,0,0,0,6,5,2,1.320,295
16,9,0,0,0,9,7,2,2.090,296
13,5,0,0,0,5,5,1,1.269,327
17,7,0,0,0,6,7,1,1.572,327
5,3,0,0,0,5,4,2,1.043,295
3,2,0,0,0,4,5,2,0.806,296
4,3,0,0,0,4,4,2,0.859,296
3,2,0,0,0,3,4,1,0.599,328
8,6,0,0,0,5,5,2,1.187,296
18,4,0,0,0,6,7,1,1.529,327
11,7,0,0,0,9,5,2,1.931,296
4,6,0,0,0,4,5,2,0.926,296
10,7,0,0,0,6,5,1,1.416,327
17,6,0,0,0,5,7,1,1.387,327
5,3,0,0,0,6,12,5,1.205,198
5,0,0,0,0,5,4,2,0.972,295
7,0,0,0,0,4,4,2,0.857,296
4,0,0,0,0,3,3,2,0.620,295
20,8,0,0,0,7,7,1,1.848,327
2,2,0,0,0,3,4,2,0.621,296
10,5,0,0,0,4,5,1,1.047,327
4,1,0,0,0,4,6,3,0.809,263
1,2,0,0,0,2,3,2,0.407,296
2,2,0,0,0,2,3,1,0.457,328
3,1,0,0,0,3,3,2,0.620,296
3,4,0,0,0,4,6,2,0.858,296
20,11,0,0,0,8,7,1,2.078,326
19,10,0,0,0,5,7,1,1.528,327
3,4,0,0,0,4,5,2,0.858,296
16,5,0,0,0,6,7,2,1.504,296
6,5,0,0,0,4,7,2,0.951,295
4,1,0,0,0,2,3,1,0.434,328
9,3,0,0,0,3,5,1,0.813,327
11,6,0,0,0,5,6,2,1.247,296
13,5,0,0,0,5,5,2,1.282,296
4,4,0,0,0,2,4,1,0.554,328
7,6,0,0,0,7,7,2,1.488,296
9,8,0,0,0,10,5,2,2.059,295
3,4,0,0,0,2,4,1,0.528,327
2,2,0,0,0,2,4,2,0.457,296
7,4,0,0,0,4,5,2,0.952,296
11,6,0,0,0,8,6,2,1.750,296
9,2,0,0,0,2,5,1,0.626,327
5,2,0,0,0,4,4,2,0.859,296
6,6,0,0,0,6,5,2,1.303,295
10,4,0,0,0,7,6,2,1.438,296
3,2,0,0,0,2,5,2,0.481,296
4,4,0,0,0,4,8,3,0.881,263
3,3,0,0,0,3,4,1,0.669,327
10,0,0,0,0,8,5,3,1.582,263
1,0,0,0,0,0,1,0,0.050,360
23,8,0,0,0,6,7,2,1.759,296
8,5,0,0,0,4,5,1,1.000,327
2,0,0,0,0,3,3,2,0.572,296
4,3,0,0,0,3,4,2,0.694,296
8,5,0,0,0,6,5,2,1.322,296
10,6,0,0,0,7,7,2,1.555,296
4,3,0,0,0,4,4,2,0.859,296
33,0,0,0,0,14,7,2,3.109,295
6,4,0,0,0,4,6,2,0.927,296
2,2,0,0,0,5,5,1,0.922,327
9,4,0,0,0,7,6,2,1.486,296
22,12,0,0,0,13,6,2,2.955,295
2,2,0,0,0,1,4,1,0.293,328
2,1,0,0,0,2,3,1,0.408,328
17,6,0,0,0,6,7,1,1.547,327
8,0,0,0,0,5,6,2,1.043,296
6,0,0,0,0,10,5,2,1.809,295
3,0,0,0,0,4,4,2,0.759,296
7,1,0,0,0,3,4,2,0.717,296
8,5,0,0,0,5,7,2,1.157,296
10,8,0,0,0,10,7,2,2.089,295
7,4,0,0,0,5,5,1,1.115,327
4,3,0,0,0,4,5,1,0.861,327
27,9,0,0,0,7,8,1,2.039,326
4,5,0,0,0,7,8,4,1.392,231
16,10,0,0,0,9,6,2,2.104,296
21,7,0,0,0,8,8,1,1.996,327
6,4,0,0,0,3,4,2,0.762,296
40,10,0,0,0,9,10,1,2.700,326
16,10,0,0,0,3,6,1,1.148,327
16,6,0,0,0,5,7,1,1.367,327
7,2,0,0,0,6,5,2,1.230,296
10,0,0,0,0,7,5,2,1.417,295
55,24,0,0,0,26,10,3,6.132,263
5,2,0,0,0,2,4,1,0.529,327
4,1,0,0,0,2,3,1,0.482,328
6,4,0,0,0,2,4,1,0.602,328
8,5,0,0,0,5,5,1,1.161,327
7,4,0,0,0,6,5,2,1.277,295
5,2,0,0,0,3,4,1,0.694,327
17,0,0,0,0,3,6,1,0.933,327
6,4,0,0,0,5,4,2,1.091,296
6,3,0,0,0,5,5,1,1.066,327
4,2,0,0,0,1,3,1,0.341,327
2,1,0,0,0,3,3,1,0.477,327
3,2,0,0,0,3,4,2,0.643,296
13,5,0,0,0,5,6,1,1.270,327
3,0,0,0,0,4,3,3,0.759,264
33,0,0,0,0,16,7,3,3.402,262
7,0,0,0,0,6,5,3,1.180,264
9,5,0,0,0,5,7,2,1.187,296
10,6,0,0,0,6,5,1,1.390,327
7,2,0,0,0,6,4,2,1.230,295
5,5,0,0,0,5,7,2,1.090,295
5,4,0,0,0,6,4,1,1.231,327
12,6,0,0,0,6,5,1,1.442,327
8,4,0,0,0,4,5,1,0.978,327
3,0,0,0,0,2,3,2,0.433,296
17,6,0,0,0,6,6,2,1.569,296
13,9,0,0,0,7,6,2,1.689,296
12,5,0,0,0,4,5,1,1.094,327
3,2,0,0,0,2,3,2,0.481,296
4,4,0,0,0,6,6,2,1.206,295
6,5,0,0,0,4,4,1,0.952,327
2,2,0,0,0,3,3,2,0.621,296
9,0,0,0,0,5,6,2,1.068,295
5,0,0,0,0,4,4,2,0.809,296
16,0,0,0,0,6,7,2,1.387,295
11,4,0,0,0,6,6,2,1.373,296
4,2,0,0,0,4,7,3,0.832,264
14,5,0,0,0,7,8,2,1.620,296
10,5,0,0,0,5,6,1,1.209,327
14,5,0,0,0,7,7,1,1.631,327
24,7,0,0,0,9,7,2,2.229,296
26,0,0,0,0,37,6,4,6.636,229
7,0,0,0,0,9,5,3,1.671,263
10,4,0,0,0,6,5,1,1.347,327
3,2,0,0,0,3,4,2,0.644,296
6,0,0,0,0,11,5,3,1.971,262
5,2,0,0,0,1,4,1,0.364,328
5,5,0,0,0,5,4,2,1.089,296
3,2,0,0,0,3,4,1,0.645,327
8,0,0,0,0,8,5,2,1.531,295
20,7,0,0,0,7,7,2,1.808,296
11,9,0,0,0,9,7,2,1.962,295
9,0,0,0,0,6,4,2,1.228,295
7,0,0,0,0,4,4,2,0.859,295
13,9,0,0,0,9,6,2,2.014,295
4,0,0,0,0,4,4,2,0.784,296
17,11,0,0,0,11,6,2,2.495,296
13,5,0,0,0,5,5,1,1.286,327
8,3,0,0,0,5,5,2,1.114,296
9,2,0,0,0,10,9,4,1.929,231
4,3,0,0,0,4,4,1,0.858,327
15,0,0,0,0,8,6,2,1.697,295
3,0,0,0,0,3,3,2,0.597,296
5,5,0,0,0,7,14,5,1.416,199
17,5,0,0,0,7,7,1,1.688,327
6,0,0,0,0,9,4,3,1.646,263
3,2,0,0,0,2,3,1,0.387,328
6,6,0,0,0,7,7,3,1.463,263
4,2,0,0,0,3,4,2,0.668,296
2,2,0,0,0,2,4,2,0.457,296
16,6,0,0,0,4,6,1,1.205,327
22,7,0,0,0,8,7,1,2.017,326
6,5,0,0,0,4,4,1,0.953,327
6,5,0,0,0,6,8,3,1.276,263
7,8,0,0,0,9,7,3,1.858,263
2,2,0,0,0,3,3,1,0.621,327
3,2,0,0,0,4,5,2,0.808,296
12,8,0,0,0,7,6,2,1.653,296
4,3,0,0,0,2,4,1,0.530,327
1,1,0,0,0,1,2,1,0.197,328
27,12,0,0,0,18,11,3,3.869,263
12,7,0,0,0,7,5,1,1.630,327
7,0,0,0,0,8,4,3,1.507,264
5,4,0,0,0,4,4,1,0.906,327
9,6,0,0,0,7,5,2,1.535,296
6,6,0,0,0,7,11,4,1.464,231
5,4,0,0,0,4,4,1,0.903,327
2,1,0,0,0,2,3,2,0.432,296
2,1,0,0,0,3,3,1,0.549,327
5,0,0,0,0,6,4,2,1.137,295
1,2,0,0,0,2,3,2,0.433,296
5,4,0,0,0,4,4,1,0.904,327
3,2,0,0,0,3,5,2,0.643,296
19,6,0,0,0,6,7,1,1.611,327
2,1,0,0,0,3,4,2,0.597,296
4,0,0,0,0,3,3,2,0.621,296
9,9,0,0,0,5,5,1,1.276,327
22,13,0,0,0,11,8,2,2.643,295
12,9,0,0,0,11,10,3,2.316,263
3,2,0,0,0,3,4,2,0.643,296
25,10,0,0,0,8,8,2,2.166,296
12,7,0,0,0,7,5,1,1.629,327
3,4,0,0,0,3,4,2,0.694,296
13,5,0,0,0,5,5,1,1.276,327
18,6,0,0,0,10,7,2,2.228,295
2,3,0,0,0,3,5,1,0.478,327
20,6,0,0,0,5,7,1,1.475,327
18,8,0,0,0,8,7,2,1.948,296
31,10,0,0,0,10,7,2,2.645,296
10,4,0,0,0,5,6,2,1.187,296
13,9,0,0,0,9,5,2,2.015,296
1,1,0,0,0,2,3,1,0.385,328
5,4,0,0,0,6,6,2,1.231,296
3,1,0,0,0,3,4,2,0.621,296
9,8,0,0,0,10,5,2,2.066,295
2,2,0,0,0,2,4,2,0.457,296
2,1,0,0,0,2,3,2,0.432,296
3,2,0,0,0,2,3,1,0.481,327
21,0,0,0,0,42,6,4,7.334,229
14,9,0,0,0,8,5,1,1.874,327
11,4,0,0,0,12,5,3,2.347,263
16,6,0,0,0,5,6,1,1.379,327
9,7,0,0,0,7,5,2,1.553,296
15,6,0,0,0,6,6,1,1.501,327
5,4,0,0,0,3,4,2,0.743,296
10,3,0,0,3,7,6,1,1.490,327
7,3,0,0,0,4,6,2,0.928,296
10,5,0,0,0,7,6,2,1.526,296
8,7,0,0,0,5,6,2,1.208,296
18,8,0,0,0,4,8,2,1.294,296
2,0,0,0,0,2,4,2,0.407,296
6,4,0,0,0,5,4,2,1.092,295
4,3,0,0,0,2,4,1,0.528,327
4,1,0,0,0,3,4,2,0.644,295
20,6,0,0,0,9,7,2,2.123,295
10,0,0,0,0,5,4,2,1.090,295
4,0,0,0,0,3,3,2,0.620,296
22,7,0,0,0,6,8,1,1.709,327
5,5,0,0,0,6,7,2,1.254,295
8,6,0,0,0,6,5,2,1.351,296
10,8,0,0,0,8,7,2,1.769,296
8,5,0,0,0,8,5,2,1.647,295
5,1,0,0,0,6,5,3,1.160,264
5,0,0,0,0,2,4,2,0.482,296
7,4,0,0,0,8,5,3,1.603,263
11,6,0,0,0,5,7,2,1.247,296
18,10,0,0,0,8,7,2,1.993,296
4,0,0,0,0,3,4,2,0.620,296
4,3,0,0,0,5,7,3,1.020,263
3,4,0,0,0,3,5,1,0.694,327
34,0,0,0,0,29,6,5,5.525,198
2,2,0,0,0,2,5,2,0.457,296
31,10,0,0,0,7,8,2,2.141,296
15,7,0,0,0,6,7,1,1.528,327
4,0,0,0,0,3,4,2,0.621,295
3,2,0,0,0,2,5,2,0.481,296
4,4,0,0,0,4,6,2,0.881,296
6,4,0,0,0,5,4,2,1.090,296
1,0,0,0,0,2,2,1,0.384,328
3,2,0,0,0,2,4,1,0.481,328
10,5,0,0,0,4,6,1,1.049,327
16,7,0,0,0,6,6,2,1.550,296
27,12,0,0,0,17,12,3,3.726,262
2,2,0,0,0,3,4,1,0.620,327
4,2,0,0,0,3,4,2,0.669,296
9,5,0,0,0,3,6,1,0.861,327
3,4,0,0,0,3,5,2,0.694,296
9,6,0,0,0,7,7,1,1.527,327
12,0,0,0,0,5,7,2,1.138,295
16,5,0,0,0,6,8,2,1.503,296
6,4,0,0,0,5,4,2,1.091,295
4,3,0,0,0,3,4,2,0.694,296
4,3,0,0,0,6,5,2,1.181,296
4,3,0,0,0,3,6,2,0.694,296
24,12,0,0,0,8,8,2,2.196,295
2,2,0,0,0,3,5,2,0.621,296
8,4,0,0,0,3,5,1,0.814,327
3,2,0,0,0,4,4,1,0.809,327
11,10,0,0,0,10,5,2,2.151,294
13,9,0,0,0,9,5,2,2.012,296
21,11,0,0,0,11,7,2,2.581,295
10,5,0,0,0,6,6,1,1.372,327
8,0,0,0,0,7,4,2,1.369,295
11,0,0,0,0,4,4,2,0.951,296
6,5,0,0,0,4,4,1,0.952,327
6,5,0,0,0,4,5,1,0.953,327
12,7,0,0,0,8,6,1,1.790,327
6,5,0,0,0,7,11,4,1.442,231
12,0,0,0,0,7,5,2,1.464,295
8,4,0,0,0,3,5,1,0.814,327
6,5,0,0,0,6,5,2,1.277,296
17,7,0,0,0,6,7,1,1.573,327
6,5,0,0,0,4,4,1,0.953,327
19,7,0,0,0,4,7,2,1.294,296
3,0,0,0,0,4,3,3,0.759,264
4,3,0,0,0,3,4,1,0.695,327
3,2,0,0,0,2,3,1,0.386,327
8,7,0,0,0,6,5,2,1.375,296
4,0,0,0,0,4,4,2,0.783,296
4,3,0,0,0,2,5,1,0.529,327
19,10,0,0,0,3,6,1,1.203,327
26,12,0,0,0,9,7,2,2.410,296
5,3,0,0,0,2,5,1,0.530,327
9,7,0,0,0,7,5,2,1.557,296
10,5,0,0,0,4,6,1,1.049,327
12,5,0,0,0,6,6,2,1.411,296
9,6,0,0,0,6,5,2,1.373,296
3,3,0,0,0,4,4,2,0.831,295
4,3,0,0,0,4,4,1,0.859,328
13,9,0,0,0,9,5,2,2.034,296
3,3,0,0,0,2,4,1,0.504,328
2,2,0,0,0,2,3,1,0.458,328
20,10,0,0,0,8,8,2,2.042,296
19,7,0,0,0,7,7,1,1.782,327
1,3,0,0,0,1,3,1,0.293,328
3,3,0,0,0,2,6,2,0.505,296
3,0,0,0,0,2,3,2,0.433,296
5,4,0,0,0,4,4,1,0.904,327
10,5,0,0,0,5,5,2,1.207,296
5,0,0,0,0,2,4,1,0.482,328
6,2,0,0,0,2,4,1,0.554,327
8,0,0,0,0,7,5,2,1.369,295
18,0,0,0,0,19,6,4,3.547,231
14,5,0,0,0,4,6,1,1.130,327
10,5,0,0,0,4,6,2,1.049,296
3,2,0,0,0,3,4,2,0.643,296
9,6,0,0,0,4,6,2,1.044,296
21,8,0,0,0,6,8,2,1.712,295
3,2,0,0,0,3,4,2,0.644,296
6,0,0,0,0,7,4,3,1.320,263
29,9,0,0,0,7,9,2,2.084,296
5,0,0,0,0,4,4,2,0.808,295
26,14,0,0,0,15,6,2,3.425,295
6,5,0,0,0,4,4,1,0.953,327
4,4,0,0,0,5,7,2,1.043,295
4,4,0,0,0,3,4,1,0.718,327
10,5,0,0,0,7,7,2,1.526,296
11,4,0,0,0,4,5,1,1.048,327
5,2,0,0,0,3,5,2,0.693,296
11,4,0,0,0,5,5,1,1.209,327
3,3,0,0,0,4,6,3,0.833,264
24,9,0,0,0,8,7,2,2.109,296
19,6,0,0,0,5,8,1,1.445,327
10,6,0,0,0,5,6,1,1.234,327
9,5,0,0,0,5,7,2,1.187,296
2,2,0,0,0,1,3,1,0.293,328
5,4,0,0,0,4,4,2,0.905,296
7,4,0,0,0,3,5,2,0.788,296
5,3,0,0,0,5,6,2,1.042,295
3,0,0,0,0,2,3,1,0.433,328
15,11,0,0,0,10,8,2,2.273,295
10,5,0,0,0,4,6,1,1.049,327
6,4,0,0,0,3,4,2,0.763,296
9,4,0,0,0,7,6,2,1.488,296
9,4,0,0,0,4,5,1,0.998,327
3,2,0,0,0,2,3,1,0.481,328
1,1,0,0,0,2,3,2,0.408,296
3,3,0,0,0,2,5,2,0.504,296
24,9,0,0,0,9,8,2,2.270,296
10,5,0,0,0,5,5,2,1.207,296
20,7,0,0,0,9,7,2,2.135,296
4,5,0,0,0,5,11,4,1.066,231
5,2,0,0,0,3,4,1,0.693,327
9,0,0,0,0,6,5,2,1.232,295
25,13,0,0,0,17,7,2,3.690,295
4,3,0,0,0,4,4,1,0.857,327
2,2,0,0,0,2,3,1,0.433,328
12,3,0,0,0,4,5,1,1.049,327
2,2,0,0,0,2,4,2,0.457,296
9,4,0,0,0,5,5,1,1.157,327
6,4,0,0,0,6,5,2,1.253,296
4,0,0,0,0,4,4,2,0.782,295
20,10,0,0,0,8,8,1,2.046,326
1,2,0,0,0,2,3,1,0.433,328
14,6,0,0,0,5,6,1,1.333,327
2,1,0,0,0,2,4,2,0.432,296
16,7,0,0,0,9,6,2,2.037,296
4,3,0,0,0,4,5,2,0.858,296
2,3,0,0,0,3,4,2,0.644,296
18,8,0,0,0,7,6,2,1.781,296
15,6,0,0,0,5,6,1,1.345,327
22,10,0,0,0,9,7,2,2.242,296
7,8,0,0,0,9,15,5,1.861,199
2,2,0,0,0,1,3,1,0.293,328
7,4,0,0,0,6,5,1,1.278,327
10,5,0,0,0,8,6,2,1.696,296
7,9,0,0,0,7,13,4,1.557,231
9,0,0,0,0,6,4,2,1.233,295
6,5,0,0,0,4,5,1,0.953,327
4,2,0,0,0,2,4,1,0.504,327
5,4,0,0,0,6,4,2,1.230,295
1,2,0,0,0,3,3,1,0.597,328
2,1,0,0,0,2,3,2,0.432,296
23,8,0,0,0,9,7,1,2.230,327
3,3,0,0,0,3,4,1,0.668,327
19,6,0,0,0,4,6,1,1.270,327
3,2,0,0,0,2,4,1,0.482,328
12,4,0,0,0,5,6,2,1.235,296
2,2,0,0,0,2,3,1,0.458,328
5,2,0,0,0,2,4,1,0.529,327
4,3,0,0,0,2,4,1,0.528,328
4,0,0,0,0,7,4,2,1.274,295
8,4,0,0,0,3,5,2,0.812,295
11,6,0,0,0,10,5,1,2.072,327
17,0,0,0,0,8,5,3,1.751,263
3,1,0,0,0,3,4,1,0.622,328
7,4,0,0,0,4,5,1,0.952,327
5,0,0,0,0,4,4,2,0.808,295
8,4,0,0,0,5,5,1,1.139,327
7,0,0,0,0,4,4,2,0.857,296
9,4,0,0,0,5,6,2,1.157,296
5,3,0,0,0,3,4,1,0.717,328
25,0,0,0,0,38,6,3,6.788,261
4,1,0,0,0,3,4,1,0.644,328
7,0,0,0,0,8,4,3,1.508,263
5,2,0,0,0,4,4,2,0.857,296
8,2,0,0,0,2,5,1,0.603,328
17,7,0,0,0,4,6,1,1.251,327
24,8,0,0,0,8,7,2,2.092,296
4,3,0,0,0,4,4,2,0.857,296
15,7,0,0,0,11,7,2,2.338,295
5,4,0,0,0,4,4,2,0.904,296
14,6,0,0,0,9,6,2,1.982,295
4,4,0,0,0,4,5,2,0.881,295
3,4,0,0,0,4,6,2,0.858,295
1,1,0,0,0,2,3,2,0.408,296
2,2,0,0,0,2,4,1,0.457,328
2,4,0,0,0,2,4,1,0.504,328
24,17,0,0,0,12,7,2,2.948,296
3,3,0,0,0,4,4,2,0.833,296
10,0,0,0,0,13,5,3,2.390,263
6,0,0,0,0,9,5,2,1.649,295
2,1,0,0,0,2,4,1,0.433,328
5,2,0,0,0,3,4,1,0.693,327
22,10,0,0,0,9,7,2,2.250,296
6,3,0,0,0,3,4,1,0.743,327
6,0,0,0,0,9,4,2,1.648,295
1,1,0,0,0,1,2,1,0.245,328
9,6,0,0,0,5,6,2,1.201,296
3,2,0,0,0,4,4,1,0.808,328
19,9,0,0,0,5,7,1,1.506,327
6,4,0,0,0,5,6,2,1.090,295
7,4,0,0,0,4,5,1,0.952,327
5,5,0,0,0,6,9,3,1.253,263
8,6,0,0,0,8,6,2,1.667,296
11,10,0,0,0,10,5,2,2.154,295
6,4,0,0,0,6,5,2,1.255,295
1,2,0,0,0,2,3,2,0.433,296
16,6,0,0,0,5,6,1,1.381,327
3,1,0,0,0,3,3,2,0.621,296
16,6,0,0,0,5,7,1,1.363,327
3,1,0,0,0,3,3,2,0.621,296
3,1,0,0,0,2,4,2,0.457,296
7,4,0,0,0,4,4,1,0.954,327
10,4,0,0,0,3,7,1,0.861,327
6,3,0,0,0,2,5,1,0.530,328
8,4,0,0,0,6,5,1,1.298,327
13,8,0,0,0,10,8,2,2.150,295
8,5,0,0,0,5,5,1,1.163,327
6,0,0,0,0,9,4,4,1.645,231
13,6,0,0,0,5,6,1,1.306,327
6,5,0,0,0,4,4,1,0.952,327
4,4,0,0,0,4,6,2,0.881,296
4,4,0,0,0,4,6,2,0.882,296
13,9,0,0,0,9,6,2,2.029,296
15,6,0,0,0,7,7,1,1.666,327
1,2,0,0,0,2,3,1,0.433,328
22,0,0,0,0,41,6,5,7.210,198
2,2,0,0,0,2,3,1,0.457,328
3,2,0,0,0,3,4,2,0.644,296
4,4,0,0,0,4,6,2,0.882,296
2,2,0,0,0,3,4,2,0.621,295
6,0,0,0,0,4,5,2,0.833,295
8,4,0,0,0,3,6,1,0.814,327
15,3,0,0,0,4,6,1,1.110,327
16,3,0,0,0,8,7,1,1.782,327
6,0,0,0,0,5,4,2,0.997,295
3,2,0,0,0,4,4,3,0.807,263
3,2,0,0,0,2,4,2,0.481,296
17,7,0,0,0,6,6,1,1.573,327
21,16,0,0,0,26,6,4,5.118,230
4,3,0,0,0,8,4,1,1.509,327
19,7,0,0,0,4,7,1,1.295,327
20,10,0,0,0,9,7,2,2.217,296
5,3,0,0,0,3,4,2,0.717,296
13,5,0,0,0,4,6,1,1.107,327
5,0,0,0,0,3,4,2,0.644,296
2,3,0,0,0,3,5,2,0.644,296
10,5,0,0,0,4,5,1,1.045,327
14,6,0,0,0,6,7,2,1.486,296
8,0,0,0,0,5,5,2,1.044,295
1,1,0,0,0,2,3,1,0.408,328
27,8,0,0,0,8,8,2,2.177,296
16,5,0,0,0,4,6,1,1.193,327
5,3,0,0,0,4,6,2,0.880,296
18,6,0,0,0,5,6,1,1.410,327
17,9,0,0,0,8,9,2,1.950,295
24,10,0,0,0,6,8,2,1.813,296
21,20,0,0,0,22,6,3,4.551,262
6,5,0,0,0,4,4,1,0.952,327
5,3,0,0,0,3,4,1,0.719,327
8,3,0,0,0,6,6,2,1.279,296
4,4,0,0,0,3,4,2,0.716,296
8,6,0,0,0,5,5,1,1.187,327
7,3,0,0,0,4,5,1,0.927,327
5,0,0,0,0,5,5,2,0.973,295
3,2,0,0,0,2,4,1,0.482,328
3,0,0,0,0,5,4,3,0.921,263
4,3,0,0,0,4,5,2,0.859,296
6,7,0,0,0,4,5,1,1.001,327
14,6,0,0,0,7,6,2,1.657,296
6,5,0,0,0,4,4,1,0.953,327
6,4,0,0,0,5,4,2,1.087,296
3,1,0,0,0,4,4,2,0.783,296
11,5,0,0,0,5,6,1,1.232,327
1,2,0,0,0,1,3,1,0.268,328
10,0,0,0,0,7,6,3,1.415,263
9,7,0,0,0,7,7,2,1.556,296
2,3,0,0,0,2,4,2,0.458,296
8,3,0,0,0,8,6,3,1.604,264
10,5,0,0,0,6,7,2,1.375,296
12,6,0,0,0,5,5,1,1.276,327
33,17,0,0,0,13,8,2,3.316,295
4,0,0,0,0,5,4,3,0.947,264
6,0,0,0,0,3,4,2,0.669,296
9,0,0,0,0,11,6,3,2.037,264
2,2,0,0,0,3,4,2,0.622,296
4,3,0,0,0,4,4,1,0.858,327
3,2,0,0,0,4,4,3,0.807,264
16,6,0,0,0,4,7,1,1.199,327
3,0,0,0,0,4,3,2,0.760,296
6,5,0,0,0,4,5,1,0.952,327
4,4,0,0,0,5,8,3,1.041,263
5,4,0,0,0,2,4,1,0.577,328
4,0,0,0,0,3,4,2,0.621,296
8,4,0,0,0,5,5,2,1.139,296
1,2,0,0,0,2,3,1,0.433,328
20,9,0,0,0,10,7,2,2.359,296
4,0,0,0,0,4,5,2,0.783,296
28,14,0,0,0,13,7,2,3.147,295
15,6,0,0,0,6,6,1,1.505,327
8,7,0,0,0,7,7,2,1.526,295
5,0,0,0,0,4,4,2,0.806,296
6,5,0,0,0,2,4,1,0.626,327
5,3,0,0,0,3,4,1,0.718,327
3,3,0,0,0,4,5,2,0.832,296
7,4,0,0,0,4,5,1,0.951,327
3,2,0,0,0,2,4,1,0.481,328
7,4,0,0,0,6,6,2,1.278,296
16,6,0,0,0,5,7,1,1.380,327
11,0,0,0,0,9,5,2,1.765,295
6,5,0,0,0,4,5,1,0.952,327
6,4,0,0,0,3,4,2,0.765,296
19,7,0,0,0,7,8,1,1.780,327
3,2,0,0,0,4,4,3,0.807,264
12,11,0,0,0,12,7,2,2.521,295
15,6,0,0,0,6,6,2,1.514,296
3,1,0,0,0,3,4,2,0.620,296
3,2,0,0,0,2,3,1,0.481,327
14,8,0,0,0,5,6,2,1.377,296
5,4,0,0,0,3,4,1,0.742,327
16,7,0,0,0,6,7,2,1.549,296
4,3,0,0,0,4,4,2,0.860,296
6,5,0,0,0,6,11,4,1.279,231
36,26,0,0,0,27,10,3,5.878,263
8,4,0,0,0,3,5,1,0.814,327
5,4,0,0,0,6,4,3,1.232,264
6,0,0,0,0,9,4,3,1.647,263
4,3,0,0,0,5,8,3,1.021,263
2,2,0,0,0,2,3,2,0.457,296
15,6,0,0,0,6,7,1,1.504,327
11,6,0,0,0,4,5,1,1.092,327
11,0,0,0,0,9,5,2,1.763,295
14,6,0,0,0,5,6,1,1.329,327
3,0,0,0,0,3,4,2,0.596,296
6,7,0,0,0,6,5,2,1.328,295
3,2,0,0,0,4,5,2,0.807,296
5,2,0,0,0,2,4,1,0.529,327
3,3,0,0,0,2,4,1,0.504,328
4,3,0,0,0,2,4,1,0.529,328
1,1,0,0,0,2,3,2,0.408,296
12,8,0,0,0,7,6,2,1.656,295
7,4,0,0,0,4,4,1,0.951,327
2,2,0,0,0,3,4,2,0.621,296
13,9,0,0,0,9,5,2,2.026,296
2,1,0,0,0,2,3,1,0.432,328
5,4,0,0,0,4,5,2,0.904,296
18,5,0,0,0,4,9,1,1.229,327
11,0,0,0,0,4,5,2,0.952,296
4,4,0,0,0,3,4,1,0.718,327
16,7,0,0,0,7,6,2,1.714,296
3,3,0,0,0,3,4,1,0.669,327
8,0,0,0,0,15,5,2,2.659,294
6,0,0,0,0,9,4,3,1.647,263
6,3,0,0,0,4,6,2,0.902,295
8,0,0,0,0,7,4,2,1.370,295
2,2,0,0,0,3,4,2,0.622,295
8,0,0,0,0,7,4,3,1.369,263
10,0,0,0,0,9,5,3,1.744,264
5,4,0,0,0,4,4,2,0.902,296
8,6,0,0,0,5,5,1,1.187,327
16,6,0,0,0,6,6,1,1.528,327
16,5,0,0,0,6,7,1,1.504,327
28,12,0,0,0,9,7,2,2.432,296
4,3,0,0,0,2,4,1,0.529,327
2,1,0,0,0,4,3,1,0.760,327
4,3,0,0,0,4,4,1,0.762,327
4,1,0,0,0,4,6,3,0.810,264
23,8,0,0,0,9,8,2,2.231,296
18,9,0,0,0,4,5,1,1.334,326
6,4,0,0,0,4,4,1,0.928,327
21,5,0,0,0,5,7,1,1.476,327
4,1,0,0,0,3,4,1,0.644,327
25,9,0,0,0,11,7,2,2.618,296
10,7,0,0,0,6,5,1,1.417,327
6,4,0,0,0,3,5,1,0.766,327
10,6,0,0,0,6,6,2,1.390,296
3,2,0,0,0,3,4,1,0.644,328
11,6,0,0,0,8,5,1,1.748,327
3,2,0,0,0,2,4,1,0.480,328
5,4,0,0,0,4,5,2,0.902,296
4,2,0,0,0,5,7,3,0.999,264
2,2,0,0,0,3,4,1,0.620,328
5,4,0,0,0,6,4,1,1.230,327
9,0,0,0,0,6,4,2,1.230,295
5,4,0,0,0,4,5,2,0.903,296
10,0,0,0,0,7,5,3,1.416,264
25,7,0,0,0,8,8,1,2.099,327
4,3,0,0,0,3,5,2,0.693,296
13,0,0,0,0,2,4,1,0.674,327
10,4,0,0,0,5,6,2,1.188,296
8,1,0,0,0,10,5,3,1.883,263
4,3,0,0,0,4,4,2,0.859,296
7,5,0,0,0,6,6,2,1.304,296
4,3,0,0,0,2,4,1,0.530,328
5,0,0,0,0,4,4,3,0.807,264
8,2,0,0,0,9,5,3,1.742,264
10,6,0,0,0,6,7,2,1.391,296
3,3,0,0,0,3,5,2,0.670,296
19,6,0,0,0,5,7,1,1.435,327
17,6,0,0,0,5,6,1,1.389,327
9,5,0,0,0,4,5,1,1.020,327
7,6,0,0,0,8,14,5,1.651,199
8,4,0,0,0,4,5,1,0.978,327
6,3,0,0,0,4,4,1,0.903,327
6,0,0,0,0,5,4,3,0.998,263
5,4,0,0,0,3,4,1,0.742,327
20,12,0,0,0,12,8,2,2.749,295
7,0,0,0,0,12,5,3,2.160,264
2,2,0,0,0,3,3,1,0.572,327
3,3,0,0,0,3,4,2,0.670,296
13,10,0,0,0,8,5,2,1.875,296
20,7,0,0,0,5,7,1,1.477,327
4,3,0,0,0,4,4,2,0.857,295
2,3,0,0,0,3,5,1,0.644,327
4,4,0,0,0,6,6,2,1.204,295
4,0,0,0,0,3,3,2,0.622,295
3,1,0,0,0,3,3,2,0.621,296
15,7,0,0,0,8,7,2,1.850,296
4,5,0,0,0,5,8,3,1.065,264
2,2,0,0,0,1,3,1,0.294,329
6,5,0,0,0,4,4,1,0.950,327
8,2,0,0,0,2,5,1,0.603,327
6,2,0,0,0,3,4,1,0.718,327
1,1,1,0,0,2,3,2,0.245,327
1,1,0,0,0,3,3,1,0.572,327
4,4,0,0,0,3,4,1,0.718,327
25,15,0,0,0,15,7,2,3.427,296
7,6,0,0,0,6,5,2,1.327,296
39,15,0,0,0,14,7,2,3.575,295
6,3,0,0,0,6,7,3,1.231,264
4,2,0,0,0,1,3,1,0.342,327
22,20,0,0,0,21,7,2,4.425,295
3,2,0,0,0,2,4,1,0.481,327
5,3,0,0,0,3,4,1,0.718,327
8,3,0,0,0,6,5,1,1.279,327
1,1,0,0,0,1,2,1,0.245,328
9,5,0,0,0,5,5,1,1.188,327
9,5,0,0,0,6,5,1,1.347,327
16,7,0,0,0,4,8,1,1.224,327
10,7,0,0,0,9,6,2,1.908,296
4,2,0,0,0,3,4,2,0.669,296
17,6,0,0,0,5,6,1,1.386,327
3,2,0,0,0,3,5,2,0.644,296
10,11,0,0,0,10,5,2,2.147,295
6,3,0,0,0,6,5,3,1.231,264
10,6,0,0,0,8,7,2,1.720,295
12,9,0,0,0,8,7,2,1.824,295
12,5,0,0,0,4,6,1,1.095,327
4,2,0,0,0,3,4,1,0.668,327
7,0,0,0,0,6,5,3,1.182,263
2,1,0,0,0,2,4,1,0.433,328
24,9,0,0,0,9,8,1,2.268,326
4,0,0,0,0,5,5,3,0.944,263
5,0,0,0,0,2,3,1,0.482,327
5,4,0,0,0,4,5,1,0.904,327
9,0,0,0,0,6,4,3,1.229,264
14,9,0,0,0,8,6,1,1.891,327
14,6,0,0,0,6,6,1,1.484,327
29,13,0,0,0,16,7,2,3.628,295
5,0,0,0,0,2,3,2,0.482,296
13,4,0,0,0,5,8,2,1.247,295
3,3,0,0,0,3,7,2,0.668,296
16,6,0,0,0,9,5,2,2.015,295
6,4,0,0,0,5,4,2,1.089,296
22,10,0,0,0,12,6,2,2.748,295
17,0,0,0,0,6,5,1,1.416,327
18,5,0,0,0,8,7,2,1.893,295
19,7,0,0,0,6,7,1,1.620,326
21,8,0,0,0,6,7,1,1.712,327
9,0,0,0,0,6,4,2,1.229,295
8,0,0,0,0,7,4,3,1.368,263
3,3,0,0,0,3,4,2,0.667,296
2,2,0,0,0,3,4,2,0.621,296
22,9,0,0,0,6,8,2,1.745,296
4,2,0,0,0,4,8,3,0.834,263
2,2,0,0,0,2,3,1,0.457,328
5,4,0,0,0,5,5,2,1.065,295
1,1,0,0,0,1,2,1,0.245,328
17,7,0,0,0,6,7,2,1.589,296
2,1,0,0,0,3,3,2,0.572,296
4,5,0,0,0,6,4,2,1.230,296
21,8,0,0,0,6,7,1,1.708,327
5,4,0,0,0,2,4,1,0.577,327
2,3,0,0,0,3,5,2,0.644,296
4,4,0,0,0,4,4,1,0.881,327
20,9,0,0,0,6,7,1,1.713,327
11,10,0,0,0,10,5,2,2.173,295
5,3,0,0,0,3,4,1,0.717,327
16,0,0,0,0,7,5,3,1.562,263
11,5,0,0,0,5,6,1,1.237,327
10,7,0,0,0,8,7,2,1.750,295
6,3,0,0,0,3,5,1,0.744,327
19,10,0,0,0,8,6,2,2.020,296
6,5,0,0,0,4,4,1,0.952,327
6,3,0,0,0,4,5,2,0.903,296
3,3,0,0,0,3,4,2,0.669,296
26,14,0,0,0,22,15,5,4.543,198
8,0,0,0,0,7,4,3,1.368,263
19,12,0,0,0,12,6,2,2.722,296
18,10,0,0,0,11,6,2,2.486,295
15,10,0,0,0,8,7,2,1.920,296
15,5,0,0,0,6,6,1,1.482,327
12,6,0,0,0,5,6,1,1.271,327
33,16,0,0,0,16,7,2,3.791,295
12,6,0,0,0,7,6,2,1.612,296
3,4,0,0,0,3,4,2,0.694,296
3,2,0,0,0,3,4,2,0.644,296
4,0,0,0,0,3,3,2,0.621,296
7,0,0,0,0,5,4,2,1.019,295
25,8,0,0,0,7,7,1,1.955,327
5,3,0,0,0,4,6,2,0.882,296
9,5,0,0,0,5,6,1,1.185,327
3,2,0,0,1,2,6,2,0.482,296
2,1,0,0,0,2,3,1,0.432,328
14,5,0,0,0,8,5,2,1.790,295
24,11,0,0,0,8,7,2,2.165,295
4,3,0,0,0,2,4,1,0.530,327
7,3,0,0,0,3,5,1,0.765,327
4,3,0,0,0,3,4,1,0.693,327
4,0,0,0,0,3,3,2,0.622,295
29,15,0,0,0,14,7,2,3.344,295
10,0,0,0,0,5,4,2,1.089,295
2,2,0,0,0,4,4,2,0.783,296
18,7,0,0,0,6,7,1,1.612,327
2,3,0,0,0,3,4,2,0.644,295
12,9,0,0,0,10,6,2,2.163,295
3,2,0,0,0,3,5,2,0.645,296
22,13,0,0,0,12,7,2,2.816,295
18,13,0,0,0,16,7,2,3.359,295
7,0,0,0,0,8,4,3,1.505,263
13,6,0,0,0,4,5,1,1.131,327
2,4,0,0,0,3,5,2,0.669,296
33,9,0,0,0,6,8,2,2.001,296
2,2,0,0,0,1,4,1,0.293,328
12,8,0,0,0,3,5,1,0.992,327
26,13,0,0,0,8,7,1,2.260,326
12,6,0,0,0,5,7,2,1.276,295
3,2,0,0,0,2,4,1,0.482,328
2,2,0,0,0,2,4,1,0.457,327
4,0,0,0,0,9,4,3,1.597,263
3,0,0,0,0,4,4,1,0.710,327
23,9,0,0,0,14,8,2,3.058,295
21,7,0,0,0,6,7,2,1.668,296
3,0,0,0,0,4,4,2,0.760,296
2,1,0,0,0,2,3,2,0.433,296
17,6,0,0,0,5,7,1,1.385,327
11,4,0,0,0,5,5,2,1.207,296
5,3,0,0,0,3,5,1,0.718,327
6,4,0,0,0,5,4,2,1.089,295
11,4,0,0,0,4,5,1,1.047,327
12,6,0,0,0,5,5,1,1.280,327
6,0,0,0,0,5,4,3,0.997,264
18,8,0,0,0,7,6,2,1.799,296
4,3,0,0,0,6,5,2,1.182,296
5,2,0,0,0,4,4,2,0.858,295
2,1,0,0,0,2,3,1,0.432,328
4,3,0,0,0,8,4,1,1.510,327
1,2,0,0,0,2,3,1,0.432,328
8,0,0,0,0,6,5,2,1.205,295
12,8,0,0,0,9,6,2,1.961,295
3,2,0,0,0,2,3,1,0.481,328
9,6,0,0,0,10,6,2,2.029,295
3,3,0,0,0,3,5,2,0.668,296
7,0,0,0,0,4,4,2,0.857,295
19,10,0,0,0,9,7,2,2.184,296
2,2,0,0,0,1,3,1,0.293,328
8,6,0,0,0,6,5,2,1.346,296
11,4,0,0,0,5,6,2,1.210,296
2,3,0,0,0,2,3,1,0.482,327
7,0,0,0,0,12,5,3,2.161,264
16,0,0,0,0,15,5,4,2.848,231
17,9,0,0,0,3,6,1,1.148,326
5,0,0,0,0,4,4,2,0.807,295
4,2,0,0,0,3,4,1,0.669,328
19,12,0,0,0,11,8,2,2.545,295
3,3,0,0,0,3,4,1,0.670,327
3,3,0,0,0,3,5,2,0.669,296
23,11,0,0,0,13,8,2,2.955,296
9,0,0,0,0,6,4,2,1.231,295
18,7,0,0,0,6,7,1,1.613,327
3,0,0,0,0,2,3,2,0.432,296
23,10,0,0,0,9,7,2,2.272,296
18,6,0,0,0,6,7,2,1.590,296
25,14,0,0,0,12,7,2,2.923,295
23,10,0,0,0,11,7,2,2.608,296
4,0,0,0,0,4,7,4,0.783,231
17,7,0,0,0,7,8,1,1.753,327
3,2,0,0,0,2,3,1,0.482,328
4,0,0,0,0,3,3,2,0.619,295
5,4,0,0,0,5,9,3,1.065,263
2,2,0,0,0,2,3,2,0.457,296
36,20,0,0,0,21,8,2,4.753,294
6,1,0,0,0,8,4,2,1.507,295
16,6,0,0,0,8,6,2,1.854,296
2,2,0,0,0,2,5,2,0.457,296
10,6,0,0,0,7,5,1,1.556,327
11,6,0,0,0,7,6,2,1.580,296
7,2,0,0,0,3,5,1,0.743,328
3,1,0,0,0,2,4,2,0.458,296
13,5,0,0,0,7,7,2,1.614,295
15,6,0,0,0,8,7,2,1.826,296
7,4,0,0,0,4,5,1,0.953,327
9,5,0,0,0,5,5,2,1.188,296
2,1,0,0,0,2,4,2,0.432,296
26,13,0,0,0,19,8,2,4.030,295
14,8,0,0,0,9,6,2,2.030,296
5,5,0,0,0,5,4,2,1.089,295
4,2,0,0,0,5,4,2,0.997,295
3,3,0,0,0,3,4,1,0.669,327
25,11,0,0,0,14,9,1,3.156,326
11,4,0,0,0,4,7,1,1.048,327
2,1,0,0,0,2,3,1,0.432,328
24,7,0,0,0,8,7,1,2.090,327
5,2,0,0,0,8,5,2,1.509,295
10,6,0,0,0,7,6,2,1.556,295
29,16,0,0,0,11,7,2,2.888,295
5,4,0,0,0,4,4,1,0.903,327
2,3,0,0,0,2,4,1,0.481,328
2,1,0,0,0,4,4,1,0.759,327
2,3,0,0,0,3,4,1,0.644,327
2,2,0,0,0,1,3,1,0.293,328
5,4,0,0,0,4,5,1,0.904,327
3,3,0,0,0,4,5,2,0.833,296
8,3,0,0,0,8,5,3,1.603,263
5,4,0,0,0,4,4,1,0.904,327
7,4,0,0,0,4,5,1,0.953,327
11,6,0,0,0,6,6,2,1.415,296
6,5,0,0,0,4,4,1,0.952,327
40,21,0,0,0,17,7,2,4.229,294
16,12,0,0,0,11,6,2,2.491,296
2,2,0,0,0,5,5,1,0.828,327
1,2,0,0,0,4,3,1,0.760,328
9,0,0,0,0,4,4,2,0.904,296
2,0,0,0,0,3,3,2,0.573,296
6,0,0,0,0,5,5,2,0.996,295
9,8,0,0,0,6,5,1,1.417,327
1,2,0,0,0,4,3,1,0.761,327
4,3,0,0,0,5,4,3,1.019,264
10,0,0,0,0,9,5,3,1.742,262
6,0,0,0,0,6,4,3,1.160,263
11,10,0,0,0,10,5,2,2.149,294
2,0,0,0,0,5,3,2,0.898,295
9,2,0,0,0,6,6,2,1.277,296
6,4,0,0,0,6,6,2,1.157,295
5,0,0,0,0,4,4,2,0.807,295
4,0,0,0,0,4,4,2,0.783,296
2,0,0,0,0,3,3,2,0.572,296
2,2,0,0,0,4,4,2,0.782,296
13,10,0,0,0,8,6,2,1.890,295
5,4,0,0,0,4,5,1,0.903,327
10,3,0,0,0,5,6,2,1.163,296
5,0,0,0,0,2,3,1,0.482,328
19,8,0,0,0,5,7,1,1.497,327
4,4,0,0,0,3,5,1,0.717,327
4,2,0,0,0,5,4,2,0.999,295
23,7,0,0,0,7,6,2,1.893,295
5,4,0,0,0,4,5,2,0.902,296
4,3,0,0,0,4,6,2,0.857,295
4,4,0,0,0,4,11,4,0.881,231
9,6,0,0,0,7,5,2,1.533,296
8,3,0,0,0,4,5,1,0.953,327
3,2,0,0,0,3,4,2,0.643,296
14,0,0,0,0,5,6,2,1.188,296
7,5,0,0,0,7,7,2,1.466,296
10,6,0,0,0,4,6,2,1.074,296
22,7,0,0,0,10,7,2,2.359,296
4,3,0,0,0,4,4,1,0.859,327
18,8,0,0,0,8,8,2,1.946,295
12,3,0,0,0,5,7,1,1.210,327
4,3,0,0,0,4,5,2,0.859,296
29,10,0,0,0,7,9,2,2.092,296
20,8,0,0,0,5,7,1,1.513,327
10,8,0,0,0,4,5,2,1.106,296
1,2,0,0,0,1,3,1,0.268,328
15,6,0,0,0,6,7,2,1.504,296
2,2,0,0,0,1,3,1,0.292,328
4,4,0,0,0,4,6,2,0.879,296
6,4,0,0,0,5,4,2,1.092,296
18,0,0,0,0,13,5,3,2.569,263
2,1,0,0,0,4,3,2,0.760,296
2,2,0,0,0,3,3,1,0.622,327
7,2,0,0,0,10,6,3,1.883,263
2,2,0,0,0,2,3,2,0.457,296
4,1,0,0,0,2,3,1,0.481,328
10,5,0,0,0,8,6,2,1.694,295
6,6,0,0,0,7,11,4,1.464,231
13,7,0,0,0,7,7,2,1.643,296
5,5,0,0,0,5,4,2,1.090,295
19,8,0,0,0,7,7,2,1.808,296
2,2,0,0,0,2,4,2,0.458,296
44,27,0,0,0,28,9,2,6.237,294
11,4,0,0,0,4,6,1,1.050,327
10,5,0,0,0,5,6,2,1.207,296
2,1,0,0,0,2,3,1,0.433,328
26,10,0,0,0,14,8,2,3.150,296
11,6,0,0,0,6,5,1,1.419,327
6,6,0,0,0,5,7,2,1.139,295
14,6,0,0,0,7,6,1,1.645,327
18,7,0,0,0,6,7,1,1.610,327
7,0,0,0,0,8,4,2,1.510,295
6,0,0,0,0,5,4,2,0.997,295
12,7,0,0,0,6,6,2,1.470,296
23,11,0,0,0,12,8,2,2.790,296
9,0,0,0,0,18,5,3,3.176,262
16,9,0,0,0,4,7,2,1.273,296
23,20,0,0,0,27,7,2,5.364,294
2,2,0,0,0,3,4,2,0.621,296
6,3,0,0,0,5,5,2,1.065,296
5,5,0,0,0,4,5,1,0.926,327
3,2,0,0,0,4,4,2,0.808,296
3,2,0,0,0,2,3,1,0.481,328
8,4,0,0,0,5,6,2,1.138,296
27,15,0,0,0,15,7,2,3.451,295
2,3,0,0,0,3,5,2,0.644,296
53,26,0,0,0,38,11,3,8.051,262
5,0,0,0,0,10,4,2,1.784,295
9,6,0,0,0,4,5,1,1.046,327
7,0,0,0,0,8,4,3,1.507,263
30,16,0,0,0,15,7,2,3.554,295
15,4,0,0,0,5,7,1,1.295,327
11,6,0,0,0,4,6,1,1.094,327
8,0,0,0,0,3,4,2,0.717,296
11,5,0,0,0,5,7,1,1.235,327
5,0,0,0,0,3,4,2,0.644,296
8,3,0,0,0,5,5,2,1.115,296
16,8,0,0,0,9,6,2,2.057,295
2,2,0,0,0,3,4,1,0.621,327
14,4,0,0,0,3,6,2,0.960,296
10,4,0,0,0,5,5,2,1.188,296
2,1,0,0,0,3,4,2,0.598,295
21,8,0,0,0,8,6,2,2.021,295
23,14,0,0,0,22,6,2,4.484,294
6,0,0,0,0,9,4,3,1.647,263
4,0,0,0,0,5,4,2,0.946,295
12,0,0,0,0,5,5,2,1.139,295
1,2,0,0,0,2,3,1,0.433,328
3,4,0,0,0,2,4,1,0.531,327
6,6,0,0,0,5,6,2,1.138,295
4,4,0,0,0,4,4,2,0.881,296
5,4,0,0,0,2,4,1,0.577,328
5,4,0,0,0,5,7,2,1.067,296
6,6,0,0,0,7,11,4,1.465,231
2,0,0,0,0,3,3,2,0.573,295
1,0,0,0,0,2,2,1,0.385,328
21,20,0,0,0,22,6,3,4.557,262
3,4,0,0,0,3,4,2,0.694,296
2,1,0,0,0,4,4,2,0.760,295
4,0,0,0,0,2,4,2,0.457,296
11,5,0,0,0,3,6,1,0.908,327
21,0,0,0,0,6,7,2,1.504,295
10,5,0,0,0,4,5,1,1.050,327
9,0,0,0,0,6,4,2,1.232,295
16,4,0,0,0,7,6,1,1.644,327
26,12,0,0,0,12,8,2,2.874,296
4,0,0,0,0,4,4,2,0.783,296
12,4,0,0,0,5,6,2,1.236,296
2,2,0,0,0,2,4,1,0.457,328
3,1,0,0,0,3,3,2,0.621,296
11,5,0,0,0,9,5,2,1.884,296
12,9,0,0,0,10,7,2,2.150,295
5,4,0,0,0,4,5,2,0.904,296
5,3,0,0,0,3,4,2,0.719,296
3,3,0,0,0,4,4,2,0.832,295
26,15,0,0,0,14,7,2,3.289,295
9,3,0,0,0,3,6,2,0.813,296
2,1,0,0,0,4,3,1,0.760,327
25,10,0,0,0,9,7,2,2.331,296
10,4,0,0,0,5,5,1,1.187,327
11,6,0,0,0,8,5,1,1.749,327
8,0,0,0,0,7,4,3,1.368,263
21,9,0,0,0,8,7,1,2.048,327
8,0,0,0,0,3,4,1,0.718,327
17,6,0,0,0,8,7,2,1.893,296
11,6,0,0,0,6,6,2,1.416,296
1,0,0,0,0,2,2,1,0.336,327
17,8,0,0,0,6,7,2,1.617,296
4,4,0,0,0,4,5,2,0.881,296
8,0,0,0,0,9,5,2,1.694,295
21,11,0,0,0,6,8,1,1.770,326
23,21,0,0,0,11,8,3,2.868,264
15,5,0,0,0,5,7,1,1.335,327
3,1,0,0,0,2,3,1,0.457,328
4,0,0,0,0,3,3,2,0.620,296
16,10,0,0,0,10,6,2,2.270,296
21,0,0,0,0,7,7,2,1.684,295
16,8,0,0,0,5,7,1,1.424,327
23,12,0,0,0,11,9,2,2.637,295
11,0,0,0,0,4,4,2,0.954,295
20,0,0,0,0,9,7,3,1.969,263
3,2,0,0,0,2,3,1,0.482,328
19,8,0,0,0,7,7,2,1.805,296
5,4,0,0,0,4,5,2,0.903,296
8,3,0,0,0,4,5,1,0.952,327
3,1,0,0,0,2,4,2,0.457,296
8,2,0,0,0,3,5,1,0.766,328
5,0,0,0,0,3,4,2,0.645,296
6,5,0,0,0,4,5,1,0.951,327
18,9,0,0,0,7,7,2,1.809,296
7,0,0,0,0,4,4,2,0.858,296
4,0,0,0,0,3,3,2,0.621,296
6,2,0,0,0,1,4,1,0.389,327
12,8,0,0,0,9,7,2,1.963,295
9,5,0,0,0,4,5,1,1.022,327
11,6,0,0,0,5,5,1,1.260,327
12,6,0,0,0,6,6,2,1.444,296
14,0,0,0,0,9,6,3,1.836,263
9,4,0,0,0,4,5,1,1.000,327
6,3,0,0,0,3,5,1,0.744,327
17,10,0,0,0,9,6,2,2.129,296
18,5,0,0,0,5,7,1,1.387,327
4,3,0,0,0,3,4,1,0.694,328
15,0,0,0,0,8,6,2,1.701,295
2,1,0,0,0,4,3,2,0.760,295
6,0,0,0,0,4,6,2,0.834,295
20,9,0,0,0,6,7,1,1.710,327
19,4,0,0,0,10,7,2,2.198,295
9,0,0,0,0,4,5,3,0.904,263
7,2,0,0,0,2,4,1,0.484,328
1,1,0,0,0,3,3,2,0.572,296
25,14,0,0,0,10,7,1,2.567,326
19,11,0,0,0,10,8,3,2.364,264
14,5,0,0,0,7,6,2,1.623,296
7,3,0,0,0,5,5,1,1.091,327
1,1,0,0,0,2,3,1,0.385,328
16,7,0,0,0,6,8,1,1.550,327
22,12,0,0,0,9,7,2,2.303,295
2,2,0,0,0,3,4,1,0.621,328
7,3,0,0,0,3,6,2,0.764,296
6,0,0,0,0,6,4,2,1.159,295
11,7,0,0,0,6,6,1,1.442,327
20,14,0,0,0,13,7,2,2.942,294
10,6,0,0,0,7,6,2,1.553,296
10,7,0,0,0,8,6,2,1.751,295
5,6,0,0,0,4,4,2,0.954,296
11,6,0,0,0,10,7,2,2.069,295
10,5,0,0,0,2,5,1,0.719,327
5,5,0,0,0,5,4,2,1.088,296
7,0,0,0,0,7,5,2,1.345,295
9,0,0,0,0,4,5,2,0.903,295
10,6,0,0,0,7,6,2,1.552,296
10,5,0,0,0,7,6,2,1.529,296
17,6,0,0,0,5,7,1,1.389,327
11,10,0,0,0,10,5,2,2.155,295
11,7,0,0,0,9,5,2,1.931,296
5,0,0,0,0,2,4,2,0.481,296
8,0,0,0,0,7,4,2,1.368,295
2,1,0,0,0,2,4,1,0.433,328
2,2,0,0,0,2,4,1,0.457,328
3,2,0,0,0,3,5,2,0.644,295
22,9,0,0,0,10,8,2,2.386,296
9,3,0,0,0,6,5,1,1.297,327
4,5,0,0,0,5,4,2,1.067,295
4,3,0,0,0,3,5,2,0.693,296
4,0,0,0,0,3,4,3,0.620,264
15,9,0,0,0,11,7,2,2.381,295
19,9,0,0,0,7,8,2,1.847,295
23,8,0,0,0,10,7,2,2.385,296
2,1,0,0,0,2,3,1,0.385,327
3,3,0,0,0,4,6,2,0.831,295
16,7,0,0,0,11,9,3,2.371,264
15,11,0,0,0,9,6,1,2.107,327
5,0,0,0,0,6,4,2,1.136,295
23,9,0,0,0,9,7,2,2.246,296
10,3,0,0,0,4,6,1,0.998,327
13,7,0,0,0,4,6,2,1.157,296
1,1,0,0,0,1,3,1,0.245,328
2,0,0,0,0,1,2,1,0.245,328
10,0,0,0,0,9,5,3,1.744,264
2,2,0,0,0,4,5,2,0.783,296
2,3,0,0,0,2,4,1,0.482,328
7,5,0,0,0,4,5,1,0.976,327
18,9,0,0,0,11,8,2,2.365,295
23,7,0,0,0,6,8,1,1.720,327
20,9,0,0,0,8,8,2,2.019,296
27,8,0,0,0,9,7,1,2.339,326
20,8,0,0,0,9,6,2,2.159,296
18,5,0,0,0,7,7,2,1.714,296
18,0,0,0,0,19,7,3,3.540,262
19,7,0,0,0,8,7,2,1.945,296
7,6,0,0,0,6,6,2,1.326,296
24,9,0,0,0,7,8,1,1.956,327
28,16,0,0,0,15,9,2,3.535,295
5,4,0,0,0,4,8,3,0.903,264
24,12,0,0,0,11,9,2,2.676,295
4,3,0,0,0,4,4,2,0.859,296
6,4,0,0,0,1,4,1,0.438,327
2,2,0,0,0,2,3,2,0.457,296
2,2,0,0,0,2,4,1,0.457,327
5,3,0,0,0,3,4,1,0.719,327
2,2,0,0,0,5,5,1,0.947,327
3,2,0,0,0,2,3,1,0.481,328
7,0,0,0,0,8,4,2,1.507,295
5,2,0,0,0,4,4,1,0.857,327
17,0,0,0,0,6,5,2,1.423,295
8,5,0,0,0,5,7,2,1.156,295
3,3,0,0,0,2,4,2,0.505,296
8,3,0,0,0,4,6,2,0.952,296
4,3,0,0,0,3,5,2,0.694,296
16,0,0,0,0,9,6,2,1.895,295
3,2,0,0,0,2,3,1,0.482,328
4,5,0,0,0,4,4,2,0.904,296
14,0,0,0,0,13,5,3,2.479,263
19,6,0,0,0,5,7,1,1.433,327
3,1,0,0,0,2,4,2,0.457,296
1,2,0,0,0,1,3,1,0.268,328
3,2,0,0,0,6,4,1,1.138,327
2,1,0,0,0,3,3,1,0.549,327
33,0,0,0,0,30,6,4,5.677,230
6,0,0,0,0,9,4,3,1.647,263
19,0,0,0,0,12,5,3,2.425,263
6,5,0,0,0,6,6,2,1.276,296
13,5,0,0,0,6,7,2,1.436,296
9,0,0,0,0,8,5,2,1.554,295
18,7,0,0,0,5,7,2,1.435,296
3,3,0,0,0,3,6,2,0.669,296
3,2,0,0,0,2,4,1,0.482,328
18,8,0,0,0,6,8,2,1.621,295
8,0,0,0,0,3,4,1,0.717,327
11,7,0,0,0,5,5,1,1.282,327
7,0,0,0,0,9,5,3,1.672,264
16,6,0,0,0,11,8,1,2.356,327
12,8,0,0,0,10,6,2,2.131,296
8,3,0,0,0,2,4,1,0.625,327
10,0,0,0,0,5,5,2,1.092,295
3,3,0,0,0,2,4,1,0.504,327
15,6,0,0,0,5,6,1,1.342,327
8,4,0,0,0,3,5,1,0.812,327
6,3,0,0,0,5,6,2,1.068,296
5,5,0,0,0,5,6,2,1.092,296
3,1,0,0,0,3,4,2,0.621,296
2,3,0,0,0,2,4,1,0.481,328
16,6,0,0,0,6,7,1,1.538,326
9,4,0,0,0,4,5,1,0.998,327
11,5,0,0,0,6,5,1,1.391,327
2,2,0,0,0,2,4,1,0.457,328
5,5,0,0,0,5,4,2,1.088,295
4,2,0,0,0,3,5,2,0.670,296
4,2,0,0,0,1,3,1,0.342,327
7,5,0,0,0,7,17,6,1.463,166
13,5,0,0,0,7,8,2,1.616,296
7,4,0,0,0,5,5,2,1.114,296
19,9,0,0,0,6,7,1,1.664,327
7,4,0,0,0,7,5,2,1.434,296
1,1,0,0,0,1,3,1,0.245,328
9,0,0,0,0,6,5,2,1.231,295
8,3,0,0,0,3,5,1,0.788,327
3,0,0,0,0,3,3,2,0.597,296
16,6,0,0,0,5,6,1,1.381,327
2,2,0,0,0,2,4,1,0.434,328
2,2,0,0,0,2,3,1,0.457,328
40,12,0,0,0,17,9,2,4.007,295
3,2,0,0,0,2,3,1,0.481,328
4,3,0,0,0,3,4,2,0.694,296
4,0,0,0,0,4,4,2,0.781,296
42,0,0,0,0,21,6,3,4.413,261
8,5,0,0,0,6,7,2,1.325,295
13,0,0,0,0,11,5,3,2.132,262
6,3,0,0,0,3,5,2,0.741,296
14,9,0,0,0,8,5,1,1.891,327
2,1,0,0,0,2,3,1,0.433,328
8,3,0,0,0,5,6,1,1.115,327
9,4,0,0,0,16,7,2,2.948,295
4,2,0,0,0,5,7,3,0.997,263
8,5,0,0,0,6,7,2,1.327,296
9,6,0,0,0,6,7,2,1.375,296
16,10,0,0,0,9,6,2,2.121,296
22,6,0,0,0,5,7,1,1.514,327
16,0,0,0,0,15,5,3,2.844,263
4,4,0,0,0,5,5,2,1.042,296
18,6,0,0,0,9,6,2,2.074,295
5,4,0,0,0,4,5,2,0.904,296
11,0,0,0,0,10,7,4,1.933,231
25,16,0,0,0,15,9,2,3.439,295
2,2,0,0,0,2,4,2,0.456,296
3,3,0,0,0,3,6,2,0.669,296
4,2,0,0,0,3,4,2,0.669,296
5,3,0,0,0,3,4,1,0.718,327
3,4,0,0,0,2,5,1,0.529,327
5,3,0,0,0,2,4,1,0.554,328
5,0,0,0,0,6,4,2,1.136,295
9,5,0,0,0,5,5,1,1.186,327
2,1,0,0,0,1,3,1,0.268,328
15,0,0,0,0,8,5,2,1.689,295
2,3,0,0,0,2,4,2,0.481,296
19,6,0,0,0,8,7,1,1.920,327
23,8,0,0,0,6,7,1,1.735,327
15,6,0,0,0,10,8,2,2.155,296
6,5,0,0,0,4,5,1,0.952,327
8,5,0,0,0,4,6,2,1.000,295
14,0,0,0,0,12,5,3,2.323,263
2,1,0,0,0,2,3,1,0.409,328
7,6,0,0,0,6,7,2,1.319,295
2,5,0,0,0,4,4,1,0.858,327
3,3,0,0,0,3,5,2,0.669,295
2,2,0,0,0,4,5,2,0.783,296
11,7,0,0,0,5,6,1,1.272,327
14,0,0,0,0,12,6,3,2.326,263
27,10,0,0,0,8,7,2,2.205,296
4,0,0,0,0,4,5,3,0.782,263
1,1,0,0,0,2,3,2,0.408,296
11,0,0,0,0,20,5,4,3.542,231
6,5,0,0,0,4,4,1,0.949,327
0,0,0,0,0,1,1,1,0.196,329
1,1,0,0,0,3,3,2,0.572,296
3,2,0,0,0,3,4,1,0.643,327
7,0,0,0,0,6,4,3,1.182,264
13,7,0,0,0,6,6,2,1.480,296
9,3,0,0,0,5,6,1,1.138,327
21,9,0,0,0,7,7,1,1.880,327
3,2,0,0,0,2,3,1,0.482,327
21,10,0,0,0,8,8,2,2.077,295
12,7,0,0,0,4,5,1,1.131,327
26,10,0,0,0,11,7,2,2.676,296
4,2,0,0,0,3,4,1,0.668,327
7,2,0,0,0,2,4,1,0.578,327
2,1,0,0,0,2,3,1,0.433,328
20,6,0,0,0,7,7,2,1.797,296
2,1,0,0,0,2,3,2,0.432,296
2,1,0,0,0,2,3,2,0.433,296
11,4,0,0,0,7,6,2,1.527,296
6,0,0,0,0,9,4,2,1.647,295
39,13,0,0,0,11,9,2,3.073,296
7,0,0,0,0,7,4,3,1.344,263
3,0,0,0,0,2,3,1,0.433,328
5,4,0,0,0,5,5,2,1.066,295
4,2,0,0,0,4,5,2,0.834,296
6,0,0,0,0,5,4,2,0.996,296
2,0,0,0,0,5,3,2,0.900,295
22,11,0,0,0,8,7,2,2.108,296
3,1,0,0,0,2,4,2,0.457,296
2,0,0,0,0,4,3,3,0.735,264
17,5,0,0,0,7,8,3,1.687,264
3,3,0,0,0,3,5,2,0.670,296
18,5,0,0,0,6,6,2,1.551,296
7,0,0,0,0,4,4,2,0.861,296
7,4,0,0,0,8,5,2,1.606,296
3,2,0,0,0,3,4,2,0.644,296
3,2,0,0,0,4,6,2,0.807,296
2,1,0,0,0,2,3,1,0.433,328
5,3,0,0,0,3,4,2,0.717,296
11,4,0,0,0,5,6,2,1.208,296
22,11,0,0,0,7,8,1,1.957,327
18,0,0,0,0,13,5,3,2.588,263
18,5,0,0,0,5,7,1,1.388,327
8,2,0,0,0,3,4,2,0.766,296
21,10,0,0,0,15,8,2,3.197,295
11,4,0,0,0,6,6,2,1.371,296
5,3,0,0,0,3,4,1,0.718,327
10,4,0,0,0,5,6,1,1.188,327
4,3,0,0,0,3,5,1,0.694,327
3,1,0,0,0,3,3,1,0.622,327
2,3,0,0,0,2,3,1,0.481,328
20,7,0,0,0,7,8,1,1.809,327
9,3,0,0,0,3,4,1,0.814,327
26,13,0,0,0,10,6,2,2.600,296
10,7,0,0,0,6,5,2,1.417,296
2,2,0,0,0,2,4,2,0.457,296
8,0,0,0,0,7,4,3,1.367,264
7,3,0,0,0,5,4,2,1.091,296
12,8,0,0,0,12,8,2,2.450,295
18,9,0,0,0,4,5,1,1.316,326
6,5,0,0,0,4,4,2,0.952,296
16,6,0,0,0,5,7,2,1.375,296
23,11,0,0,0,12,7,2,2.774,296
20,9,0,0,0,9,8,2,2.186,296
14,9,0,0,0,8,5,1,1.873,327
15,7,0,0,0,14,8,3,2.822,263
15,5,0,0,0,4,6,2,1.159,296
5,0,0,0,0,6,4,2,1.137,295
10,5,0,0,0,4,5,2,1.048,296
10,0,0,0,0,5,4,2,1.091,295
9,8,0,0,0,6,5,1,1.408,327
3,3,0,0,0,3,5,2,0.670,296
17,0,0,0,0,14,5,3,2.710,263
6,4,0,0,0,6,10,4,1.255,231
10,5,0,0,0,7,6,2,1.529,296
4,3,0,0,0,4,4,2,0.856,295
5,3,0,0,0,3,4,1,0.718,328
6,5,0,0,0,4,4,1,0.953,327
2,2,0,0,0,2,3,2,0.457,296
10,7,0,0,0,7,7,2,1.572,295
1,2,0,0,0,4,3,1,0.759,327
10,0,0,0,0,5,4,2,1.092,295
18,8,0,0,0,10,8,2,2.268,295
4,0,0,0,0,3,3,2,0.620,296
3,2,0,0,0,2,3,1,0.481,328
1,1,0,0,0,1,3,1,0.245,328
6,5,0,0,0,10,7,3,1.927,263
10,2,0,0,0,4,6,2,0.974,296
3,3,0,0,0,4,6,2,0.832,295
5,2,0,0,0,2,4,1,0.529,327
3,3,0,0,0,3,4,2,0.668,296
4,4,0,0,0,4,5,2,0.881,296
5,4,0,0,0,4,4,1,0.904,327
10,5,0,0,0,7,6,2,1.528,296
24,9,0,0,0,9,7,2,2.273,296
4,3,0,0,0,4,4,1,0.858,327
11,5,0,0,0,5,6,2,1.236,296
3,2,0,0,0,4,5,2,0.807,296
6,3,0,0,2,4,5,1,0.904,327
30,9,0,0,0,12,8,2,2.899,296
2,1,1,0,0,3,3,1,0.432,328
3,3,0,0,0,6,9,4,1.159,231
10,6,0,0,0,7,6,2,1.557,296
3,4,0,0,0,3,4,2,0.693,295
5,4,0,0,0,4,4,1,0.904,327
6,5,0,0,0,6,6,2,1.280,296
16,5,0,0,0,7,6,2,1.672,296
9,6,0,0,0,6,7,2,1.371,295
14,0,0,0,0,17,5,3,3.125,262
6,0,0,0,0,5,4,2,0.999,296
4,6,0,0,0,6,7,2,1.253,295
16,6,0,0,0,5,7,1,1.366,327
19,8,0,0,0,6,7,1,1.643,327
2,2,0,0,0,4,4,2,0.781,296
4,2,0,0,0,4,4,2,0.832,296
9,0,0,0,0,6,4,3,1.230,264
17,4,0,0,0,8,6,2,1.828,295
4,4,0,0,0,3,4,2,0.719,296
9,3,0,0,0,3,5,1,0.814,327
7,4,0,0,0,2,4,1,0.625,328
23,9,0,0,0,10,7,2,2.413,296
1,1,0,0,0,3,3,1,0.572,328
22,7,0,0,0,12,7,1,2.663,326
18,7,0,0,0,10,7,2,2.268,296
3,2,0,0,0,2,4,1,0.481,328
5,3,0,0,0,5,5,2,1.043,296
4,3,0,0,0,3,6,1,0.694,327
5,5,0,0,0,5,4,2,1.091,296
4,3,0,0,0,4,4,1,0.858,327
14,0,0,0,0,6,6,2,1.351,295
27,13,0,0,0,11,8,2,2.762,295
8,3,0,0,0,5,5,2,1.115,296
6,4,0,0,0,6,6,2,1.254,296
14,9,0,0,0,8,5,1,1.893,327
8,6,0,0,0,6,5,2,1.349,296
33,21,0,0,0,17,8,2,4.068,295
12,7,0,0,0,7,6,2,1.627,296
9,4,0,0,0,4,7,1,1.001,327
15,7,0,0,0,9,5,2,2.029,295
20,6,0,0,0,7,7,1,1.780,327
12,7,0,0,0,4,5,1,1.137,327
13,8,0,0,0,6,6,2,1.516,296
7,5,0,0,0,7,5,2,1.455,295
6,5,0,0,0,5,6,2,1.117,296
10,4,0,0,0,5,6,1,1.186,327
8,0,0,0,0,3,4,2,0.718,296
10,6,0,0,0,5,5,1,1.233,327
21,13,0,0,0,13,6,2,2.956,295
22,10,0,0,0,8,8,2,2.090,296
25,13,0,0,0,9,6,2,2.391,296
2,1,0,0,0,2,3,1,0.432,328
7,0,0,0,0,4,4,2,0.857,295
10,6,0,0,0,6,6,1,1.388,327
11,6,0,0,0,8,6,2,1.745,295
10,0,0,0,0,13,7,4,2.394,230
3,2,0,0,0,2,4,1,0.481,328
4,3,0,0,0,4,9,3,0.858,263
3,1,0,0,0,3,3,2,0.622,296
3,3,0,0,0,3,5,2,0.667,296
2,3,0,0,0,2,3,1,0.482,327
8,0,0,0,0,7,4,2,1.368,295
2,1,0,0,0,4,3,1,0.689,328
17,12,0,0,0,15,8,3,3.146,263
4,2,0,0,0,3,4,2,0.669,296
2,1,0,0,0,2,3,2,0.433,296
5,2,0,0,0,3,4,1,0.695,327
11,4,0,0,0,11,8,3,2.186,264
11,5,0,0,0,8,6,2,1.720,296
7,3,0,0,0,3,5,1,0.765,327
17,5,0,0,0,6,7,2,1.527,296
15,4,0,0,0,14,6,4,2.749,231
2,1,0,0,0,1,3,1,0.268,328
1,3,0,0,0,2,4,1,0.457,328
2,2,0,0,0,2,4,2,0.457,296
17,0,0,0,0,18,6,3,3.357,262
22,12,0,0,0,11,8,2,2.620,295
1,1,0,0,0,2,3,1,0.408,328
7,0,0,0,0,8,4,3,1.506,263
6,5,0,0,0,4,4,1,0.951,327
4,3,0,0,0,4,6,3,0.856,264
17,7,0,0,0,4,7,1,1.250,327
4,1,0,0,0,2,3,1,0.482,327
5,4,0,0,0,3,4,1,0.741,327
1,1,0,0,0,3,3,2,0.572,296
2,2,0,0,0,2,3,2,0.457,296
3,4,0,0,0,2,4,2,0.529,296
20,6,0,0,0,6,7,2,1.621,296
16,6,0,0,0,5,6,1,1.365,327
8,6,0,0,0,5,6,1,1.188,327
15,0,0,0,0,4,6,2,1.048,296
9,1,0,0,0,3,4,1,0.766,327
3,2,0,0,0,2,4,1,0.482,328
21,8,0,0,0,11,8,2,2.514,295
9,0,0,0,0,10,5,3,1.879,263
10,4,0,0,0,3,5,1,0.858,327
8,0,0,0,0,5,5,3,1.042,264
2,2,0,0,0,2,3,1,0.457,328
11,6,0,0,0,8,6,2,1.749,296
7,6,0,0,0,8,11,4,1.647,231
25,8,0,0,0,6,8,2,1.796,296
22,10,0,0,0,12,6,2,2.748,296
14,9,0,0,0,8,5,1,1.893,327
17,5,0,0,0,5,7,2,1.381,296
8,5,0,0,0,4,6,1,0.999,327
15,5,0,0,0,4,7,2,1.163,296
6,7,0,0,0,4,5,1,0.999,327
8,0,0,0,0,7,4,2,1.369,295
13,4,0,0,0,9,11,5,1.907,199
20,6,0,0,0,7,7,2,1.783,296
7,4,0,0,0,4,4,1,0.950,327
6,4,0,0,0,5,6,2,1.091,296
10,6,0,0,0,3,5,1,0.908,327
6,0,0,0,0,9,4,2,1.647,295
5,0,0,0,0,10,4,3,1.783,262
8,0,0,0,0,7,4,3,1.367,263
10,4,0,0,0,5,5,1,1.188,327
15,5,0,0,0,6,7,2,1.483,296
13,5,0,0,0,5,7,2,1.283,296
4,4,0,0,0,5,6,2,1.042,296
4,3,0,0,0,4,5,2,0.857,296
5,3,0,0,0,4,4,2,0.880,296
5,0,0,0,0,3,4,1,0.644,327
21,0,0,0,0,42,6,3,7.329,261
10,7,0,0,0,6,5,1,1.417,327
13,0,0,0,0,18,5,4,3.266,231
3,3,0,0,0,3,4,2,0.669,296
13,9,0,0,0,9,5,2,2.032,296
4,2,0,0,0,5,5,2,0.998,295
25,13,0,0,0,13,7,2,3.064,295
16,9,0,0,0,10,6,2,2.267,296
12,6,0,0,0,5,7,1,1.270,327
32,0,0,0,0,31,6,4,5.815,230
19,6,0,0,0,8,7,2,1.920,296
11,7,0,0,0,4,6,1,1.107,327
3,3,0,0,0,2,4,1,0.504,328
12,6,0,0,0,8,7,2,1.759,295
3,3,0,0,0,3,4,1,0.668,327
3,1,0,0,0,3,3,1,0.621,328
11,7,0,0,0,8,6,2,1.768,296
51,0,0,0,0,76,7,5,13.544,197
4,3,0,0,0,3,4,2,0.695,296
3,3,0,0,0,3,6,2,0.670,295
17,0,0,0,0,14,5,3,2.706,262
11,7,0,0,0,9,6,2,1.933,296
16,6,0,0,0,7,7,2,1.686,296
46,14,0,0,0,18,8,2,4.374,295
7,4,0,0,0,4,5,1,0.952,327
3,2,0,0,0,2,3,1,0.482,328
3,0,0,0,0,2,3,2,0.431,296
13,6,0,0,0,4,6,2,1.132,296
7,0,0,0,0,6,4,2,1.180,295
12,0,0,0,0,9,6,2,1.790,295
11,6,0,0,0,7,6,1,1.582,327
2,3,0,0,0,2,3,1,0.482,328
21,7,0,0,0,9,7,2,2.156,295
18,0,0,0,0,9,5,2,1.920,294
28,14,0,0,0,13,7,2,3.147,295
2,1,0,0,0,2,3,1,0.432,328
4,3,0,0,0,3,4,1,0.694,327
8,4,0,0,0,3,4,1,0.813,327
4,2,0,0,0,4,4,3,0.832,264
11,6,0,0,0,6,6,2,1.417,296
11,0,0,0,0,6,6,2,1.275,296
5,4,0,0,0,6,4,2,1.227,295
16,10,0,0,0,7,7,1,1.782,327
27,11,0,0,0,12,7,2,2.874,295
5,2,0,0,0,4,4,2,0.857,296
6,2,0,0,0,7,4,3,1.368,264
12,7,0,0,0,7,7,2,1.632,296
21,0,0,0,0,10,6,3,2.168,264
8,5,0,0,0,4,5,2,0.997,296
18,9,0,0,0,8,8,2,1.990,295
4,0,0,0,0,9,4,3,1.598,263
12,7,0,0,0,6,5,2,1.474,296
11,9,0,0,0,8,7,2,1.807,295
7,3,0,0,0,4,6,1,0.927,327
1,0,0,0,0,4,3,2,0.711,296
29,17,0,0,0,12,9,2,3.064,295
4,2,0,0,0,3,4,1,0.668,327
4,3,0,0,0,4,7,2,0.859,296
7,4,0,0,0,2,4,1,0.626,327
5,4,0,0,0,2,4,1,0.578,327
4,3,0,0,0,4,4,2,0.857,296
5,4,0,0,0,4,5,2,0.904,296
4,3,0,0,0,4,4,1,0.858,327
3,2,0,0,0,2,3,1,0.482,328
11,8,0,0,0,12,5,3,2.426,262
3,1,0,0,0,2,5,2,0.457,296
2,3,0,0,0,2,3,1,0.482,328
7,5,0,0,0,7,5,2,1.463,295
25,13,0,0,0,9,8,2,2.394,296
5,5,0,0,0,5,4,2,1.089,295
5,2,0,0,0,4,4,2,0.860,296
17,5,0,0,0,5,6,1,1.365,327
10,6,0,0,0,6,6,2,1.388,296
2,1,0,0,0,1,3,1,0.268,328
9,5,0,0,0,3,6,1,0.861,327
7,4,0,0,0,5,6,2,1.116,296
5,4,0,0,0,5,6,2,1.068,296
15,6,0,0,0,6,5,2,1.514,296
5,4,0,0,0,3,5,1,0.743,327
8,3,0,0,0,8,7,3,1.605,264
17,9,0,0,0,5,6,2,1.473,296
19,9,0,0,0,9,7,2,2.158,296
3,3,0,0,0,4,6,3,0.832,264
30,10,0,0,0,10,7,2,2.598,296
4,4,0,0,0,5,4,2,1.043,296
16,8,0,0,0,4,7,1,1.262,327
8,4,0,0,0,3,5,1,0.814,327
18,7,0,0,0,7,7,2,1.771,296
3,2,0,0,0,3,5,2,0.643,296
2,2,0,0,0,1,3,1,0.293,328
14,5,0,0,0,4,6,1,1.138,327
12,3,0,0,0,4,7,1,1.047,327
13,9,0,0,0,10,7,2,2.175,295
14,5,0,0,0,8,8,3,1.790,264
1,2,0,0,0,2,3,2,0.433,296
1,0,0,0,0,2,2,1,0.336,328
10,5,0,0,0,12,5,1,2.345,327
4,0,0,0,0,4,4,2,0.783,296
3,0,0,0,0,3,4,1,0.596,328
19,0,0,0,0,12,5,3,2.447,263
6,5,0,0,0,4,5,2,0.951,296
20,6,0,0,0,5,7,1,1.474,327
6,5,0,0,0,4,4,1,0.952,327
8,1,0,0,0,6,5,3,1.231,263
2,2,0,0,0,1,3,1,0.293,329
5,0,0,0,0,4,6,2,0.807,296
5,2,0,0,0,3,4,1,0.694,327
6,4,0,0,0,5,4,2,1.091,295
9,6,0,0,0,5,5,1,1.210,327
12,8,0,0,0,8,6,2,1.811,295
8,0,0,0,0,3,5,2,0.718,296
2,0,0,0,0,5,3,2,0.896,295
6,3,0,0,0,3,5,1,0.742,327
10,5,0,0,0,6,5,1,1.370,327
8,0,0,0,0,7,4,2,1.370,295
3,2,0,0,0,2,3,1,0.482,328
17,6,0,0,0,5,6,1,1.390,327
3,3,0,0,0,3,4,1,0.669,327
2,1,0,0,0,1,3,1,0.268,329
10,6,0,0,0,6,5,2,1.391,296
3,2,0,0,0,1,3,1,0.316,328
11,6,0,0,0,6,6,1,1.419,327
8,3,0,0,0,4,4,1,0.952,327
1,0,0,0,0,2,2,1,0.336,328
5,5,0,0,0,5,4,2,1.090,295
19,7,0,0,0,7,8,2,1.795,296
13,4,0,0,0,6,6,2,1.412,296
3,3,0,0,0,3,4,2,0.670,295
2,2,0,0,0,2,5,2,0.457,296
29,9,0,0,0,21,7,2,4.337,295
7,0,0,0,0,8,4,3,1.509,262
16,7,0,0,0,6,7,1,1.550,327
14,6,0,0,0,5,6,1,1.328,327
12,0,0,0,0,5,5,2,1.137,296
5,4,0,0,0,4,4,1,0.902,327
5,0,0,0,0,5,4,2,0.972,296
11,0,0,0,0,5,6,2,1.113,296
5,4,0,0,0,6,4,3,1.230,264
1,0,0,0,0,1,2,1,0.220,328
9,0,0,0,0,14,5,3,2.531,263
4,3,0,0,0,3,5,1,0.693,328
5,4,0,0,0,4,5,2,0.904,296
13,7,0,0,0,9,7,2,1.964,295
17,7,0,0,0,8,7,2,1.896,296
4,3,0,0,0,4,7,3,0.856,264
18,7,0,0,0,6,6,1,1.615,327
8,5,0,0,0,5,6,2,1.162,296
17,7,0,0,0,6,7,1,1.572,327
4,3,0,0,0,4,4,2,0.859,296
6,3,0,0,0,2,4,1,0.577,327
14,9,0,0,0,8,7,2,1.891,296
5,4,0,0,0,4,4,1,0.905,327
9,5,0,0,0,17,5,2,3.128,295
5,3,0,0,0,5,11,4,1.041,231
20,7,0,0,0,11,7,2,2.467,296
6,0,0,0,0,3,4,2,0.667,295
3,3,0,0,0,2,4,1,0.504,328
25,13,0,0,0,13,7,2,3.058,296
9,8,0,0,0,2,5,1,0.768,327
17,6,0,0,0,5,7,1,1.387,327
5,4,0,0,0,4,5,2,0.903,296
15,5,0,0,0,6,7,1,1.484,327
12,7,0,0,0,7,6,2,1.630,296
5,4,0,0,0,6,4,2,1.230,295
8,6,0,0,0,7,5,2,1.510,296
13,8,0,0,0,8,9,2,1.825,295
6,3,0,0,0,4,4,1,0.904,327
3,0,0,0,0,2,3,1,0.432,328
22,8,0,0,0,7,7,2,1.877,296
22,10,0,0,0,10,9,2,2.409,295
8,3,0,0,0,6,6,2,1.277,296
3,1,0,0,0,2,4,1,0.457,328
19,5,0,0,0,8,7,1,1.896,327
14,6,0,0,0,5,6,1,1.332,327
22,12,0,0,0,11,9,2,2.624,295
3,2,0,0,0,2,3,1,0.481,327
15,7,0,0,0,7,7,1,1.689,327
15,7,0,0,0,7,7,2,1.688,296
3,2,0,0,0,4,4,2,0.807,296
4,3,0,0,0,3,5,2,0.694,296
24,11,0,0,0,14,8,2,3.125,295
13,6,0,0,0,8,7,2,1.793,296
3,1,0,0,0,3,4,2,0.621,296
18,7,0,0,0,6,8,1,1.612,327
18,4,0,0,0,5,6,1,1.363,327
4,1,0,0,0,2,3,1,0.481,327
12,6,0,0,0,5,5,1,1.280,327
2,3,0,0,0,3,4,1,0.643,327
17,6,0,0,0,5,6,1,1.391,327
2,0,0,0,0,3,3,1,0.500,327
9,0,0,0,0,6,4,3,1.229,263
21,12,0,0,0,4,7,1,1.460,327
2,1,0,0,0,2,3,1,0.433,328
12,7,0,0,0,8,6,2,1.786,296
5,2,0,0,0,2,4,1,0.530,328
9,6,0,0,0,4,5,1,1.050,327
2,3,0,0,0,2,4,2,0.481,296
12,7,0,0,0,4,5,1,0.866,327
16,5,0,0,0,6,6,2,1.506,296
18,6,0,0,0,7,7,2,1.751,296
5,0,0,0,0,6,4,2,1.137,295
2,2,0,0,0,3,3,1,0.621,328
3,0,0,0,0,8,5,2,1.339,295
6,2,0,0,0,4,6,1,0.880,327
2,2,0,0,0,3,5,2,0.621,296
14,6,0,0,0,6,6,1,1.484,327
4,3,0,0,0,5,7,3,1.019,264
20,7,0,0,0,7,7,2,1.808,296
8,3,0,0,0,5,5,2,1.116,296
4,0,0,0,0,3,4,2,0.621,295
7,3,0,0,0,3,5,1,0.766,327
2,1,0,0,0,2,3,1,0.409,328
22,12,0,0,0,9,6,1,2.302,326
2,2,0,0,0,2,3,1,0.457,328
2,2,0,0,0,3,4,1,0.549,327
2,2,0,0,0,3,4,2,0.619,296
19,10,0,0,0,10,6,2,2.345,295
6,6,0,0,0,6,11,4,1.303,231
8,0,0,0,0,6,5,2,1.201,296
5,3,0,0,0,3,5,1,0.719,327
4,1,0,0,0,2,4,1,0.482,328
17,0,0,0,0,14,5,3,2.704,262
34,17,0,0,0,12,7,2,3.179,296
30,0,0,0,0,33,6,4,6.080,229
7,4,0,0,0,8,5,1,1.605,327
6,3,0,0,0,4,5,1,0.905,327
5,4,0,0,0,6,5,2,1.231,296
15,7,0,0,0,6,6,2,1.528,296
20,8,0,0,0,8,7,2,1.989,295
4,3,0,0,0,2,4,1,0.529,327
22,9,0,0,0,6,7,2,1.738,296
2,2,0,0,0,1,3,1,0.293,328
19,8,0,0,0,7,6,1,1.805,327
14,6,0,0,0,5,6,1,1.333,327
6,0,0,0,0,5,4,2,0.997,296
25,12,0,0,0,7,7,2,2.045,296
4,4,0,0,0,4,8,2,0.880,296
8,0,0,0,0,7,4,3,1.368,264
8,0,0,0,0,9,5,3,1.696,264
37,10,0,0,0,9,9,2,2.602,296
6,4,0,0,0,5,4,2,1.091,295
11,6,0,0,0,6,8,2,1.411,296
2,3,0,0,0,3,4,2,0.644,296
10,3,0,0,0,4,6,2,0.998,296
13,0,0,0,0,10,7,5,1.975,197
4,4,0,0,0,4,5,2,0.881,296
13,7,0,0,0,5,5,1,1.326,327
18,6,0,0,0,5,7,1,1.410,327
6,5,0,0,0,7,10,4,1.443,231
2,1,0,0,0,3,3,1,0.596,328
4,3,0,0,0,4,8,3,0.858,264
21,10,0,0,0,4,7,1,1.429,326
9,2,0,0,0,4,5,2,0.954,296
2,1,0,0,0,4,3,2,0.759,296
3,2,0,0,0,2,3,1,0.482,328
9,0,0,0,0,14,5,3,2.530,262
6,3,0,0,0,4,6,2,0.903,296
11,4,0,0,0,4,5,2,1.046,296
10,0,0,0,0,5,4,2,1.090,295
23,9,0,0,0,11,7,2,2.581,295
2,2,0,0,0,3,4,1,0.622,328
5,4,0,0,0,6,9,4,1.231,231
3,0,0,0,0,3,3,2,0.595,296
9,3,0,0,0,6,7,2,1.296,295
8,6,0,0,0,5,5,1,1.185,327
6,5,0,0,0,4,5,1,0.951,327
2,3,0,0,0,3,5,2,0.622,296
4,3,0,0,0,2,4,1,0.530,327
3,3,0,0,0,2,4,1,0.505,328
2,2,0,0,0,3,3,1,0.621,328
10,0,0,0,0,5,6,2,1.091,296
2,2,0,0,0,2,4,1,0.457,328
11,5,0,0,0,6,6,1,1.388,327
7,6,0,0,0,4,5,1,0.998,327
18,6,0,0,0,6,7,1,1.575,327
9,5,0,0,0,6,5,2,1.346,296
8,6,0,0,0,8,8,3,1.668,264
4,3,0,0,0,4,5,2,0.857,296
3,4,0,0,0,3,6,2,0.693,296
3,2,0,0,0,3,5,2,0.643,296
20,7,0,0,0,8,7,1,1.987,327
4,2,0,0,0,3,6,2,0.668,296
5,3,0,0,0,3,6,2,0.717,296
3,0,0,0,0,4,3,2,0.759,296
22,11,0,0,0,8,7,2,2.108,295
16,5,0,0,0,7,7,2,1.667,296
7,2,0,0,0,6,4,2,1.230,295
2,1,0,0,0,4,3,3,0.759,264
3,2,0,0,0,2,4,1,0.482,328
2,4,0,0,0,5,4,2,0.998,295
5,3,0,0,0,1,4,1,0.389,328
2,3,0,0,0,2,4,1,0.481,327
17,0,0,0,0,30,6,5,5.303,197
8,5,0,0,0,7,8,2,1.490,295
5,4,0,0,0,6,5,2,1.231,296
5,4,0,0,0,5,4,2,1.067,296
5,4,0,0,0,5,10,3,1.067,263
2,3,0,0,0,3,4,2,0.644,296
5,0,0,0,0,4,4,2,0.807,296
15,7,0,0,0,4,6,1,1.209,327
3,2,0,0,0,4,4,2,0.806,295
8,0,0,0,0,3,4,1,0.716,327
14,0,0,0,0,9,5,2,1.842,295
3,1,0,0,0,3,3,2,0.621,296
5,5,0,0,0,3,5,1,0.764,327
4,4,0,0,0,3,4,2,0.716,296
4,2,0,0,0,3,4,2,0.669,296
6,0,0,0,0,3,4,1,0.669,327
3,3,0,0,0,3,5,2,0.670,296
17,7,0,0,0,7,5,2,1.752,295
11,0,0,0,0,12,5,4,2.251,231
19,8,0,0,0,7,7,2,1.812,296
2,2,0,0,0,4,4,2,0.781,295
36,22,0,0,0,21,8,2,4.802,294
1,2,0,0,0,1,3,1,0.268,328
3,2,0,0,0,3,5,2,0.644,295
14,0,0,0,0,13,5,3,2.483,262
2,1,0,0,0,2,3,1,0.432,328
35,0,0,0,0,28,6,4,5.390,230
4,3,0,0,0,4,4,2,0.861,296
6,0,0,0,0,3,4,2,0.669,295
24,12,0,0,0,11,9,2,2.673,295
7,4,0,0,0,5,6,2,1.116,296
11,7,0,0,0,9,6,2,1.926,296
18,10,0,0,0,5,7,1,1.506,327
22,11,0,0,0,10,7,2,2.440,295
5,0,0,0,0,4,4,2,0.808,295
3,2,0,0,0,4,4,2,0.808,295
24,9,0,0,0,7,8,2,1.957,296
2,1,0,0,0,2,3,1,0.433,328
17,5,0,0,0,5,7,1,1.362,327
10,8,0,0,0,7,8,3,1.609,264
13,0,0,0,0,18,5,3,3.262,263
3,4,0,0,0,5,9,3,1.021,263
2,2,0,0,0,2,4,1,0.457,328
19,7,0,0,0,8,7,2,1.947,296
14,0,0,0,0,7,6,2,1.512,295
6,0,0,0,0,3,4,2,0.667,296
3,4,0,0,0,4,7,3,0.857,264
4,4,0,0,0,6,9,4,1.206,231
18,7,0,0,0,6,7,1,1.614,327
2,2,0,0,0,2,3,2,0.456,296
7,4,0,0,0,5,7,3,1.113,263
4,4,0,0,0,3,5,1,0.717,327
24,14,0,0,0,11,7,2,2.708,296
22,10,0,0,0,10,8,2,2.405,295
16,8,0,0,0,7,5,1,1.733,326
18,7,0,0,0,8,7,2,1.922,295
5,0,0,0,0,10,4,3,1.784,263
30,15,0,0,0,13,8,2,3.202,295
27,17,0,0,0,19,6,2,4.148,294
22,10,0,0,0,11,6,2,2.583,295
2,2,0,0,0,3,4,2,0.621,296
4,3,0,0,0,4,4,1,0.858,327
6,0,0,0,0,4,4,2,0.831,296
18,11,0,0,0,9,8,2,2.193,296
4,0,0,0,0,4,5,4,0.783,231
16,8,0,0,0,3,6,1,1.085,327
5,2,0,0,0,2,4,1,0.529,327
11,4,0,0,0,6,5,1,1.374,327
20,10,0,0,0,8,8,2,2.047,296
3,2,0,0,0,3,5,2,0.644,296
10,3,0,0,0,10,5,3,1.976,263
6,0,0,0,0,3,4,2,0.669,295
21,6,0,0,0,7,8,2,1.808,296
10,5,0,0,0,6,6,2,1.373,296
21,6,0,0,0,5,7,2,1.481,296
21,7,0,0,0,7,7,2,1.850,295
26,11,0,0,0,13,7,2,3.012,295
3,2,0,0,0,2,4,1,0.481,328
5,2,0,0,0,4,4,1,0.857,327
3,0,0,0,0,1,3,1,0.268,328
9,5,0,0,0,7,6,2,1.510,295
12,0,0,0,0,8,6,3,1.623,264
8,4,0,0,0,3,4,1,0.814,328
2,1,0,0,0,4,3,2,0.757,296
7,0,0,0,0,6,4,3,1.183,264
13,5,0,0,0,5,5,1,1.271,327
6,0,0,0,0,6,7,6,1.159,166
9,7,0,0,0,6,7,2,1.384,295
15,12,0,0,0,19,9,3,3.755,263
6,4,0,0,0,4,5,1,0.928,327
11,0,0,0,0,12,5,3,2.252,263
9,7,0,0,0,7,7,2,1.556,295
12,6,0,0,0,4,5,1,1.110,327
5,4,0,0,1,5,12,4,1.067,231
2,3,0,0,0,3,5,2,0.643,296
6,0,0,0,0,5,4,3,0.998,263
11,9,0,0,0,11,5,2,2.291,295
2,0,0,0,0,2,3,1,0.408,328
14,0,0,0,0,9,5,2,1.826,295
11,5,0,0,0,7,6,2,1.555,295
8,5,0,0,0,6,7,2,1.328,295
20,5,0,0,0,6,6,1,1.613,327
3,3,0,0,0,4,7,3,0.833,264
10,5,0,0,0,12,5,3,2.345,263
9,3,0,0,0,3,5,1,0.813,327
13,4,0,0,0,5,7,2,1.246,296
6,7,0,0,0,8,6,2,1.649,295
7,4,0,0,0,4,6,2,0.952,296
2,1,0,0,0,2,3,1,0.432,328
12,4,0,0,0,12,6,2,2.367,295
13,10,0,0,0,10,6,2,2.199,295
4,3,0,0,0,3,4,1,0.694,327
10,5,0,0,0,7,7,2,1.528,296
4,0,0,0,0,4,4,3,0.784,264
8,0,0,0,0,7,4,3,1.368,263
20,8,0,0,0,6,7,2,1.668,296
4,0,0,0,0,5,4,2,0.947,295
5,0,0,0,0,2,3,1,0.482,328
5,0,0,0,0,6,4,2,1.134,296
6,0,0,0,0,5,4,2,0.997,295
10,4,0,0,0,4,5,1,1.027,327
15,11,0,0,0,9,7,2,2.101,296
9,6,0,0,0,5,6,2,1.207,296
9,0,0,0,0,6,4,2,1.231,295
19,13,0,0,0,11,6,2,2.580,296
5,0,0,0,0,5,5,2,0.971,295
6,3,0,0,0,3,4,1,0.743,327
8,4,0,0,0,5,6,1,1.138,327
3,1,0,0,0,3,3,2,0.622,296
11,6,0,0,0,7,6,2,1.582,296
3,2,0,0,0,3,4,1,0.645,327
4,2,0,0,0,1,3,1,0.342,328
2,1,0,0,0,4,3,1,0.666,327
5,3,0,0,0,2,5,1,0.554,327
7,5,0,0,0,7,13,5,1.464,199
2,2,0,0,0,3,4,1,0.621,328
9,5,0,0,0,7,5,2,1.512,296
8,0,0,0,0,7,4,2,1.368,295
9,5,0,0,0,5,6,2,1.190,296
2,3,0,0,0,2,4,2,0.481,296
9,0,0,0,0,4,4,2,0.903,296
8,6,0,0,0,5,5,2,1.186,296
6,4,0,0,0,3,5,1,0.766,327
4,4,0,0,0,6,7,3,1.206,263
23,9,0,0,0,6,7,1,1.781,327
10,5,0,0,0,4,5,1,1.048,327
9,0,0,0,0,6,4,3,1.231,263
6,0,0,0,0,9,4,3,1.646,264
9,7,0,0,0,7,5,2,1.550,296
18,5,0,0,0,6,7,2,1.551,296
8,3,0,0,0,1,5,1,0.462,327
4,3,0,0,0,4,8,3,0.858,264
4,4,0,0,0,4,5,2,0.880,295
8,6,0,0,0,5,5,1,1.186,327
5,2,0,0,0,1,4,1,0.365,328
5,6,0,0,0,4,5,1,0.950,327
14,5,0,0,0,4,5,1,1.139,327
18,7,0,0,0,3,7,1,1.112,327
7,2,0,0,0,6,4,2,1.229,295
4,0,0,0,0,7,4,2,1.277,295
3,0,0,0,2,2,4,1,0.433,328
14,4,0,0,0,5,6,1,1.271,327
6,5,0,0,0,4,4,1,0.951,327
2,2,0,0,0,2,4,2,0.457,296
3,4,0,0,0,4,4,2,0.858,295
21,8,0,0,0,9,7,2,2.181,296
17,7,0,0,0,10,8,2,2.225,295
13,7,0,0,0,6,6,1,1.480,327
16,5,0,0,0,5,7,1,1.342,327
8,0,0,0,0,3,4,1,0.717,327
4,3,0,0,0,5,8,3,1.021,264
19,7,0,0,0,9,7,2,2.130,296
31,16,0,0,0,16,7,2,3.737,295
10,4,0,0,0,6,7,1,1.353,327
3,2,0,0,0,3,4,1,0.644,327
5,3,0,0,0,7,4,2,1.367,296
12,7,0,0,0,8,5,1,1.782,327
4,3,0,0,0,2,5,1,0.529,327
21,10,0,0,0,12,7,2,2.719,295
7,2,0,0,0,3,6,1,0.743,327
17,5,0,0,0,6,7,1,1.528,327
3,3,0,0,0,4,5,2,0.833,296
5,4,0,0,0,4,4,1,0.904,327
6,5,0,0,0,6,6,2,1.279,295
2,2,0,0,0,2,4,2,0.457,296
5,1,0,0,0,1,3,1,0.342,328
12,9,0,0,0,12,7,3,2.473,264
2,2,0,0,0,5,5,1,0.947,327
4,3,0,0,0,4,5,2,0.857,296
2,2,0,0,0,3,4,2,0.621,296
11,2,0,0,0,18,5,3,3.263,263
12,5,0,0,0,5,5,1,1.260,327
3,2,0,0,0,2,4,1,0.481,328
28,15,0,0,0,12,7,2,3.009,296
8,8,0,0,0,8,17,6,1.721,166
5,4,0,0,0,3,5,1,0.743,327
9,0,0,0,0,6,4,2,1.231,295
3,3,0,0,0,2,4,1,0.504,327
3,4,0,0,0,4,6,2,0.857,296
4,0,0,0,0,7,4,3,1.276,263
10,5,0,0,0,4,6,1,1.050,327
10,5,0,0,0,6,5,1,1.371,327
6,0,0,0,0,3,5,2,0.669,296
5,2,0,0,0,3,5,1,0.694,327
12,6,0,0,0,7,6,2,1.607,295
5,3,0,0,0,3,4,1,0.719,328
3,3,0,0,0,3,4,1,0.669,327
22,10,0,0,0,14,8,2,3.058,295
10,0,0,0,0,7,5,3,1.417,264
14,3,0,0,0,6,6,2,1.411,296
10,7,0,0,0,7,6,2,1.582,295
2,0,0,0,0,1,3,1,0.245,328
19,7,0,0,0,7,8,2,1.785,296
11,8,0,0,0,8,7,2,1.789,295
18,7,0,0,0,6,7,2,1.610,296
2,2,0,0,0,3,3,1,0.620,327
12,7,0,0,0,8,7,2,1.796,295
1,2,0,0,0,2,4,2,0.433,296
2,2,0,0,0,3,5,2,0.620,296
7,0,0,0,0,4,4,2,0.860,295
20,6,0,0,0,5,7,1,1.475,327
8,4,0,0,0,4,7,2,0.978,296
5,0,0,0,0,2,3,1,0.481,328
8,6,0,0,0,5,5,2,1.187,296
22,6,0,0,0,6,7,2,1.666,296
6,4,0,0,0,7,5,2,1.414,295
4,2,0,0,0,3,4,1,0.669,327
15,6,0,0,0,7,7,2,1.666,296
4,4,0,0,0,5,10,4,1.042,231
14,7,0,0,0,8,6,2,1.841,295
2,3,0,0,0,2,4,1,0.481,328
11,8,0,0,0,7,6,2,1.627,296
7,1,0,0,0,1,5,1,0.390,328
7,5,0,0,0,7,5,2,1.465,295
5,4,0,0,0,3,4,1,0.742,327
11,5,0,0,0,5,6,1,1.233,327
28,13,0,0,0,8,7,1,2.294,327
6,4,0,0,0,4,6,2,0.927,296
14,0,0,0,0,3,6,1,0.861,327
18,5,0,0,0,7,7,2,1.714,296
11,4,0,0,0,4,5,1,1.048,327
17,7,0,0,0,7,7,2,1.754,296
2,2,0,0,0,3,4,1,0.620,327
16,7,0,0,0,8,8,2,1.894,295
4,2,0,0,0,3,4,2,0.669,295
5,4,0,0,0,6,5,2,1.231,296
8,0,0,0,0,7,4,2,1.368,295
5,0,0,0,0,4,4,2,0.807,295
18,7,0,0,0,6,8,1,1.611,326
9,7,0,0,0,8,7,2,1.724,296
5,3,0,0,0,3,4,1,0.717,327
1,1,0,0,0,1,3,1,0.245,328
3,2,0,0,0,3,4,1,0.644,328
12,5,0,0,0,4,6,1,1.093,327
16,5,0,0,0,5,6,1,1.344,327
3,2,0,0,0,2,3,1,0.386,328
9,6,0,0,0,6,5,2,1.373,296
4,0,0,0,0,3,3,1,0.620,328
6,0,0,0,0,5,4,2,0.997,295
9,0,0,0,0,6,4,3,1.230,264
1,1,0,0,0,1,3,1,0.245,328
8,5,0,0,0,5,5,2,1.161,296
3,2,0,0,0,2,3,1,0.481,328
9,4,0,0,0,7,5,2,1.487,296
2,1,0,0,0,2,3,1,0.360,328
20,13,0,0,0,15,9,2,3.167,295
16,9,0,0,0,6,5,1,1.597,327
14,8,0,0,0,8,6,2,1.853,296
5,4,0,0,0,4,4,1,0.904,327
11,5,0,0,0,6,7,2,1.390,295
2,1,0,0,0,2,3,1,0.433,328
8,2,0,0,0,5,4,2,1.091,295
2,0,0,0,0,3,3,2,0.572,296
19,9,0,0,0,8,8,2,1.993,295
6,5,0,0,0,4,4,1,0.953,327
2,1,0,0,0,2,3,2,0.433,296
19,8,0,0,0,9,7,2,2.134,296
4,2,0,0,0,4,4,2,0.834,295
9,5,0,0,0,8,6,2,1.665,295
2,3,0,0,0,2,6,2,0.481,296
3,2,0,0,0,3,5,2,0.644,296
22,11,0,0,0,7,8,1,1.949,326
15,6,0,0,0,5,7,2,1.352,296
13,5,0,0,0,4,5,1,1.108,327
36,0,0,0,0,29,7,4,5.578,230
7,0,0,0,0,8,4,2,1.510,296
10,7,0,0,0,8,6,2,1.750,295
3,3,0,0,0,4,5,2,0.808,296
26,18,0,0,0,19,7,2,4.145,295
22,9,0,0,0,10,8,2,2.411,294
8,2,0,0,0,4,5,1,0.928,327
1,2,0,0,0,1,3,1,0.268,328
3,4,0,0,0,3,4,1,0.693,327
14,8,0,0,0,9,6,2,2.034,295
26,11,0,0,0,18,6,2,3.834,295
26,7,0,0,0,8,7,2,2.107,295
2,2,0,0,0,2,4,1,0.457,328
3,2,0,0,0,5,7,3,0.973,263
3,1,0,0,0,1,3,1,0.293,328
2,1,0,0,0,2,3,1,0.409,327
2,2,0,0,0,1,4,1,0.293,328
2,1,0,0,0,1,3,1,0.268,328
2,1,0,0,0,4,3,2,0.759,296
19,6,0,0,0,6,7,2,1.618,296
13,10,0,0,0,8,6,2,1.891,295
17,0,0,0,0,14,5,2,2.728,295
2,0,0,0,0,5,3,3,0.899,264
7,5,0,0,0,4,6,2,0.977,296
22,10,0,0,0,8,7,2,2.090,296
10,7,0,0,0,6,9,2,1.418,295
4,2,0,0,0,2,4,1,0.505,328
9,5,0,0,0,6,6,2,1.349,296
10,7,0,0,0,8,5,2,1.749,296
2,0,0,0,0,3,3,2,0.573,296
3,4,0,0,0,2,4,1,0.528,327
2,3,0,0,0,2,4,1,0.481,328
8,5,0,0,0,4,7,2,0.999,296
27,12,0,0,0,8,7,1,2.262,326
2,2,0,0,0,3,3,1,0.621,328
9,0,0,0,0,6,4,2,1.232,295
2,2,0,0,0,3,3,2,0.621,295
4,2,0,0,0,3,4,1,0.672,328
2,0,0,0,0,3,3,2,0.572,296
5,3,0,0,0,4,6,2,0.881,296
2,1,0,0,0,3,4,2,0.596,296
7,0,0,0,0,8,4,4,1.508,231
8,4,0,0,0,2,5,1,0.644,327
5,0,0,0,0,4,4,2,0.809,296
9,3,0,0,0,3,4,1,0.812,327
19,6,0,0,0,5,7,2,1.434,296
9,0,0,0,0,6,4,2,1.231,295
4,3,0,0,0,4,4,2,0.856,296
8,7,0,0,0,4,5,1,1.048,327
15,10,0,0,0,10,7,2,2.266,295
14,9,0,0,0,8,5,2,1.873,295
7,2,0,0,0,6,4,2,1.231,296
2,0,0,0,0,5,3,3,0.899,264
17,6,0,0,0,6,6,1,1.551,327
20,9,0,0,0,8,7,2,2.021,295
31,14,0,0,0,16,7,2,3.689,295
32,15,0,0,0,16,7,2,3.770,295
17,9,0,0,0,7,8,2,1.780,296
19,7,0,0,0,4,7,1,1.312,327
6,0,0,0,0,5,4,2,0.997,295
4,2,0,0,0,5,4,2,0.996,296
14,6,0,0,0,6,5,2,1.491,296
20,6,0,0,0,7,8,1,1.779,327
19,7,0,0,0,8,7,2,1.948,296
19,6,0,0,0,4,6,1,1.272,327
5,4,0,0,0,3,5,2,0.743,296
4,4,0,0,0,2,4,1,0.555,328
14,6,0,0,0,7,7,1,1.647,327
13,9,0,0,0,9,5,2,2.013,296
2,2,0,0,0,3,3,2,0.621,296
16,6,0,0,0,4,6,1,1.205,327
4,0,0,0,0,7,4,3,1.276,264
19,8,0,0,0,8,7,2,1.981,295
21,6,0,0,0,7,7,1,1.805,327
4,1,0,0,0,2,3,1,0.481,328
10,4,0,0,0,5,5,1,1.188,327
5,4,0,0,0,4,4,1,0.903,327
4,0,0,0,0,4,4,2,0.784,296
4,4,0,0,0,3,4,2,0.716,295
2,1,0,0,0,2,3,1,0.433,328
3,2,0,0,0,2,4,1,0.481,328
13,5,0,0,0,5,5,1,1.270,327
4,5,0,0,0,4,4,1,0.903,327
13,10,0,0,0,5,7,1,1.387,327
1,0,0,0,0,4,3,2,0.711,296
11,6,0,0,0,8,5,1,1.748,327
19,9,0,0,0,13,8,2,2.815,295
30,11,0,0,0,11,8,2,2.794,295
3,3,0,0,0,3,4,1,0.670,327
10,8,0,0,0,10,6,2,2.090,295
11,11,0,0,0,11,6,2,2.348,295
17,6,0,0,0,4,7,1,1.227,327
7,3,0,0,0,5,5,1,1.092,327
40,18,0,0,0,17,12,2,4.163,294
8,4,0,0,0,5,5,1,1.140,327
7,0,0,0,0,4,4,2,0.859,296
6,4,0,0,0,5,5,2,1.091,296
4,3,0,0,0,5,6,3,1.021,264
6,0,0,0,0,5,4,2,0.997,295
2,3,0,0,0,2,3,2,0.482,296
10,5,0,0,0,7,6,2,1.528,296
10,10,0,0,0,10,20,7,2.126,133
28,14,0,0,0,13,7,2,3.145,295
3,2,0,0,0,2,3,1,0.482,328
5,0,0,0,0,4,4,2,0.808,296
4,5,0,0,0,4,4,1,0.905,327
3,2,0,0,0,4,5,2,0.806,296
1,2,0,0,0,2,3,1,0.385,327
5,4,0,0,0,4,4,2,0.903,295
15,6,0,0,0,6,7,2,1.514,296
2,1,0,0,1,2,3,2,0.408,296
12,8,0,0,0,10,7,1,2.128,327
1,2,0,0,0,3,4,2,0.595,296
3,0,0,0,0,6,4,2,1.082,295
29,16,0,0,0,12,8,2,3.043,295
6,3,0,0,0,6,4,2,1.232,296
4,4,0,0,0,3,5,2,0.718,296
1,1,0,0,0,1,2,1,0.245,328
9,7,0,0,0,5,5,1,1.232,327
2,1,0,0,0,1,3,1,0.269,328
6,0,0,0,0,3,4,2,0.669,296
5,4,0,0,0,4,5,1,0.904,327
21,6,0,0,0,7,7,2,1.804,296
2,2,0,0,0,3,3,2,0.621,296
4,2,0,0,0,5,4,2,0.999,296
22,7,0,0,0,7,7,2,1.866,296
30,16,0,0,0,16,7,2,3.718,295
3,3,0,0,0,2,4,1,0.505,327
5,3,0,0,0,4,4,2,0.881,296
13,5,0,0,0,4,6,1,1.108,327
8,7,0,0,0,10,6,3,2.030,264
19,8,0,0,0,6,7,2,1.641,296
23,0,0,0,0,24,6,4,4.469,230
4,3,0,0,0,2,4,1,0.529,327
20,8,0,0,0,7,7,2,1.847,296
3,2,0,0,0,2,4,1,0.481,328
27,10,0,0,0,10,8,2,2.536,295
17,11,0,0,0,11,6,2,2.497,296
10,7,0,0,0,8,7,2,1.749,295
4,0,0,0,0,5,5,1,0.946,327
7,4,0,0,0,2,4,1,0.625,327
3,3,0,0,0,3,6,2,0.669,296
17,7,0,0,0,8,7,2,1.899,296
7,0,0,0,0,12,5,3,2.161,263
4,1,0,0,0,3,4,2,0.644,296
7,3,0,0,0,3,5,1,0.766,327
15,0,0,0,0,10,5,2,2.031,295
20,9,0,0,0,7,7,2,1.856,296
11,5,0,0,0,3,5,1,0.910,327
2,2,0,0,0,3,4,1,0.622,328
6,5,0,0,0,4,5,1,0.951,327
3,2,0,0,0,2,3,1,0.481,328
4,3,0,0,0,3,4,1,0.694,327
2,1,0,0,0,2,3,1,0.385,327
21,8,0,0,0,7,8,2,1.853,296
5,0,0,0,0,4,4,2,0.806,296
18,7,0,0,0,7,8,2,1.760,295
2,2,0,0,0,2,4,1,0.457,328
16,9,0,0,0,4,7,2,1.271,296
18,4,0,0,0,6,7,2,1.528,296
11,6,0,0,0,6,5,1,1.418,327
2,1,0,0,0,2,3,1,0.432,328
11,0,0,0,0,8,5,3,1.603,263
18,7,0,0,0,9,7,2,2.085,296
0,2,0,0,0,1,2,1,0.245,329
15,8,0,0,0,8,5,2,1.873,296
3,1,0,0,0,2,4,2,0.456,296
19,9,0,0,0,7,7,1,1.847,327
5,3,0,0,0,6,10,4,1.206,231
30,13,0,0,0,12,8,2,3.007,296
5,4,0,0,0,3,4,2,0.742,296
2,1,0,0,0,3,4,1,0.572,327
15,7,0,0,0,5,6,1,1.366,327
16,5,0,0,0,6,6,2,1.505,296
2,2,0,0,0,3,4,2,0.622,296
2,2,0,0,0,4,6,2,0.783,296
6,3,0,0,0,4,4,1,0.903,327
11,6,0,0,0,4,6,2,1.095,296
3,1,0,0,0,3,4,1,0.622,327
10,1,0,0,0,20,5,4,3.535,230
5,0,0,0,0,5,4,2,0.971,296
10,6,0,0,0,8,6,2,1.720,296
14,9,0,0,0,8,5,1,1.871,326
15,10,0,0,0,10,6,2,2.247,296
10,5,0,0,0,5,5,1,1.207,327
21,10,0,0,0,11,7,2,2.545,296
11,6,0,0,0,5,5,1,1.252,327
15,6,0,0,0,4,6,1,1.191,327
5,2,0,0,0,6,5,2,1.042,296
16,5,0,0,0,5,8,2,1.344,296
20,0,0,0,0,11,5,3,2.293,263
7,7,0,0,0,12,10,4,2.324,230
2,1,0,0,0,2,3,1,0.432,328
9,3,0,0,0,3,5,1,0.813,327
12,5,0,0,0,4,6,1,1.095,327
8,4,0,0,0,3,5,1,0.814,327
6,0,0,0,0,7,4,2,1.320,295
8,0,0,0,0,5,5,2,1.043,296
3,1,0,0,0,3,3,2,0.620,296
41,26,0,0,0,22,9,2,5.181,294
27,15,0,0,0,17,8,3,3.819,264
5,4,0,0,0,4,5,2,0.903,295
8,6,0,0,0,5,6,2,1.186,295
3,0,0,0,2,2,4,1,0.432,328
13,9,0,0,0,9,6,2,2.012,295
27,14,0,0,0,14,7,2,3.289,295
13,5,0,0,0,5,5,1,1.270,327
12,5,0,0,0,5,9,2,1.248,295
3,3,0,0,0,4,5,2,0.831,296
21,7,0,0,0,9,7,2,2.158,296
4,0,0,0,0,4,5,4,0.784,231
7,6,0,0,0,6,5,2,1.326,296
18,9,0,0,0,6,8,2,1.644,296
3,2,0,0,0,2,4,1,0.482,327
21,8,0,0,0,6,6,1,1.714,327
21,8,0,0,0,5,7,1,1.530,327
5,3,0,0,0,4,5,2,0.881,296
4,4,0,0,0,3,4,1,0.719,327
8,9,0,0,0,6,6,2,1.424,296
3,3,0,0,0,5,4,1,0.997,327
3,3,0,0,0,3,4,2,0.668,296
2,2,0,0,0,2,3,2,0.457,296
6,4,0,0,0,5,4,2,1.092,296
3,2,0,0,0,3,4,1,0.644,328
10,7,0,0,0,9,6,2,1.905,296
4,0,0,0,0,7,4,3,1.274,263
4,1,0,0,0,3,4,2,0.643,296
19,9,0,0,0,7,7,2,1.850,295
4,5,0,0,0,5,8,3,1.067,264
4,0,0,0,0,4,4,2,0.783,296
22,14,0,0,0,13,6,2,2.984,296
3,2,0,0,0,4,4,1,0.808,328
2,0,0,0,0,3,3,1,0.572,328
9,0,0,0,0,6,4,2,1.230,295
10,0,0,0,0,5,4,2,1.091,296
17,7,0,0,0,5,8,1,1.408,327
10,5,0,0,0,3,5,1,0.887,327
2,1,0,0,0,2,3,1,0.432,328
5,4,0,0,0,6,5,2,1.232,296
5,3,0,0,0,5,5,1,1.041,327
4,0,0,0,0,5,4,3,0.945,263
21,5,0,0,0,8,8,2,1.947,295
5,3,0,0,0,4,5,2,0.881,296
3,2,0,0,0,6,4,1,1.144,327
11,6,0,0,0,6,6,1,1.419,327
28,15,0,0,0,16,7,2,3.642,295
3,0,0,0,0,4,4,1,0.761,327
5,2,0,0,0,4,4,1,0.857,327
18,5,0,0,0,5,7,1,1.386,327
2,2,0,0,0,2,4,1,0.457,328
5,0,0,0,0,3,4,1,0.645,327
20,7,0,0,0,8,7,2,1.990,296
3,0,0,0,0,4,4,2,0.759,296
9,4,0,0,0,5,6,1,1.162,327
14,5,0,0,0,3,6,1,0.970,327
18,8,0,0,0,8,7,1,1.949,327
12,5,0,0,0,6,6,2,1.423,296
5,0,0,0,0,6,4,3,1.137,263
16,6,0,0,0,9,5,2,2.013,295
6,0,0,0,0,9,4,4,1.648,231
3,2,0,0,0,2,4,1,0.481,328
14,7,0,0,0,8,6,2,1.829,296
10,7,0,0,0,8,6,2,1.749,296
3,4,0,0,0,3,4,2,0.695,296
18,9,0,0,0,4,5,1,1.334,326
9,6,0,0,0,7,8,2,1.529,295
2,3,0,0,0,2,6,2,0.480,296
5,4,0,0,0,4,4,1,0.904,327
7,5,0,0,0,11,5,3,2.113,263
2,3,0,0,0,2,4,1,0.481,328
5,5,0,0,0,5,4,2,1.090,296
2,0,0,0,0,3,3,2,0.572,295
4,2,0,0,0,3,4,1,0.669,327
18,10,0,0,0,10,8,2,2.327,295
5,2,0,0,0,3,4,1,0.694,328
3,4,0,0,0,3,4,1,0.693,327
21,6,0,0,0,5,7,1,1.481,327
4,2,0,0,0,7,4,3,1.321,263
5,0,0,0,0,5,5,2,0.972,295
3,1,0,0,0,4,5,3,0.783,264
7,0,0,0,0,7,5,3,1.343,263
20,6,0,0,0,5,7,1,1.474,327
12,0,0,0,0,5,6,3,1.137,264
5,0,0,0,0,4,5,2,0.806,295
3,3,0,0,0,4,6,2,0.833,295
13,3,0,0,0,7,6,1,1.558,327
15,7,0,0,0,5,6,1,1.379,327
1,2,0,0,0,2,4,2,0.432,296
19,6,0,0,0,6,7,1,1.611,327
5,5,0,0,0,5,11,4,1.091,231
8,7,0,0,0,4,5,1,1.049,327
21,13,0,0,0,13,6,2,2.951,295
9,4,0,0,0,6,6,2,1.329,296
6,4,0,0,0,5,4,2,1.091,296
31,15,0,0,0,17,7,2,3.880,295
2,2,0,0,0,2,4,1,0.457,328
12,7,0,0,0,8,9,3,1.797,264
3,0,0,0,0,4,3,2,0.757,296
16,6,0,0,0,5,7,1,1.367,327
2,2,0,0,0,2,5,1,0.457,328
22,6,0,0,0,6,7,1,1.666,327
18,6,0,0,0,7,7,2,1.754,296
2,1,0,0,0,2,3,2,0.433,296
22,10,0,0,0,12,6,2,2.748,295
4,3,0,0,0,4,4,1,0.858,327
33,7,0,0,0,9,9,2,2.458,296
4,5,0,0,0,5,6,2,1.067,296
22,9,0,0,0,11,7,2,2.553,295
3,3,0,0,0,5,5,3,0.997,263
3,3,0,0,0,2,4,2,0.504,296
10,6,0,0,0,5,5,2,1.235,296
13,9,0,0,0,9,5,2,2.010,296
6,5,0,0,0,4,4,1,0.950,327
3,3,0,0,0,3,4,1,0.668,328
11,6,0,0,0,7,6,2,1.580,296
8,4,0,0,0,1,5,1,0.485,327
12,10,0,0,0,9,5,2,2.012,294
8,4,0,0,0,3,4,1,0.814,327
3,1,0,0,0,2,4,1,0.457,328
6,4,0,0,0,5,4,2,1.092,295
4,2,0,0,0,4,6,2,0.833,296
18,8,0,0,0,9,7,2,2.126,296
14,6,0,0,0,4,8,2,1.164,296
5,4,0,0,0,4,5,1,0.903,327
13,2,0,0,0,3,8,2,0.886,296
2,2,0,0,0,3,3,1,0.527,327
4,0,0,0,0,3,4,2,0.620,296
5,4,0,0,0,6,4,2,1.228,295
23,0,0,0,0,12,6,2,2.548,294
4,3,0,0,0,3,4,2,0.693,296
17,6,0,0,0,4,7,1,1.228,327
2,1,0,0,0,2,3,2,0.432,296
20,0,0,0,0,11,5,3,2.288,262
3,3,0,0,0,3,4,2,0.667,296
27,13,0,0,0,10,8,2,2.595,296
4,3,0,0,0,3,4,1,0.694,328
2,3,0,0,0,2,4,1,0.481,327
4,2,0,0,0,3,5,2,0.668,295
3,2,0,0,0,2,3,1,0.481,328
3,2,0,0,0,3,5,1,0.644,327
4,0,0,0,0,3,3,2,0.622,296
7,6,0,0,0,4,5,1,1.000,327
16,0,0,0,0,9,5,2,1.893,295
30,15,0,0,0,16,7,2,3.686,295
18,9,0,0,0,15,11,4,3.105,231
21,0,0,0,0,42,6,5,7.338,198
9,3,0,0,0,6,7,2,1.302,296
2,2,0,0,0,2,3,1,0.457,328
22,10,0,0,0,9,7,2,2.245,296
20,7,0,0,0,8,7,2,1.990,296
20,9,0,0,0,9,7,1,2.186,327
5,0,0,0,0,3,4,2,0.643,296
9,6,0,0,0,8,7,2,1.693,295
14,9,0,0,0,8,5,1,1.892,326
5,4,0,0,0,2,4,1,0.577,327
21,8,0,0,0,8,7,2,2.014,295
8,7,0,0,0,4,6,1,1.047,327
11,6,0,0,0,6,6,1,1.415,327
5,0,0,0,0,5,4,3,0.971,263
5,0,0,0,0,6,4,2,1.136,295
17,5,0,0,0,7,7,1,1.686,327
2,0,0,0,0,1,2,1,0.245,328
9,0,0,0,0,6,5,2,1.231,295
10,5,0,0,0,5,6,2,1.210,296
3,3,0,0,0,3,4,2,0.669,296
5,2,0,0,0,8,4,1,1.510,327
2,1,0,0,0,1,3,1,0.268,328
3,2,0,0,0,3,5,2,0.643,296
5,2,0,0,0,2,4,1,0.530,328
7,0,0,0,0,8,4,3,1.506,264
8,0,0,0,0,5,4,2,1.041,295
5,0,0,0,0,6,4,2,1.135,295
21,13,0,0,0,13,6,2,2.955,295
2,0,0,0,0,2,3,2,0.407,296
36,0,0,0,0,19,7,3,3.986,262
11,0,0,0,0,8,5,2,1.605,295
28,8,0,0,0,7,8,2,2.027,296
3,2,0,0,0,2,3,1,0.481,328
4,3,0,0,0,2,4,1,0.530,328
8,4,0,0,0,3,4,1,0.813,327
15,0,0,0,0,16,5,3,2.983,262
16,7,0,0,0,6,6,1,1.547,327
10,5,0,0,0,6,7,2,1.372,295
28,12,0,0,0,9,7,1,2.435,326
4,2,0,0,0,2,4,2,0.504,296
11,2,0,0,0,4,6,2,0.999,296
6,0,0,0,0,5,4,2,0.999,296
3,2,0,0,0,2,3,1,0.481,328
24,13,0,0,0,14,7,2,3.179,295
6,4,0,0,0,4,5,1,0.927,327
5,4,0,0,0,4,6,2,0.903,296
13,5,0,0,0,7,8,2,1.609,296
2,3,0,0,0,2,3,1,0.481,328
19,7,0,0,0,7,7,1,1.784,327
13,7,0,0,0,7,5,1,1.655,327
20,0,0,0,0,27,6,4,4.888,231
14,10,0,0,0,13,10,3,2.710,263
7,0,0,0,0,8,4,2,1.507,295
13,9,0,0,0,9,6,2,2.027,296
16,6,0,0,0,5,7,1,1.364,327
8,5,0,0,0,6,6,2,1.328,296
7,0,0,0,0,7,5,3,1.342,264
6,4,0,0,0,5,4,2,1.090,296
17,0,0,0,0,7,6,2,1.576,295
3,2,0,0,0,2,3,2,0.481,296
11,7,0,0,0,5,8,2,1.278,295
6,4,0,0,0,5,5,2,1.090,296
6,5,0,0,0,4,4,1,0.952,327
3,1,0,0,0,3,3,1,0.620,328
5,0,0,0,0,2,3,1,0.482,328
20,11,0,0,0,10,7,2,2.390,295
9,4,0,0,0,7,5,1,1.484,327
25,10,0,0,0,10,9,2,2.481,295
23,7,0,0,0,6,7,1,1.726,327
4,3,0,0,0,4,5,2,0.860,296
7,4,0,0,0,5,5,2,1.116,296
3,3,0,0,0,3,4,1,0.668,327
3,0,0,0,0,4,4,2,0.758,295
3,3,0,0,0,3,5,2,0.668,296
11,6,0,0,0,8,8,2,1.748,295
9,6,0,0,0,6,6,2,1.371,296
4,4,0,0,0,5,11,4,1.042,231
23,11,0,0,0,10,10,2,2.475,295
5,2,0,0,0,4,5,2,0.858,295
8,6,0,0,0,5,5,2,1.184,295
6,4,0,0,0,5,5,2,1.091,295
1,2,0,0,0,2,3,1,0.433,328
7,4,0,0,0,2,5,1,0.626,327
6,6,0,0,0,5,10,3,1.138,263
10,2,0,0,0,5,5,2,1.138,295
33,0,0,0,0,22,6,4,4.387,231
10,6,0,0,0,8,7,2,1.713,295
12,6,0,0,0,9,6,2,1.934,295
20,6,0,0,0,6,7,1,1.618,327
5,2,0,0,0,4,4,2,0.856,295
19,10,0,0,0,10,6,2,2.357,296
6,4,0,0,0,5,4,2,1.091,295
5,5,0,0,0,5,8,3,1.092,264
3,4,0,0,0,4,6,3,0.859,264
7,6,0,0,0,6,5,2,1.326,296
5,5,0,0,0,5,4,2,1.090,296
10,7,0,0,0,6,5,1,1.418,327
6,3,0,0,0,4,4,1,0.905,327
17,7,0,0,0,3,6,1,1.086,327
3,3,0,0,0,4,6,3,0.833,263
4,3,0,0,0,4,4,1,0.859,327
33,10,0,0,0,11,9,2,2.833,295
6,0,0,0,0,3,4,2,0.669,296
10,7,0,0,0,8,6,2,1.746,296
13,8,0,0,0,10,5,2,2.149,295
5,0,0,0,0,6,4,2,1.136,295
2,2,0,0,0,1,3,1,0.246,328
22,15,0,0,0,15,10,3,3.360,263
14,5,0,0,0,4,6,1,1.130,327
5,4,0,0,0,4,4,1,0.904,327
3,3,0,0,0,3,4,2,0.669,296
8,5,0,0,0,4,5,1,0.998,327
5,0,0,0,0,3,4,2,0.644,296
6,3,0,0,0,2,4,1,0.578,328
19,5,0,0,0,6,7,1,1.574,327
4,2,0,0,0,3,4,2,0.668,296
3,2,0,0,0,2,3,1,0.458,328
3,3,0,0,0,3,5,2,0.669,296
10,2,0,0,0,6,5,1,1.303,327
7,3,0,0,0,3,4,1,0.766,327
2,1,0,0,0,1,3,1,0.268,329
20,8,0,0,0,7,8,2,1.849,296
9,7,0,0,0,7,5,2,1.548,296
27,14,0,0,0,14,6,2,3.288,295
10,9,0,0,0,8,5,1,1.790,327
4,0,0,0,0,3,3,2,0.620,296
6,5,0,0,0,4,4,1,0.954,327
19,0,0,0,0,28,6,4,5.027,229
18,6,0,0,0,8,7,2,1.897,296
8,5,0,0,0,4,6,1,1.001,327
18,8,0,0,0,6,7,1,1.622,327
11,3,0,0,0,5,5,1,1.187,327
38,12,0,0,0,10,9,2,2.838,295
16,5,0,0,0,5,7,1,1.344,327
8,0,0,0,0,3,4,1,0.717,327
10,4,0,0,0,2,5,1,0.696,327
28,15,0,0,0,15,8,2,3.481,295
9,3,0,0,0,7,7,2,1.463,295
6,2,0,0,0,3,5,1,0.718,327
10,0,0,0,0,6,6,2,1.254,296
9,6,0,0,0,7,6,2,1.529,296
18,8,0,0,0,7,6,2,1.780,296
32,15,0,0,0,14,7,2,3.410,295
8,0,0,0,0,6,5,2,1.208,295
21,8,0,0,0,10,9,2,2.355,295
20,4,0,0,0,4,6,1,1.258,327
2,2,0,0,0,2,4,1,0.457,328
3,3,0,0,0,4,5,2,0.833,296
20,0,0,0,0,11,5,3,2.292,263
7,3,0,0,0,8,5,2,1.580,295
30,0,0,0,0,20,7,3,3.981,263
5,6,0,0,0,4,4,1,0.951,327
18,8,0,0,0,7,8,2,1.778,295
22,0,0,0,0,41,6,5,7.221,198
29,0,0,0,0,18,6,3,3.635,262
6,5,0,0,0,6,6,2,1.277,295
7,0,0,0,0,0,3,0,0.196,359
5,2,0,0,0,8,4,1,1.508,327
24,15,0,0,0,14,8,2,3.228,295
4,4,0,0,0,5,5,2,1.042,296
20,10,0,0,0,8,7,2,2.044,296
8,3,0,0,0,4,5,1,0.952,327
7,3,0,0,0,3,5,1,0.766,327
13,5,0,0,0,5,5,1,1.269,327
9,5,0,0,0,8,6,2,1.667,296
2,2,0,0,0,2,4,1,0.457,328
23,10,0,0,0,9,8,2,2.270,295
16,5,0,0,0,5,7,1,1.341,327
13,5,0,0,0,5,5,1,1.270,327
16,0,0,0,0,12,7,3,2.361,263
9,0,0,0,0,14,5,4,2.534,231
9,5,0,0,0,4,5,1,1.020,327
3,2,0,0,0,3,4,1,0.574,327
5,2,0,0,0,4,6,2,0.859,295
2,2,0,0,0,2,4,2,0.457,296
2,2,0,0,0,2,4,2,0.457,296
5,0,0,0,0,3,4,2,0.644,296
3,2,0,0,0,2,3,1,0.482,328
11,6,0,0,0,6,9,2,1.411,296
16,8,0,0,0,6,7,1,1.571,327
2,2,0,0,0,2,4,1,0.457,328
20,0,0,0,0,22,6,3,4.077,262
4,4,0,0,0,5,8,3,1.042,264
14,9,0,0,0,8,5,1,1.873,327
13,6,0,0,0,6,7,1,1.476,327
4,3,0,0,0,6,4,1,1.182,327
3,2,0,0,0,4,5,1,0.806,327
2,2,0,0,0,3,6,3,0.622,264
19,7,0,0,0,7,7,2,1.798,296
4,4,0,0,0,3,4,1,0.718,327
7,0,0,0,0,3,4,1,0.695,327
4,1,0,0,0,3,4,2,0.643,296
9,7,0,0,0,8,5,2,1.720,296
4,3,0,0,0,5,5,2,1.022,296
4,4,0,0,0,5,8,3,1.041,263
9,0,0,0,0,6,4,2,1.233,295
3,1,0,0,0,3,4,2,0.620,296
17,0,0,0,0,14,5,3,2.710,263
3,3,0,0,0,3,4,2,0.669,296
7,4,0,0,0,8,6,2,1.368,295
11,6,0,0,0,4,5,1,1.096,327
9,5,0,0,0,4,7,1,1.020,327
4,3,0,0,0,6,5,2,1.181,295
2,2,0,0,0,3,4,2,0.621,296
12,6,0,0,0,8,7,2,1.765,295
7,6,0,0,0,6,5,1,1.328,327
20,8,0,0,0,8,6,2,1.992,296
2,3,0,0,0,3,5,2,0.644,296
9,3,0,0,0,3,6,2,0.815,296
6,5,0,0,0,6,14,5,1.277,198
6,5,0,0,0,4,5,1,0.951,327
11,9,0,0,0,11,5,2,2.305,295
6,2,0,0,0,3,4,1,0.718,328
6,0,0,0,0,4,5,2,0.833,295
2,1,0,0,0,4,3,1,0.665,327
4,3,0,0,0,6,4,1,1.182,327
9,0,0,0,0,6,4,2,1.229,295
2,1,0,0,0,3,4,2,0.597,296
20,6,0,0,0,9,7,2,2.123,296
7,0,0,0,0,6,5,3,1.183,263
6,3,0,0,0,4,4,1,0.902,327
7,0,0,0,0,9,5,3,1.671,263
18,6,0,0,0,7,8,2,1.753,296
19,6,0,0,0,6,7,1,1.615,327
13,5,0,0,0,5,5,1,1.270,327
3,2,0,0,0,2,4,1,0.481,328
6,4,0,0,0,7,5,3,1.417,264
5,1,0,0,0,5,5,2,0.999,296
2,0,0,0,0,2,3,2,0.407,296
2,2,0,0,0,3,4,2,0.621,296
1,1,0,0,0,1,2,1,0.245,328
3,3,0,0,0,4,5,2,0.835,296
4,0,0,0,0,4,4,2,0.782,296
12,7,0,0,0,5,6,1,1.293,327
6,5,0,0,0,4,6,2,0.950,296
22,10,0,0,0,7,7,1,1.935,326
12,7,0,0,0,8,9,3,1.790,264
11,6,0,0,0,8,6,2,1.751,296
2,4,0,0,0,3,5,2,0.670,296
9,3,0,0,0,8,6,2,1.623,296
29,15,0,0,0,15,7,2,3.537,295
11,5,0,0,0,5,5,2,1.237,295
4,0,0,0,0,3,3,1,0.621,328
6,5,0,0,0,4,4,1,0.953,327
11,5,0,0,0,3,5,1,0.911,327
17,0,0,0,0,14,5,3,2.711,263
2,1,0,0,0,2,3,2,0.433,296
4,0,0,0,0,3,3,2,0.619,296
4,3,0,0,0,4,4,2,0.856,295
12,7,0,0,0,6,6,2,1.473,296
19,0,0,0,0,12,5,3,2.429,264
2,2,0,0,0,3,5,2,0.621,296
5,4,0,0,0,3,4,1,0.742,327
2,0,0,0,0,2,3,1,0.407,328
9,5,0,0,0,5,5,2,1.188,296
5,4,0,0,0,2,4,1,0.577,328
28,8,0,0,0,9,10,2,2.361,295
14,0,0,0,0,7,8,2,1.515,295
7,4,0,0,0,4,5,2,0.951,296
12,6,0,0,0,5,6,1,1.271,327
4,4,0,0,0,5,9,3,1.043,263
4,3,0,0,0,6,4,1,1.182,327
11,4,0,0,0,4,5,1,1.049,327
4,5,0,0,0,5,5,2,1.068,295
7,0,0,0,0,4,4,2,0.859,295
8,5,0,0,0,5,5,1,1.157,327
10,9,0,0,0,8,5,2,1.780,295
3,5,0,0,0,4,6,2,0.881,296
10,7,0,0,0,7,7,2,1.582,296
14,7,0,0,0,9,8,2,1.994,295
11,0,0,0,0,20,5,3,3.541,262
2,2,0,0,0,5,4,2,0.946,295
14,5,0,0,0,4,6,1,1.132,327
10,6,0,0,0,5,6,1,1.235,327
36,9,0,0,0,10,9,2,2.740,295
22,9,0,0,0,5,8,1,1.582,327
13,9,0,0,0,9,5,1,2.010,326
22,9,0,0,0,6,7,1,1.736,327
12,7,0,0,0,7,7,2,1.629,295
3,3,0,0,0,4,5,2,0.833,296
13,10,0,0,0,11,6,2,2.379,295
6,3,0,0,0,5,5,2,1.064,296
13,10,0,0,0,11,6,2,2.365,296
19,5,0,0,0,5,7,1,1.409,327
6,4,0,0,0,3,4,1,0.765,328
5,0,0,0,0,2,3,1,0.482,328
21,7,0,0,0,6,7,2,1.670,296
2,0,0,0,0,1,2,1,0.197,328
24,9,0,0,0,10,6,2,2.440,295
20,7,0,0,0,8,8,2,1.988,296
15,10,0,0,0,8,7,1,1.918,327
6,0,0,0,0,4,4,2,0.832,296
13,5,0,0,0,7,6,2,1.610,295
18,6,0,0,0,6,7,1,1.591,327
16,7,0,0,0,5,7,1,1.387,327
7,4,0,0,0,4,6,2,0.952,296
2,2,0,0,0,3,4,2,0.622,296
1,1,0,0,0,1,2,1,0.245,328
4,3,0,0,0,3,5,1,0.695,327
27,12,0,0,0,24,12,4,4.844,231
1,0,0,0,0,2,2,2,0.384,296
4,3,0,0,0,4,4,1,0.858,327
22,6,0,0,0,14,8,3,2.967,264
32,15,0,0,0,13,8,2,3.241,296
7,3,0,0,0,3,6,1,0.766,327
12,4,0,0,0,7,5,1,1.548,327
13,7,0,0,0,6,7,2,1.483,296
2,0,0,0,0,3,3,1,0.572,328
16,0,0,0,0,16,6,3,3.005,262
1,1,0,0,0,3,3,1,0.572,328
1,1,0,0,0,1,2,1,0.245,328
2,2,0,0,0,3,4,2,0.622,295
4,4,0,0,0,3,5,1,0.719,327
20,8,0,0,0,9,7,2,2.158,296
1,2,0,0,0,2,3,1,0.433,328
12,6,0,0,0,5,5,2,1.279,295
14,6,0,0,0,5,6,2,1.335,296
13,5,0,0,0,5,5,1,1.283,327
12,6,0,0,0,5,6,1,1.271,327
7,3,0,0,0,3,5,1,0.765,327
8,0,0,0,0,7,4,2,1.369,295
1,1,0,0,0,2,4,2,0.407,296
14,7,0,0,0,6,6,1,1.501,327
5,2,0,0,0,6,7,3,1.182,263
2,2,0,0,1,2,3,1,0.457,328
2,2,0,0,0,2,4,2,0.457,296
4,4,0,0,0,4,7,2,0.880,296
8,4,0,0,0,3,5,1,0.813,327
27,12,0,0,0,12,7,2,2.927,296
5,4,0,0,0,4,5,1,0.903,327
11,0,0,0,0,4,4,1,0.954,327
28,16,0,0,0,13,7,2,3.176,295
18,0,0,0,0,11,6,3,2.246,263
20,7,0,0,0,6,7,2,1.656,296
8,3,0,0,0,4,4,1,0.953,327
5,3,0,0,0,3,4,1,0.717,328
6,4,0,0,0,4,5,2,0.927,296
21,6,0,0,0,8,7,2,1.988,296
8,6,0,0,0,5,5,1,1.181,327
21,10,0,0,0,6,7,1,1.742,326
5,4,0,0,0,6,5,2,1.232,296
9,6,0,0,0,4,5,1,1.048,327
9,4,0,0,0,5,6,2,1.155,295
6,3,0,0,0,6,4,3,1.229,264
5,4,0,0,0,6,9,4,1.231,231
22,13,0,0,0,13,8,2,2.984,295
6,4,0,0,0,5,4,2,1.090,296
8,4,0,0,0,4,5,1,0.978,327
24,18,0,0,0,21,6,3,4.418,263
4,5,0,0,0,5,11,4,1.067,231
4,0,0,0,0,1,3,1,0.293,328
2,3,0,0,0,3,5,2,0.645,296
14,9,0,0,0,8,6,2,1.875,296
5,2,0,0,0,6,5,2,1.182,296
21,8,0,0,0,6,8,2,1.701,295
9,0,0,0,0,6,4,2,1.232,295
3,2,0,0,0,7,4,3,1.298,263
5,5,0,0,0,5,4,2,1.088,296
3,2,0,0,0,3,4,1,0.644,328
6,3,0,0,0,6,4,1,1.041,327
6,3,0,0,0,2,4,1,0.577,327
13,6,0,0,0,6,7,2,1.475,296
11,7,0,0,0,7,6,2,1.609,295
8,3,0,0,0,5,6,1,1.113,327
3,2,0,0,0,6,4,1,1.135,327
18,7,0,0,0,7,8,2,1.760,296
5,3,0,0,0,4,6,2,0.881,296
16,6,0,0,0,6,7,1,1.527,327
9,0,0,0,0,8,5,2,1.553,295
3,1,0,0,0,2,3,1,0.457,328
9,5,0,0,0,6,6,2,1.349,296
7,0,0,0,0,6,4,2,1.181,295
5,3,0,0,0,3,4,2,0.716,296
13,0,0,0,0,7,5,2,1.490,295
2,2,0,0,0,2,4,1,0.457,328
21,10,0,0,0,7,8,1,1.907,326
3,2,0,0,0,3,5,1,0.644,327
31,0,0,0,0,32,6,4,5.954,229
13,5,0,0,0,5,5,1,1.282,327
6,0,0,0,0,9,4,3,1.648,263
8,5,0,0,0,5,5,1,1.156,327
9,0,0,0,0,5,6,2,1.061,295
7,0,0,0,0,8,4,2,1.506,295
10,0,0,0,0,10,5,3,1.903,264
21,8,0,0,0,8,7,1,2.017,327
3,2,0,0,0,1,3,1,0.317,327
7,4,0,0,0,6,5,1,1.278,327
4,4,0,0,0,4,5,2,0.881,296
26,14,0,0,0,15,7,2,3.425,295
3,2,0,0,0,4,4,2,0.808,296
15,9,0,0,0,11,11,4,2.402,231
14,0,0,0,0,13,5,3,2.478,263
2,4,0,0,0,3,4,2,0.670,296
13,5,0,0,0,5,5,1,1.278,327
3,2,0,0,0,4,5,2,0.807,296
11,6,0,0,0,2,5,1,0.769,327
21,8,0,0,0,9,7,2,2.184,296
4,3,0,0,0,3,4,2,0.694,296
4,3,0,0,0,3,5,1,0.694,327
2,2,0,0,0,2,3,2,0.458,296
16,5,0,0,0,5,7,1,1.344,327
3,2,0,0,0,2,3,2,0.481,296
11,0,0,0,0,4,6,2,0.952,296
13,5,0,0,0,8,7,2,1.766,295
14,5,0,0,0,6,6,2,1.470,295
16,5,0,0,0,7,7,2,1.677,296
6,4,0,0,0,5,15,5,1.064,198
16,12,0,0,0,11,7,2,2.488,295
4,4,0,0,0,3,4,1,0.719,327
4,0,0,0,0,3,4,2,0.621,296
9,0,0,0,0,8,5,3,1.557,263
10,5,0,0,0,6,7,2,1.372,296
2,0,0,0,0,5,3,2,0.899,296
3,1,0,0,0,3,3,1,0.621,328
22,10,0,0,0,6,7,1,1.772,326
14,5,0,0,0,4,6,1,1.131,327
5,3,0,0,0,4,11,4,0.880,231
21,9,0,0,0,5,7,1,1.568,327
12,0,0,0,0,16,6,3,2.914,262
4,0,0,0,0,1,3,1,0.293,328
4,5,0,0,0,3,5,2,0.743,296
2,3,0,0,0,2,3,1,0.481,328
14,5,0,0,0,6,7,1,1.473,327
3,2,0,0,0,2,3,1,0.481,328
3,3,0,0,0,3,4,2,0.670,296
4,0,0,0,0,3,3,2,0.619,296
29,16,0,0,0,14,7,2,3.392,295
13,7,0,0,0,8,6,2,1.818,295
14,8,0,0,0,8,8,2,1.851,295
1,2,0,0,0,2,3,1,0.432,328
35,17,0,0,0,13,7,1,3.363,326
3,2,0,0,0,4,5,2,0.808,296
2,3,0,0,0,2,3,2,0.480,296
6,0,0,0,0,3,4,2,0.670,296
13,10,0,0,0,8,5,2,1.891,296
4,2,0,0,0,3,4,1,0.669,327
10,5,0,0,0,6,6,2,1.372,296
2,1,0,0,0,3,3,2,0.595,296
4,3,0,0,0,2,4,1,0.530,327
3,2,0,0,0,3,5,2,0.644,296
3,2,0,0,0,3,4,1,0.644,328
3,2,0,0,0,2,4,1,0.483,328
9,5,0,0,0,4,5,1,1.018,327
3,5,0,0,0,4,7,2,0.880,295
2,3,0,0,0,2,3,1,0.482,327
6,5,0,0,0,4,4,1,0.954,327
5,4,0,0,0,3,4,2,0.743,296
1,2,0,0,0,2,3,1,0.432,327
2,1,0,0,0,1,3,1,0.268,328
11,0,0,0,0,8,5,2,1.603,295
31,9,0,0,0,6,8,1,1.951,326
9,7,0,0,0,7,5,2,1.547,295
16,8,0,0,0,7,6,2,1.752,296
5,4,0,0,0,5,4,2,1.066,296
14,7,0,0,0,3,6,1,1.018,327
21,7,0,0,0,6,7,1,1.681,327
12,5,0,0,0,4,6,1,1.096,327
34,0,0,0,0,29,6,4,5.527,230
15,6,0,0,0,6,7,2,1.506,296
20,6,0,0,0,6,7,1,1.619,327
5,4,0,0,0,4,5,1,0.905,327
16,6,0,0,0,9,5,2,2.014,295
32,21,0,0,0,20,14,4,4.529,231
23,16,0,0,0,14,8,2,3.229,295
6,4,0,0,0,3,4,1,0.765,327
9,4,0,0,0,4,5,1,0.998,327
26,10,0,0,0,11,7,2,2.674,296
14,0,0,0,0,17,5,3,3.118,262
18,6,0,0,0,6,7,2,1.575,296
8,8,0,0,0,8,14,5,1.719,198
23,7,0,0,0,8,8,2,2.047,296
21,10,0,0,0,9,7,1,2.228,327
7,0,0,0,0,11,5,4,1.998,230
8,3,0,0,0,5,6,2,1.115,296
3,2,0,0,0,2,4,1,0.482,328
23,9,0,0,0,7,7,1,1.935,327
3,2,0,0,0,2,3,1,0.481,328
6,4,0,0,0,5,5,2,1.092,296
13,9,0,0,0,9,5,2,2.010,296
18,6,0,0,0,5,7,1,1.412,327
4,4,0,0,0,3,4,2,0.717,296
1,3,0,0,0,2,4,1,0.457,328
8,0,0,0,0,7,4,3,1.365,263
4,3,0,0,0,4,4,1,0.857,327
7,3,0,0,0,3,4,1,0.765,327
5,6,0,0,0,4,4,1,0.951,327
5,4,0,0,0,6,5,2,1.229,295
16,6,0,0,0,6,7,1,1.527,327
3,2,0,0,0,3,4,1,0.622,328
9,0,0,0,0,10,5,2,1.883,295
2,1,0,0,0,2,3,2,0.433,296
3,4,0,0,0,3,4,1,0.695,327
12,7,0,0,0,4,5,1,1.137,327
13,9,0,0,0,10,6,2,2.174,295
21,6,0,0,0,6,7,2,1.659,296
31,15,0,0,0,11,6,2,2.908,296
2,2,0,0,0,3,5,2,0.620,296
13,9,0,0,0,11,7,2,2.337,295
3,1,0,0,0,2,3,1,0.456,328
12,6,0,0,0,5,6,1,1.281,327
14,5,0,0,0,8,9,2,1.783,295
12,4,0,0,0,8,9,4,1.721,231
2,2,0,0,0,1,3,1,0.293,328
12,0,0,0,0,5,5,2,1.139,295
4,0,0,0,0,3,3,1,0.621,327
7,5,0,0,0,5,5,2,1.092,296
5,0,0,0,0,3,4,2,0.644,296
3,2,0,0,0,2,4,1,0.457,328
14,4,0,0,0,3,8,1,0.955,327
10,0,0,0,0,5,4,2,1.092,295
45,0,0,0,0,34,8,6,6.626,163
4,3,0,0,0,2,4,1,0.529,328
16,8,0,0,0,9,6,2,2.060,295
2,2,0,0,0,3,4,2,0.622,296
29,13,0,0,0,13,7,2,3.147,295
5,6,0,0,0,4,4,2,0.952,296
4,4,0,0,0,4,5,2,0.880,296
11,6,0,0,0,8,6,2,1.753,295
10,9,0,0,0,8,8,2,1.786,295
4,1,0,0,0,4,4,2,0.808,295
7,5,0,0,0,5,6,2,1.139,296
14,0,0,0,0,9,5,2,1.825,295
2,1,0,0,0,2,3,2,0.433,296
21,9,0,0,0,7,8,1,1.878,327
11,6,0,0,0,6,7,2,1.417,295
27,11,0,0,0,11,7,2,2.706,295
12,6,0,0,0,7,7,2,1.607,295
6,3,0,0,0,5,5,2,1.069,296
21,9,0,0,0,7,6,1,1.884,327
8,4,0,0,0,3,5,1,0.812,327
5,2,0,0,0,4,4,2,0.858,296
4,3,0,0,0,4,5,2,0.857,295
18,8,0,0,0,7,7,1,1.782,326
13,7,0,0,0,6,8,2,1.483,295
4,4,0,0,0,4,8,3,0.881,264
3,3,0,0,0,3,5,2,0.669,296
22,8,0,0,0,8,8,2,2.048,295
2,2,0,0,0,3,3,2,0.620,296
3,3,0,0,0,3,4,2,0.669,296
1,1,0,0,0,2,3,1,0.407,328
6,5,0,0,0,4,5,2,0.953,296
3,2,0,0,0,3,4,2,0.643,295
19,7,0,0,0,5,7,1,1.475,327
8,0,0,0,0,5,4,2,1.043,295
14,8,0,0,0,7,7,2,1.687,296
4,3,0,0,0,2,4,1,0.529,328
8,5,0,0,0,4,5,1,0.999,327
17,11,0,0,0,11,6,2,2.496,295
10,4,0,0,0,5,5,1,1.188,327
2,2,0,0,0,2,5,2,0.457,296
13,10,0,0,0,11,7,2,2.365,295
2,1,0,0,0,2,3,1,0.433,328
8,4,0,0,0,5,6,2,1.138,296
21,0,0,0,0,42,6,5,7.346,198
5,3,0,0,0,4,4,1,0.880,327
19,10,0,0,0,8,7,2,2.015,296
20,6,0,0,0,6,7,1,1.622,327
10,3,0,0,0,6,6,2,1.329,295
7,0,0,0,0,7,5,3,1.344,263
24,8,0,0,0,5,7,1,1.617,327
13,5,0,0,0,6,6,2,1.432,296
4,4,0,0,0,3,4,1,0.719,327
6,4,0,0,0,5,4,2,1.091,296
3,3,0,0,0,2,4,1,0.504,328
2,2,0,0,0,3,3,2,0.621,296
1,1,0,0,0,1,2,1,0.196,328
9,5,0,0,0,5,6,2,1.186,296
19,5,0,0,0,8,7,2,1.896,296
4,1,0,0,0,2,3,1,0.481,328
16,6,0,0,0,6,7,1,1.528,327
1,0,0,0,0,2,2,1,0.336,328
24,10,0,0,0,12,8,2,2.779,295
2,2,0,0,0,2,3,1,0.456,328
9,0,0,0,0,8,5,2,1.556,295
7,6,0,0,0,5,6,2,1.164,296
5,4,0,0,0,3,4,1,0.744,327
15,6,0,0,0,4,6,1,1.193,327
3,4,0,0,0,4,4,2,0.859,295
12,4,0,0,0,5,5,1,1.237,327
5,2,0,0,0,5,5,2,1.020,295
15,6,0,0,0,6,6,2,1.505,296
2,1,0,0,0,4,3,1,0.760,327
29,10,0,0,0,9,9,2,2.423,296
8,3,0,0,0,4,5,1,0.953,327
10,0,0,0,0,6,5,2,1.254,295
4,3,0,0,0,3,4,1,0.693,327
2,0,0,0,0,4,4,3,0.735,264
7,4,0,0,0,3,5,1,0.789,327
3,2,0,0,0,4,4,1,0.808,327
20,6,0,0,0,7,7,1,1.778,327
7,4,0,0,0,4,5,1,0.948,327
6,3,0,0,0,5,5,2,1.066,296
10,0,0,0,0,6,7,2,1.256,295
9,4,0,0,0,7,7,2,1.492,295
8,8,0,0,0,8,15,5,1.719,198
14,6,0,0,0,3,6,1,0.993,327
6,6,0,0,0,7,11,4,1.467,231
18,7,0,0,0,5,7,1,1.435,327
3,2,0,0,0,3,4,1,0.643,327
11,7,0,0,0,4,6,2,1.112,296
12,4,0,0,0,6,6,2,1.394,296
20,7,0,0,0,8,8,2,1.988,296
5,0,0,0,0,4,4,2,0.807,296
1,1,0,0,0,2,3,1,0.408,328
4,3,0,0,0,4,4,2,0.859,296
7,4,0,0,0,4,4,1,0.953,327
2,2,0,0,0,2,4,1,0.457,328
2,2,0,0,0,1,3,1,0.293,328
24,13,0,0,0,13,8,2,3.012,295
4,3,0,0,0,4,6,2,0.857,295
4,2,0,0,0,5,4,2,0.997,295
5,4,0,0,0,5,4,2,1.066,295
3,0,0,0,0,3,4,2,0.597,295
13,0,0,0,0,10,5,3,1.967,263
3,2,0,0,0,2,3,1,0.482,328
11,4,0,0,0,6,6,2,1.374,296
4,1,0,0,0,3,4,2,0.643,296
2,3,0,0,0,3,5,2,0.644,296
8,2,0,0,0,5,5,1,1.093,327
16,0,0,0,0,15,5,3,2.845,262
23,7,0,0,0,10,7,1,2.372,327
5,0,0,0,0,2,3,1,0.481,328
22,10,0,0,0,10,7,2,2.405,295
3,2,0,0,0,2,3,1,0.481,328
8,5,0,0,0,5,7,2,1.163,296
5,5,0,0,0,5,5,2,1.090,296
11,4,0,0,0,7,9,3,1.526,263
29,9,0,0,0,10,9,2,2.560,295
2,2,0,0,0,2,3,1,0.457,328
10,4,0,0,0,5,5,1,1.187,327
15,6,0,0,0,6,7,2,1.513,296
16,6,0,0,0,9,5,2,2.032,295
1,0,0,0,0,0,1,0,0.050,361
1,3,0,0,0,2,3,1,0.457,328
6,3,0,0,0,6,5,2,1.228,295
21,0,0,0,0,10,5,2,2.164,295
1,1,0,0,0,2,3,1,0.408,328
6,3,0,0,0,9,7,3,1.721,263
10,4,0,0,0,5,8,2,1.187,295
15,0,0,0,0,18,6,3,3.308,262
8,6,0,0,0,7,10,3,1.512,263
2,2,0,0,0,5,4,1,0.946,327
26,11,0,0,0,10,7,2,2.538,295
12,3,0,0,0,5,6,1,1.212,327
26,10,0,0,0,13,8,2,2.991,295
16,8,0,0,0,4,7,1,1.249,327
4,4,0,0,0,5,4,2,1.040,295
6,5,0,0,0,4,4,1,0.952,327
7,0,0,0,0,4,4,2,0.858,296
18,8,0,0,0,5,7,1,1.474,327
11,0,0,0,0,6,5,2,1.276,295
18,4,0,0,0,5,7,1,1.367,327
3,4,0,0,0,5,8,2,1.020,296
22,10,0,0,0,10,9,2,2.408,295
4,0,0,0,0,3,4,3,0.621,263
5,3,0,0,0,3,5,2,0.717,296
2,2,0,0,0,2,4,1,0.456,328
16,0,0,0,0,15,5,3,2.849,263
18,6,0,0,0,7,7,1,1.754,327
10,5,0,0,0,4,5,1,1.047,327
26,14,0,0,0,10,7,2,2.603,296
15,6,0,0,0,6,7,1,1.502,327
2,3,0,0,0,3,5,2,0.643,296
2,2,0,0,0,2,3,1,0.457,328
5,2,0,0,0,2,4,1,0.528,328
2,3,0,0,0,3,5,2,0.644,296
16,6,0,0,0,7,7,1,1.687,327
4,3,0,0,0,2,4,1,0.529,327
33,20,0,0,0,22,11,3,4.866,263
19,0,0,0,0,7,7,2,1.620,296
43,13,0,0,0,11,9,2,3.170,296
4,0,0,0,0,3,3,2,0.622,296
6,5,0,0,0,6,5,2,1.277,296
2,2,0,0,0,2,4,1,0.457,328
3,4,0,0,0,3,5,2,0.694,296
7,4,0,0,0,5,5,1,1.115,327
6,7,0,0,0,4,10,3,0.999,263
11,0,0,0,0,9,5,2,1.766,295
19,9,0,0,0,6,7,2,1.670,296
3,2,0,0,0,2,3,1,0.481,328
6,5,0,0,0,4,4,1,0.953,327
13,9,0,0,0,9,5,1,2.014,327
22,0,0,0,0,41,6,4,7.217,230
1,1,0,0,0,2,3,1,0.408,328
2,2,0,0,0,3,4,1,0.621,328
11,8,0,0,0,8,6,2,1.788,295
11,0,0,0,0,20,5,4,3.563,231
12,7,0,0,0,4,5,1,1.138,327
6,3,0,0,0,4,5,2,0.905,296
2,2,0,0,0,2,3,1,0.457,328
5,2,0,0,0,4,4,1,0.857,327
13,9,0,0,0,9,6,2,2.014,295
2,2,0,0,0,2,3,2,0.457,296
29,0,0,0,0,34,6,5,6.235,198
5,2,0,0,0,4,4,2,0.861,296
20,13,0,0,0,14,6,2,3.081,294
2,2,0,0,0,3,3,1,0.573,327
20,3,0,0,0,6,10,2,1.560,295
3,2,0,0,0,2,4,1,0.481,328
4,4,0,0,0,3,6,1,0.717,327
14,5,0,0,0,8,7,1,1.780,327
7,0,0,0,0,2,4,1,0.529,327
4,4,0,0,0,5,8,3,1.022,263
10,0,0,0,0,4,5,2,0.927,296
3,2,0,0,0,2,4,1,0.481,328
22,8,0,0,0,6,7,1,1.715,327
13,6,0,0,0,4,5,1,1.141,327
10,4,0,0,0,4,5,2,1.025,296
4,3,0,0,0,4,4,1,0.858,327
5,4,0,0,0,4,4,1,0.903,327
13,5,0,0,0,5,6,1,1.271,327
20,8,0,0,0,9,6,2,2.159,296
7,0,0,0,0,6,4,3,1.182,263
10,5,0,0,0,6,6,2,1.372,296
2,1,0,0,0,3,4,2,0.596,296
6,5,0,0,0,4,4,1,0.953,327
5,0,0,0,0,4,4,2,0.807,296
3,2,0,0,0,4,5,2,0.807,296
10,7,0,0,0,8,7,2,1.750,295
9,0,0,0,0,6,4,2,1.231,295
29,16,0,0,0,14,7,2,3.397,295
16,7,0,0,0,8,6,2,1.892,296
3,0,0,0,0,3,3,1,0.596,328
7,0,0,0,0,8,4,3,1.509,263
4,1,0,0,0,3,4,2,0.644,296
4,5,0,0,0,3,4,1,0.742,327
46,16,0,0,0,18,12,3,4.428,263
2,2,0,0,0,3,5,1,0.621,328
16,7,0,0,0,9,6,2,2.035,295
3,1,0,0,0,2,3,1,0.457,328
5,7,0,0,0,7,13,4,1.466,231
10,4,0,0,0,5,6,2,1.186,296
34,15,0,0,0,14,8,2,3.461,295
13,5,0,0,0,6,6,2,1.436,296
22,8,0,0,0,7,7,2,1.882,296
12,5,0,0,0,8,8,2,1.747,295
12,5,0,0,0,6,7,2,1.423,296
14,6,0,0,0,5,6,1,1.332,327
8,4,0,0,0,5,6,2,1.141,295
3,1,0,0,0,2,3,1,0.456,328
4,3,0,0,0,4,4,1,0.858,327
16,7,0,0,0,8,7,2,1.892,296
17,7,0,0,0,5,6,1,1.408,327
6,3,0,0,0,8,5,2,1.554,295
2,2,0,0,0,1,3,1,0.293,328
11,7,0,0,0,7,6,2,1.611,296
2,0,0,0,0,1,2,1,0.245,328
18,6,0,0,0,6,7,1,1.572,327
1,2,0,0,0,1,4,1,0.268,328
23,7,0,0,0,10,8,1,2.372,326
1,2,0,0,0,1,3,1,0.268,328
2,3,0,0,0,3,4,2,0.643,296
13,6,0,0,0,5,6,2,1.295,296
3,3,0,0,0,3,4,2,0.668,296
8,3,0,0,0,6,6,2,1.275,296
12,8,0,0,0,7,6,2,1.652,296
4,2,0,0,0,1,3,1,0.342,327
14,8,0,0,0,9,6,2,2.009,295
3,2,0,0,0,2,3,1,0.480,328
2,2,0,0,0,2,4,2,0.456,296
7,3,0,0,0,7,5,2,1.419,295
2,1,0,0,0,1,3,1,0.268,328
19,8,0,0,0,10,7,2,2.299,296
12,7,0,0,0,7,7,2,1.631,295
5,0,0,0,0,5,4,2,0.973,295
4,1,0,0,0,2,3,1,0.480,328
5,4,0,0,0,6,5,2,1.231,296
2,2,0,0,0,3,4,1,0.622,327
6,6,0,0,0,6,15,5,1.303,198
10,4,0,0,0,5,5,2,1.187,296
28,11,0,0,0,13,9,2,3.078,295
2,3,0,0,0,2,5,1,0.481,328
4,3,0,0,0,4,4,2,0.858,296
7,6,0,0,0,2,4,1,0.674,327
12,6,0,0,0,7,8,2,1.608,296
18,6,0,0,0,7,8,2,1.756,296
14,9,0,0,0,8,5,1,1.873,327
17,9,0,0,0,7,7,1,1.784,327
5,4,0,0,0,4,5,2,0.903,296
1,2,0,0,0,2,4,2,0.432,296
3,3,0,0,0,3,4,2,0.668,296
3,3,0,0,0,4,5,2,0.832,296
8,7,0,0,0,7,6,2,1.529,296
13,5,0,0,0,5,5,1,1.270,327
10,0,0,0,0,5,4,2,1.090,295
3,0,0,0,0,4,4,1,0.666,327
2,0,0,0,0,3,3,2,0.573,296
1,0,0,0,0,2,2,1,0.385,328
8,7,0,0,0,6,6,2,1.372,296
5,5,0,0,0,4,4,1,0.921,327
1,2,0,0,0,1,3,1,0.268,328
22,8,0,0,0,8,8,2,2.044,295
13,5,0,0,0,4,6,1,1.109,327
27,0,0,0,0,20,6,4,3.910,229
18,7,0,0,0,6,7,2,1.613,296
12,6,0,0,0,6,7,1,1.433,327
4,4,0,0,0,3,5,2,0.718,296
7,7,0,0,0,9,5,2,1.839,295
13,0,0,0,0,6,5,2,1.326,296
3,0,0,0,0,4,3,2,0.758,296
11,5,0,0,0,8,7,2,1.724,295
11,0,0,0,0,8,5,2,1.603,295
9,8,0,0,0,6,5,2,1.416,296
6,0,0,0,0,5,4,3,0.998,263
10,5,0,0,0,4,5,1,1.048,327
7,3,0,0,0,2,4,1,0.603,327
21,9,0,0,0,10,7,2,2.371,295
5,3,0,0,0,5,5,2,1.043,296
2,2,0,0,0,2,4,2,0.456,296
23,12,0,0,0,11,8,2,2.646,295
9,0,0,0,0,6,4,2,1.229,295
6,7,0,0,0,6,9,3,1.325,264
6,5,0,0,0,5,5,2,1.117,296
19,6,0,0,0,7,7,1,1.758,327
12,9,0,0,0,12,7,2,2.475,295
7,4,0,0,0,4,5,2,0.950,296
3,0,0,0,0,5,4,3,0.922,264
5,3,0,0,0,3,4,1,0.718,327
42,14,0,0,0,15,9,2,3.825,295
12,5,0,0,0,4,6,1,1.095,327
5,6,0,0,0,4,4,1,0.953,327
23,20,0,0,0,20,6,3,4.283,263
18,7,0,0,0,9,7,2,2.084,296
23,8,0,0,0,7,8,1,1.908,327
12,7,0,0,0,6,5,1,1.470,327
3,4,0,0,0,4,7,3,0.858,263
14,4,0,0,0,5,6,1,1.272,327
19,6,0,0,0,7,7,2,1.760,296
8,4,0,0,0,4,5,1,0.977,327
8,5,0,0,0,5,7,2,1.157,295
16,9,0,0,0,9,7,2,2.089,296
6,5,0,0,0,4,5,1,0.952,327
19,6,0,0,0,7,7,2,1.762,296
21,10,0,0,0,9,7,2,2.227,295
13,9,0,0,0,9,6,2,2.011,296
2,2,0,0,0,3,3,2,0.622,296
12,5,0,0,0,10,6,1,2.061,327
11,0,0,0,0,12,5,3,2.250,263
8,4,0,0,0,3,5,1,0.813,327
4,2,0,0,0,2,4,1,0.505,328
19,0,0,0,0,12,5,3,2.446,263
7,6,0,0,0,4,5,1,0.998,327
17,6,0,0,0,5,7,2,1.394,296
15,8,0,0,0,5,7,1,1.388,327
6,4,0,0,0,3,4,1,0.765,327
12,8,0,0,0,11,5,2,2.296,296
11,0,0,0,0,4,4,1,0.953,327
21,7,0,0,0,6,7,1,1.670,327
25,8,0,0,0,10,9,2,2.449,296
24,11,0,0,0,10,8,2,2.479,295
8,3,0,0,0,3,5,1,0.788,327
8,2,0,0,0,2,5,1,0.604,327
4,5,0,0,0,5,6,2,1.067,295
16,7,0,0,0,9,7,2,2.035,296
13,5,0,0,0,5,5,1,1.271,327
6,3,0,0,0,4,5,1,0.904,327
6,3,0,0,0,4,5,2,0.904,296
7,4,0,0,0,4,6,2,0.952,296
1,2,0,0,0,2,3,1,0.432,328
5,5,0,0,0,5,5,2,1.090,295
15,4,0,0,0,5,7,1,1.295,327
2,4,0,0,0,3,4,2,0.668,295
38,10,0,0,0,11,9,1,2.977,326
8,7,0,0,0,8,6,2,1.696,295
3,4,0,0,0,4,4,2,0.858,296
5,2,0,0,0,3,4,1,0.694,327
18,2,0,0,0,7,7,1,1.656,327
11,4,0,0,0,6,7,2,1.372,295
4,4,0,0,0,3,5,1,0.717,327
19,7,0,0,0,6,7,2,1.623,296
3,3,0,0,0,3,4,1,0.668,327
25,12,0,0,0,11,7,2,2.705,295
16,0,0,0,0,11,6,3,2.207,262
15,7,0,0,0,10,8,2,2.196,295
3,2,0,0,0,3,7,2,0.643,296
3,1,0,0,0,3,4,2,0.621,296
14,6,0,0,0,6,7,1,1.489,327
22,8,0,0,0,9,7,1,2.216,327
20,7,0,0,0,9,7,2,2.130,295
17,7,0,0,0,6,8,2,1.572,295
19,7,0,0,0,5,6,1,1.473,327
5,4,0,0,0,4,4,1,0.904,327
2,3,0,0,0,2,3,2,0.481,296
20,10,0,0,0,9,7,2,2.233,296
24,10,0,0,0,7,7,2,1.968,296
3,0,0,0,0,3,4,2,0.597,296
18,14,0,0,0,14,10,3,3.061,263
2,3,0,0,0,3,4,1,0.644,328
10,4,0,0,0,6,6,1,1.346,327
6,5,0,0,0,6,6,2,1.278,295
1,1,0,0,0,3,3,1,0.571,328
12,7,0,0,0,6,6,2,1.468,296
2,0,0,0,0,5,3,2,0.900,295
13,5,0,0,0,5,5,1,1.277,327
2,2,0,0,0,3,3,2,0.620,296
4,0,0,0,0,2,4,2,0.457,296
2,2,0,0,0,2,4,2,0.457,296
8,0,0,0,0,7,4,2,1.367,295
28,12,0,0,0,17,10,3,3.731,263
9,8,0,0,0,8,7,2,1.742,295
2,4,0,0,0,2,4,1,0.504,328
8,0,0,0,0,3,4,1,0.717,327
16,9,0,0,0,6,6,1,1.595,327
21,0,0,0,0,9,6,2,1.988,295
18,0,0,0,0,8,6,3,1.762,264
21,10,0,0,0,9,8,2,2.233,295
4,3,0,0,0,5,11,5,1.020,198
21,0,0,0,0,10,5,2,2.169,294
14,5,0,0,0,8,8,2,1.790,295
4,4,0,0,0,3,4,1,0.718,328
9,0,0,0,0,6,4,2,1.232,295
11,6,0,0,0,6,5,2,1.411,295
20,10,0,0,0,8,9,2,2.045,296
11,6,0,0,0,7,5,1,1.580,327
6,5,0,0,0,4,4,1,0.951,327
17,10,0,0,0,8,6,2,1.988,295
6,4,0,0,0,5,6,2,1.091,296
19,9,0,0,0,7,6,2,1.848,295
14,6,0,0,0,6,7,2,1.482,296
5,4,0,0,0,6,5,2,1.230,295
1,1,0,0,0,3,3,1,0.525,327
20,8,0,0,0,8,7,2,1.990,296
3,3,0,0,0,3,4,1,0.669,327
15,8,0,0,0,8,7,2,1.891,296
34,21,0,0,0,19,9,2,4.406,295
5,4,0,0,0,2,4,1,0.578,327
17,0,0,0,0,14,5,3,2.710,263
9,0,0,0,0,8,5,3,1.552,264
46,14,0,0,0,11,10,2,3.270,296
6,0,0,0,0,3,4,1,0.668,327
10,7,0,0,0,8,8,3,1.748,264
5,0,0,0,0,4,4,2,0.808,296
3,4,0,0,0,3,4,1,0.694,327
3,1,0,0,0,3,3,2,0.621,296
3,3,0,0,0,2,4,1,0.504,327
22,14,0,0,0,15,9,2,3.339,295
4,3,0,0,0,3,4,1,0.695,327
1,2,0,0,0,3,3,1,0.477,327
3,4,0,0,0,4,4,2,0.858,296
7,0,0,0,0,8,4,3,1.507,263
9,3,0,0,0,3,4,1,0.814,327
7,0,0,0,0,8,4,2,1.508,295
10,5,0,0,0,5,6,1,1.209,327
8,4,0,0,0,6,6,2,1.295,296
13,5,0,0,0,5,5,1,1.270,327
3,3,0,0,0,4,4,2,0.832,295
5,4,0,0,0,6,8,3,1.230,263
3,2,0,0,1,2,4,1,0.483,328
25,12,0,0,0,10,7,2,2.545,295
18,6,0,0,0,7,7,2,1.756,296
18,0,0,0,0,13,5,4,2.563,231
11,6,0,0,0,9,6,2,1.907,296
7,0,0,0,0,8,5,2,1.508,295
7,0,0,0,0,4,4,2,0.858,296
17,6,0,0,0,6,7,1,1.551,327
4,3,0,0,0,5,7,2,1.020,295
6,5,0,0,0,4,5,1,0.953,327
6,5,0,0,0,4,5,2,0.953,295
2,2,0,0,0,3,4,2,0.621,295
5,4,0,0,0,6,4,2,1.231,296
4,4,0,0,0,4,5,2,0.880,295
11,6,0,0,0,6,5,2,1.416,296
2,0,0,0,0,3,3,2,0.572,296
6,0,0,0,0,5,4,2,0.997,295
2,1,0,0,0,2,3,1,0.432,328
17,12,0,0,0,10,6,2,2.371,295
3,3,0,0,0,3,5,2,0.669,296
30,11,0,0,0,11,8,2,2.816,295
11,5,0,0,0,5,5,2,1.235,296
23,13,0,0,0,14,10,2,3.151,295
8,4,0,0,0,3,5,1,0.813,327
13,5,0,0,0,5,7,2,1.271,296
4,2,0,0,0,3,5,2,0.668,296
6,2,0,0,0,3,4,1,0.718,327
5,0,0,0,0,4,4,2,0.807,295
4,3,0,0,0,2,4,1,0.530,328
2,2,0,0,0,2,4,2,0.457,296
18,7,0,0,0,6,7,1,1.607,327
5,4,0,0,0,4,4,1,0.905,327
4,1,0,0,0,2,3,1,0.482,328
3,0,0,0,0,5,4,2,0.922,295
22,12,0,0,0,14,8,2,3.115,296
8,5,0,0,0,5,6,1,1.157,327
14,11,0,0,0,8,8,2,1.919,295
3,2,0,0,0,3,7,3,0.644,263
18,9,0,0,0,7,7,2,1.806,296
3,2,0,0,0,2,3,2,0.481,296
3,2,0,0,0,3,4,1,0.643,327
3,3,0,0,0,4,7,2,0.833,296
11,6,0,0,0,13,6,2,2.544,295
8,5,0,0,0,4,5,1,0.996,327
13,9,0,0,0,9,5,2,2.013,296
9,5,0,0,0,5,5,2,1.188,296
9,4,0,0,0,5,5,1,1.158,327
26,11,0,0,0,9,7,2,2.370,295
9,5,0,0,0,5,5,1,1.189,327
19,7,0,0,0,6,7,2,1.619,296
16,5,0,0,0,7,8,1,1.670,327
21,9,0,0,0,7,7,2,1.879,295
1,2,0,0,0,1,3,1,0.268,328
12,8,0,0,0,5,7,1,1.334,327
5,0,0,0,0,10,4,3,1.784,263
3,2,0,0,0,2,3,1,0.482,328
2,0,0,0,0,3,3,2,0.571,296
4,1,0,0,0,2,3,1,0.482,328
2,1,0,0,0,2,3,1,0.432,328
4,4,0,0,0,3,4,1,0.718,327
4,0,0,0,0,3,3,2,0.621,296
14,8,0,0,0,9,7,2,2.013,295
7,0,0,0,0,7,5,3,1.344,264
13,5,0,0,0,5,6,1,1.273,327
6,4,0,0,0,4,4,1,0.928,327
16,10,0,0,0,10,7,2,2.269,296
10,0,0,0,0,5,4,2,1.089,295
4,5,0,0,0,5,6,2,1.066,295
9,5,0,0,0,6,5,2,1.350,296
16,5,0,0,0,4,6,1,1.192,327
7,2,0,0,0,6,4,2,1.229,295
26,15,0,0,0,15,9,2,3.441,294
3,3,0,0,0,2,4,1,0.505,328
4,2,0,0,0,2,4,1,0.504,328
19,6,0,0,0,6,7,1,1.613,327
29,12,0,0,0,12,10,2,2.959,295
5,4,0,0,0,6,11,4,1.230,230
3,3,0,0,0,3,4,1,0.668,327
6,5,0,0,0,4,4,1,0.954,327
2,2,0,0,0,3,3,1,0.621,327
19,9,0,0,0,9,6,2,2.156,295
1,2,0,0,0,2,3,1,0.433,328
5,3,0,0,0,3,4,1,0.716,327
5,4,0,0,0,5,10,4,1.068,231
5,5,0,0,0,3,5,1,0.767,327
17,5,0,0,0,5,7,1,1.364,327
11,0,0,0,0,20,5,3,3.537,262
10,0,0,0,0,5,4,2,1.088,295
2,2,0,0,0,3,4,2,0.619,296
13,5,0,0,0,13,5,3,2.572,263
8,2,0,0,0,5,4,2,1.091,295
3,3,0,0,0,2,7,2,0.504,296
7,0,0,0,0,4,6,2,0.860,295
12,4,0,0,0,6,6,1,1.397,327
14,12,0,0,0,13,7,3,2.770,262
13,0,0,0,0,16,5,3,2.940,262
6,4,0,0,0,5,5,2,1.091,296
15,0,0,0,0,10,5,2,2.033,295
3,3,0,0,0,3,4,2,0.670,296
17,7,0,0,0,4,7,1,1.247,327
6,4,0,0,0,5,4,2,1.091,295
2,2,0,0,0,3,4,2,0.621,296
2,4,0,0,0,3,5,2,0.670,296
8,4,0,0,0,4,5,1,0.976,327
16,7,0,0,0,4,7,1,1.228,327
11,0,0,0,0,6,5,2,1.277,295
6,5,0,0,0,4,5,2,0.950,296
31,0,0,0,0,32,6,4,5.945,230
2,1,0,0,0,3,3,2,0.596,296
5,4,0,0,0,4,5,1,0.904,327
5,4,0,0,0,6,4,1,1.231,327
2,1,0,0,0,3,4,2,0.596,296
4,4,0,0,0,4,5,2,0.881,296
4,4,0,0,0,3,4,1,0.718,328
6,5,0,0,0,6,6,2,1.279,295
2,1,0,0,0,0,2,0,0.099,360
2,1,0,0,0,1,3,1,0.268,328
4,0,0,0,0,4,4,2,0.782,296
4,2,0,0,0,4,4,2,0.834,296
18,0,0,0,0,11,8,3,2.244,263
4,3,0,0,0,4,8,3,0.858,264
18,0,0,0,0,13,5,4,2.585,230
3,3,0,0,0,3,4,2,0.670,296
4,5,0,0,0,6,6,2,1.231,295
2,2,0,0,0,1,4,1,0.294,328
11,5,0,0,0,7,6,2,1.550,296
20,10,0,0,0,7,8,2,1.880,296
9,1,0,0,0,5,4,2,1.090,295
6,5,0,0,0,4,4,1,0.953,327
3,3,0,0,0,4,6,2,0.832,296
3,0,0,0,0,2,3,2,0.433,296
31,14,0,0,0,7,8,2,2.245,296
11,8,0,0,0,9,6,2,1.946,296
11,6,0,0,0,6,7,2,1.327,296
2,1,0,0,0,1,3,1,0.268,328
4,4,0,0,0,4,6,2,0.880,296
3,2,0,0,0,4,5,2,0.807,295
27,15,0,0,0,10,7,2,2.653,296
7,4,0,0,0,5,6,2,1.116,296
18,8,0,0,0,9,7,2,2.125,295
1,0,0,0,0,2,2,2,0.385,296
6,5,0,0,0,4,5,1,0.952,327
13,5,0,0,0,4,6,1,1.109,327
8,5,0,0,0,5,5,2,1.157,296
8,0,0,0,0,7,4,2,1.368,295
6,5,0,0,0,4,5,1,0.952,327
8,4,0,0,0,3,5,1,0.813,327
2,3,0,0,0,3,5,2,0.644,296
5,2,0,0,0,4,4,2,0.857,296
3,2,0,0,0,4,5,2,0.808,296
10,6,0,0,0,5,6,2,1.234,296
7,0,0,0,0,8,4,3,1.507,263
3,3,0,0,0,3,4,2,0.667,296
23,8,0,0,0,8,8,2,2.076,295
4,2,0,0,0,4,4,2,0.835,295
10,6,0,0,0,7,6,2,1.554,295
3,1,0,0,0,4,4,2,0.782,296
10,5,0,0,0,4,5,1,1.046,327
20,0,0,0,0,11,5,3,2.293,263
4,2,0,0,0,4,4,1,0.832,327
7,5,0,0,0,3,5,2,0.813,296
9,7,0,0,0,7,5,2,1.556,295
2,2,0,0,0,2,4,1,0.457,328
1,0,0,0,0,2,2,2,0.385,296
6,0,0,0,0,9,4,2,1.648,295
3,4,0,0,0,3,7,2,0.695,296
11,10,0,0,0,10,5,2,2.152,295
1,1,0,0,0,2,3,2,0.408,296
2,2,0,0,0,2,5,2,0.456,296
5,4,0,0,0,6,5,2,1.230,295
3,2,0,0,0,3,5,2,0.644,296
6,6,0,0,0,5,6,2,1.142,295
2,2,0,0,0,1,3,1,0.293,328
5,4,0,0,0,6,5,2,1.232,296
3,2,0,0,0,2,3,1,0.482,328
5,4,0,0,0,4,6,2,0.904,296
1,1,0,0,0,5,3,2,0.898,295
17,6,0,0,0,5,7,1,1.391,327
21,7,0,0,0,7,7,2,1.846,296
5,4,0,0,0,5,5,2,1.067,296
2,1,0,0,0,1,3,1,0.268,328
4,1,0,0,0,4,5,2,0.807,296
18,6,0,0,0,6,7,1,1.572,327
9,1,0,0,0,8,11,5,1.582,198
13,8,0,0,0,9,8,2,1.988,295
11,0,0,0,0,4,6,2,0.951,296
15,5,0,0,0,5,6,1,1.333,327
14,5,0,0,0,6,6,2,1.474,296
3,3,0,0,0,4,5,2,0.832,296
10,3,0,0,0,4,6,1,1.000,327
17,12,0,0,0,18,6,3,3.632,261
4,3,0,0,0,2,4,1,0.529,328
6,5,0,0,0,4,5,1,0.952,327
26,8,0,0,0,9,9,2,2.315,295
11,5,0,0,0,3,5,1,0.908,327
6,5,0,0,0,4,4,1,0.953,327
1,0,0,0,0,2,2,1,0.384,328
3,3,0,0,0,4,7,3,0.831,263
28,14,0,0,0,13,6,2,3.142,295
16,0,0,0,0,10,6,2,2.042,295
18,6,0,0,0,5,7,1,1.413,327
4,1,0,0,0,2,3,1,0.481,328
16,5,0,0,0,5,6,2,1.351,295
11,0,0,0,0,4,5,1,0.952,327
4,3,0,0,0,3,5,2,0.694,296
5,4,0,0,0,5,11,4,1.067,231
14,9,0,0,0,9,7,2,2.034,296
7,0,0,0,0,4,4,2,0.859,296
23,12,0,0,0,11,9,2,2.640,295
12,9,0,0,0,7,5,2,1.672,296
20,0,0,0,0,11,5,3,2.290,264
5,4,0,0,0,4,4,2,0.902,296
3,2,0,0,0,2,3,1,0.482,328
5,0,0,0,0,2,3,1,0.482,328
20,8,0,0,0,8,7,2,1.995,295
5,0,0,0,0,6,4,2,1.138,295
8,3,0,0,0,4,5,1,0.952,327
23,12,0,0,0,8,8,2,2.163,296
22,11,0,0,0,10,8,2,2.442,296
15,8,0,0,0,8,6,1,1.876,327
5,4,0,0,0,6,4,1,1.231,327
6,6,0,0,0,5,6,2,1.139,295
3,2,0,0,0,3,4,1,0.643,327
29,5,0,0,0,7,8,1,1.987,326
7,6,0,0,0,4,5,1,0.999,327
7,4,0,0,0,4,6,2,0.954,295
2,0,0,0,0,3,3,2,0.573,296
11,6,0,0,0,6,5,1,1.417,327
7,6,0,0,0,5,5,2,1.163,296
14,4,0,0,0,5,5,1,1.270,327
5,0,0,0,0,4,4,2,0.809,296
3,1,0,0,1,2,6,2,0.456,296
8,4,0,0,0,5,5,2,1.140,295
14,9,0,0,0,11,7,2,2.365,295
13,6,0,0,0,4,5,1,1.131,327
5,4,0,0,0,2,4,1,0.578,327
4,1,0,0,0,4,4,2,0.809,295
3,4,0,0,0,3,5,2,0.694,296
10,4,0,0,0,5,5,2,1.187,296
25,8,0,0,0,8,7,2,2.107,295
11,8,0,0,0,8,5,2,1.779,296
5,4,0,0,0,5,11,4,1.067,231
7,3,0,0,0,5,4,2,1.091,296
8,4,0,0,0,3,5,1,0.813,327
9,8,0,0,0,10,6,3,2.067,263
13,4,0,0,0,6,6,1,1.411,327
5,4,0,0,0,3,5,1,0.742,327
10,6,0,0,0,15,5,3,2.847,262
2,1,0,0,0,1,3,1,0.268,328
13,5,0,0,0,5,5,1,1.271,327
5,0,0,0,0,6,4,3,1.136,263
27,9,0,0,0,8,8,2,2.187,295
6,3,0,0,0,8,6,2,1.555,296
4,3,0,0,0,4,4,1,0.859,327
5,4,0,0,0,4,5,2,0.902,295
33,13,0,0,0,11,7,2,2.910,295
2,2,0,0,0,2,3,1,0.457,328
31,16,0,0,0,14,7,2,3.414,295
24,13,0,0,0,22,13,5,4.484,198
21,10,0,0,0,8,7,2,2.075,296
7,4,0,0,0,4,4,1,0.951,327
7,2,0,0,0,3,6,1,0.742,327
5,3,0,0,0,3,4,1,0.717,328
13,9,0,0,0,9,5,2,2.011,296
3,3,0,0,0,2,5,2,0.505,296
18,5,0,0,0,6,7,1,1.550,327
3,2,0,0,0,2,3,1,0.480,328
5,0,0,0,0,10,4,3,1.782,263
11,6,0,0,0,1,7,1,0.606,327
26,9,0,0,0,10,7,2,2.478,295
21,6,0,0,0,8,7,1,1.987,327
26,13,0,0,0,11,7,2,2.734,295
12,5,0,0,0,2,7,1,0.769,327
5,4,0,0,0,4,4,1,0.902,327
5,3,0,0,0,3,4,1,0.718,328
12,6,0,0,0,5,6,1,1.273,327
3,2,0,0,0,2,4,1,0.481,328
8,0,0,0,0,7,4,3,1.368,264
4,2,0,0,0,5,4,2,0.995,295
4,0,0,0,0,3,3,2,0.620,295
13,8,0,0,0,6,6,2,1.504,296
22,7,0,0,0,6,8,1,1.710,326
17,5,0,0,0,5,7,1,1.367,327
9,6,0,0,0,6,5,1,1.371,327
28,15,0,0,0,18,7,2,3.964,295
2,2,0,0,0,4,4,2,0.782,296
4,3,0,0,0,3,6,2,0.694,296
4,0,0,0,0,4,4,2,0.783,296
17,6,0,0,0,6,6,2,1.553,296
26,9,0,0,0,9,7,2,2.333,296
31,11,0,0,0,12,7,2,2.974,295
4,0,0,0,0,4,4,2,0.783,295
35,15,0,0,0,13,7,2,3.319,295
19,6,0,0,0,7,7,2,1.778,296
8,0,0,0,0,7,4,2,1.369,295
1,0,0,0,0,2,2,1,0.337,328
11,6,0,0,0,6,5,2,1.415,296
6,5,0,0,0,4,5,1,0.952,327
4,0,0,0,0,4,4,2,0.782,295
9,5,0,0,0,4,6,2,1.022,296
19,7,0,0,0,8,7,2,1.948,295
4,2,0,0,0,3,5,2,0.669,296
5,4,0,0,0,4,6,2,0.904,296
17,8,0,0,0,5,7,1,1.435,327
8,0,0,0,0,7,4,3,1.369,264
19,6,0,0,0,6,7,1,1.613,327
7,0,0,0,0,4,4,2,0.858,296
15,9,0,0,0,9,6,2,2.062,295
7,7,0,0,0,8,17,6,1.649,166
2,1,0,0,0,1,3,1,0.269,328
7,4,0,0,0,6,6,2,1.277,295
14,9,0,0,0,8,5,2,1.873,296
8,7,0,0,0,7,19,6,1.533,166
29,10,0,0,0,5,8,1,1.767,326
13,8,0,0,0,9,9,3,1.986,263
8,0,0,0,0,5,6,2,1.043,295
21,8,0,0,0,5,9,2,1.530,296
2,3,0,0,0,2,3,2,0.482,296
4,0,0,0,0,3,4,2,0.621,295
13,0,0,0,0,14,5,3,2.619,262
4,2,0,0,0,3,5,2,0.669,296
3,0,0,0,0,4,3,2,0.758,295
2,2,0,0,0,2,3,1,0.457,327
15,10,0,0,0,10,7,2,2.272,295
7,2,0,0,0,6,5,2,1.231,295
9,0,0,0,0,8,5,3,1.555,263
3,3,0,0,0,2,4,1,0.482,327
13,9,0,0,0,10,6,2,2.178,295
2,2,0,0,0,3,3,2,0.620,296
21,9,0,0,0,9,8,2,2.215,296
5,0,0,0,0,6,4,2,1.137,295
20,8,0,0,0,6,7,1,1.664,327
17,6,0,0,0,6,7,1,1.562,327
11,8,0,0,0,6,6,2,1.472,296
15,0,0,0,0,16,5,3,2.984,262
14,0,0,0,0,9,5,3,1.833,262
18,6,0,0,0,7,7,1,1.753,327
3,0,0,0,0,1,3,1,0.268,328
10,5,0,0,0,8,5,1,1.699,327
10,5,0,0,0,4,6,1,1.050,327
25,9,0,0,0,7,8,1,1.971,327
3,2,0,0,0,4,4,1,0.807,327
5,4,0,0,0,4,4,1,0.905,327
11,7,0,0,0,7,7,2,1.607,295
2,2,0,0,0,2,4,2,0.458,296
2,1,0,0,0,4,4,2,0.761,296
3,1,0,0,0,4,5,2,0.783,296
21,7,0,0,0,5,7,2,1.517,296
2,1,0,0,0,2,3,2,0.433,296
29,11,0,0,0,10,10,2,2.601,295
5,0,0,0,0,4,4,2,0.808,295
14,9,0,0,0,8,5,1,1.872,327
3,4,0,0,0,4,4,2,0.859,295
20,10,0,0,0,11,7,2,2.521,295
3,4,0,0,0,3,4,1,0.694,327
4,0,0,0,0,3,3,2,0.620,296
1,0,0,0,0,2,2,1,0.384,328
14,8,0,0,0,9,5,2,2.015,295
4,4,0,0,0,4,11,4,0.881,231
4,4,0,0,0,8,16,8,1.530,101
2,1,0,0,0,4,4,1,0.758,328
7,2,0,0,0,6,5,2,1.230,295
20,6,0,0,0,9,8,2,2.127,295
3,2,0,0,0,2,4,2,0.481,296
10,7,0,0,0,6,7,2,1.425,296
5,0,0,0,0,4,4,3,0.807,264
7,0,0,0,0,7,4,3,1.344,263
44,16,0,0,0,15,8,2,3.922,295
23,10,0,0,0,13,7,2,2.919,296
9,6,0,0,0,6,6,2,1.374,296
16,9,0,0,0,12,8,2,2.574,295
5,3,0,0,0,3,4,1,0.719,327
17,7,0,0,0,8,7,2,1.895,296
7,3,0,0,0,8,5,3,1.581,264
5,0,0,0,0,6,4,3,1.136,264
21,14,0,0,0,12,6,2,2.803,295
4,0,0,0,0,3,3,2,0.622,296
18,0,0,0,0,13,5,3,2.572,263
9,6,0,0,0,4,5,1,1.050,327
6,5,0,0,0,6,5,2,1.277,296
16,10,0,0,0,7,6,1,1.783,326
22,10,0,0,0,8,7,2,2.090,296
17,7,0,0,0,7,7,2,1.753,296
6,4,0,0,0,5,4,2,1.092,295
33,9,0,0,0,9,10,2,2.512,295
17,5,0,0,0,5,7,1,1.364,327
7,0,0,0,0,8,4,3,1.506,262
22,8,0,0,0,6,7,2,1.718,296
1,0,0,0,0,2,2,1,0.385,328
13,5,0,0,0,5,7,1,1.272,327
13,6,0,0,0,4,6,1,1.132,327
9,6,0,0,0,8,6,2,1.692,295
17,6,0,0,0,4,7,1,1.228,327
16,6,0,0,0,7,8,1,1.690,327
9,0,0,0,0,6,4,3,1.230,264
14,0,0,0,0,7,5,3,1.513,264
2,2,0,0,0,3,3,2,0.620,296
10,5,0,0,0,5,5,1,1.207,327
10,5,0,0,0,4,5,1,1.048,327
12,5,0,0,1,4,5,1,1.094,327
28,18,0,0,0,15,7,2,3.556,295
5,4,0,0,0,4,4,1,0.904,327
2,1,0,0,0,2,3,2,0.432,296
4,0,0,0,0,3,3,1,0.620,327
24,13,0,0,0,13,7,2,3.009,296
5,5,0,0,0,5,4,2,1.092,296
3,2,0,0,0,4,4,2,0.808,296
55,25,0,0,0,33,16,5,7.292,198
28,16,0,0,0,13,9,2,3.174,295
3,2,0,0,0,4,4,2,0.808,296
8,4,0,0,0,3,5,1,0.814,327
2,2,0,0,0,3,3,2,0.621,296
11,0,0,0,0,8,5,2,1.597,295
2,1,0,0,0,2,3,1,0.433,328
5,3,0,0,0,4,4,1,0.881,327
14,9,0,0,0,8,5,1,1.888,327
9,7,0,0,0,7,5,2,1.553,296
23,9,0,0,0,5,8,1,1.597,326
22,6,0,0,0,5,7,1,1.505,327
9,0,0,0,0,4,4,2,0.904,296
10,4,0,0,0,3,6,1,0.860,327
8,3,0,0,0,4,5,1,0.951,327
6,4,0,0,0,5,4,2,1.090,296
17,7,0,0,0,6,7,1,1.573,327
3,2,0,0,0,2,4,2,0.480,296
21,8,0,0,0,9,7,2,2.186,296
1,2,0,0,0,2,4,2,0.433,296
8,4,0,0,0,5,6,2,1.139,296
2,1,0,0,0,3,4,2,0.596,296
17,7,0,0,0,4,7,2,1.247,296
13,4,0,0,0,5,6,1,1.247,327
12,5,0,0,0,6,7,2,1.411,296
6,0,0,0,0,7,4,3,1.321,263
5,4,0,0,0,4,4,1,0.903,327
12,10,0,0,0,10,6,2,2.145,294
7,0,0,0,0,4,4,2,0.860,296
21,11,0,0,0,9,6,2,2.246,295
25,10,0,0,0,11,7,2,2.645,295
14,0,0,0,0,11,5,2,2.173,295
12,7,0,0,0,5,6,2,1.294,296
34,8,0,0,0,9,8,2,2.483,296
17,6,0,0,0,9,8,2,2.037,295
14,4,0,0,0,5,7,2,1.270,296
20,6,0,0,0,7,7,1,1.780,327
3,3,0,0,0,4,7,3,0.832,264
14,6,0,0,0,5,5,1,1.335,327
3,2,0,0,0,5,5,3,0.972,264
18,0,0,0,0,11,6,2,2.243,295
4,3,0,0,0,5,8,3,1.021,264
8,6,0,0,0,1,5,1,0.533,327
11,6,0,0,0,4,6,1,1.093,327
5,3,0,0,0,4,11,4,0.882,231
18,8,0,0,0,10,8,2,2.272,295
3,2,0,0,0,2,3,1,0.458,327
3,3,0,0,0,2,4,1,0.504,327
17,6,0,0,0,5,7,1,1.387,327
21,9,0,0,0,7,8,2,1.882,296
16,5,0,0,0,6,7,2,1.519,296
8,5,0,0,0,3,5,1,0.837,327
3,0,0,0,0,3,3,2,0.597,296
3,1,0,0,0,5,5,3,0.947,264
14,6,0,0,0,6,7,2,1.489,296
4,3,0,0,0,3,5,2,0.695,296
5,6,0,0,0,5,9,3,1.116,264
20,9,0,0,0,8,8,2,2.021,296
8,0,0,0,0,7,4,3,1.367,263
4,3,0,0,0,4,4,2,0.858,296
4,3,0,0,0,4,4,1,0.858,328
5,4,0,0,0,8,5,2,1.556,295
4,3,0,0,0,4,4,1,0.859,327
9,7,0,0,0,5,5,1,1.233,327
33,14,0,0,0,12,7,1,3.118,326
6,4,0,0,0,5,4,2,1.091,295
18,5,0,0,0,7,7,2,1.714,296
4,2,0,0,0,3,4,2,0.668,296
24,10,0,0,0,10,7,2,2.471,295
2,1,0,0,0,2,3,1,0.432,328
1,1,0,0,0,2,3,1,0.385,328
11,3,0,0,0,3,5,1,0.859,327
4,4,0,0,0,2,4,1,0.555,327
4,2,0,0,0,3,4,2,0.668,296
21,7,0,0,0,8,7,2,2.000,296
17,6,0,0,0,5,7,1,1.391,327
8,4,0,0,0,7,5,1,1.467,327
18,9,0,0,0,8,7,2,1.990,295
5,4,0,0,0,4,6,2,0.904,296
21,9,0,0,0,5,8,1,1.566,327
10,4,0,0,0,8,7,3,1.665,264
9,0,0,0,0,6,4,2,1.229,295
5,1,0,0,0,1,3,1,0.341,328
10,4,0,0,0,3,6,2,0.859,296
8,4,0,0,0,3,5,1,0.814,327
2,3,0,0,0,2,4,1,0.480,328
2,1,0,0,0,2,4,2,0.432,296
44,23,0,0,0,17,8,2,4.373,295
4,2,0,0,0,4,4,2,0.832,296
21,8,0,0,0,9,7,2,2.188,296
9,0,0,0,0,4,5,2,0.903,296
3,3,0,0,0,3,4,2,0.669,296
7,5,0,0,0,2,5,1,0.647,327
4,3,0,0,0,4,8,3,0.858,263
7,2,0,0,0,2,4,1,0.578,328
3,0,0,0,0,2,3,2,0.432,296
5,5,0,0,0,5,4,2,1.092,296
15,5,0,0,0,5,6,1,1.332,327
6,5,0,0,0,4,5,1,0.953,327
23,8,0,0,0,6,7,1,1.741,327
3,1,0,0,0,2,3,1,0.457,328
20,8,0,0,0,7,7,1,1.848,327
2,2,0,0,0,3,3,2,0.621,296
24,9,0,0,0,7,8,2,1.954,296
9,4,0,0,0,5,5,1,1.156,327
21,13,0,0,0,13,6,2,2.953,295
14,5,0,0,0,6,6,1,1.473,327
11,6,0,0,0,5,7,1,1.249,327
11,0,0,0,0,10,5,2,1.929,295
3,2,0,0,0,2,3,1,0.482,328
5,2,0,0,0,2,4,1,0.530,328
20,0,0,0,0,6,6,2,1.482,295
4,3,0,0,0,4,6,2,0.858,296
8,5,0,0,0,7,7,2,1.489,296
11,5,0,0,0,5,6,1,1.235,327
11,6,0,0,0,6,6,2,1.417,296
10,7,0,0,0,9,9,3,1.899,263
3,2,0,0,0,2,3,1,0.482,328
2,2,0,0,0,3,3,2,0.621,295
2,3,0,0,0,2,3,1,0.482,328
13,7,0,0,0,5,7,2,1.332,296
3,3,0,0,0,4,5,2,0.832,296
3,2,0,0,0,2,6,2,0.482,296
16,5,0,0,0,7,6,1,1.665,327
7,3,0,0,0,7,5,1,1.415,327
5,5,0,0,0,6,15,6,1.252,166
5,0,0,0,0,4,4,2,0.808,296
1,2,0,0,0,3,3,1,0.596,328
15,12,0,0,0,14,7,2,2.938,295
16,6,0,0,0,6,6,1,1.527,327
1,0,0,0,0,2,2,2,0.385,296
9,6,0,0,0,6,7,2,1.372,295
5,4,0,0,0,6,5,2,1.228,295
4,3,0,0,0,4,4,2,0.858,295
9,6,0,0,0,7,6,2,1.528,295
13,5,0,0,0,6,6,2,1.434,296
17,7,0,0,0,8,7,2,1.898,296
1,2,0,0,0,3,3,1,0.596,328
24,16,0,0,0,13,6,2,3.089,295
21,7,0,0,0,7,6,2,1.846,296
6,0,0,0,0,5,4,2,0.999,296
31,10,0,0,0,7,9,2,2.146,296
10,7,0,0,0,9,5,2,1.908,296
15,12,0,0,0,14,8,2,2.941,295
2,2,0,0,0,2,3,1,0.457,328
3,2,0,0,0,2,4,2,0.481,296
5,4,0,0,0,5,7,3,1.067,263
4,1,0,0,0,2,3,1,0.482,328
3,3,0,0,0,2,4,1,0.504,327
6,7,0,0,0,6,5,2,1.329,296
19,7,0,0,0,7,7,1,1.779,327
29,13,0,0,0,15,7,2,3.455,295
2,2,0,0,0,3,3,2,0.620,296
20,8,0,0,0,7,10,2,1.849,295
9,4,0,0,0,4,5,1,0.998,327
8,0,0,0,0,7,4,2,1.368,295
10,7,0,0,0,6,5,1,1.415,327
5,5,0,0,0,3,4,1,0.765,327
7,0,0,0,0,10,5,3,1.832,264
8,6,0,0,0,5,5,1,1.185,327
4,0,0,0,0,5,4,3,0.944,264
2,2,0,0,0,3,6,2,0.621,296
8,2,0,0,0,5,4,2,1.091,295
19,6,0,0,0,5,7,1,1.434,327
3,0,0,0,0,2,3,1,0.433,328
21,16,0,0,0,26,6,4,5.117,230
3,2,0,0,0,2,4,1,0.481,327
5,3,0,0,0,4,5,2,0.879,295
5,3,0,0,0,9,5,2,1.694,295
8,4,0,0,0,3,5,1,0.814,327
7,0,0,0,0,3,4,2,0.692,295
11,10,0,0,0,10,5,2,2.165,295
2,2,0,0,0,2,4,1,0.457,328
6,5,0,0,0,4,4,1,0.950,327
13,8,0,0,0,6,5,1,1.511,327
3,3,0,0,0,7,4,1,1.322,327
5,2,0,0,0,2,5,1,0.529,328
16,7,0,0,0,6,7,2,1.549,296
2,2,0,0,0,3,5,2,0.621,296
21,10,0,0,0,7,7,1,1.905,327
5,0,0,0,0,5,4,2,0.972,295
27,10,0,0,0,10,8,2,2.525,295
3,2,0,0,0,4,4,1,0.809,327
4,4,0,0,0,4,5,2,0.882,296
10,5,0,0,0,6,5,1,1.373,327
39,11,0,0,0,9,8,2,2.695,296
19,7,0,0,0,6,7,1,1.622,327
10,6,0,0,0,3,5,1,0.908,327
2,2,0,0,0,4,4,1,0.783,328
8,7,0,0,0,7,7,2,1.530,295
12,5,0,0,0,6,5,2,1.415,296
3,2,0,0,0,2,3,1,0.481,328
8,5,0,0,0,4,7,2,1.000,295
14,5,0,0,0,6,7,1,1.474,327
7,0,0,0,0,4,4,2,0.860,295
18,10,0,0,0,10,8,2,2.322,295
5,5,0,0,0,4,4,1,0.929,327
2,0,0,0,0,3,3,1,0.572,327
6,0,0,0,0,5,4,2,0.997,296
19,7,0,0,0,7,7,1,1.780,327
10,4,0,0,0,3,5,1,0.857,327
12,6,0,0,0,5,6,1,1.270,327
2,1,0,0,0,2,4,2,0.433,296
6,4,0,0,0,5,6,2,1.092,295
6,3,0,0,0,7,5,1,1.392,327
16,8,0,0,0,8,7,2,1.898,296
10,5,0,0,0,3,6,1,0.884,327
6,3,0,0,0,6,4,3,1.230,264
15,6,0,0,0,6,6,1,1.501,327
5,0,0,0,0,4,4,2,0.806,296
3,4,0,0,0,4,4,2,0.858,296
4,0,0,0,0,2,4,2,0.457,296
4,3,0,0,0,3,4,1,0.693,327
11,0,0,0,0,6,5,2,1.278,295
7,4,0,0,0,2,5,1,0.626,327
4,4,0,0,0,3,6,2,0.717,296
3,0,0,0,0,4,3,2,0.760,295
7,0,0,0,0,4,4,2,0.858,296
21,7,0,0,0,8,7,2,1.994,296
8,0,0,0,0,7,4,3,1.368,264
6,0,0,0,0,9,4,3,1.645,263
3,2,0,0,0,2,4,2,0.481,296
7,4,0,0,0,2,4,1,0.626,327
9,4,0,0,0,3,6,1,0.838,327
3,2,0,0,0,2,4,1,0.481,327
4,3,0,0,0,3,4,2,0.694,296
3,1,0,0,0,3,4,1,0.620,327
2,3,0,0,0,2,3,1,0.482,327
13,0,0,0,0,18,5,4,3.260,231
11,6,0,0,0,4,6,1,1.094,327
4,0,0,0,0,3,3,2,0.621,296
1,2,0,0,0,2,3,1,0.432,328
23,9,0,0,0,11,7,2,2.583,296
19,6,0,0,0,7,7,1,1.759,327
13,0,0,0,0,20,6,3,3.592,263
2,0,0,0,0,2,3,1,0.408,328
21,5,0,0,0,8,7,1,1.945,327
3,2,0,0,0,4,4,2,0.807,296
3,3,0,0,0,2,4,1,0.505,327
5,0,0,0,0,3,4,2,0.644,296
18,6,0,0,0,7,6,2,1.753,296
4,4,0,0,0,4,7,2,0.881,296
9,5,0,0,0,4,7,2,1.019,296
3,0,0,0,0,3,3,2,0.596,296
27,15,0,0,0,11,7,2,2.819,296
8,6,0,0,0,6,5,2,1.350,296
6,5,0,0,0,8,6,2,1.605,295
13,7,0,0,0,5,6,1,1.334,327
29,7,0,0,0,11,7,2,2.675,296
1,2,0,0,0,2,3,1,0.432,328
17,6,0,0,0,6,8,2,1.548,296
9,6,0,0,0,6,7,2,1.371,295
6,7,0,0,0,6,6,2,1.328,295
10,5,0,0,0,4,5,1,1.050,327
4,0,0,0,0,5,4,2,0.948,295
6,0,0,0,0,5,4,2,0.997,295
9,6,0,0,0,6,5,1,1.372,327
4,2,0,0,0,3,5,2,0.669,296
2,2,0,0,0,3,4,1,0.621,328
5,2,0,0,0,3,4,1,0.693,327
22,9,0,0,0,6,7,1,1.738,327
7,5,0,0,0,3,4,1,0.814,327
2,2,0,0,0,3,3,1,0.622,327
5,5,0,0,0,5,4,2,1.092,296
4,3,0,0,0,3,4,1,0.645,327
2,2,0,0,0,2,4,1,0.458,328
17,0,0,0,0,8,6,2,1.751,295
5,3,0,0,0,3,4,1,0.718,327
16,0,0,0,0,3,6,1,0.906,327
4,3,0,0,0,3,5,2,0.694,296
3,3,0,0,0,5,4,2,0.999,295
9,5,0,0,0,6,6,2,1.350,296
10,8,0,0,0,9,5,2,1.929,296
5,0,0,0,0,4,4,2,0.807,296
7,0,0,0,0,3,5,2,0.694,296
6,5,0,0,0,4,4,1,0.951,327
11,7,0,0,0,8,6,2,1.769,296
3,3,0,0,0,3,6,2,0.669,296
4,6,0,0,0,3,7,2,0.765,296
4,3,0,0,0,3,4,1,0.693,328
20,7,0,0,0,5,7,1,1.480,327
2,2,0,0,0,1,3,1,0.293,328
3,4,0,0,0,3,5,2,0.693,296
3,4,0,0,0,3,5,1,0.693,327
13,7,0,0,0,7,5,2,1.647,296
4,3,0,0,0,4,5,2,0.859,296
10,0,0,0,0,8,5,2,1.579,295
4,2,0,0,0,5,5,1,0.998,327
3,4,0,0,0,4,8,3,0.857,264
6,4,0,0,0,5,4,2,1.089,296
5,4,0,0,0,6,5,2,1.231,296
15,0,0,0,0,4,6,2,1.048,296
11,5,0,0,0,4,6,2,1.073,295
13,6,0,0,0,8,6,2,1.781,296
18,0,0,0,0,7,6,2,1.611,295
10,0,0,0,0,21,5,4,3.674,230
14,11,0,0,0,10,6,2,2.254,295
22,9,0,0,0,6,7,2,1.751,296
13,9,0,0,0,9,6,2,2.034,295
10,5,0,0,0,6,7,2,1.372,296
19,6,0,0,0,4,7,2,1.269,296
5,4,0,0,0,3,6,2,0.742,296
4,0,0,0,0,5,4,2,0.947,295
9,4,0,0,0,3,5,1,0.837,327
2,3,0,0,0,2,4,1,0.481,327
11,8,0,0,0,6,7,2,1.468,295
8,6,0,0,0,3,5,1,0.861,327
5,5,0,0,0,5,4,2,1.092,295
4,2,0,0,0,5,4,2,0.998,296
2,1,0,0,0,2,3,1,0.432,328
4,0,0,0,0,4,4,2,0.783,296
8,4,0,0,0,5,6,1,1.092,327
4,2,0,0,0,2,4,1,0.504,328
3,2,0,0,0,3,5,2,0.644,296
18,5,0,0,0,6,7,2,1.549,296
5,4,0,0,0,6,4,2,1.230,296
11,6,0,0,0,7,6,2,1.584,296
10,8,0,0,0,9,12,4,1.926,231
21,8,0,0,0,7,7,1,1.857,327
21,7,0,0,0,9,7,2,2.160,296
6,4,0,0,0,5,4,2,1.091,295
11,4,0,0,0,6,7,2,1.373,296
7,4,0,0,0,4,4,1,0.951,327
5,2,0,0,0,4,5,2,0.859,296
4,0,0,0,0,3,4,2,0.622,296
10,11,0,0,0,10,5,2,2.152,295
9,4,0,0,0,7,5,1,1.487,327
4,3,0,0,0,4,5,2,0.859,296
16,7,0,0,0,6,6,2,1.567,296
8,0,0,0,0,3,4,1,0.717,327
14,8,0,0,0,8,6,2,1.851,295
4,0,0,0,0,4,4,2,0.781,296
4,5,0,0,0,2,5,1,0.578,327
6,2,0,0,0,4,5,1,0.880,327
19,0,0,0,0,12,5,3,2.445,263
19,8,0,0,0,8,7,1,1.990,327
10,0,0,0,0,9,5,2,1.743,295
17,9,0,0,0,9,6,2,2.126,296
1,2,0,0,0,2,3,1,0.432,328
3,0,0,0,0,3,4,2,0.597,295
16,6,0,0,0,5,7,1,1.366,327
19,7,0,0,0,4,6,1,1.292,327
10,0,0,0,0,14,5,3,2.553,263
15,11,0,0,0,9,6,1,2.103,327
12,0,0,0,0,5,5,2,1.138,295
3,2,0,0,0,2,3,2,0.481,296
5,4,0,0,0,3,4,1,0.742,327
9,5,0,0,0,5,6,2,1.187,296
5,3,0,0,0,4,5,1,0.881,327
5,3,0,0,0,3,4,1,0.719,327
2,0,0,0,0,3,3,2,0.572,296
28,15,0,0,0,16,7,2,3.680,295
5,4,0,0,0,4,4,2,0.904,296
5,5,0,0,0,5,4,2,1.090,296
5,4,0,0,0,4,4,1,0.903,327
19,7,0,0,0,7,7,1,1.784,327
14,9,0,0,0,8,6,2,1.873,296
14,8,0,0,0,3,7,1,1.052,327
17,9,0,0,0,8,8,2,1.946,296
5,4,0,0,0,5,5,2,1.062,296
7,4,0,0,0,4,4,1,0.951,327
6,5,0,0,0,4,4,1,0.951,327
19,6,0,0,0,5,7,1,1.434,327
13,7,0,0,0,12,7,2,2.450,295
5,4,0,0,0,4,4,1,0.905,327
9,5,0,0,0,8,6,2,1.665,296
10,6,0,0,0,8,6,2,1.713,296
5,1,0,0,0,4,4,2,0.834,296
10,0,0,0,0,5,5,2,1.093,296
30,8,0,0,0,25,6,4,4.976,230
2,1,0,0,0,2,3,2,0.432,296
11,6,0,0,0,7,5,1,1.581,327
2,2,0,0,0,3,5,2,0.453,295
4,3,0,0,0,2,5,1,0.528,328
13,8,0,0,0,10,7,2,2.172,295
19,9,0,0,0,7,7,1,1.844,326
2,2,0,0,0,2,4,1,0.457,328
7,5,0,0,0,6,6,2,1.297,296
6,4,0,0,0,5,4,2,1.092,295
18,8,0,0,0,7,8,2,1.784,296
8,0,0,0,0,9,5,3,1.695,263
14,11,0,0,0,11,7,2,2.406,295
5,4,0,0,0,4,5,1,0.902,327
26,10,0,0,0,10,8,2,2.503,295
6,5,0,0,0,4,4,1,0.952,327
11,5,0,0,0,5,6,1,1.233,327
6,4,0,0,0,5,4,2,1.091,296
5,4,0,0,0,4,6,2,0.903,296
4,2,0,0,0,4,4,1,0.833,327
8,2,0,0,0,3,5,2,0.767,296
4,1,0,0,0,3,4,1,0.644,328
13,10,0,0,0,8,5,2,1.871,296
2,2,0,0,0,3,4,1,0.621,327
6,4,0,0,0,5,4,2,1.089,296
4,1,0,0,0,2,3,1,0.482,328
5,1,0,0,0,3,4,1,0.667,328
19,7,0,0,0,9,7,2,2.123,296
10,5,0,0,0,6,6,2,1.372,296
8,5,0,0,0,4,6,1,0.999,327
6,0,0,0,0,6,5,2,1.159,295
24,11,0,0,0,8,7,2,2.160,296
19,5,0,0,0,3,7,1,1.102,327
4,3,0,0,0,4,4,1,0.809,327
1,2,0,0,0,1,3,1,0.268,328
16,0,0,0,0,15,5,4,2.846,230
11,0,0,0,0,11,5,3,2.086,263
23,11,0,0,0,11,7,2,2.617,295
4,0,0,0,0,4,4,2,0.783,296
4,0,0,0,0,3,3,2,0.621,296
6,2,0,0,0,5,5,2,1.041,295
18,6,0,0,0,7,8,2,1.748,296
6,0,0,0,0,8,4,2,1.485,295
21,8,0,0,0,5,7,2,1.525,296
3,3,0,0,0,3,5,2,0.670,296
5,0,0,0,0,4,4,2,0.807,295
6,0,0,0,0,3,4,2,0.667,296
10,8,0,0,0,8,6,2,1.768,296
7,0,0,0,0,5,4,2,1.021,295
14,9,0,0,0,8,6,1,1.874,326
7,4,0,0,0,4,7,2,0.952,295
19,12,0,0,0,10,12,3,2.398,263
13,8,0,0,0,7,5,2,1.669,296
13,8,0,0,0,4,5,1,1.189,327
4,3,0,0,0,4,4,2,0.858,295
13,7,0,0,0,5,6,1,1.329,327
5,5,0,0,0,5,4,2,1.090,295
6,0,0,0,0,9,4,3,1.646,263
5,0,0,0,0,2,4,2,0.482,296
25,10,0,0,0,10,6,2,2.482,295
20,7,0,0,0,9,7,2,2.132,295
13,8,0,0,0,8,6,2,1.825,296
24,11,0,0,0,11,9,2,2.641,295
17,8,0,0,0,6,6,1,1.597,327
22,10,0,0,0,5,8,1,1.599,326
17,6,0,0,0,6,6,1,1.550,327
27,17,0,0,0,15,10,3,3.536,263
1,1,0,0,0,2,3,2,0.408,296
8,3,0,0,0,4,4,1,0.953,327
5,5,0,0,0,5,11,4,1.091,231
4,4,0,0,0,6,8,3,1.206,264
20,10,0,0,0,11,7,3,2.525,263
4,4,0,0,0,5,9,4,1.042,231
5,3,0,0,0,3,4,1,0.717,327
6,0,0,0,0,5,4,2,0.999,296
3,3,0,0,0,3,5,2,0.669,296
20,5,0,0,0,7,8,2,1.777,296
17,9,0,0,0,8,6,2,1.956,296
2,2,0,0,0,2,4,2,0.457,296
24,8,0,0,0,9,8,2,2.269,296
21,8,0,0,0,8,8,1,2.017,326
16,6,0,0,0,6,7,2,1.528,296
2,3,0,0,0,2,4,1,0.482,328
26,11,0,0,0,12,8,2,2.854,295
2,2,0,0,0,1,3,1,0.293,328
5,4,0,0,0,6,4,2,1.232,295
5,4,0,0,0,5,4,1,1.066,327
5,0,0,0,0,10,5,3,1.785,263
10,0,0,0,0,9,5,3,1.746,264
2,2,0,0,0,2,3,1,0.457,328
13,8,0,0,0,7,6,1,1.664,327
14,10,0,0,0,14,8,3,2.870,264
4,0,0,0,0,2,4,2,0.457,296
5,4,0,0,0,3,5,1,0.741,327
3,1,0,0,0,3,3,2,0.620,296
5,5,0,0,0,5,4,2,1.091,296
22,8,0,0,0,7,7,2,1.878,296
5,4,0,0,0,2,4,1,0.577,327
15,5,0,0,0,5,6,1,1.334,327
3,0,0,0,0,4,3,2,0.758,296
2,3,0,0,0,2,4,1,0.481,327
6,0,0,0,0,5,4,2,0.999,295
3,2,0,0,0,6,4,1,1.136,327
3,2,0,0,0,2,5,2,0.481,296
7,4,0,0,0,4,5,1,0.951,327
14,7,0,0,0,10,6,2,2.150,296
25,14,0,0,0,14,9,3,3.231,264
27,13,0,0,0,13,8,2,3.093,295
31,15,0,0,0,15,7,2,3.554,295
4,2,0,0,0,4,5,2,0.834,296
2,1,0,0,0,2,4,2,0.432,296
4,3,0,0,0,8,4,2,1.508,295
6,5,0,0,0,6,5,1,1.276,327
6,4,0,0,0,5,4,2,1.091,296
18,7,0,0,0,7,7,2,1.759,296
5,2,0,0,0,4,4,2,0.857,296
3,3,0,0,0,2,4,1,0.504,327
4,2,0,0,0,5,4,2,0.996,295
2,0,0,0,0,1,2,1,0.245,328
26,11,0,0,0,11,9,2,2.701,296
5,4,0,0,0,4,4,1,0.902,327
6,0,0,0,0,9,4,3,1.647,263
18,5,0,0,0,15,7,2,3.021,296
9,1,0,0,0,3,5,1,0.765,327
6,3,0,0,0,3,5,1,0.744,327
21,11,0,0,0,6,8,2,1.771,296
7,2,0,0,0,6,4,2,1.232,295
12,5,0,0,0,4,6,1,1.094,327
12,0,0,0,0,7,7,2,1.465,295
2,0,0,0,0,3,3,3,0.572,264
10,5,0,0,0,5,7,2,1.209,296
2,2,0,0,0,2,3,2,0.456,296
7,4,0,0,0,4,4,1,0.953,327
4,0,0,0,0,3,4,2,0.622,296
21,10,0,0,0,6,7,1,1.743,327
30,18,0,0,0,19,10,3,4.261,263
4,3,0,0,0,4,4,2,0.857,296
10,5,0,0,0,7,6,2,1.527,296
2,1,0,0,0,1,4,1,0.268,328
6,2,0,0,0,3,4,1,0.718,327
7,3,0,0,0,4,7,2,0.927,296
21,7,0,0,0,9,7,1,2.156,327
4,3,0,0,0,3,4,2,0.694,296
5,3,0,0,0,4,6,2,0.880,296
17,6,0,0,0,6,7,1,1.550,327
4,4,0,0,0,3,4,1,0.717,327
31,24,0,0,0,24,7,2,5.228,294
17,6,0,0,0,7,7,2,1.712,296
2,1,0,0,0,2,3,2,0.432,296
6,4,0,0,0,4,5,1,0.925,327
3,1,0,0,0,4,4,2,0.782,296
22,8,0,0,0,9,8,2,2.216,295
6,4,0,0,0,5,4,2,1.088,296
4,0,0,0,0,11,4,3,1.922,262
3,3,0,0,0,3,4,2,0.669,296
8,7,0,0,0,7,21,7,1.532,133
10,5,0,0,0,5,5,1,1.207,327
9,0,0,0,0,6,4,3,1.229,263
5,3,0,0,0,5,4,2,1.044,296
9,0,0,0,0,6,6,2,1.230,295
12,7,0,0,0,8,5,1,1.781,327
21,11,0,0,0,8,8,2,2.090,295
9,6,0,0,0,8,6,1,1.695,327
18,6,0,0,0,6,7,1,1.575,327
17,7,0,0,0,4,7,1,1.251,327
9,3,0,0,0,3,4,1,0.814,327
6,3,0,0,0,4,4,1,0.902,327
17,9,0,0,0,5,6,1,1.475,327
13,5,0,0,0,5,7,1,1.272,327
15,11,0,0,0,9,6,1,2.106,327
21,8,0,0,0,5,7,1,1.527,327
5,6,0,0,0,6,6,2,1.277,296
5,3,0,0,0,4,6,1,0.881,327
5,0,0,0,0,0,3,0,0.147,360
3,3,0,0,0,2,5,2,0.505,296
15,7,0,0,0,9,6,2,2.033,296
6,5,0,0,0,4,4,1,0.951,327
20,6,0,0,0,5,6,1,1.473,327
21,8,0,0,0,11,7,1,2.513,327
2,3,0,0,0,2,3,1,0.482,328
19,7,0,0,0,7,8,1,1.783,327
8,3,0,0,0,4,5,1,0.953,327
2,2,0,0,0,3,4,2,0.621,296
19,7,0,0,0,7,7,1,1.782,327
41,17,0,0,0,14,9,2,3.674,295
4,0,0,0,0,3,3,2,0.621,296
6,3,0,0,0,4,4,1,0.902,327
5,3,0,0,0,3,4,1,0.717,327
13,6,0,0,0,7,7,2,1.628,296
19,6,0,0,0,7,8,1,1.761,327
20,6,0,0,0,8,7,2,1.946,296
33,11,0,0,0,8,8,2,2.378,296
2,2,0,0,0,2,3,2,0.455,296
5,4,0,0,0,6,4,1,1.232,327
15,4,0,0,0,5,7,1,1.293,327
13,0,0,0,0,10,5,2,1.974,294
9,6,0,0,0,7,5,2,1.529,296
18,5,0,0,0,7,7,1,1.713,327
8,4,0,0,0,5,6,1,1.139,327
6,5,0,0,0,6,5,2,1.277,296
19,6,0,0,0,6,6,1,1.615,327
3,3,0,0,0,2,7,2,0.504,296
10,7,0,0,0,8,7,2,1.747,295
14,6,0,0,0,5,5,2,1.331,296
6,0,0,0,0,5,4,2,0.996,295
8,0,0,0,0,7,4,2,1.370,295
6,4,0,0,0,3,4,2,0.766,296
2,0,0,0,0,3,3,2,0.572,296
9,7,0,0,0,7,5,2,1.552,296
14,5,0,0,0,5,6,1,1.295,327
14,6,0,0,0,13,8,3,2.614,263
3,3,0,0,0,3,5,2,0.668,296
3,3,0,0,0,3,5,2,0.668,296
3,6,0,0,0,4,4,2,0.904,296
13,10,0,0,0,8,5,2,1.876,296
23,12,0,0,0,13,9,2,2.975,295
1,1,0,0,0,3,3,1,0.572,328
3,2,0,0,0,3,4,1,0.644,328
17,7,0,0,0,6,7,1,1.576,327
2,0,0,0,0,2,3,2,0.407,296
4,3,0,0,0,4,4,1,0.857,327
2,2,0,0,0,2,4,1,0.457,328
16,7,0,0,0,8,5,2,1.894,295
4,4,0,0,0,3,4,1,0.717,327
5,2,0,0,0,4,5,2,0.859,296
12,9,0,0,0,8,6,2,1.824,295
5,4,0,0,0,6,5,2,1.230,296
9,6,0,0,0,5,5,2,1.211,296
4,0,0,0,0,3,3,1,0.621,327
2,0,0,0,0,3,3,2,0.571,296
18,6,0,0,0,7,7,1,1.753,327
2,2,0,0,0,2,5,2,0.457,295
16,7,0,0,0,8,7,1,1.888,327
21,20,0,0,0,22,6,3,4.560,262
2,2,0,0,0,1,3,1,0.293,328
7,0,0,0,0,8,4,4,1.507,231
15,8,0,0,0,9,7,2,2.037,296
17,0,0,0,0,10,5,2,2.070,295
2,3,0,0,0,3,4,1,0.644,327
2,2,0,0,0,4,5,1,0.713,327
13,9,0,0,0,9,5,2,2.011,295
10,2,0,0,0,3,5,1,0.813,327
25,8,0,0,0,6,8,1,1.801,327
2,1,0,0,0,3,3,2,0.596,296
3,4,0,0,0,2,4,1,0.528,328
7,0,0,0,0,6,5,2,1.183,295
10,4,0,0,0,6,5,1,1.350,327
24,11,0,0,0,8,8,1,2.163,326
3,0,0,0,0,4,3,2,0.758,296
19,7,0,0,0,8,6,2,1.949,296
5,4,0,0,0,3,5,2,0.743,296
9,6,0,0,0,4,5,1,1.040,327
5,5,0,0,0,5,14,5,1.090,198
6,3,0,0,0,2,4,1,0.577,327
16,6,0,0,0,6,7,1,1.525,327
7,3,0,0,0,3,5,1,0.765,327
21,9,0,0,0,10,7,2,2.371,296
12,7,0,0,0,6,5,1,1.468,327
11,0,0,0,0,4,4,1,0.953,327
14,4,0,0,0,6,7,2,1.442,296
3,2,0,0,0,4,4,2,0.809,296
14,5,0,0,0,3,7,1,0.978,327
10,4,0,0,0,4,5,1,1.021,327
11,8,0,0,0,8,6,2,1.788,296
5,3,0,0,0,3,4,1,0.716,327
2,1,0,0,0,3,3,2,0.596,296
23,11,0,0,0,14,9,2,3.122,295
2,1,0,0,0,2,3,2,0.433,296
4,4,0,0,0,3,4,1,0.718,327
20,6,0,0,0,5,7,1,1.477,327
6,4,0,0,0,5,4,2,1.091,296
7,2,0,0,0,6,5,3,1.229,263
6,5,0,0,0,2,4,1,0.624,327
16,10,0,0,0,6,9,2,1.619,296
15,6,0,0,0,7,7,2,1.680,295
21,7,0,0,0,5,7,1,1.506,327
7,7,0,0,0,4,5,1,1.024,327
16,5,0,0,0,7,6,2,1.670,296
4,0,0,0,0,4,4,2,0.783,295
8,0,0,0,0,7,4,3,1.368,264
16,8,0,0,0,11,7,2,2.384,295
27,15,0,0,0,13,7,2,3.148,295
3,2,0,0,0,4,4,2,0.808,296
2,3,0,0,0,2,3,1,0.482,327
10,6,0,0,0,8,6,2,1.720,296
8,3,0,0,0,4,4,1,0.954,328
29,15,0,0,0,11,7,2,2.869,296
18,11,0,0,0,10,6,2,2.370,296
7,0,0,0,0,8,4,3,1.506,263
13,0,0,0,0,7,6,2,1.488,295
24,8,0,0,0,12,8,2,2.754,295
7,2,0,0,0,4,4,2,0.903,295
4,4,0,0,0,3,4,2,0.717,296
17,6,0,0,0,5,7,1,1.390,327
6,5,0,0,0,4,4,1,0.951,327
10,7,0,0,0,8,7,2,1.746,295
11,0,0,0,0,8,5,3,1.602,264
8,4,0,0,0,4,7,2,0.977,296
5,0,0,0,0,5,4,3,0.973,263
23,0,0,0,0,8,6,2,1.893,295
3,2,0,0,0,3,4,2,0.644,295
20,9,0,0,0,6,7,1,1.711,327
14,0,0,0,0,7,6,3,1.513,264
15,2,0,0,0,14,5,3,2.706,264
24,10,0,0,0,7,7,2,1.965,296
14,0,0,0,0,17,5,3,3.136,263
18,0,0,0,0,13,5,3,2.590,263
6,5,0,0,0,4,4,1,0.952,327
2,3,0,0,0,1,4,1,0.317,328
28,10,0,0,0,9,9,2,2.390,295
18,5,0,0,0,7,8,2,1.714,295
3,4,0,0,0,4,4,2,0.858,296
1,2,0,0,0,2,3,1,0.433,328
1,2,0,0,0,2,3,2,0.433,296
1,2,0,0,0,3,3,1,0.596,328
5,2,0,0,0,2,4,1,0.528,328
31,12,0,0,0,14,8,2,3.315,295
6,0,0,0,0,11,5,3,1.973,263
2,2,0,0,0,2,3,1,0.457,328
27,9,0,0,0,9,7,2,2.341,296
5,3,0,0,0,4,9,3,0.882,263
2,1,0,0,0,1,4,1,0.268,328
8,4,0,0,0,4,5,2,0.977,296
6,6,0,0,0,5,5,2,1.140,296
13,6,0,0,0,4,6,1,1.131,327
4,0,0,0,0,5,4,2,0.944,295
20,8,0,0,0,9,8,2,2.159,296
5,6,0,0,0,6,5,2,1.278,296
13,7,0,0,0,5,6,2,1.335,296
16,5,0,0,0,6,6,1,1.503,327
16,0,0,0,0,11,6,2,2.198,295
4,1,0,0,0,4,5,2,0.807,295
20,8,0,0,0,6,7,1,1.671,327
4,4,0,0,0,3,6,2,0.718,296
8,4,0,0,0,2,5,1,0.650,327
1,1,0,0,0,1,3,1,0.245,329
5,0,0,0,0,6,4,3,1.134,264
3,0,0,0,0,4,4,1,0.760,328
13,0,0,0,0,18,6,3,3.283,262
7,6,0,0,0,5,5,2,1.162,296
3,3,0,0,0,3,5,2,0.668,296
3,3,0,0,0,3,4,1,0.669,328
23,11,0,0,0,11,8,2,2.620,295
8,4,0,0,0,6,7,2,1.298,296
23,9,0,0,0,13,9,2,2.898,295
9,4,0,0,0,7,7,3,1.484,264
26,0,0,0,0,9,6,2,2.126,295
3,1,0,0,0,3,5,2,0.620,296
7,6,0,0,0,8,11,4,1.651,230
3,0,0,0,0,4,4,1,0.664,327
3,2,0,0,0,4,4,2,0.809,296
22,10,0,0,0,9,8,2,2.245,295
9,0,0,0,0,6,5,2,1.231,295
6,5,0,0,0,4,4,1,0.952,327
11,5,0,0,0,3,5,1,0.908,327
19,7,0,0,0,5,7,1,1.474,327
2,2,0,0,0,3,4,2,0.620,296
6,5,0,0,0,4,4,1,0.951,327
17,7,0,0,0,5,7,1,1.412,327
24,12,0,0,0,6,7,2,1.857,296
20,0,0,0,0,9,6,2,1.966,295
25,11,0,0,0,13,10,2,2.993,295
13,10,0,0,0,9,6,2,2.035,296
20,8,0,0,0,7,7,2,1.850,296
9,4,0,0,0,6,5,2,1.327,296
5,5,0,0,0,6,9,3,1.256,262
12,5,0,0,0,4,6,1,1.095,327
8,3,0,0,0,4,5,1,0.951,327
13,0,0,0,0,10,5,3,1.967,264
9,4,0,0,0,3,6,1,0.837,327
9,6,0,0,0,7,5,2,1.526,296
5,4,0,0,0,2,5,1,0.577,327
7,0,0,0,0,4,4,2,0.858,296
17,6,0,0,0,7,7,1,1.730,327
3,4,0,0,0,4,7,2,0.858,295
16,8,0,0,0,5,7,2,1.412,296
12,8,0,0,0,7,5,2,1.649,296
10,0,0,0,0,5,4,2,1.091,296
5,2,0,0,0,3,4,2,0.695,296
25,12,0,0,0,12,8,2,2.846,295
9,6,0,0,0,8,5,1,1.696,327
7,2,0,0,0,6,4,2,1.232,295
22,0,0,0,0,25,6,4,4.604,230
13,8,0,0,0,8,6,1,1.826,327
17,0,0,0,0,14,6,3,2.727,264
9,4,0,0,0,3,5,1,0.837,327
35,0,0,0,0,28,6,4,5.402,230
22,12,0,0,0,11,6,2,2.619,296
8,5,0,0,0,4,5,1,0.998,327
14,7,0,0,0,4,5,1,1.189,327
7,4,0,0,0,4,5,1,0.953,327
17,0,0,0,0,14,5,4,2.704,231
18,7,0,0,0,5,7,1,1.448,327
2,3,0,0,0,3,4,2,0.645,296
6,5,0,0,0,6,5,2,1.280,295
7,4,0,0,0,4,4,1,0.951,327
19,9,0,0,0,8,7,1,1.993,327
7,0,0,0,0,6,4,2,1.181,295
4,2,0,0,0,2,4,1,0.503,327
10,3,0,0,0,10,6,2,1.973,296
7,6,0,0,0,4,5,1,0.997,327
24,8,0,0,0,7,9,2,1.947,296
10,5,0,0,0,6,5,2,1.372,296
6,4,0,0,0,2,5,1,0.603,327
10,2,0,0,0,5,6,2,1.141,296
26,10,0,0,0,8,9,2,2.185,296
13,10,0,0,0,9,11,3,2.034,263
8,6,0,0,0,6,5,2,1.348,296
21,9,0,0,0,7,7,1,1.877,327
17,6,0,0,0,5,7,1,1.389,327
23,0,0,0,0,10,7,3,2.197,263
18,8,0,0,0,8,7,2,1.948,296
3,3,0,0,0,3,4,1,0.669,327
8,0,0,0,0,7,4,3,1.371,264
2,1,0,0,0,3,3,1,0.596,328
22,0,0,0,0,19,6,4,3.638,231
6,3,0,0,0,4,6,2,0.904,296
6,2,0,0,0,3,6,1,0.717,327
8,5,0,0,0,4,5,1,0.999,327
12,0,0,0,0,5,5,2,1.139,295
26,0,0,0,0,21,6,3,4.056,262
11,6,0,0,0,6,7,1,1.412,327
13,4,0,0,0,6,6,1,1.416,327
4,0,0,0,0,3,4,1,0.621,328
4,4,0,0,0,4,6,2,0.880,296
10,5,0,0,0,5,7,2,1.208,296
2,2,0,0,0,1,3,1,0.293,328
13,5,0,0,0,7,6,1,1.613,327
20,6,0,0,0,7,7,1,1.785,327
13,5,0,0,0,5,6,2,1.278,296
17,0,0,0,0,14,5,3,2.729,263
2,1,0,0,0,2,3,1,0.361,328
9,0,0,0,0,7,5,2,1.396,295
4,2,0,0,0,3,5,2,0.668,296
9,5,0,0,0,4,5,1,1.018,327
2,3,0,0,0,2,3,1,0.481,328
7,0,0,0,0,8,8,1,1.509,327
21,8,0,0,0,7,7,2,1.852,296
14,9,0,0,0,8,6,2,1.874,296
2,2,0,0,0,3,4,1,0.621,327
9,7,0,0,0,5,5,1,1.231,327
5,3,0,0,0,3,4,1,0.717,327
1,2,0,0,0,0,2,0,0.099,360
9,3,0,0,0,4,5,1,0.976,327
7,0,0,0,0,6,4,2,1.181,295
4,2,0,0,0,3,4,1,0.645,327
13,7,0,0,0,7,7,1,1.643,327
23,14,0,0,0,12,8,2,2.848,295
22,8,0,0,0,9,7,2,2.219,296
3,2,0,0,0,2,5,2,0.481,296
1,1,0,0,0,1,2,1,0.245,328
13,6,0,0,0,7,7,2,1.631,295
13,8,0,0,0,9,6,1,1.991,327
12,6,0,0,0,5,6,2,1.279,296
8,5,0,0,0,2,5,1,0.674,327
3,0,0,0,0,2,3,1,0.433,328
1,1,0,0,0,2,3,2,0.408,296
8,5,0,0,0,6,8,2,1.327,295
10,6,0,0,0,3,5,1,0.906,327
11,6,0,0,0,6,6,2,1.412,296
4,0,0,0,0,3,3,2,0.622,296
28,14,0,0,0,13,7,2,3.149,295
3,3,0,0,0,2,4,1,0.505,327
16,5,0,0,0,4,7,2,1.192,296
21,11,0,0,0,13,7,2,2.899,296
25,12,0,0,0,14,7,2,3.210,295
18,7,0,0,0,5,8,1,1.449,327
3,3,0,0,0,3,4,2,0.669,296
5,3,0,0,0,5,4,1,1.040,327
14,0,0,0,0,17,5,3,3.122,262
2,3,0,0,0,3,4,2,0.642,295
22,9,0,0,0,7,7,1,1.906,327
15,5,0,0,0,5,6,2,1.333,296
2,2,0,0,0,3,4,2,0.620,296
1,2,0,0,0,2,3,1,0.433,328
7,0,0,0,0,6,5,2,1.183,295
2,0,0,0,0,3,3,1,0.572,328
13,7,0,0,0,4,5,2,1.155,296
11,8,0,0,0,8,6,2,1.786,296
9,0,0,0,0,4,5,2,0.903,296
10,5,0,0,0,7,7,1,1.528,327
4,2,0,0,0,3,6,1,0.668,327
19,9,0,0,0,6,8,1,1.667,327
19,16,0,0,0,16,6,2,3.479,295
3,1,0,0,0,2,3,1,0.457,328
2,3,0,0,0,2,4,1,0.481,328
7,0,0,0,0,4,4,2,0.859,295
5,0,0,0,0,6,4,3,1.135,263
2,1,0,0,0,2,3,1,0.432,328
3,0,0,0,0,3,3,1,0.596,328
4,2,0,0,0,3,4,1,0.668,327
5,2,0,0,0,4,4,2,0.857,295
22,12,0,0,0,11,8,2,2.620,295
46,18,0,0,0,23,8,2,5.263,295
12,4,0,0,0,7,7,2,1.554,295
15,10,0,0,0,8,6,1,1.932,327
1,0,0,0,0,1,2,1,0.219,329
3,2,0,0,0,3,4,2,0.644,296
7,5,0,0,0,8,6,2,1.627,295
13,6,0,0,0,6,6,2,1.471,296
23,10,0,0,0,12,7,2,2.758,296
11,6,0,0,0,5,5,1,1.249,327
14,7,0,0,0,2,5,1,0.855,327
3,0,0,0,0,3,3,2,0.596,295
3,3,0,0,0,4,5,1,0.831,327
8,3,0,0,0,12,5,1,1.983,326
20,8,0,0,0,8,7,2,1.995,296
13,9,0,0,0,9,6,2,2.014,295
6,0,0,0,0,5,4,2,0.999,296
7,4,0,0,0,4,5,1,0.953,327
3,2,0,0,0,3,5,2,0.643,296
3,1,0,0,0,1,3,1,0.293,328
15,7,0,0,0,6,6,1,1.527,327
2,2,0,0,0,1,4,1,0.293,328
38,11,0,0,0,11,11,2,2.978,295
4,3,0,0,0,4,4,2,0.859,296
19,11,0,0,0,12,7,2,2.684,296
20,0,0,0,0,6,6,2,1.492,295
2,1,0,0,0,3,3,1,0.477,327
17,0,0,0,0,14,9,4,2.708,229
5,6,0,0,0,4,4,2,0.952,296
17,5,0,0,0,4,6,1,1.206,327
3,1,0,0,0,2,4,2,0.457,296
1,0,0,0,0,3,3,2,0.546,296
25,11,0,0,0,10,7,2,2.502,296
5,5,0,0,0,5,5,2,1.091,296
4,2,0,0,0,3,4,1,0.669,328
3,3,0,0,0,2,4,1,0.506,327
5,0,0,0,0,3,4,2,0.643,296
14,0,0,0,0,9,5,2,1.825,295
9,2,0,0,0,12,5,3,2.256,263
3,2,0,0,0,3,4,1,0.644,327
6,4,0,0,0,5,4,2,1.090,296
6,5,0,0,0,4,4,1,0.951,327
6,0,0,0,0,3,4,2,0.668,296
23,0,0,0,0,8,7,3,1.890,263
7,3,0,0,0,7,6,2,1.416,296
4,2,0,0,0,3,4,2,0.669,296
2,3,0,0,0,2,5,2,0.481,296
13,3,0,0,0,7,6,2,1.562,296
3,4,0,0,0,3,4,2,0.694,296
3,2,0,0,0,2,3,1,0.482,328
11,8,0,0,0,8,5,1,1.791,327
5,4,0,0,0,3,4,1,0.743,328
4,3,0,0,0,3,5,2,0.694,296
23,8,0,0,0,8,7,2,2.076,296
3,2,0,0,0,2,5,2,0.481,296
3,2,0,0,0,2,4,1,0.481,327
15,0,0,0,0,8,7,2,1.689,295
2,1,0,0,0,4,3,2,0.758,296
8,3,0,0,0,6,6,2,1.279,296
14,8,0,0,0,8,6,2,1.850,296
19,10,0,0,0,6,7,1,1.710,327
4,0,0,0,0,5,5,1,0.947,327
2,2,0,0,0,2,3,1,0.457,328
5,4,0,0,0,2,5,1,0.577,328
11,0,0,0,0,20,5,3,3.540,262
5,4,0,0,0,6,4,2,1.229,295
5,3,0,0,0,5,12,4,1.043,231
3,2,0,0,0,4,4,2,0.808,296
6,3,0,0,0,4,5,1,0.905,327
14,10,0,0,0,8,9,2,1.894,295
8,5,0,0,0,5,6,2,1.156,296
4,2,0,0,0,4,5,2,0.834,296
6,0,0,0,0,9,4,3,1.648,262
14,6,0,0,0,9,7,2,1.965,296
8,6,0,0,0,5,5,2,1.191,296
15,11,0,0,0,11,6,2,2.432,295
8,4,0,0,0,5,5,2,1.139,296
19,7,0,0,0,6,7,1,1.638,327
4,2,0,0,0,4,7,3,0.833,263
20,7,0,0,0,7,7,2,1.811,296
5,3,0,0,0,3,5,2,0.718,296
4,3,0,0,0,4,4,2,0.857,296
18,8,0,0,0,6,6,1,1.623,327
3,0,0,0,0,6,5,3,1.084,263
16,6,0,0,0,5,7,1,1.365,327
25,9,0,0,0,9,7,2,2.303,295
23,9,0,0,0,11,9,2,2.587,295
31,9,0,0,0,8,8,2,2.287,296
4,2,0,0,0,4,4,3,0.833,264
4,2,0,0,0,3,4,2,0.666,296
3,3,0,0,0,3,4,1,0.669,327
11,7,0,0,0,7,6,2,1.607,295
3,3,0,0,0,2,5,2,0.504,296
8,6,0,0,0,6,7,2,1.349,295
10,6,0,0,0,5,7,1,1.233,327
22,8,0,0,0,5,7,1,1.567,327
6,4,0,0,0,1,4,1,0.438,327
15,7,0,0,0,5,6,1,1.365,327
2,1,0,0,0,1,3,1,0.269,328
14,10,0,0,0,10,6,2,2.225,295
19,8,0,0,0,8,6,2,1.988,296
4,3,0,0,0,2,4,1,0.529,327
2,1,0,0,0,2,3,1,0.432,328
4,3,0,0,0,3,5,2,0.694,296
29,15,0,0,0,15,7,2,3.536,295
7,4,0,0,0,5,5,1,1.118,327
10,7,0,0,0,7,6,2,1.585,296
15,7,0,0,0,9,5,2,2.012,296
2,3,0,0,0,2,3,1,0.482,328
5,4,0,0,0,2,4,1,0.579,328
25,9,0,0,0,10,6,2,2.471,296
54,22,0,0,0,21,10,2,5.274,294
15,11,0,0,0,9,7,2,2.130,295
4,2,0,0,0,2,4,1,0.504,328
1,2,0,0,0,3,3,1,0.597,328
5,5,0,0,0,5,8,3,1.090,264
28,15,0,0,0,12,7,2,3.009,295
2,1,0,0,0,3,3,2,0.596,296
2,2,0,0,0,3,4,2,0.622,296
2,2,0,0,0,2,3,2,0.456,296
17,0,0,0,0,14,5,3,2.726,263
10,3,0,0,0,4,5,1,1.000,327
23,9,0,0,0,12,8,2,2.749,295
12,4,0,0,0,5,6,2,1.235,296
33,16,0,0,0,12,9,2,3.134,295
5,4,0,0,0,4,6,2,0.904,296
14,9,0,0,0,10,6,2,2.199,295
5,4,0,0,0,4,5,2,0.904,296
19,7,0,0,0,8,7,2,1.947,296
2,2,0,0,0,2,4,2,0.457,296
23,5,0,0,0,7,7,1,1.850,327
3,3,0,0,0,3,5,2,0.669,296
5,4,0,0,0,4,5,2,0.902,296
4,4,0,0,0,5,8,3,1.043,263
7,0,0,0,0,8,4,3,1.505,263
13,3,0,0,0,15,7,1,2.868,326
10,3,0,0,0,7,9,3,1.486,263
12,9,0,0,0,8,5,1,1.828,327
5,3,0,0,0,3,5,1,0.716,327
6,3,0,0,0,4,5,1,0.904,327
6,3,0,0,0,2,5,1,0.577,328
7,0,0,0,0,6,4,2,1.181,295
2,3,0,0,0,3,4,1,0.644,328
13,0,0,0,0,18,5,3,3.265,262
8,0,0,0,0,7,4,2,1.369,295
17,5,0,0,0,5,7,1,1.363,327
2,1,0,0,0,2,4,2,0.433,296
14,6,0,0,0,5,7,1,1.332,327
4,0,0,0,0,4,4,2,0.782,295
9,3,0,0,0,5,6,2,1.138,296
18,6,0,0,0,5,6,1,1.410,327
18,5,0,0,0,5,6,1,1.389,327
11,0,0,0,0,5,6,2,1.115,296
6,0,0,0,0,9,4,3,1.649,263
20,0,0,0,0,27,6,3,4.893,262
20,9,0,0,0,5,7,1,1.528,327
23,7,0,0,0,9,7,2,2.219,296
20,7,0,0,0,7,7,2,1.808,296
8,0,0,0,0,8,5,2,1.534,295
7,6,0,0,0,6,5,2,1.323,296
10,3,0,0,0,4,6,1,1.000,327
15,0,0,0,0,10,6,3,2.033,264
4,3,0,0,0,4,4,1,0.858,327
6,4,0,0,0,6,6,2,1.256,295
22,12,0,0,0,9,7,2,2.303,295
8,5,0,0,0,6,5,1,1.327,327
23,9,0,0,0,10,8,2,2.409,295
14,7,0,0,0,2,5,1,0.867,327
1,3,0,0,0,1,3,1,0.293,329
2,2,0,0,0,2,4,1,0.457,328
16,10,0,0,0,12,8,2,2.601,295
21,8,0,0,0,9,7,2,2.188,296
1,1,0,0,0,3,3,1,0.572,328
3,3,0,0,0,3,4,1,0.668,327
11,6,0,0,0,8,6,2,1.749,296
8,0,0,0,0,5,5,3,1.042,264
6,3,0,0,0,8,7,3,1.556,263
13,8,0,0,0,9,6,2,1.990,295
3,2,0,0,0,3,4,2,0.645,296
11,5,0,0,0,11,8,3,2.207,263
7,6,0,0,0,4,6,2,0.999,296
19,7,0,0,0,8,7,2,1.949,296
9,0,0,0,0,6,4,2,1.231,295
11,4,0,0,0,5,6,2,1.208,295
3,3,0,0,0,3,4,2,0.667,296
14,8,0,0,0,9,6,2,2.013,296
12,7,0,0,0,8,5,1,1.787,327
3,3,0,0,0,2,4,1,0.504,328
24,8,0,0,0,9,7,2,2.256,295
9,0,0,0,0,6,4,2,1.233,295
3,3,0,0,0,2,4,1,0.504,328
12,7,0,0,0,9,7,2,1.949,295
26,11,0,0,0,8,7,1,2.201,327
13,5,0,0,0,8,7,2,1.767,295
11,10,0,0,0,10,5,2,2.149,294
1,3,0,0,0,1,3,1,0.293,329
5,5,0,0,0,5,4,2,1.092,295
16,4,0,0,0,5,6,1,1.335,327
4,3,0,0,0,4,4,1,0.859,328
3,2,0,0,0,3,4,1,0.643,327
16,6,0,0,0,5,6,1,1.374,327
2,0,0,0,0,1,2,1,0.245,328
29,15,0,0,0,15,7,2,3.509,295
3,1,0,0,0,2,4,1,0.457,328
3,2,0,0,0,2,3,1,0.481,327
20,6,0,0,0,9,7,2,2.129,296
10,6,0,0,0,9,6,1,1.891,327
5,4,0,0,0,4,5,1,0.903,327
10,4,0,0,0,5,5,1,1.188,327
3,4,0,0,0,2,4,1,0.528,328
1,1,0,0,0,1,3,1,0.245,328
6,0,0,0,0,9,4,2,1.647,295
2,1,0,0,0,1,3,1,0.268,329
5,4,0,0,0,4,6,1,0.905,327
5,3,0,0,0,3,4,1,0.717,328
22,8,0,0,0,9,7,2,2.218,295
5,3,0,0,0,1,4,1,0.389,327
4,1,0,0,0,2,3,1,0.481,327
3,2,0,0,0,4,5,2,0.807,296
6,6,0,0,0,9,10,4,1.789,231
22,8,0,0,0,9,7,2,2.218,295
38,13,0,0,0,12,8,2,3.210,296
16,5,0,0,0,6,8,2,1.517,296
13,0,0,0,0,10,5,2,1.977,294
13,10,0,0,0,8,5,2,1.874,296
20,7,0,0,0,7,7,2,1.805,296
3,4,0,0,0,4,6,2,0.857,296
2,1,0,0,0,1,3,1,0.269,328
10,0,0,0,0,21,5,4,3.681,231
9,5,0,0,0,8,9,3,1.667,263
11,0,0,0,0,2,6,1,0.625,327
5,0,0,0,0,3,4,2,0.644,296
4,5,0,0,0,4,4,2,0.903,296
5,4,0,0,0,3,7,2,0.743,296
4,2,0,0,0,3,4,1,0.670,327
3,3,0,0,0,2,5,2,0.505,296
9,3,0,0,0,3,5,1,0.814,327
3,2,0,0,0,4,5,3,0.808,264
29,12,0,0,0,6,8,1,2.000,326
4,3,0,0,0,4,4,1,0.859,327
8,4,0,0,0,5,6,2,1.139,296
16,9,0,0,0,10,6,2,2.247,296
25,9,0,0,0,8,7,2,2.126,296
8,4,0,0,0,5,5,1,1.140,327
4,3,0,0,0,2,4,1,0.529,327
12,9,0,0,0,9,6,2,1.993,295
25,7,0,0,0,7,7,2,1.936,295
3,2,0,0,0,2,3,1,0.481,328
10,4,0,0,0,5,5,1,1.187,327
17,5,0,0,0,7,8,2,1.690,296
27,13,0,0,0,12,7,2,2.940,296
11,9,0,0,0,10,6,2,2.131,295
28,11,0,0,0,12,8,2,2.926,295
10,7,0,0,0,5,6,1,1.250,327
2,1,0,0,0,3,4,2,0.596,296
7,0,0,0,0,8,4,4,1.507,232
9,5,0,0,0,5,6,1,1.189,327
9,3,0,0,0,3,5,1,0.813,327
6,0,0,0,0,3,5,2,0.668,295
18,5,0,0,0,5,7,1,1.390,327
17,8,0,0,0,6,9,2,1.611,296
6,5,0,0,0,4,5,2,0.952,296
6,0,0,0,0,9,4,3,1.646,264
5,4,0,0,0,3,4,1,0.742,327
22,9,0,0,0,6,8,2,1.741,296
11,5,0,0,0,9,6,1,1.889,327
5,3,0,0,0,2,4,1,0.555,328
3,3,0,0,0,4,4,2,0.833,296
10,2,0,0,0,6,7,2,1.297,295
9,7,0,0,0,7,5,2,1.554,296
7,0,0,0,0,4,5,2,0.859,295
21,0,0,0,0,10,5,2,2.165,295
8,5,0,0,0,5,5,1,1.158,327
6,3,0,0,0,6,5,1,1.230,327
3,3,0,0,0,2,4,1,0.504,328
11,6,0,0,0,9,9,3,1.906,264
21,9,0,0,0,6,7,1,1.712,327
3,3,0,0,0,2,5,1,0.505,328
4,3,0,0,0,4,5,2,0.857,296
7,0,0,0,0,8,4,3,1.505,264
18,6,0,0,0,8,7,2,1.917,296
9,6,0,0,0,5,7,2,1.208,296
25,13,0,0,0,13,7,2,3.065,295
11,10,0,0,0,10,5,2,2.152,294
7,0,0,0,0,4,4,2,0.857,295
8,0,0,0,0,11,5,3,2.018,264
6,0,0,0,0,5,4,2,0.997,296
2,3,0,0,0,4,5,2,0.807,296
6,0,0,0,0,6,4,2,1.160,295
2,2,0,0,0,2,4,1,0.457,328
5,4,0,0,0,4,5,1,0.904,327
7,4,0,0,0,4,7,2,0.951,295
17,9,0,0,0,7,6,2,1.780,296
11,6,0,0,0,5,7,1,1.248,327
3,0,0,0,0,4,4,1,0.760,328
8,0,0,0,0,3,4,1,0.718,327
6,5,0,0,0,4,4,1,0.952,328
5,2,0,0,0,4,4,2,0.857,296
9,8,0,0,0,6,7,2,1.417,295
14,0,0,0,0,4,7,2,1.026,296
10,6,0,0,0,11,5,3,2.204,263
19,7,0,0,0,6,8,1,1.620,327
8,6,0,0,0,3,5,1,0.861,327
22,5,0,0,0,6,8,1,1.659,327
11,5,0,0,0,5,7,1,1.234,327
23,9,0,0,0,13,7,2,2.898,295
8,4,0,0,0,3,5,1,0.814,327
4,1,0,0,0,3,4,2,0.644,296
9,3,0,0,0,6,6,2,1.299,296
4,4,0,0,0,4,5,2,0.881,296
7,3,0,0,0,3,5,1,0.766,327
7,4,0,0,0,5,5,1,1.115,327
17,9,0,0,0,9,6,2,2.126,296
3,2,0,0,0,2,4,1,0.481,328
4,4,0,0,0,4,5,1,0.881,327
5,4,0,0,0,2,4,1,0.578,327
8,4,0,0,0,5,6,2,1.141,296
2,1,0,0,0,1,3,1,0.268,328
2,1,0,0,0,2,3,1,0.432,328
13,5,0,0,0,8,6,2,1.759,296
8,0,0,0,0,7,4,2,1.370,295
4,2,0,0,0,2,4,1,0.504,327
3,4,0,0,0,4,4,2,0.858,295
11,6,0,0,0,7,6,2,1.580,296
3,4,0,0,0,3,5,2,0.693,296
2,1,0,0,0,2,3,2,0.432,296
45,12,0,0,0,9,9,1,2.844,326
2,3,0,0,0,3,4,2,0.644,296
3,1,0,0,0,1,4,1,0.293,328
13,9,0,0,0,8,7,2,1.852,296
5,5,0,0,0,5,6,2,1.089,296
1,2,0,0,0,3,4,2,0.596,295
3,1,0,0,0,2,3,1,0.456,328
16,9,0,0,0,12,7,2,2.583,295
1,2,0,0,0,2,3,1,0.433,328
2,5,0,0,0,4,4,1,0.858,327
2,2,0,0,1,3,4,1,0.621,327
17,11,0,0,0,11,6,2,2.498,296
13,4,0,0,0,4,5,1,1.094,327
4,3,0,0,0,2,4,1,0.528,328
2,2,0,0,0,1,3,1,0.293,328
7,0,0,0,0,4,4,2,0.860,296
3,3,0,0,0,3,4,2,0.670,296
21,8,0,0,0,6,8,1,1.711,327
4,1,0,0,0,4,4,2,0.807,296
35,16,0,0,0,14,7,2,3.504,296
7,6,0,0,0,7,14,5,1.488,198
5,3,0,0,0,4,5,2,0.881,296
19,7,0,0,0,6,7,2,1.622,296
2,1,0,0,0,4,3,1,0.761,327
8,5,0,0,0,9,5,1,1.802,327
5,4,0,0,0,4,4,1,0.904,327
3,2,0,0,0,4,4,2,0.807,295
26,11,0,0,0,12,8,2,2.843,294
12,8,0,0,0,9,7,2,1.962,296
21,7,0,0,0,8,7,2,1.990,296
8,5,0,0,0,7,5,2,1.488,295
3,1,0,0,0,2,3,1,0.457,328
3,4,0,0,0,2,4,1,0.530,328
8,4,0,0,0,3,4,1,0.813,327
8,0,0,0,0,6,4,2,1.207,295
10,5,0,0,0,4,6,1,1.047,327
27,9,0,0,0,10,7,1,2.498,327
5,2,0,0,0,4,5,2,0.857,296
5,3,0,0,0,3,5,2,0.718,296
15,6,0,0,0,6,7,2,1.507,296
6,0,0,0,0,3,5,2,0.669,296
6,5,0,0,0,4,4,1,0.951,327
5,4,0,0,0,4,6,2,0.903,295
19,10,0,0,0,9,7,2,2.183,296
3,2,0,0,0,4,5,2,0.808,296
3,3,0,0,0,3,4,2,0.669,296
3,2,0,0,0,2,3,1,0.481,328
6,5,0,0,0,4,4,2,0.951,295
15,6,0,0,0,6,6,2,1.520,296
18,6,0,0,0,6,7,1,1.573,327
11,7,0,0,0,7,6,2,1.609,296
8,5,0,0,0,4,5,2,1.000,296
16,5,0,0,0,6,7,2,1.502,296
6,5,0,0,0,4,5,1,0.951,327
7,6,0,0,0,6,5,2,1.323,295
7,6,0,0,0,6,6,2,1.329,296
6,4,0,0,0,5,4,2,1.089,296
2,2,0,0,0,3,4,2,0.621,296
29,0,0,0,0,34,6,4,6.230,230
7,4,0,0,0,4,4,2,0.954,296
3,1,0,0,0,3,3,1,0.621,328
2,3,0,0,0,2,3,2,0.481,296
5,3,0,0,0,4,4,1,0.880,327
6,0,0,0,0,5,4,2,0.999,295
8,7,0,0,0,8,5,1,1.693,327
14,5,0,0,0,5,5,1,1.295,327
5,0,0,0,0,4,4,2,0.809,296
3,3,0,0,0,3,6,2,0.669,296
8,7,0,0,0,6,5,1,1.372,327
10,6,0,0,0,7,5,2,1.555,296
24,13,0,0,0,13,7,2,3.014,296
2,3,0,0,0,2,4,1,0.481,328
3,2,0,0,0,3,5,1,0.644,327
28,13,0,0,0,15,7,2,3.437,295
21,9,0,0,0,10,9,2,2.376,295
15,4,0,0,0,5,6,1,1.302,327
13,0,0,0,0,18,5,3,3.262,263
2,2,0,0,0,2,3,1,0.457,328
4,3,0,0,0,4,4,2,0.857,296
11,10,0,0,0,10,5,2,2.154,295
3,2,0,0,0,2,5,2,0.481,296
7,0,0,0,0,6,4,3,1.182,264
17,6,0,0,0,6,7,2,1.566,296
3,2,0,0,0,2,4,1,0.482,328
6,3,0,0,0,4,5,2,0.904,296
3,0,0,0,0,2,3,2,0.433,296
2,1,0,0,0,2,3,2,0.432,296
3,2,0,0,0,2,4,2,0.481,296
5,0,0,0,0,4,4,2,0.807,295
32,15,0,0,0,14,7,2,3.411,295
5,3,0,0,0,4,5,1,0.880,327
25,0,0,0,0,38,6,5,6.786,199
4,6,0,0,0,7,5,2,1.416,295
11,4,0,0,0,4,5,1,1.048,327
11,10,0,0,0,10,5,2,2.151,295
2,1,0,0,0,3,4,2,0.597,296
12,7,0,0,0,10,7,2,2.105,295
11,4,0,0,0,5,6,1,1.210,327
10,6,0,0,0,7,5,1,1.554,327
3,0,0,0,1,1,3,1,0.245,328
5,5,0,0,0,5,8,2,1.092,295
2,0,0,0,0,5,3,2,0.899,295
5,4,0,0,0,6,6,2,1.227,295
2,1,0,0,0,3,3,1,0.596,328
15,0,0,0,0,16,5,4,2.982,231
21,12,0,0,0,9,7,2,2.267,295
10,7,0,0,0,6,6,2,1.416,296
19,8,0,0,0,5,7,1,1.480,327
16,10,0,0,0,9,7,2,2.124,296
7,6,0,0,0,4,5,2,0.997,296
6,3,0,0,0,6,4,2,1.229,295
28,9,0,0,0,10,7,2,2.537,296
7,4,0,0,0,4,6,2,0.953,295
3,2,0,0,0,2,4,2,0.482,296
4,2,0,0,0,3,5,1,0.668,327
10,7,0,0,0,14,5,2,2.709,296
14,5,0,0,0,6,8,2,1.478,296
22,7,0,0,0,7,7,2,1.855,296
8,0,0,0,0,7,4,2,1.368,295
24,6,0,0,0,7,7,2,1.894,296
23,8,0,0,0,7,7,1,1.924,327
13,7,0,0,0,7,8,2,1.654,296
10,6,0,0,0,6,7,2,1.388,295
2,3,0,0,0,3,4,1,0.643,327
8,5,0,0,0,4,6,1,1.001,327
11,8,0,0,0,7,6,2,1.630,296
12,6,0,0,0,3,6,1,0.956,327
10,0,0,0,0,10,5,2,1.902,295
6,3,0,0,0,5,5,2,1.066,296
16,5,0,0,0,6,8,2,1.514,296
2,3,0,0,0,2,4,1,0.481,328
3,2,0,0,0,2,5,2,0.484,296
6,4,0,0,0,5,4,2,1.090,296
19,6,0,0,0,5,7,1,1.433,327
2,1,0,0,0,2,3,1,0.433,328
2,1,0,0,0,2,3,2,0.432,296
4,4,0,0,0,3,4,1,0.718,327
15,4,0,0,0,6,8,2,1.473,296
6,3,0,0,0,4,4,2,0.905,296
14,10,0,0,0,10,8,2,2.235,295
3,1,0,0,0,3,3,1,0.621,327
2,1,0,0,0,2,4,1,0.432,328
20,7,0,0,0,5,7,1,1.479,327
19,9,0,0,0,7,7,2,1.848,296
5,4,0,0,0,5,5,2,1.066,296
26,12,0,0,0,12,8,2,2.866,296
5,0,0,0,0,4,4,2,0.806,295
5,2,0,0,0,5,7,3,1.020,264
4,3,0,0,0,4,7,2,0.858,295
4,1,0,0,0,4,8,4,0.807,231
17,10,0,0,0,5,7,1,1.479,327
22,8,0,0,0,7,7,1,1.882,327
16,7,0,0,0,7,7,2,1.715,295
18,8,0,0,0,7,7,2,1.781,296
9,0,0,0,0,10,5,3,1.884,263
11,8,0,0,0,14,6,2,2.752,295
4,2,0,0,0,3,4,2,0.670,296
3,3,0,0,0,3,4,2,0.669,296
5,0,0,0,0,5,4,3,0.973,264
2,3,0,0,0,3,5,1,0.644,327
6,4,0,0,0,5,4,2,1.092,295
19,9,0,0,0,6,8,2,1.682,296
11,4,0,0,0,7,7,2,1.528,296
34,25,0,0,0,25,9,3,5.476,263
2,2,0,0,0,2,3,2,0.457,296
3,2,0,0,0,2,3,1,0.481,328
8,7,0,0,0,7,6,2,1.530,296
7,6,0,0,0,4,5,1,1.001,327
6,5,0,0,0,8,6,2,1.607,295
9,0,0,0,0,13,5,3,2.366,263
3,3,0,0,0,2,4,1,0.505,328
22,10,0,0,0,8,7,2,2.087,296
22,9,0,0,0,8,7,1,2.073,327
5,5,0,0,0,6,15,6,1.254,165
4,2,0,0,0,2,4,1,0.505,328
14,8,0,0,0,7,6,2,1.687,295
12,0,0,0,0,19,5,4,3.398,231
7,3,0,0,0,5,6,2,1.089,295
8,0,0,0,0,3,4,1,0.717,327
3,2,0,0,0,4,4,2,0.807,296
2,0,0,0,0,3,3,2,0.572,295
5,6,0,0,0,4,4,2,0.951,296
12,6,0,0,0,6,5,2,1.443,296
4,4,0,0,0,5,7,3,1.043,264
3,3,0,0,0,4,9,4,0.834,231
24,14,0,0,0,13,7,2,3.064,295
6,3,0,0,0,2,4,1,0.578,328
22,9,0,0,0,6,7,1,1.741,327
3,2,0,0,0,4,4,2,0.808,295
29,16,0,0,0,14,7,2,3.392,295
4,0,0,0,0,5,5,2,0.946,296
9,6,0,0,0,4,7,1,1.048,327
5,4,0,0,0,6,4,2,1.230,295
6,0,0,0,0,8,4,2,1.483,295
1,3,0,0,0,1,3,1,0.293,328
12,8,0,0,0,5,6,1,1.333,327
7,0,0,0,0,8,4,2,1.509,295
7,4,0,0,0,4,5,1,0.953,327
15,7,0,0,0,7,6,2,1.705,296
7,2,0,0,0,6,5,2,1.232,295
13,8,0,0,0,9,6,2,1.992,295
5,3,0,0,0,3,4,1,0.718,328
3,2,0,0,0,4,4,3,0.807,264
13,6,0,0,0,3,6,1,0.970,327
4,1,0,0,0,3,4,2,0.644,296
19,10,0,0,0,7,7,2,1.854,295
7,0,0,0,0,13,5,3,2.318,264
6,0,0,0,0,5,5,2,0.998,296
7,3,0,0,0,6,6,1,1.254,327
1,2,0,0,0,2,3,1,0.432,327
3,2,0,0,0,4,5,2,0.806,296
4,2,0,0,0,3,4,1,0.670,327
6,5,0,0,0,6,6,2,1.276,296
5,0,0,0,0,4,4,2,0.808,295
3,3,0,0,0,3,4,2,0.669,296
10,5,0,0,0,5,6,1,1.208,327
6,0,0,0,0,9,4,3,1.648,263
8,3,0,0,0,4,5,1,0.953,327
16,3,0,0,0,4,6,1,1.133,327
17,6,0,0,0,7,7,2,1.715,296
10,5,0,0,0,9,11,4,1.859,231
14,7,0,0,0,8,6,2,1.824,295
2,1,0,0,0,1,3,1,0.268,328
8,4,0,0,0,5,5,1,1.140,327
13,10,0,0,0,8,5,2,1.896,296
4,0,0,0,0,3,3,2,0.620,296
3,4,0,0,0,2,4,2,0.529,296
2,1,0,0,0,2,4,2,0.432,296
3,2,0,0,0,4,5,3,0.807,264
5,2,0,0,0,3,4,1,0.694,327
3,4,0,0,0,5,5,3,1.022,264
4,0,0,0,0,3,4,2,0.621,295
5,4,0,0,0,6,5,2,1.231,296
11,7,0,0,0,5,5,1,1.277,327
12,9,0,0,0,10,5,1,2.156,327
6,0,0,0,0,9,4,3,1.649,263
7,4,0,0,0,4,4,1,0.952,328
4,3,0,0,0,3,4,1,0.694,328
4,3,0,0,0,4,4,2,0.858,295
11,6,0,0,0,10,5,1,2.069,327
6,6,0,0,0,5,12,4,1.141,231
2,0,0,0,0,3,3,2,0.572,296
2,3,0,0,0,2,3,1,0.482,327
2,2,0,0,0,2,4,2,0.457,296
14,0,0,0,0,17,5,3,3.140,262
2,2,0,0,0,2,5,2,0.457,296
16,6,0,0,0,6,6,1,1.530,327
14,9,0,0,0,8,5,1,1.873,327
14,0,0,0,0,5,5,2,1.188,295
17,6,0,0,0,6,8,2,1.549,296
1,1,0,0,0,1,2,1,0.245,328
5,3,0,0,0,4,6,2,0.881,296
15,6,0,0,0,4,6,1,1.192,327
23,10,0,0,0,11,8,2,2.611,295
1,2,0,0,0,4,3,1,0.759,327
11,0,0,0,0,6,5,2,1.279,295
14,8,0,0,0,7,7,2,1.690,296
2,4,0,0,0,3,5,2,0.668,296
13,5,0,0,0,9,6,2,1.936,295
1,2,0,0,0,1,3,1,0.268,329
6,3,0,0,0,4,4,1,0.905,327
1,1,0,0,0,1,2,1,0.221,329
4,1,0,0,0,2,3,1,0.482,328
17,6,0,0,0,7,7,2,1.716,296
13,6,0,0,0,8,6,2,1.783,296
17,8,0,0,0,7,8,2,1.757,296
2,2,0,0,0,2,4,1,0.458,328
8,2,0,0,0,5,4,2,1.090,296
5,0,0,0,0,5,4,2,0.971,295
3,3,0,0,0,2,6,2,0.505,296
6,5,0,0,0,4,5,1,0.953,327
20,7,0,0,0,7,7,1,1.805,327
15,5,0,0,0,4,5,1,1.158,327
2,2,0,0,0,1,3,1,0.293,328
25,7,0,0,0,9,8,2,2.252,295
14,11,0,0,0,10,7,2,2.243,295
11,4,0,0,0,5,5,1,1.206,327
18,6,0,0,0,7,6,1,1.736,327
4,2,0,0,0,2,4,1,0.505,328
4,2,0,0,0,2,4,1,0.503,328
6,3,0,0,0,3,5,1,0.742,328
13,9,0,0,0,9,6,2,2.012,296
4,3,0,0,0,4,4,1,0.859,327
4,3,0,0,0,4,4,1,0.858,327
6,5,0,0,0,4,4,1,0.951,327
28,9,0,0,0,11,7,2,2.702,295
9,0,0,0,0,6,5,3,1.232,263
12,7,0,0,0,5,6,1,1.297,327
17,7,0,0,0,10,9,2,2.224,296
16,5,0,0,0,7,7,1,1.664,327
15,9,0,0,0,7,5,1,1.731,326
1,2,0,0,0,1,3,1,0.268,329
30,10,0,0,0,10,9,2,2.602,295
3,2,0,0,0,2,4,2,0.482,296
13,9,0,0,0,9,6,2,2.013,296
4,3,0,0,0,3,5,2,0.695,296
4,0,0,0,0,2,3,2,0.456,296
21,5,0,0,0,7,7,1,1.792,327
15,5,0,0,0,5,5,1,1.333,327
3,2,0,0,0,3,4,2,0.644,296
15,0,0,0,0,16,5,3,2.984,262
3,4,0,0,0,3,5,2,0.695,296
16,11,0,0,0,12,7,2,2.622,295
17,6,0,0,0,6,7,1,1.549,327
13,10,0,0,0,9,6,2,2.038,295
6,5,0,0,0,6,6,2,1.276,296
4,2,0,0,0,4,4,2,0.832,296
19,7,0,0,0,6,8,2,1.620,296
10,4,0,0,0,2,5,1,0.699,327
7,6,0,0,0,7,12,4,1.484,231
2,2,0,0,0,3,4,2,0.621,296
7,4,0,0,0,2,5,1,0.624,327
4,5,0,0,0,4,5,2,0.902,296
5,3,0,0,0,3,5,2,0.717,296
2,3,0,0,0,2,5,1,0.481,328
6,0,0,0,0,5,4,2,0.996,295
3,0,0,0,0,3,3,2,0.596,295
8,5,0,0,0,6,6,2,1.326,295
2,3,0,0,0,1,4,1,0.317,327
3,2,0,0,0,2,3,1,0.481,328
18,6,0,0,0,7,7,2,1.757,295
22,11,0,0,0,9,9,2,2.269,296
7,3,0,0,0,5,6,2,1.090,296
8,4,0,0,0,3,5,1,0.814,327
9,4,0,0,0,9,5,2,1.807,296
6,5,0,0,0,4,5,1,0.952,327
4,4,0,0,0,3,5,1,0.717,327
2,2,0,0,0,3,4,1,0.622,328
6,5,0,0,0,4,5,2,0.951,296
4,3,0,0,0,4,5,2,0.858,296
6,3,0,0,0,5,5,1,1.065,327
7,6,0,0,0,5,16,5,1.162,198
6,4,0,0,0,1,4,1,0.437,327
29,9,0,0,0,7,8,2,2.092,296
8,3,0,0,0,4,5,1,0.954,327
10,10,0,0,0,11,5,3,2.294,263
25,0,0,0,0,14,7,5,2.900,197
14,0,0,0,0,9,5,3,1.824,262
11,6,0,0,0,4,5,1,1.093,327
7,4,0,0,0,4,4,1,0.951,327
12,6,0,0,0,5,6,1,1.271,327
6,5,0,0,0,2,4,1,0.626,327
6,7,0,0,0,7,13,5,1.485,199
9,0,0,0,0,16,6,3,2.869,263
4,3,0,0,0,4,4,2,0.857,296
22,10,0,0,0,12,8,2,2.747,295
8,2,0,0,0,5,5,2,1.091,296
18,8,0,0,0,6,6,2,1.618,296
1,1,0,0,0,0,2,0,0.074,360
4,2,0,0,0,3,4,1,0.667,328
3,2,0,0,0,2,3,1,0.481,328
3,0,0,0,0,4,3,1,0.666,327
7,0,0,0,0,6,5,2,1.182,295
8,4,0,0,0,3,5,1,0.814,327
11,7,0,0,0,9,6,2,1.929,296
4,2,0,0,0,3,4,2,0.668,296
19,10,0,0,0,7,7,2,1.853,296
17,8,0,0,0,5,6,1,1.434,327
2,1,0,0,0,4,4,1,0.666,327
5,0,0,0,0,3,4,2,0.643,296
9,7,0,0,0,7,5,2,1.550,296
4,2,0,0,0,3,5,2,0.669,296
31,14,0,0,0,16,7,2,3.689,295
4,3,0,0,0,2,7,2,0.529,296
11,3,0,0,0,5,5,1,1.186,327
6,2,0,0,0,3,5,1,0.718,327
17,5,0,0,0,7,6,2,1.687,296
17,7,0,0,0,6,8,2,1.576,296
25,11,0,0,0,10,7,2,2.500,296
3,2,0,0,0,2,3,1,0.482,328
3,3,0,0,0,3,6,2,0.669,296
5,5,0,0,0,3,4,1,0.764,327
21,8,0,0,0,6,8,1,1.710,327
28,13,0,0,0,11,8,2,2.804,296
2,0,0,0,0,3,3,2,0.573,296
3,2,0,0,0,2,4,1,0.481,328
23,7,0,0,0,6,8,2,1.712,296
18,7,0,0,0,7,9,2,1.758,296
4,3,0,0,0,5,7,3,1.020,263
2,2,0,0,0,3,4,2,0.622,296
4,3,0,0,0,4,4,2,0.859,296
5,4,0,0,0,4,5,2,0.904,296
18,13,0,0,0,8,7,2,2.064,296
17,6,0,0,0,6,8,1,1.565,326
20,6,0,0,0,11,8,2,2.452,295
4,3,0,0,0,4,8,2,0.859,296
6,4,0,0,0,5,4,2,1.091,296
4,4,0,0,0,3,4,1,0.719,327
16,0,0,0,0,15,5,3,2.865,263
12,6,0,0,0,5,7,2,1.272,296
13,5,0,0,0,5,6,1,1.272,327
3,2,0,0,0,2,3,1,0.482,328
3,2,0,0,0,3,5,2,0.619,296
5,0,0,0,0,6,4,2,1.137,295
6,0,0,0,0,5,4,2,0.996,295
8,7,0,0,0,8,5,1,1.693,327
21,8,0,0,0,10,7,3,2.368,264
17,5,0,0,0,5,7,1,1.365,327
2,2,0,0,0,3,4,1,0.622,327
16,8,0,0,0,5,6,1,1.412,327
6,4,0,0,0,5,6,2,1.091,296
10,0,0,0,0,9,5,3,1.744,263
10,6,0,0,0,5,6,2,1.234,296
4,3,0,0,0,3,6,2,0.693,296
3,2,0,0,0,3,4,2,0.644,296
13,5,0,0,0,5,5,1,1.270,327
17,4,0,0,0,4,8,2,1.192,296
12,0,0,0,0,3,5,1,0.813,327
7,4,0,0,0,3,5,1,0.788,327
20,0,0,0,0,27,6,4,4.883,231
2,2,0,0,0,3,3,1,0.621,328
1,1,0,0,0,2,3,1,0.407,328
25,10,0,0,0,15,7,2,3.291,295
19,6,0,0,0,6,6,1,1.611,327
8,4,0,0,0,4,5,2,0.978,296
3,3,0,0,0,2,4,1,0.504,328
7,6,0,0,0,4,5,1,0.997,327
9,6,0,0,0,6,6,1,1.376,327
16,3,0,0,0,4,6,2,1.138,296
3,2,0,0,0,3,4,1,0.643,328
20,10,0,0,0,8,8,1,2.047,327
3,1,0,0,0,2,4,1,0.457,328
12,7,0,0,0,8,7,2,1.783,295
3,1,0,0,0,2,3,1,0.457,328
13,6,0,0,0,4,5,1,1.146,327
4,4,0,0,0,4,5,1,0.882,327
15,8,0,0,0,8,5,1,1.874,327
21,12,0,0,0,8,6,2,2.118,296
11,8,0,0,0,11,5,3,2.266,264
4,3,0,0,0,2,4,1,0.530,328
15,6,0,0,0,6,7,2,1.514,296
3,1,0,0,0,1,3,1,0.293,328
17,6,0,0,0,7,7,2,1.713,296
4,3,0,0,0,4,4,1,0.858,327
2,1,0,0,0,3,4,2,0.596,296
15,0,0,0,0,16,5,3,2.986,262
7,4,0,0,0,6,6,2,1.277,295
30,14,0,0,0,17,7,2,3.829,295
13,0,0,0,0,18,5,3,3.267,263
14,7,0,0,0,6,7,2,1.503,296
2,2,0,0,0,2,3,2,0.457,296
28,0,0,0,0,35,7,5,6.363,197
7,0,0,0,0,4,5,2,0.858,296
49,27,0,0,0,14,10,2,4.081,295
16,7,0,0,0,5,7,1,1.389,327
8,4,0,0,0,4,6,2,0.975,296
4,3,0,0,0,8,4,1,1.509,327
4,4,0,0,0,3,4,1,0.718,327
6,0,0,0,0,9,4,3,1.646,263
5,0,0,0,0,6,4,2,1.137,295
18,0,0,0,0,13,5,3,2.569,262
9,0,0,0,0,7,5,3,1.395,263
6,0,0,0,0,3,4,2,0.668,296
2,1,0,0,0,2,3,2,0.432,296
6,1,0,0,0,8,4,3,1.507,264
6,3,0,0,0,3,4,1,0.743,327
5,0,0,0,0,3,4,2,0.644,296
18,9,0,0,0,9,7,2,2.142,295
5,5,0,0,0,7,8,3,1.418,264
3,2,0,0,0,3,5,2,0.644,296
8,6,0,0,0,7,5,2,1.512,296
12,1,0,0,0,14,24,12,2.619,0
5,4,0,0,0,4,4,1,0.904,327
10,0,0,0,0,5,4,2,1.089,295
2,3,0,0,0,2,4,1,0.481,328
2,1,0,0,0,2,3,1,0.433,328
6,0,0,0,0,6,6,3,1.160,264
22,8,0,0,0,7,7,2,1.885,296
9,6,0,0,0,6,6,1,1.370,327
3,1,0,0,0,4,4,2,0.782,296
11,6,0,0,0,8,6,2,1.749,296
6,4,0,0,0,4,5,1,0.922,327
10,4,0,0,0,6,6,2,1.349,296
7,5,0,0,0,5,7,2,1.140,296
7,5,0,0,0,5,6,2,1.138,295
2,2,0,0,0,3,4,1,0.620,327
2,1,0,0,0,3,3,2,0.596,296
3,2,0,0,0,2,4,1,0.481,327
19,7,0,0,0,8,7,2,1.945,296
5,0,0,0,0,2,4,1,0.482,327
6,0,0,0,0,9,4,3,1.648,264
9,0,0,0,0,4,4,2,0.904,296
17,7,0,0,0,7,8,2,1.752,296
1,2,0,0,0,3,3,1,0.596,328
3,2,0,0,0,3,4,1,0.644,328
23,14,0,0,0,14,6,2,3.198,295
18,6,0,0,0,6,8,2,1.574,296
2,1,0,0,0,2,3,1,0.432,328
3,0,0,0,0,4,3,3,0.760,264
7,6,0,0,0,4,5,2,1.000,296
19,8,0,0,0,7,8,1,1.806,327
7,3,0,0,0,4,5,1,0.927,327
4,2,0,0,0,3,6,2,0.668,296
10,4,0,0,0,4,7,2,1.026,296
18,6,0,0,0,6,8,2,1.573,296
9,3,0,0,0,4,5,1,0.976,327
2,0,0,0,0,3,3,1,0.572,328
3,3,0,0,0,4,4,2,0.831,296
6,4,0,0,0,5,4,2,1.091,295
34,19,0,0,0,16,8,2,3.873,295
5,0,0,0,0,4,4,2,0.808,296
10,0,0,0,0,9,5,3,1.746,264
7,4,0,0,0,8,5,1,1.605,327
1,0,0,0,0,1,2,1,0.220,328
3,1,0,0,0,3,4,2,0.621,296
9,0,0,0,0,6,4,3,1.230,263
20,10,0,0,0,10,8,2,2.372,295
4,2,0,0,0,4,6,2,0.833,295
17,7,0,0,0,8,7,2,1.898,296
24,10,0,0,0,7,7,2,1.971,296
5,5,0,0,0,5,4,2,1.090,296
16,9,0,0,0,9,7,2,2.086,296
5,0,0,0,0,4,4,2,0.822,295
4,4,0,0,0,3,4,2,0.718,296
13,5,0,0,0,5,5,1,1.269,327
10,5,0,0,0,6,6,2,1.373,296
22,5,0,0,0,9,7,2,2.134,296
35,26,0,0,0,34,7,3,6.987,261
20,8,0,0,0,8,7,2,1.993,296
17,6,0,0,0,5,6,1,1.386,327
5,4,0,0,0,4,4,1,0.905,327
10,4,0,0,0,9,5,1,1.748,326
3,0,0,0,0,4,4,3,0.759,263
28,14,0,0,0,11,6,2,2.843,296
7,2,0,0,0,4,5,1,0.903,327
5,5,0,0,0,5,4,2,1.090,296
13,9,0,0,0,9,6,2,2.028,296
18,0,0,0,0,7,6,2,1.616,295
8,0,0,0,0,7,4,2,1.369,295
22,0,0,0,0,25,6,4,4.618,230
4,3,0,0,0,3,4,1,0.694,327
17,0,0,0,0,11,7,3,2.224,264
12,9,0,0,0,10,7,2,2.170,295
1,1,0,0,0,2,3,2,0.407,296
7,0,0,0,0,4,4,2,0.858,295
9,5,0,0,0,5,5,1,1.185,327
16,0,0,0,0,16,11,5,3.006,198
30,10,0,0,0,9,8,2,2.460,296
24,10,0,0,0,12,8,2,2.775,295
4,3,0,0,0,4,4,1,0.859,327
22,8,0,0,0,7,7,2,1.880,295
3,0,0,0,0,2,3,1,0.432,328
13,5,0,0,0,5,5,1,1.270,327
3,3,0,0,0,4,5,2,0.833,296
2,1,0,0,0,2,3,2,0.432,296
10,6,0,0,0,5,7,1,1.236,327
2,1,0,0,0,3,3,2,0.596,296
4,4,0,0,0,3,5,1,0.717,328
6,0,0,0,0,5,4,2,0.997,295
16,6,0,0,0,7,7,2,1.703,296
13,4,0,0,0,18,6,1,3.359,326
20,8,0,0,0,7,7,1,1.847,327
2,2,0,0,0,3,3,2,0.621,296
4,1,0,0,0,3,4,2,0.643,296
20,11,0,0,0,5,8,1,1.574,327
31,7,0,0,0,8,9,2,2.231,296
9,4,0,0,0,5,5,2,1.163,296
1,2,0,0,0,2,3,1,0.432,328
17,11,0,0,0,11,6,2,2.492,296
10,6,0,0,0,8,6,2,1.712,296
20,6,0,0,0,6,6,1,1.622,327
11,7,0,0,0,6,6,2,1.442,296
14,5,0,0,0,6,6,1,1.471,327
3,3,0,0,0,3,4,2,0.670,296
24,10,0,0,0,11,8,2,2.616,296
12,0,0,0,0,5,5,2,1.139,295
7,0,0,0,0,6,5,2,1.183,295
13,5,0,0,0,5,5,1,1.269,327
8,3,0,0,0,4,5,1,0.952,327
6,5,0,0,0,6,5,2,1.277,296
5,4,0,0,0,4,4,1,0.903,327
17,12,0,0,0,15,13,5,3.146,198
6,3,0,0,0,3,6,2,0.743,296
15,4,0,0,0,7,7,1,1.576,327
11,5,0,0,0,5,6,2,1.234,296
3,1,0,0,0,2,4,1,0.456,328
1,1,0,0,0,1,2,1,0.221,329
6,7,0,0,0,6,5,2,1.325,296
8,1,0,0,0,6,4,2,1.230,295
11,6,0,0,0,5,6,1,1.248,327
7,0,0,0,0,4,4,2,0.858,295
11,8,0,0,0,6,7,1,1.467,327
12,6,0,0,0,8,7,2,1.766,295
17,6,0,0,0,6,7,1,1.550,327
11,5,0,0,0,6,6,1,1.389,327
24,9,0,0,0,5,8,1,1.632,327
8,3,0,0,0,4,6,2,0.953,296
4,5,0,0,0,4,9,3,0.903,263
3,2,0,0,0,3,5,2,0.644,296
8,4,0,0,0,4,5,1,0.977,327
8,5,0,0,0,4,6,1,1.001,327
4,2,0,0,0,2,4,1,0.506,328
9,0,0,0,0,6,4,2,1.230,295
20,5,0,0,0,8,7,2,1.920,296
13,8,0,0,0,10,7,2,2.172,295
46,14,0,0,0,14,11,2,3.719,295
4,3,0,0,0,3,6,2,0.694,296
4,4,0,0,0,5,6,2,1.041,295
3,3,0,0,0,3,4,2,0.668,296
14,0,0,0,0,17,5,3,3.123,262
2,2,0,0,0,3,4,1,0.621,328
31,17,0,0,0,22,8,3,4.725,263
13,9,0,0,0,9,5,2,2.012,296
11,5,0,0,0,7,6,2,1.552,296
8,6,0,0,0,5,7,2,1.187,296
22,0,0,0,0,41,6,4,7.197,229
6,5,0,0,0,4,4,1,0.951,327
5,0,0,0,0,6,4,2,1.136,296
3,2,0,0,0,3,4,1,0.644,327
5,4,0,0,0,6,4,1,1.233,327
9,4,0,0,0,3,6,1,0.837,327
5,4,0,0,0,5,4,2,1.066,296
6,3,0,0,0,4,5,1,0.903,327
2,1,0,0,0,2,3,2,0.433,296
10,3,0,0,0,8,6,2,1.651,296
5,4,0,0,0,6,5,2,1.230,295
8,4,0,0,0,4,5,1,0.977,327
17,3,0,0,0,8,7,1,1.808,327
9,0,0,0,0,6,5,2,1.231,295
9,4,0,0,0,8,5,2,1.650,296
13,6,0,0,0,5,5,1,1.302,327
18,0,0,0,0,13,5,3,2.588,263
3,4,0,0,0,2,4,1,0.530,327
19,4,0,0,0,6,7,2,1.552,296
13,6,0,0,0,6,7,1,1.472,327
9,5,0,0,0,5,8,2,1.189,295
3,3,0,0,0,4,5,2,0.833,296
9,7,0,0,0,7,5,2,1.554,296
4,0,0,0,0,1,3,1,0.293,328
19,5,0,0,0,11,8,3,2.402,264
16,10,0,0,0,14,8,2,2.919,295
10,6,0,0,0,8,7,2,1.723,295
2,3,0,0,0,2,4,2,0.481,296
2,1,0,0,0,4,4,2,0.761,296
16,8,0,0,0,5,7,1,1.408,327
12,5,0,0,0,6,6,1,1.421,327
6,0,0,0,0,3,4,2,0.667,296
3,3,0,0,0,4,7,3,0.834,264
15,6,0,0,0,7,7,2,1.664,295
11,4,0,0,0,4,5,1,1.048,327
4,2,0,0,0,3,4,2,0.668,296
17,6,0,0,0,7,9,2,1.714,296
1,2,0,0,0,2,3,1,0.433,328
2,2,0,0,0,2,3,1,0.432,328
16,0,0,0,0,6,7,2,1.388,296
9,0,0,0,0,12,5,3,2.207,263
6,0,0,0,0,4,4,2,0.832,296
13,0,0,0,0,7,6,2,1.490,295
14,7,0,0,0,10,5,2,2.151,294
14,6,0,0,0,5,7,2,1.332,296
5,4,0,0,0,3,4,1,0.741,327
5,5,0,0,0,4,5,2,0.928,296
21,7,0,0,0,5,8,1,1.514,327
27,13,0,0,0,13,7,2,3.087,296
2,1,0,0,0,2,3,2,0.432,296
21,20,0,0,0,22,6,3,4.555,261
7,4,0,0,0,6,5,2,1.278,296
8,5,0,0,0,8,7,2,1.649,295
4,3,0,0,0,6,9,4,1.180,231
9,5,0,0,0,7,6,1,1.512,327
45,12,0,0,0,10,9,2,3.040,296
6,4,0,0,0,5,4,2,1.092,296
2,2,0,0,0,2,3,1,0.457,328
2,2,0,0,0,2,5,1,0.457,328
4,3,0,0,0,4,5,2,0.858,296
7,5,0,0,0,5,6,2,1.140,296
13,8,0,0,0,6,5,1,1.513,327
10,5,0,0,0,8,5,2,1.693,295
6,3,0,0,0,3,5,1,0.743,327
1,2,0,0,0,2,3,1,0.409,328
7,0,0,0,0,8,4,3,1.505,264
5,3,0,0,0,5,4,2,1.041,295
2,2,0,0,0,3,4,2,0.621,296
6,6,0,0,0,7,14,5,1.465,199
11,6,0,0,0,4,5,1,1.096,327
6,4,0,0,0,3,5,1,0.766,327
27,14,0,0,0,12,7,2,2.952,295
6,2,0,0,0,7,4,3,1.368,263
6,5,0,0,0,4,5,1,0.952,327
24,11,0,0,0,20,10,3,4.119,263
26,15,0,0,0,12,7,2,2.951,295
15,9,0,0,0,8,7,2,1.893,296
2,3,0,0,0,3,4,2,0.645,296
15,10,0,0,0,10,6,2,2.267,295
6,6,0,0,0,7,17,5,1.470,198
21,9,0,0,0,10,7,2,2.369,296
5,0,0,0,0,6,4,3,1.135,264
3,4,0,0,0,5,7,3,1.019,263
1,1,0,0,0,1,2,1,0.197,328
1,1,0,0,0,3,3,1,0.572,328
18,10,0,0,0,12,8,2,2.649,295
17,6,0,0,0,6,6,1,1.551,327
3,2,0,0,0,3,5,2,0.643,296
26,8,0,0,0,12,8,2,2.720,296
1,2,0,0,0,3,4,2,0.597,295
11,6,0,0,0,6,6,2,1.412,295
9,4,0,0,0,5,6,2,1.165,296
3,1,0,0,0,3,3,2,0.620,296
6,0,0,0,0,6,5,3,1.159,263
28,16,0,0,0,16,12,3,3.659,263
15,0,0,0,0,16,5,4,2.982,230
13,9,0,0,0,9,5,2,2.011,296
2,2,0,0,0,3,4,1,0.621,328
4,1,0,0,0,2,3,1,0.481,328
2,3,0,0,0,2,4,1,0.482,328
7,0,0,0,0,6,5,3,1.180,264
4,3,0,0,0,3,7,1,0.693,327
24,0,0,0,0,13,7,3,2.712,263
14,6,0,0,0,5,6,1,1.335,327
1,0,0,0,0,2,2,1,0.384,328
26,0,0,0,0,14,7,3,2.920,263
5,3,0,0,0,3,4,1,0.720,327
26,9,0,0,0,8,8,1,2.167,326
15,3,0,0,0,8,7,2,1.760,296
4,3,0,0,0,4,4,1,0.858,327
19,5,0,0,0,6,8,1,1.572,327
14,4,0,0,0,5,8,1,1.271,327
13,10,0,0,0,10,8,2,2.199,295
10,8,0,0,0,6,6,2,1.441,296
6,2,0,0,0,4,5,2,0.881,296
13,6,0,0,0,7,6,1,1.627,327
7,4,0,0,0,5,5,1,1.115,327
8,0,0,0,0,4,5,2,0.882,296
5,3,0,0,0,3,4,1,0.718,327
12,6,0,0,0,4,5,1,1.110,327
14,0,0,0,0,5,6,2,1.184,296
4,2,0,0,0,2,4,1,0.505,328
4,3,0,0,0,4,4,2,0.857,295
5,2,0,0,0,2,4,1,0.529,327
6,3,0,0,0,4,5,1,0.903,327
6,5,0,0,0,12,5,2,2.243,295
19,0,0,0,0,12,5,4,2.426,231
3,2,0,0,0,3,4,2,0.643,296
4,3,0,0,0,3,5,2,0.693,296
22,0,0,0,0,41,6,4,7.206,230
2,3,0,0,0,2,4,1,0.482,328
20,8,0,0,0,6,7,2,1.665,296
25,8,0,0,0,6,8,2,1.811,296
8,4,0,0,0,2,5,1,0.650,327
19,6,0,0,0,5,8,1,1.434,327
8,0,0,0,0,7,4,2,1.369,295
18,5,0,0,0,5,6,1,1.390,327
18,8,0,0,0,7,7,2,1.778,296
10,7,0,0,0,6,5,1,1.413,327
8,5,0,0,0,4,7,2,0.996,296
9,5,0,0,0,7,7,2,1.511,296
14,5,0,0,0,4,5,1,1.132,327
3,0,0,0,0,3,3,2,0.596,296
5,0,0,0,0,3,4,2,0.644,296
6,7,0,0,0,6,5,2,1.325,295
3,2,0,0,0,4,4,2,0.809,296
2,2,0,0,0,2,4,1,0.457,328
17,6,0,0,0,5,7,1,1.390,327
7,5,0,0,0,6,5,2,1.301,295
8,4,0,0,0,4,5,1,0.975,327
10,7,0,0,0,6,6,2,1.412,296
2,2,0,0,0,2,4,2,0.457,296
8,0,0,0,0,7,4,2,1.367,295
12,5,0,0,0,4,5,1,1.095,327
2,2,0,0,0,3,3,2,0.622,296
8,3,0,0,0,4,5,1,0.953,327
6,3,0,0,0,4,4,2,0.904,296
4,3,0,0,0,4,4,1,0.858,327
22,5,0,0,0,7,8,2,1.823,296
8,3,0,0,0,5,5,2,1.114,296
21,0,0,0,0,11,7,2,2.316,295
4,4,0,0,0,5,7,3,1.041,264
11,6,0,0,0,5,6,1,1.247,327
6,0,0,0,0,5,4,2,0.999,295
22,8,0,0,0,11,7,2,2.523,295
17,12,0,0,0,11,7,2,2.508,295
17,5,0,0,0,9,6,2,2.011,295
20,6,0,0,0,6,8,1,1.623,327
7,4,0,0,0,6,5,2,1.280,296
5,4,0,0,0,6,5,1,1.044,327
2,2,0,0,0,3,4,2,0.621,296
3,3,0,0,0,3,4,2,0.668,296
5,0,0,0,0,10,4,4,1.788,231
7,5,0,0,0,4,6,2,0.975,296
11,4,0,0,0,2,6,1,0.720,327
10,0,0,0,0,6,5,3,1.255,264
3,0,0,0,0,3,4,2,0.595,296
2,3,0,0,0,2,3,1,0.481,328
17,0,0,0,0,14,5,3,2.709,263
6,3,0,0,0,3,4,1,0.743,327
17,0,0,0,0,14,5,2,2.729,294
7,6,0,0,0,7,11,4,1.486,231
17,4,0,0,0,6,6,2,1.505,296
3,4,0,0,0,2,4,1,0.529,328
22,11,0,0,0,8,7,1,2.108,326
4,3,0,0,0,3,4,2,0.694,296
1,1,0,0,0,1,2,1,0.245,328
23,11,0,0,0,10,7,2,2.476,296
9,9,0,0,0,10,17,6,2.083,165
12,7,0,0,0,6,6,1,1.467,327
9,0,0,0,0,6,4,2,1.231,295
19,5,0,0,0,5,6,1,1.409,327
17,5,0,0,0,6,7,1,1.530,327
13,10,0,0,0,9,6,2,2.036,295
4,0,0,0,0,4,4,2,0.783,295
68,24,0,0,0,25,8,2,6.242,294
6,0,0,0,0,7,4,3,1.319,263
15,5,0,0,0,5,6,1,1.332,327
6,6,0,0,0,6,6,2,1.302,295
11,6,0,0,0,6,5,1,1.419,327
6,5,0,0,0,4,6,2,0.952,296
4,0,0,0,0,7,4,2,1.275,295
17,7,0,0,0,8,8,2,1.898,295
3,4,0,0,0,2,4,1,0.530,328
1,1,0,0,0,3,3,1,0.499,327
5,6,0,0,0,4,4,2,0.952,296
12,6,0,0,0,5,5,1,1.281,327
11,4,0,0,0,6,6,1,1.372,327
4,3,0,0,0,5,7,3,1.021,263
16,0,0,0,0,31,6,5,5.440,198
5,4,0,0,0,4,4,1,0.904,327
10,4,0,0,0,4,7,2,1.018,296
2,1,0,0,0,4,3,2,0.759,296
3,2,0,0,0,4,6,3,0.807,264
20,11,0,0,0,11,8,2,2.550,295
21,10,0,0,0,10,7,2,2.388,296
14,7,0,0,0,5,7,2,1.343,296
18,8,0,0,0,6,7,1,1.619,327
7,5,0,0,0,5,6,2,1.138,295
9,6,0,0,0,4,6,1,1.049,327
27,12,0,0,0,12,7,2,2.926,296
4,3,0,0,0,3,4,2,0.693,296
3,2,0,0,0,3,4,1,0.644,327
5,3,0,0,0,2,5,1,0.555,328
5,3,0,0,0,4,4,2,0.881,296
1,2,0,0,0,1,3,1,0.268,328
3,3,0,0,0,3,6,2,0.668,296
16,0,0,0,0,11,5,3,2.202,263
2,3,0,0,0,2,3,1,0.482,328
13,6,0,0,0,5,6,1,1.294,327
19,6,0,0,0,10,7,2,2.264,296
5,3,0,0,0,3,4,1,0.718,328
17,0,0,0,0,8,6,2,1.752,295
19,0,0,0,0,12,5,2,2.425,295
36,10,0,0,0,7,10,1,2.279,326
15,4,0,0,0,5,7,2,1.293,296
6,5,0,0,0,4,4,1,0.952,327
28,15,0,0,0,16,7,2,3.643,295
5,3,0,0,0,3,4,1,0.719,328
2,2,0,0,0,3,4,2,0.620,296
8,3,0,0,0,5,5,2,1.114,296
2,3,0,0,0,2,4,1,0.481,328
5,0,0,0,0,2,3,1,0.482,328
3,1,0,0,0,2,5,2,0.458,296
10,4,0,0,0,6,7,2,1.350,295
16,5,0,0,0,7,6,2,1.666,296
22,10,0,0,0,8,7,2,2.087,296
7,0,0,0,0,4,4,2,0.858,296
12,7,0,0,0,5,6,1,1.304,327
16,7,0,0,0,5,7,1,1.388,327
20,6,0,0,0,9,7,2,2.127,295
7,6,0,0,0,4,5,1,0.998,327
3,3,0,0,0,3,4,2,0.670,296
4,2,0,0,0,3,4,1,0.669,328
4,5,0,0,0,4,10,3,0.902,263
2,1,0,0,0,2,3,1,0.432,328
16,7,0,0,0,5,7,1,1.387,327
6,5,0,0,0,4,5,1,0.952,327
13,9,0,0,0,9,6,2,2.013,295
3,3,0,0,0,2,5,2,0.504,296
16,5,0,0,0,4,7,1,1.193,327
3,3,0,0,0,4,6,2,0.832,296
21,7,0,0,0,9,7,2,2.155,296
5,4,0,0,0,5,4,2,1.066,296
22,10,0,0,0,13,6,2,2.906,295
18,6,0,0,0,5,6,1,1.418,327
2,4,0,0,0,3,4,2,0.670,296
26,9,0,0,0,9,9,1,2.339,326
5,0,0,0,0,4,4,2,0.807,296
7,6,0,0,0,4,5,1,1.000,327
6,3,0,0,0,2,4,1,0.579,327
17,5,0,0,0,7,7,2,1.705,296
3,4,0,0,0,2,4,1,0.530,327
23,6,0,0,0,11,7,2,2.512,295
7,4,0,0,0,4,5,1,0.954,327
3,3,0,0,0,4,4,2,0.832,296
9,4,0,0,0,4,6,1,0.999,327
9,7,0,0,0,7,5,2,1.549,296
5,6,0,0,0,6,12,4,1.278,231
3,1,0,0,0,3,4,2,0.621,296
3,3,0,0,0,3,5,2,0.670,295
11,5,0,0,0,5,5,1,1.236,327
13,8,0,0,0,6,6,1,1.515,327
23,12,0,0,0,10,7,2,2.482,296
10,6,0,0,0,6,6,2,1.390,296
4,3,0,0,0,8,4,1,1.510,327
7,7,0,0,0,8,5,2,1.672,295
10,4,0,0,0,3,6,1,0.858,327
19,11,0,0,0,7,8,1,1.878,327
7,6,0,0,0,2,5,1,0.674,327
5,4,0,0,0,4,4,1,0.904,327
3,3,0,0,0,3,4,2,0.670,296
2,1,0,0,0,3,3,2,0.595,296
6,0,0,0,0,5,4,2,0.996,295
15,7,0,0,0,6,6,2,1.526,296
14,0,0,0,0,17,5,3,3.145,263
4,3,0,0,0,4,7,2,0.859,295
3,2,0,0,0,4,4,1,0.807,327
11,8,0,0,0,12,7,2,2.432,295
5,0,0,0,0,4,5,3,0.809,263
3,3,0,0,0,3,5,2,0.669,296
9,6,0,0,0,4,6,1,1.047,327
6,0,0,0,0,5,5,2,0.997,295
9,4,0,0,0,10,6,2,1.968,295
3,3,0,0,0,3,5,1,0.668,327
4,0,0,0,0,4,4,3,0.783,264
7,2,0,0,0,8,7,3,1.558,263
29,15,0,0,0,14,7,2,3.342,296
2,2,0,0,0,3,3,2,0.620,295
32,15,0,0,0,15,10,3,3.569,264
10,5,0,0,0,4,6,2,1.049,296
17,0,0,0,0,14,5,3,2.708,263
4,3,0,0,0,2,5,1,0.528,327
15,8,0,0,0,9,6,2,2.034,296
7,4,0,0,0,4,4,1,0.954,327
1,2,0,0,0,4,3,1,0.761,327
19,5,0,0,0,6,7,2,1.577,296
6,2,0,0,0,7,5,3,1.368,263
8,5,0,0,0,6,6,2,1.327,296
5,0,0,0,0,6,4,2,1.137,295
3,0,0,0,0,4,4,2,0.759,295
6,0,0,0,0,6,4,2,1.158,295
10,4,0,0,0,5,5,1,1.188,327
6,1,0,0,0,2,4,1,0.529,328
8,4,0,0,0,6,5,2,1.296,296
7,6,0,0,0,4,5,1,0.998,327
9,0,0,0,0,6,4,2,1.233,295
4,2,0,0,0,4,9,4,0.833,231
5,4,0,0,0,6,5,2,1.230,296
3,2,0,0,0,3,6,2,0.643,296
4,2,0,0,0,5,4,2,0.972,296
2,2,0,0,0,2,4,1,0.457,327
4,3,0,0,0,4,4,2,0.859,296
9,0,0,0,0,6,4,2,1.231,295
7,4,0,0,0,4,5,1,0.952,327
13,9,0,0,0,10,7,2,2.196,295
5,4,0,0,0,5,5,2,1.066,296
3,2,0,0,0,4,4,2,0.807,296
23,8,0,0,0,5,7,1,1.573,327
16,6,0,0,0,7,7,2,1.688,296
4,0,0,0,0,7,4,2,1.275,295
3,1,0,0,0,3,3,2,0.621,296
10,5,0,0,0,4,6,2,1.045,296
15,6,0,0,0,6,6,1,1.505,327
2,0,0,0,0,3,3,2,0.573,296
1,2,0,0,0,2,3,2,0.433,296
3,3,0,0,0,3,4,2,0.669,296
19,7,0,0,0,7,7,1,1.784,327
10,4,0,0,0,4,6,1,1.024,327
2,2,0,0,0,1,3,1,0.293,328
3,0,0,0,0,4,4,2,0.759,295
2,4,0,0,0,3,4,2,0.669,296
7,2,0,0,0,4,5,1,0.902,327
4,2,0,0,0,4,5,2,0.834,296
4,3,0,0,0,4,4,1,0.858,327
7,4,0,0,0,5,6,2,1.117,295
7,0,0,0,0,6,4,3,1.180,264
12,0,0,0,0,10,5,2,1.946,295
21,20,0,0,0,22,6,3,4.562,262
6,6,0,0,0,5,10,3,1.140,264
5,0,0,0,0,3,4,2,0.644,296
6,3,0,0,0,4,6,2,0.904,296
6,5,0,0,0,6,5,2,1.278,296
3,0,0,0,0,2,3,2,0.433,296
3,0,0,0,0,2,3,2,0.433,296
24,12,0,0,0,11,9,2,2.678,295
3,1,0,0,0,2,4,1,0.457,328
7,4,0,0,0,4,4,1,0.953,327
12,3,0,0,0,6,10,4,1.373,231
3,2,0,0,0,2,7,2,0.481,296
5,4,0,0,0,3,5,1,0.741,327
19,0,0,0,0,7,7,2,1.620,295
2,2,0,0,0,2,5,1,0.457,328
4,0,0,0,0,5,5,3,0.946,264
1,3,0,0,0,2,3,2,0.455,296
19,8,0,0,0,5,7,1,1.479,327
5,3,0,0,0,3,4,1,0.719,327
15,0,0,0,0,16,5,3,2.985,262
3,1,0,0,0,3,3,2,0.620,296
19,0,0,0,0,14,6,3,2.766,263
11,7,0,0,0,6,5,2,1.443,296
1,1,1,0,0,2,3,1,0.259,328
26,9,0,0,0,10,7,2,2.487,295
21,7,0,0,0,7,7,2,1.839,296
3,3,0,0,0,3,4,1,0.668,328
2,1,0,0,0,2,4,2,0.433,296
9,10,0,0,0,8,5,2,1.787,295
3,2,0,0,0,3,4,2,0.644,296
11,0,0,0,0,12,5,3,2.251,263
6,3,0,0,0,4,5,2,0.903,296
3,2,0,0,0,3,4,2,0.643,296
8,4,0,0,0,6,5,1,1.297,327
9,5,0,0,0,5,6,2,1.187,296
11,6,0,0,0,6,7,1,1.418,327
8,4,0,0,0,5,5,1,1.141,327
18,11,0,0,0,10,6,2,2.354,296
18,0,0,0,0,13,5,3,2.570,262
6,5,0,0,0,5,5,1,1.107,327
20,8,0,0,0,9,11,3,2.156,263
35,24,0,0,0,36,7,4,7.265,229
11,5,0,0,0,4,6,1,1.072,327
14,5,0,0,0,4,6,1,1.131,327
13,6,0,0,0,5,7,1,1.295,327
12,5,0,0,0,4,5,1,1.095,327
3,2,0,0,0,2,3,1,0.481,328
5,5,0,0,0,6,8,3,1.256,263
5,1,0,0,0,4,4,2,0.832,296
2,1,0,0,0,4,4,1,0.665,327
0,2,0,0,0,1,2,1,0.245,328
11,6,0,0,0,6,5,1,1.409,327
2,3,0,0,0,2,4,1,0.481,328
4,3,0,0,0,4,4,1,0.858,327
2,3,0,0,0,2,3,1,0.482,328
17,7,0,0,0,6,7,2,1.575,296
16,8,0,0,0,7,7,1,1.733,327
4,0,0,0,0,3,4,2,0.621,296
6,4,0,0,0,6,5,2,1.256,295
6,5,0,0,0,5,13,4,1.116,231
2,2,0,0,0,1,3,1,0.293,328
11,5,0,0,0,7,5,2,1.560,296
6,2,0,0,0,3,4,2,0.717,296
4,4,0,0,0,4,8,3,0.881,264
12,5,0,0,0,5,6,1,1.259,327
2,1,0,0,0,3,3,2,0.595,296
3,3,0,0,0,3,4,2,0.669,296
12,6,0,0,0,5,5,1,1.273,327
5,0,0,0,0,2,3,1,0.481,328
1,2,0,0,0,2,5,2,0.433,296
6,3,0,0,0,4,6,2,0.905,295
15,7,0,0,0,5,7,2,1.373,296
16,7,0,0,0,5,7,1,1.387,327
25,13,0,0,0,12,8,2,2.871,295
11,4,0,0,0,5,6,2,1.211,296
11,8,0,0,0,8,7,2,1.791,295
7,0,0,0,0,4,4,2,0.858,296
2,1,0,0,0,1,3,1,0.268,328
4,0,0,0,0,3,3,2,0.621,296
13,6,0,0,0,6,5,1,1.473,327
5,5,0,0,0,5,4,2,1.090,296
10,5,0,0,0,4,5,1,1.050,327
16,11,0,0,0,12,6,1,2.624,326
16,6,0,0,0,5,6,1,1.373,327
6,5,0,0,0,4,4,1,0.951,327
2,0,0,0,0,3,3,2,0.572,296
7,0,0,0,0,8,4,3,1.503,263
15,5,0,0,0,5,6,1,1.334,327
1,3,0,0,0,3,4,2,0.621,296
17,11,0,0,0,11,6,2,2.510,296
14,0,0,0,0,17,5,3,3.119,262
23,9,0,0,0,5,8,1,1.600,326
3,3,0,0,0,2,4,1,0.505,328
15,4,0,0,0,6,6,1,1.474,327
10,6,0,0,0,5,5,2,1.235,296
13,6,0,0,0,5,7,1,1.300,327
5,3,0,0,0,5,5,1,1.000,327
3,4,0,0,0,4,6,2,0.858,295
3,2,0,0,0,3,4,2,0.644,296
11,0,0,0,0,20,5,4,3.541,231
2,0,0,0,0,3,3,2,0.572,296
6,0,0,0,0,1,3,1,0.342,328
15,8,0,0,0,11,7,2,2.364,295
2,1,0,0,0,2,3,1,0.433,327
13,8,0,0,0,10,7,2,2.167,295
6,5,0,0,0,4,4,1,0.951,327
5,3,0,0,0,3,4,2,0.718,296
4,3,0,0,0,2,4,1,0.529,327
7,3,0,0,0,3,4,1,0.765,328
13,9,0,0,0,9,6,2,2.016,295
24,16,0,0,0,14,8,2,3.241,295
3,3,0,0,0,3,6,2,0.669,296
5,4,0,0,0,2,4,1,0.576,328
3,3,0,0,0,4,5,2,0.832,296
15,6,0,0,0,6,7,1,1.507,327
10,7,0,0,0,7,6,2,1.577,296
3,4,0,0,0,3,6,2,0.695,295
5,0,0,0,0,4,4,2,0.807,296
3,0,0,0,0,3,3,2,0.597,296
6,6,0,0,0,6,5,2,1.298,296
4,3,0,0,0,2,4,1,0.530,328
15,5,0,0,0,6,7,2,1.494,296
8,4,0,0,0,5,5,1,1.140,327
5,0,0,0,0,2,3,1,0.481,328
6,1,0,0,0,4,4,2,0.856,295
6,0,0,0,0,4,4,2,0.833,296
6,0,0,0,0,9,4,3,1.649,263
4,2,0,0,0,5,4,2,0.996,296
11,0,0,0,0,6,6,3,1.279,264
27,9,0,0,0,11,8,2,2.676,296
15,7,0,0,0,5,6,2,1.366,296
2,2,0,0,0,3,4,2,0.622,296
5,0,0,0,0,2,3,2,0.482,296
24,9,0,0,0,9,7,2,2.267,295
15,7,0,0,0,7,6,2,1.703,296
23,12,0,0,0,10,8,2,2.506,296
13,8,0,0,0,10,5,1,2.156,327
2,3,0,0,0,3,4,2,0.645,295
15,7,0,0,0,5,6,1,1.367,327
4,2,0,0,0,4,4,1,0.833,327
9,6,0,0,0,6,5,1,1.375,327
23,12,0,0,0,9,7,2,2.332,296
12,0,0,0,0,5,6,2,1.138,295
11,5,0,0,0,5,5,1,1.233,327
6,5,0,0,0,4,4,1,0.952,327
2,2,0,0,0,3,5,2,0.621,296
8,4,0,0,0,5,7,2,1.138,296
22,0,0,0,0,41,6,4,7.213,229
11,6,0,0,0,6,6,2,1.417,296
15,9,0,0,0,9,7,2,2.057,296
13,8,0,0,0,8,6,2,1.829,296
2,2,0,0,0,3,4,2,0.621,295
4,2,0,0,0,3,4,1,0.668,328
23,19,0,0,0,17,7,2,3.779,294
6,5,0,0,0,3,5,1,0.789,327
22,11,0,0,0,5,8,1,1.625,327
4,1,0,0,0,2,3,2,0.481,296
12,9,0,0,0,8,5,2,1.824,296
1,0,0,0,0,2,2,1,0.384,328
4,4,0,0,0,4,5,2,0.880,296
18,5,0,0,0,7,7,1,1.713,327
24,7,0,0,0,9,8,2,2.233,296
6,5,0,0,0,6,11,4,1.278,231
7,4,0,0,0,4,4,1,0.953,327
2,1,0,0,0,2,3,2,0.432,296
10,8,0,0,0,9,6,2,1.919,295
1,1,0,0,0,1,3,1,0.245,328
2,1,0,0,1,2,3,1,0.433,328
5,0,0,0,0,2,3,2,0.481,296
5,2,0,0,0,4,4,1,0.858,328
5,6,0,0,0,4,5,2,0.951,296
28,8,0,0,0,10,9,2,2.511,295
14,0,0,0,0,9,5,2,1.835,294
21,21,0,0,0,21,6,3,4.414,263
7,5,0,0,0,4,5,1,0.977,327
22,10,0,0,0,12,6,2,2.749,295
3,3,0,0,0,2,4,1,0.504,328
16,0,0,0,0,17,6,4,3.170,231
3,0,0,0,0,4,4,2,0.760,295
32,10,0,0,0,8,8,2,2.322,295
10,6,0,0,0,5,7,2,1.233,295
4,3,0,0,0,3,4,1,0.694,327
15,4,0,0,0,7,8,1,1.624,327
4,4,0,0,0,4,6,2,0.880,296
4,4,0,0,0,4,7,2,0.881,296
24,9,0,0,0,7,8,1,1.955,326
14,8,0,0,0,9,5,2,2.028,295
22,14,0,0,0,17,6,2,3.658,295
17,7,0,0,0,7,8,2,1.756,296
7,0,0,0,0,8,4,3,1.508,263
12,6,0,0,0,7,6,2,1.609,296
17,0,0,0,0,10,5,3,2.065,263
4,4,0,0,0,3,5,1,0.719,327
6,3,0,0,0,5,4,2,1.067,295
3,3,0,0,0,4,5,2,0.832,295
22,14,0,0,0,13,6,2,2.989,295
42,23,0,0,0,22,9,2,5.137,294
4,0,0,0,0,5,4,2,0.946,295
3,0,0,0,0,4,3,2,0.759,296
3,3,0,0,0,3,4,2,0.669,296
23,8,0,0,0,7,8,2,1.910,295
12,7,0,0,0,4,5,1,1.132,327
10,4,0,0,0,5,5,1,1.188,327
9,5,0,0,0,5,6,2,1.186,296
3,4,0,0,0,4,6,2,0.860,295
12,6,0,0,0,7,6,1,1.609,327
8,3,0,0,0,4,5,1,0.952,327
6,3,0,0,0,4,4,1,0.904,327
25,11,0,0,0,10,8,2,2.502,296
6,8,0,0,0,5,5,2,1.189,296
4,3,0,0,0,8,4,1,1.509,327
6,5,0,0,0,6,16,6,1.279,166
26,6,0,0,0,6,7,1,1.770,327
16,5,0,0,0,6,7,1,1.506,327
6,0,0,0,0,4,4,2,0.834,295
8,5,0,0,0,5,5,1,1.162,327
12,3,0,0,0,4,6,2,1.048,295
3,3,0,0,0,3,4,2,0.670,295
11,3,0,0,0,5,7,2,1.189,296
6,4,0,0,0,3,5,2,0.766,295
12,5,0,0,0,6,6,2,1.418,296
7,4,0,0,0,4,4,2,0.951,295
10,6,0,0,0,3,5,1,0.910,327
5,4,0,0,0,4,4,2,0.905,296
20,6,0,0,0,6,7,1,1.623,326
13,9,0,0,0,9,5,2,2.013,295
19,7,0,0,0,6,7,1,1.620,327
19,8,0,0,0,7,7,2,1.809,296
22,8,0,0,0,8,7,2,2.049,296
6,5,0,0,0,6,17,6,1.277,165
5,2,0,0,0,5,4,2,1.019,295
16,6,0,0,0,6,8,2,1.529,296
14,7,0,0,0,8,6,1,1.826,327
28,13,0,0,0,20,8,2,4.247,295
1,1,0,0,0,1,3,1,0.245,328
4,2,0,0,0,2,4,1,0.505,328
2,3,0,0,0,2,4,1,0.481,328
3,0,0,0,0,4,4,1,0.761,328
6,4,0,0,0,6,5,2,1.254,295
7,0,0,0,0,1,4,1,0.364,328
4,4,0,0,0,5,4,2,1.043,295
10,5,0,0,0,8,7,2,1.692,296
9,0,0,0,0,5,5,2,1.067,296
7,0,0,0,0,8,4,3,1.505,264
12,0,0,0,0,3,4,1,0.813,327
2,2,0,0,0,1,3,1,0.293,328
4,4,0,0,0,4,5,2,0.881,296
5,5,0,0,0,6,5,2,1.253,295
6,6,0,0,0,5,5,2,1.140,296
12,6,0,0,0,8,8,2,1.768,295
7,6,0,0,0,4,5,1,1.000,327
9,4,0,0,0,5,7,2,1.159,296
4,3,0,0,0,5,7,3,1.020,264
9,0,0,0,0,4,5,2,0.903,295
3,3,0,0,0,3,6,2,0.669,296
9,7,0,0,0,7,5,2,1.551,296
9,0,0,0,0,18,5,3,3.173,262
3,3,0,0,0,3,4,1,0.667,327
30,12,0,0,0,13,8,2,3.150,295
7,4,0,0,0,4,6,2,0.953,296
27,14,0,0,0,10,7,1,2.648,326
5,0,0,0,0,6,4,2,1.137,295
15,0,0,0,0,7,6,2,1.535,295
6,0,0,0,0,5,4,2,0.998,295
4,5,0,0,0,4,6,2,0.904,295
6,1,0,0,0,4,5,2,0.858,295
18,7,0,0,0,8,7,2,1.923,296
4,2,0,0,0,2,4,1,0.505,328
4,3,0,0,0,4,7,3,0.858,264
6,7,0,0,0,6,5,2,1.328,296
4,0,0,0,0,2,3,1,0.457,327
11,6,0,0,0,6,5,1,1.416,327
5,0,0,0,0,3,4,2,0.644,296
5,2,0,0,0,2,4,1,0.529,328
3,4,0,0,0,4,5,1,0.857,327
11,8,0,0,0,10,7,2,2.122,295
2,1,0,0,1,3,4,1,0.597,327
1,0,0,0,0,2,2,1,0.384,328
11,10,0,0,0,10,5,2,2.168,295
4,3,0,0,0,4,5,2,0.860,296
14,9,0,0,0,8,6,2,1.873,296
3,3,0,0,0,4,5,1,0.832,327
37,10,0,0,0,10,9,2,2.755,295
7,5,0,0,0,7,8,3,1.465,263
34,0,0,0,0,11,8,3,2.618,263
19,9,0,0,0,9,6,2,2.159,296
2,1,0,0,0,2,3,1,0.433,328
8,5,0,0,0,4,5,1,1.001,327
6,0,0,0,0,4,4,2,0.834,295
6,5,0,0,0,4,4,1,0.953,327
2,3,0,0,0,2,4,1,0.481,327
3,4,0,0,0,3,4,1,0.694,327
13,8,0,0,0,4,6,2,1.195,296
19,5,0,0,0,5,7,1,1.426,327
14,5,0,0,0,4,6,1,1.131,327
43,40,0,0,0,44,7,4,9.095,229
22,9,0,0,0,11,7,2,2.550,296
19,6,0,0,0,6,7,2,1.613,296
3,2,0,0,0,4,5,1,0.784,327
4,3,0,0,0,4,6,2,0.857,296
4,3,0,0,0,3,5,1,0.695,327
5,4,0,0,0,4,4,2,0.902,295
3,0,0,0,0,4,4,4,0.760,231
5,4,0,0,0,3,5,2,0.742,296
7,0,0,0,0,8,4,2,1.506,295
8,0,0,0,0,5,4,2,1.044,296
0,3,0,0,0,0,2,0,0.099,360
17,6,0,0,0,9,7,1,2.035,327
17,11,0,0,0,11,6,2,2.510,295
3,3,0,0,0,3,5,2,0.670,296
2,4,0,0,0,3,5,2,0.668,296
3,4,0,0,0,3,4,2,0.695,296
10,4,0,0,0,4,6,1,1.024,327
1,0,0,0,0,2,2,1,0.336,327
19,7,0,0,0,6,7,1,1.619,327
4,0,0,0,0,1,3,1,0.293,328
18,9,0,0,0,6,7,1,1.643,327
6,0,0,0,0,5,4,2,0.997,295
7,2,0,0,0,6,5,2,1.230,295
8,4,0,0,0,7,5,1,1.466,327
7,7,0,0,0,8,14,5,1.671,198
6,0,0,0,0,4,4,1,0.833,327
24,9,0,0,0,8,7,1,2.106,326
3,1,0,0,0,3,4,2,0.620,296
6,5,0,0,0,4,4,1,0.952,327
12,9,0,0,0,9,8,2,1.990,295
4,2,0,0,0,3,4,1,0.669,327
5,4,0,0,0,5,5,2,1.065,296
22,10,0,0,0,7,7,1,1.938,326
10,6,0,0,0,5,6,2,1.233,296
11,5,0,0,0,5,6,2,1.236,296
26,7,0,0,0,6,8,1,1.795,327
11,6,0,0,0,14,5,3,2.709,263
20,11,0,0,0,10,7,2,2.390,296
20,6,0,0,0,6,8,1,1.622,327
21,13,0,0,0,7,8,1,1.966,326
5,3,0,0,0,3,4,1,0.718,327
29,9,0,0,0,6,8,1,1.911,327
1,1,0,0,0,2,3,1,0.409,328
11,7,0,0,0,5,8,2,1.276,295
5,5,0,0,0,5,6,2,1.091,295
12,4,0,0,0,5,6,2,1.235,296
4,2,0,0,0,4,6,3,0.832,264
13,8,0,0,0,7,7,1,1.674,327
7,1,0,0,0,7,5,2,1.367,295
5,3,0,0,0,3,5,1,0.718,327
2,1,0,0,0,2,3,2,0.431,296
1,1,0,0,0,2,3,2,0.408,296
5,3,0,0,0,5,5,2,1.043,296
2,2,0,0,0,2,4,1,0.457,328
29,12,0,0,0,14,8,2,3.285,295
5,4,0,0,0,5,9,3,1.066,264
4,2,0,0,0,2,4,1,0.505,328
2,3,0,0,0,2,4,1,0.481,328
2,1,0,0,0,4,4,2,0.760,296
24,10,0,0,0,11,8,2,2.622,295
11,7,0,0,0,6,5,1,1.442,327
6,5,0,0,0,6,16,6,1.277,166
9,4,0,0,0,5,5,1,1.156,327
2,0,0,0,0,3,3,1,0.571,328
16,6,0,0,0,5,7,1,1.365,327
4,0,0,0,0,3,3,2,0.621,296
9,0,0,0,0,14,5,2,2.530,294
15,6,0,0,0,7,7,2,1.667,296
5,4,0,0,0,4,4,1,0.905,327
5,4,0,0,0,2,4,1,0.577,327
20,11,0,0,0,6,6,2,1.741,296
5,3,0,0,0,1,4,1,0.389,327
24,14,0,0,0,13,7,2,3.064,296
61,0,0,0,0,24,8,3,5.354,262
8,3,0,0,0,5,6,2,1.116,296
17,10,0,0,0,8,6,1,1.987,326
2,0,0,0,0,5,3,3,0.898,263
9,0,0,0,0,6,4,2,1.231,295
17,9,0,0,0,9,6,2,2.125,296
21,8,0,0,0,6,7,1,1.711,327
16,6,0,0,0,6,6,1,1.528,327
6,0,0,0,0,5,4,2,0.996,295
8,0,0,0,0,3,4,2,0.717,296
23,12,0,0,0,8,6,1,2.166,326
5,3,0,0,0,3,4,1,0.719,327
15,0,0,0,0,4,6,2,1.048,296
43,42,0,0,0,42,7,3,8.824,262
14,8,0,0,0,9,5,2,2.014,295
13,6,0,0,0,4,5,1,1.138,327
12,5,0,0,0,5,6,1,1.247,327
2,3,0,0,0,1,3,1,0.316,328
1,2,0,0,0,2,3,1,0.433,328
6,0,0,0,0,9,4,3,1.648,264
2,2,0,0,0,2,5,2,0.457,296
2,2,0,0,0,3,3,1,0.621,328
5,3,0,0,0,3,4,2,0.718,296
3,3,0,0,0,2,4,1,0.505,327
5,4,0,0,0,4,4,1,0.905,327
11,4,0,0,0,7,8,3,1.528,264
5,1,0,0,0,5,4,2,0.997,296
4,3,0,0,0,3,4,2,0.694,296
3,2,0,0,0,4,4,2,0.807,296
2,2,0,0,0,2,3,1,0.460,328
9,5,0,0,0,5,5,1,1.188,327
27,0,0,0,0,36,6,4,6.496,230
18,7,0,0,0,4,7,1,1.286,327
22,0,0,0,0,41,6,4,7.216,230
23,12,0,0,0,8,7,2,2.163,296
15,0,0,0,0,12,5,2,2.344,295
15,5,0,0,0,6,7,2,1.483,296
7,0,0,0,0,5,5,2,1.020,295
4,1,0,0,0,10,4,2,1.785,295
9,4,0,0,0,6,6,1,1.326,327
45,0,0,0,0,82,7,5,14.383,197
2,0,0,0,0,5,3,2,0.899,295
18,4,0,0,0,5,7,1,1.364,327
5,5,0,0,0,5,4,2,1.090,296
2,2,0,0,0,3,3,2,0.620,296
7,6,0,0,0,6,7,2,1.328,295
8,0,0,0,0,7,4,2,1.370,295
4,1,0,0,0,2,3,1,0.481,328
13,0,0,0,0,14,8,4,2.621,230
3,2,0,0,0,2,4,1,0.481,328
6,3,0,0,0,2,4,1,0.578,327
18,0,0,0,0,13,5,4,2.570,230
14,6,0,0,0,4,7,1,1.157,327
4,3,0,0,0,4,4,1,0.859,327
22,15,0,0,0,16,8,2,3.506,295
4,2,0,0,0,3,4,2,0.669,296
6,5,0,0,0,6,6,2,1.276,295
11,6,0,0,0,6,7,2,1.418,295
9,0,0,0,0,6,4,2,1.228,295
7,5,0,0,0,3,5,1,0.813,327
4,3,0,0,0,3,4,1,0.694,328
7,6,0,0,0,7,16,6,1.484,165
3,2,0,0,0,3,4,1,0.644,327
7,5,0,0,0,6,17,6,1.301,166
5,4,0,0,0,2,4,1,0.578,327
5,3,0,0,0,4,6,2,0.882,296
21,7,0,0,0,6,7,2,1.669,296
1,1,0,0,0,1,2,1,0.220,328
7,4,0,0,0,3,4,1,0.788,327
9,4,0,0,0,2,4,1,0.676,327
15,5,0,0,0,5,6,1,1.332,327
16,6,0,0,0,7,7,1,1.690,327
21,7,0,0,0,6,7,1,1.666,327
8,4,0,0,0,4,6,1,0.979,327
10,5,0,0,0,5,5,1,1.212,327
28,10,0,0,0,9,7,2,2.393,296
18,8,0,0,0,11,8,2,2.435,295
16,6,0,0,0,6,8,2,1.543,296
3,0,0,0,0,5,4,2,0.921,295
6,4,0,0,0,4,5,2,0.927,296
4,2,0,0,0,1,3,1,0.342,328
19,0,0,0,0,12,6,2,2.447,295
16,0,0,0,0,11,6,3,2.216,264
4,0,0,0,0,6,4,3,1.111,264
3,3,0,0,0,4,5,2,0.832,296
22,9,0,0,0,7,7,2,1.909,296
7,0,0,0,0,8,4,3,1.504,264
15,6,0,0,0,7,6,2,1.669,296
7,0,0,0,0,8,4,3,1.506,262
25,18,0,0,0,19,9,2,4.119,295
5,0,0,0,0,3,4,2,0.644,296
22,0,0,0,0,25,6,4,4.612,230
22,0,0,0,0,9,7,2,2.031,295
10,4,0,0,0,8,5,2,1.665,296
5,0,0,0,0,7,5,3,1.301,263
15,0,0,0,0,16,5,3,2.999,263
4,3,0,0,0,4,4,1,0.859,327
13,7,0,0,0,7,6,1,1.651,327
5,5,0,0,0,5,4,2,1.089,296
10,6,0,0,0,8,6,2,1.721,295
13,7,0,0,0,4,6,1,1.164,327
10,7,0,0,0,6,5,1,1.422,327
23,9,0,0,0,9,8,2,2.247,295
6,4,0,0,0,4,4,1,0.923,327
3,0,0,0,0,3,4,2,0.597,296
9,7,0,0,0,5,5,1,1.234,327
16,5,0,0,0,6,6,1,1.503,327
2,0,0,0,0,2,3,1,0.361,328
10,5,0,0,0,8,5,2,1.696,295
8,5,0,0,0,8,8,3,1.650,263
11,6,0,0,0,6,6,2,1.418,296
20,11,0,0,0,8,7,1,2.076,326
2,1,0,0,0,4,3,2,0.759,296
23,11,0,0,0,9,7,2,2.320,296
22,10,0,0,0,17,7,2,3.535,295
19,10,0,0,0,7,7,1,1.853,326
11,8,0,0,0,10,6,2,2.102,295
2,3,0,0,0,2,5,2,0.481,296
10,4,0,0,0,7,6,2,1.512,296
5,5,0,0,0,5,8,3,1.092,264
7,1,0,0,0,1,5,1,0.391,328
4,4,0,0,0,3,4,1,0.717,327
9,0,0,0,0,5,5,2,1.067,296
9,0,0,0,0,6,5,3,1.231,263
2,0,0,0,0,3,3,2,0.572,296
4,3,0,0,0,8,4,1,1.508,327
10,6,0,0,0,8,7,2,1.719,295
21,8,0,0,0,8,7,2,2.019,296
10,4,0,0,0,3,5,1,0.860,327
4,0,0,0,0,7,4,3,1.274,263
7,6,0,0,0,4,5,1,1.001,327
6,2,0,0,0,4,5,2,0.881,296
12,7,0,0,0,4,5,1,1.133,327
5,4,0,0,0,6,4,2,1.230,295
20,9,0,0,0,8,8,2,2.017,296
20,8,0,0,0,8,8,2,1.993,296
16,6,0,0,0,6,7,1,1.530,327
2,3,0,0,0,3,5,2,0.643,296
4,0,0,0,0,3,3,2,0.620,296
3,0,0,0,0,2,4,2,0.433,296
12,9,0,0,0,9,7,2,1.993,296
5,3,0,0,0,5,5,2,1.041,295
2,0,0,0,0,3,3,1,0.500,327
10,5,0,0,0,4,7,2,1.050,296
10,5,0,0,0,7,7,2,1.528,295
6,3,0,0,0,4,4,1,0.901,327
8,3,0,0,0,4,5,1,0.953,328
19,8,0,0,0,6,7,1,1.647,326
13,7,0,0,0,6,6,2,1.493,296
5,2,0,0,0,3,4,1,0.574,327
3,2,0,0,0,2,3,1,0.481,328
5,0,0,0,0,4,4,2,0.807,296
28,13,0,0,0,10,6,2,2.644,296
3,4,0,0,0,3,5,2,0.694,296
9,0,0,0,0,4,4,2,0.905,296
10,4,0,0,0,6,7,2,1.347,296
6,3,0,0,0,4,4,1,0.904,327
3,2,0,0,0,2,4,1,0.481,328
8,1,0,0,0,6,4,2,1.231,295
2,2,0,0,0,2,4,1,0.457,328
6,0,0,0,0,7,4,3,1.320,263
8,6,2,0,0,6,7,2,1.005,308
10,6,0,0,0,6,6,2,1.390,296
1,0,0,0,0,2,2,1,0.336,327
7,3,0,0,0,2,5,1,0.601,327
6,5,0,0,0,4,6,2,0.952,296
19,8,0,0,0,9,7,2,2.130,295
4,2,0,0,0,2,4,1,0.504,327
15,5,0,0,0,7,6,2,1.643,296
14,6,0,0,0,5,7,1,1.334,327
5,0,0,0,0,5,5,1,0.973,327
2,3,0,0,0,3,4,2,0.643,296
2,2,0,0,0,2,3,2,0.455,296
8,0,0,0,0,5,6,2,1.043,295
23,6,0,0,0,8,7,1,2.035,326
2,2,0,0,0,4,5,2,0.782,296
6,0,0,0,0,4,4,2,0.831,295
21,0,0,0,0,6,7,2,1.504,295
1,0,0,0,0,2,2,1,0.385,328
5,3,0,0,0,4,5,2,0.881,296
10,4,0,0,0,5,6,2,1.190,296
9,3,0,0,0,4,7,2,0.976,296
6,5,0,0,0,6,5,2,1.277,296
9,0,0,0,0,6,4,2,1.230,295
4,2,0,0,0,4,4,2,0.832,296
4,3,0,0,0,2,4,2,0.529,296
3,1,0,0,0,2,3,1,0.457,328
21,5,0,0,0,8,7,2,1.955,296
24,12,0,0,0,6,7,1,1.856,327
3,2,0,0,0,2,5,2,0.481,296
4,3,0,0,0,3,5,2,0.693,296
4,2,0,0,0,5,5,2,0.999,296
11,6,0,0,0,7,7,2,1.583,296
8,4,0,0,0,3,4,1,0.815,327
